phase,workload_segment,counter_id,worker_id,dp_rank,ctx_tokens,ctx_requests,ctx_kv_tokens,decode_tokens,decode_requests,decode_kv_tokens,mean_decode_kv_tokens,queued_ctx_tokens,queued_ctx_requests,queued_decode_requests,queued_decode_kv_tokens,latency_ms
context,real,1066,7251574333037874747,0,2048,1,0,0,0,0,0.000,0,0,0,0,51.899
context,real,1067,7251574333037874747,0,2048,1,2048,0,0,0,0.000,0,0,0,0,46.951
context,real,1068,7251574333037874747,0,2048,1,4096,0,0,0,0.000,0,0,0,0,48.397
context,real,1069,7251574333037874747,0,2048,1,6144,0,0,0,0.000,0,0,0,0,50.125
decode,real,1070,7251574333037874747,0,0,0,0,1,1,8192,8192.000,0,0,0,0,6.191
decode,real,1071,7251574333037874747,0,0,0,0,1,1,8193,8193.000,0,0,0,0,6.181
decode,real,1072,7251574333037874747,0,0,0,0,1,1,8194,8194.000,0,0,0,0,6.173
decode,real,1073,7251574333037874747,0,0,0,0,1,1,8195,8195.000,0,0,0,0,6.189
decode,real,1074,7251574333037874747,0,0,0,0,1,1,8196,8196.000,0,0,0,0,6.213
decode,real,1075,7251574333037874747,0,0,0,0,1,1,8197,8197.000,0,0,0,0,6.193
decode,real,1076,7251574333037874747,0,0,0,0,1,1,8198,8198.000,0,0,0,0,6.175
decode,real,1077,7251574333037874747,0,0,0,0,1,1,8199,8199.000,0,0,0,0,6.179
decode,real,1078,7251574333037874747,0,0,0,0,1,1,8200,8200.000,0,0,0,0,6.190
decode,real,1079,7251574333037874747,0,0,0,0,1,1,8201,8201.000,0,0,0,0,6.227
decode,real,1080,7251574333037874747,0,0,0,0,1,1,8202,8202.000,0,0,0,0,6.164
decode,real,1081,7251574333037874747,0,0,0,0,1,1,8203,8203.000,0,0,0,0,6.163
decode,real,1082,7251574333037874747,0,0,0,0,1,1,8204,8204.000,0,0,0,0,6.204
decode,real,1083,7251574333037874747,0,0,0,0,1,1,8205,8205.000,0,0,0,0,6.183
decode,real,1084,7251574333037874747,0,0,0,0,1,1,8206,8206.000,0,0,0,0,6.219
decode,real,1085,7251574333037874747,0,0,0,0,1,1,8207,8207.000,0,0,0,0,6.167
decode,real,1086,7251574333037874747,0,0,0,0,1,1,8208,8208.000,0,0,0,0,6.145
decode,real,1087,7251574333037874747,0,0,0,0,1,1,8209,8209.000,0,0,0,0,6.174
decode,real,1088,7251574333037874747,0,0,0,0,1,1,8210,8210.000,0,0,0,0,6.170
decode,real,1089,7251574333037874747,0,0,0,0,1,1,8211,8211.000,0,0,0,0,6.167
decode,real,1090,7251574333037874747,0,0,0,0,1,1,8212,8212.000,0,0,0,0,6.157
decode,real,1091,7251574333037874747,0,0,0,0,1,1,8213,8213.000,0,0,0,0,6.166
decode,real,1092,7251574333037874747,0,0,0,0,1,1,8214,8214.000,0,0,0,0,6.134
decode,real,1093,7251574333037874747,0,0,0,0,1,1,8215,8215.000,0,0,0,0,6.151
decode,real,1094,7251574333037874747,0,0,0,0,1,1,8216,8216.000,0,0,0,0,6.136
decode,real,1095,7251574333037874747,0,0,0,0,1,1,8217,8217.000,0,0,0,0,6.197
decode,real,1096,7251574333037874747,0,0,0,0,1,1,8218,8218.000,0,0,0,0,6.120
decode,real,1097,7251574333037874747,0,0,0,0,1,1,8219,8219.000,0,0,0,0,6.111
decode,real,1098,7251574333037874747,0,0,0,0,1,1,8220,8220.000,0,0,0,0,6.158
decode,real,1099,7251574333037874747,0,0,0,0,1,1,8221,8221.000,0,0,0,0,6.178
decode,real,1100,7251574333037874747,0,0,0,0,1,1,8222,8222.000,0,0,0,0,6.148
decode,real,1101,7251574333037874747,0,0,0,0,1,1,8223,8223.000,0,0,0,0,6.111
decode,real,1102,7251574333037874747,0,0,0,0,1,1,8224,8224.000,0,0,0,0,6.129
decode,real,1103,7251574333037874747,0,0,0,0,1,1,8225,8225.000,0,0,0,0,6.129
decode,real,1104,7251574333037874747,0,0,0,0,1,1,8226,8226.000,0,0,0,0,6.135
decode,real,1105,7251574333037874747,0,0,0,0,1,1,8227,8227.000,0,0,0,0,6.105
decode,real,1106,7251574333037874747,0,0,0,0,1,1,8228,8228.000,0,0,0,0,6.123
decode,real,1107,7251574333037874747,0,0,0,0,1,1,8229,8229.000,0,0,0,0,6.135
decode,real,1108,7251574333037874747,0,0,0,0,1,1,8230,8230.000,0,0,0,0,6.111
decode,real,1109,7251574333037874747,0,0,0,0,1,1,8231,8231.000,0,0,0,0,6.132
decode,real,1110,7251574333037874747,0,0,0,0,1,1,8232,8232.000,0,0,0,0,6.105
decode,real,1111,7251574333037874747,0,0,0,0,1,1,8233,8233.000,0,0,0,0,6.129
decode,real,1112,7251574333037874747,0,0,0,0,1,1,8234,8234.000,0,0,0,0,6.125
decode,real,1113,7251574333037874747,0,0,0,0,1,1,8235,8235.000,0,0,0,0,6.109
decode,real,1114,7251574333037874747,0,0,0,0,1,1,8236,8236.000,0,0,0,0,6.098
decode,real,1115,7251574333037874747,0,0,0,0,1,1,8237,8237.000,0,0,0,0,6.128
decode,real,1116,7251574333037874747,0,0,0,0,1,1,8238,8238.000,0,0,0,0,6.119
decode,real,1117,7251574333037874747,0,0,0,0,1,1,8239,8239.000,0,0,0,0,6.091
decode,real,1118,7251574333037874747,0,0,0,0,1,1,8240,8240.000,0,0,0,0,6.108
decode,real,1119,7251574333037874747,0,0,0,0,1,1,8241,8241.000,0,0,0,0,6.103
decode,real,1120,7251574333037874747,0,0,0,0,1,1,8242,8242.000,0,0,0,0,6.101
decode,real,1121,7251574333037874747,0,0,0,0,1,1,8243,8243.000,0,0,0,0,6.083
decode,real,1122,7251574333037874747,0,0,0,0,1,1,8244,8244.000,0,0,0,0,6.102
decode,real,1123,7251574333037874747,0,0,0,0,1,1,8245,8245.000,0,0,0,0,6.094
decode,real,1124,7251574333037874747,0,0,0,0,1,1,8246,8246.000,0,0,0,0,6.104
decode,real,1125,7251574333037874747,0,0,0,0,1,1,8247,8247.000,0,0,0,0,6.079
decode,real,1126,7251574333037874747,0,0,0,0,1,1,8248,8248.000,0,0,0,0,6.102
decode,real,1127,7251574333037874747,0,0,0,0,1,1,8249,8249.000,0,0,0,0,6.081
decode,real,1128,7251574333037874747,0,0,0,0,1,1,8250,8250.000,0,0,0,0,6.106
decode,real,1129,7251574333037874747,0,0,0,0,1,1,8251,8251.000,0,0,0,0,6.085
decode,real,1130,7251574333037874747,0,0,0,0,1,1,8252,8252.000,0,0,0,0,6.120
decode,real,1131,7251574333037874747,0,0,0,0,1,1,8253,8253.000,0,0,0,0,6.143
decode,real,1132,7251574333037874747,0,0,0,0,1,1,8254,8254.000,0,0,0,0,6.317
decode,real,1133,7251574333037874747,0,0,0,0,1,1,8255,8255.000,0,0,0,0,5.816
decode,real,1134,7251574333037874747,0,0,0,0,1,1,8256,8256.000,0,0,0,0,6.080
decode,real,1135,7251574333037874747,0,0,0,0,1,1,8257,8257.000,0,0,0,0,6.123
decode,real,1136,7251574333037874747,0,0,0,0,1,1,8258,8258.000,0,0,0,0,6.073
decode,real,1137,7251574333037874747,0,0,0,0,1,1,8259,8259.000,0,0,0,0,6.065
decode,real,1138,7251574333037874747,0,0,0,0,1,1,8260,8260.000,0,0,0,0,6.100
decode,real,1139,7251574333037874747,0,0,0,0,1,1,8261,8261.000,0,0,0,0,6.100
decode,real,1140,7251574333037874747,0,0,0,0,1,1,8262,8262.000,0,0,0,0,6.088
decode,real,1141,7251574333037874747,0,0,0,0,1,1,8263,8263.000,0,0,0,0,6.080
decode,real,1142,7251574333037874747,0,0,0,0,1,1,8264,8264.000,0,0,0,0,6.138
decode,real,1143,7251574333037874747,0,0,0,0,1,1,8265,8265.000,0,0,0,0,6.045
decode,real,1144,7251574333037874747,0,0,0,0,1,1,8266,8266.000,0,0,0,0,6.088
decode,real,1145,7251574333037874747,0,0,0,0,1,1,8267,8267.000,0,0,0,0,6.093
decode,real,1146,7251574333037874747,0,0,0,0,1,1,8268,8268.000,0,0,0,0,6.107
decode,real,1147,7251574333037874747,0,0,0,0,1,1,8269,8269.000,0,0,0,0,6.105
decode,real,1148,7251574333037874747,0,0,0,0,1,1,8270,8270.000,0,0,0,0,6.095
decode,real,1149,7251574333037874747,0,0,0,0,1,1,8271,8271.000,0,0,0,0,6.067
decode,real,1150,7251574333037874747,0,0,0,0,1,1,8272,8272.000,0,0,0,0,6.094
decode,real,1151,7251574333037874747,0,0,0,0,1,1,8273,8273.000,0,0,0,0,6.085
decode,real,1152,7251574333037874747,0,0,0,0,1,1,8274,8274.000,0,0,0,0,6.105
decode,real,1153,7251574333037874747,0,0,0,0,1,1,8275,8275.000,0,0,0,0,6.122
decode,real,1154,7251574333037874747,0,0,0,0,1,1,8276,8276.000,0,0,0,0,6.106
decode,real,1155,7251574333037874747,0,0,0,0,1,1,8277,8277.000,0,0,0,0,6.039
decode,real,1156,7251574333037874747,0,0,0,0,1,1,8278,8278.000,0,0,0,0,6.094
decode,real,1157,7251574333037874747,0,0,0,0,1,1,8279,8279.000,0,0,0,0,6.106
decode,real,1158,7251574333037874747,0,0,0,0,1,1,8280,8280.000,0,0,0,0,6.092
decode,real,1159,7251574333037874747,0,0,0,0,1,1,8281,8281.000,0,0,0,0,6.101
decode,real,1160,7251574333037874747,0,0,0,0,1,1,8282,8282.000,0,0,0,0,6.083
decode,real,1161,7251574333037874747,0,0,0,0,1,1,8283,8283.000,0,0,0,0,6.119
decode,real,1162,7251574333037874747,0,0,0,0,1,1,8284,8284.000,0,0,0,0,6.057
decode,real,1163,7251574333037874747,0,0,0,0,1,1,8285,8285.000,0,0,0,0,6.095
decode,real,1164,7251574333037874747,0,0,0,0,1,1,8286,8286.000,0,0,0,0,6.141
decode,real,1165,7251574333037874747,0,0,0,0,1,1,8287,8287.000,0,0,0,0,6.032
decode,real,1166,7251574333037874747,0,0,0,0,1,1,8288,8288.000,0,0,0,0,6.109
decode,real,1167,7251574333037874747,0,0,0,0,1,1,8289,8289.000,0,0,0,0,6.091
decode,real,1168,7251574333037874747,0,0,0,0,1,1,8290,8290.000,0,0,0,0,6.099
decode,real,1169,7251574333037874747,0,0,0,0,1,1,8291,8291.000,0,0,0,0,6.084
decode,real,1170,7251574333037874747,0,0,0,0,1,1,8292,8292.000,0,0,0,0,6.103
decode,real,1171,7251574333037874747,0,0,0,0,1,1,8293,8293.000,0,0,0,0,6.061
decode,real,1172,7251574333037874747,0,0,0,0,1,1,8294,8294.000,0,0,0,0,6.094
decode,real,1173,7251574333037874747,0,0,0,0,1,1,8295,8295.000,0,0,0,0,6.086
decode,real,1174,7251574333037874747,0,0,0,0,1,1,8296,8296.000,0,0,0,0,6.103
decode,real,1175,7251574333037874747,0,0,0,0,1,1,8297,8297.000,0,0,0,0,6.100
decode,real,1176,7251574333037874747,0,0,0,0,1,1,8298,8298.000,0,0,0,0,6.098
decode,real,1177,7251574333037874747,0,0,0,0,1,1,8299,8299.000,0,0,0,0,6.095
decode,real,1178,7251574333037874747,0,0,0,0,1,1,8300,8300.000,0,0,0,0,6.078
decode,real,1179,7251574333037874747,0,0,0,0,1,1,8301,8301.000,0,0,0,0,6.086
decode,real,1180,7251574333037874747,0,0,0,0,1,1,8302,8302.000,0,0,0,0,6.121
decode,real,1181,7251574333037874747,0,0,0,0,1,1,8303,8303.000,0,0,0,0,6.088
decode,real,1182,7251574333037874747,0,0,0,0,1,1,8304,8304.000,0,0,0,0,6.064
decode,real,1183,7251574333037874747,0,0,0,0,1,1,8305,8305.000,0,0,0,0,6.095
decode,real,1184,7251574333037874747,0,0,0,0,1,1,8306,8306.000,0,0,0,0,6.103
decode,real,1185,7251574333037874747,0,0,0,0,1,1,8307,8307.000,0,0,0,0,6.069
decode,real,1186,7251574333037874747,0,0,0,0,1,1,8308,8308.000,0,0,0,0,6.104
decode,real,1187,7251574333037874747,0,0,0,0,1,1,8309,8309.000,0,0,0,0,6.087
decode,real,1188,7251574333037874747,0,0,0,0,1,1,8310,8310.000,0,0,0,0,6.067
decode,real,1189,7251574333037874747,0,0,0,0,1,1,8311,8311.000,0,0,0,0,6.107
decode,real,1190,7251574333037874747,0,0,0,0,1,1,8312,8312.000,0,0,0,0,6.120
decode,real,1191,7251574333037874747,0,0,0,0,1,1,8313,8313.000,0,0,0,0,6.070
decode,real,1192,7251574333037874747,0,0,0,0,1,1,8314,8314.000,0,0,0,0,6.077
decode,real,1193,7251574333037874747,0,0,0,0,1,1,8315,8315.000,0,0,0,0,6.096
decode,real,1194,7251574333037874747,0,0,0,0,1,1,8316,8316.000,0,0,0,0,6.102
decode,real,1195,7251574333037874747,0,0,0,0,1,1,8317,8317.000,0,0,0,0,6.068
decode,real,1196,7251574333037874747,0,0,0,0,1,1,8318,8318.000,0,0,0,0,6.120
decode,real,1197,7251574333037874747,0,0,0,0,1,1,8319,8319.000,0,0,0,0,6.095
decode,real,1198,7251574333037874747,0,0,0,0,1,1,8320,8320.000,0,0,0,0,6.051
decode,real,1199,7251574333037874747,0,0,0,0,1,1,8321,8321.000,0,0,0,0,6.085
decode,real,1200,7251574333037874747,0,0,0,0,1,1,8322,8322.000,0,0,0,0,6.105
decode,real,1201,7251574333037874747,0,0,0,0,1,1,8323,8323.000,0,0,0,0,6.101
decode,real,1202,7251574333037874747,0,0,0,0,1,1,8324,8324.000,0,0,0,0,6.082
decode,real,1203,7251574333037874747,0,0,0,0,1,1,8325,8325.000,0,0,0,0,6.063
decode,real,1204,7251574333037874747,0,0,0,0,1,1,8326,8326.000,0,0,0,0,6.079
decode,real,1205,7251574333037874747,0,0,0,0,1,1,8327,8327.000,0,0,0,0,6.104
decode,real,1206,7251574333037874747,0,0,0,0,1,1,8328,8328.000,0,0,0,0,6.085
decode,real,1207,7251574333037874747,0,0,0,0,1,1,8329,8329.000,0,0,0,0,6.086
decode,real,1208,7251574333037874747,0,0,0,0,1,1,8330,8330.000,0,0,0,0,6.096
decode,real,1209,7251574333037874747,0,0,0,0,1,1,8331,8331.000,0,0,0,0,6.085
decode,real,1210,7251574333037874747,0,0,0,0,1,1,8332,8332.000,0,0,0,0,6.103
decode,real,1211,7251574333037874747,0,0,0,0,1,1,8333,8333.000,0,0,0,0,6.094
decode,real,1212,7251574333037874747,0,0,0,0,1,1,8334,8334.000,0,0,0,0,6.108
decode,real,1213,7251574333037874747,0,0,0,0,1,1,8335,8335.000,0,0,0,0,6.042
decode,real,1214,7251574333037874747,0,0,0,0,1,1,8336,8336.000,0,0,0,0,6.105
decode,real,1215,7251574333037874747,0,0,0,0,1,1,8337,8337.000,0,0,0,0,6.105
decode,real,1216,7251574333037874747,0,0,0,0,1,1,8338,8338.000,0,0,0,0,6.076
decode,real,1217,7251574333037874747,0,0,0,0,1,1,8339,8339.000,0,0,0,0,6.089
decode,real,1218,7251574333037874747,0,0,0,0,1,1,8340,8340.000,0,0,0,0,6.088
decode,real,1219,7251574333037874747,0,0,0,0,1,1,8341,8341.000,0,0,0,0,6.158
decode,real,1220,7251574333037874747,0,0,0,0,1,1,8342,8342.000,0,0,0,0,6.037
decode,real,1221,7251574333037874747,0,0,0,0,1,1,8343,8343.000,0,0,0,0,6.108
decode,real,1222,7251574333037874747,0,0,0,0,1,1,8344,8344.000,0,0,0,0,6.065
decode,real,1223,7251574333037874747,0,0,0,0,1,1,8345,8345.000,0,0,0,0,6.112
decode,real,1224,7251574333037874747,0,0,0,0,1,1,8346,8346.000,0,0,0,0,6.086
decode,real,1225,7251574333037874747,0,0,0,0,1,1,8347,8347.000,0,0,0,0,6.061
decode,real,1226,7251574333037874747,0,0,0,0,1,1,8348,8348.000,0,0,0,0,6.119
decode,real,1227,7251574333037874747,0,0,0,0,1,1,8349,8349.000,0,0,0,0,6.074
decode,real,1228,7251574333037874747,0,0,0,0,1,1,8350,8350.000,0,0,0,0,6.133
decode,real,1229,7251574333037874747,0,0,0,0,1,1,8351,8351.000,0,0,0,0,6.060
decode,real,1230,7251574333037874747,0,0,0,0,1,1,8352,8352.000,0,0,0,0,6.092
decode,real,1231,7251574333037874747,0,0,0,0,1,1,8353,8353.000,0,0,0,0,6.099
decode,real,1232,7251574333037874747,0,0,0,0,1,1,8354,8354.000,0,0,0,0,6.087
decode,real,1233,7251574333037874747,0,0,0,0,1,1,8355,8355.000,0,0,0,0,6.090
decode,real,1234,7251574333037874747,0,0,0,0,1,1,8356,8356.000,0,0,0,0,6.091
decode,real,1235,7251574333037874747,0,0,0,0,1,1,8357,8357.000,0,0,0,0,6.092
decode,real,1236,7251574333037874747,0,0,0,0,1,1,8358,8358.000,0,0,0,0,6.089
decode,real,1237,7251574333037874747,0,0,0,0,1,1,8359,8359.000,0,0,0,0,6.069
decode,real,1238,7251574333037874747,0,0,0,0,1,1,8360,8360.000,0,0,0,0,6.114
decode,real,1239,7251574333037874747,0,0,0,0,1,1,8361,8361.000,0,0,0,0,6.102
decode,real,1240,7251574333037874747,0,0,0,0,1,1,8362,8362.000,0,0,0,0,6.074
decode,real,1241,7251574333037874747,0,0,0,0,1,1,8363,8363.000,0,0,0,0,6.095
decode,real,1242,7251574333037874747,0,0,0,0,1,1,8364,8364.000,0,0,0,0,6.080
decode,real,1243,7251574333037874747,0,0,0,0,1,1,8365,8365.000,0,0,0,0,6.095
decode,real,1244,7251574333037874747,0,0,0,0,1,1,8366,8366.000,0,0,0,0,6.146
decode,real,1245,7251574333037874747,0,0,0,0,1,1,8367,8367.000,0,0,0,0,6.022
decode,real,1246,7251574333037874747,0,0,0,0,1,1,8368,8368.000,0,0,0,0,6.142
decode,real,1247,7251574333037874747,0,0,0,0,1,1,8369,8369.000,0,0,0,0,6.059
decode,real,1248,7251574333037874747,0,0,0,0,1,1,8370,8370.000,0,0,0,0,6.097
decode,real,1249,7251574333037874747,0,0,0,0,1,1,8371,8371.000,0,0,0,0,6.071
decode,real,1250,7251574333037874747,0,0,0,0,1,1,8372,8372.000,0,0,0,0,6.071
decode,real,1251,7251574333037874747,0,0,0,0,1,1,8373,8373.000,0,0,0,0,6.117
decode,real,1252,7251574333037874747,0,0,0,0,1,1,8374,8374.000,0,0,0,0,6.063
decode,real,1253,7251574333037874747,0,0,0,0,1,1,8375,8375.000,0,0,0,0,6.114
decode,real,1254,7251574333037874747,0,0,0,0,1,1,8376,8376.000,0,0,0,0,6.076
decode,real,1255,7251574333037874747,0,0,0,0,1,1,8377,8377.000,0,0,0,0,6.061
decode,real,1256,7251574333037874747,0,0,0,0,1,1,8378,8378.000,0,0,0,0,6.109
decode,real,1257,7251574333037874747,0,0,0,0,1,1,8379,8379.000,0,0,0,0,6.068
decode,real,1258,7251574333037874747,0,0,0,0,1,1,8380,8380.000,0,0,0,0,6.089
decode,real,1259,7251574333037874747,0,0,0,0,1,1,8381,8381.000,0,0,0,0,6.097
decode,real,1260,7251574333037874747,0,0,0,0,1,1,8382,8382.000,0,0,0,0,6.116
decode,real,1261,7251574333037874747,0,0,0,0,1,1,8383,8383.000,0,0,0,0,6.076
decode,real,1262,7251574333037874747,0,0,0,0,1,1,8384,8384.000,0,0,0,0,6.057
decode,real,1263,7251574333037874747,0,0,0,0,1,1,8385,8385.000,0,0,0,0,6.126
decode,real,1264,7251574333037874747,0,0,0,0,1,1,8386,8386.000,0,0,0,0,6.103
decode,real,1265,7251574333037874747,0,0,0,0,1,1,8387,8387.000,0,0,0,0,6.073
decode,real,1266,7251574333037874747,0,0,0,0,1,1,8388,8388.000,0,0,0,0,6.084
decode,real,1267,7251574333037874747,0,0,0,0,1,1,8389,8389.000,0,0,0,0,6.077
decode,real,1268,7251574333037874747,0,0,0,0,1,1,8390,8390.000,0,0,0,0,6.082
decode,real,1269,7251574333037874747,0,0,0,0,1,1,8391,8391.000,0,0,0,0,6.110
decode,real,1270,7251574333037874747,0,0,0,0,1,1,8392,8392.000,0,0,0,0,6.083
decode,real,1271,7251574333037874747,0,0,0,0,1,1,8393,8393.000,0,0,0,0,6.077
decode,real,1272,7251574333037874747,0,0,0,0,1,1,8394,8394.000,0,0,0,0,6.098
decode,real,1273,7251574333037874747,0,0,0,0,1,1,8395,8395.000,0,0,0,0,6.084
decode,real,1274,7251574333037874747,0,0,0,0,1,1,8396,8396.000,0,0,0,0,6.074
decode,real,1275,7251574333037874747,0,0,0,0,1,1,8397,8397.000,0,0,0,0,6.109
decode,real,1276,7251574333037874747,0,0,0,0,1,1,8398,8398.000,0,0,0,0,6.114
decode,real,1277,7251574333037874747,0,0,0,0,1,1,8399,8399.000,0,0,0,0,6.076
decode,real,1278,7251574333037874747,0,0,0,0,1,1,8400,8400.000,0,0,0,0,6.223
decode,real,1279,7251574333037874747,0,0,0,0,1,1,8401,8401.000,0,0,0,0,5.949
decode,real,1280,7251574333037874747,0,0,0,0,1,1,8402,8402.000,0,0,0,0,6.089
decode,real,1281,7251574333037874747,0,0,0,0,1,1,8403,8403.000,0,0,0,0,6.098
decode,real,1282,7251574333037874747,0,0,0,0,1,1,8404,8404.000,0,0,0,0,6.095
decode,real,1283,7251574333037874747,0,0,0,0,1,1,8405,8405.000,0,0,0,0,6.082
decode,real,1284,7251574333037874747,0,0,0,0,1,1,8406,8406.000,0,0,0,0,6.089
decode,real,1285,7251574333037874747,0,0,0,0,1,1,8407,8407.000,0,0,0,0,6.073
decode,real,1286,7251574333037874747,0,0,0,0,1,1,8408,8408.000,0,0,0,0,6.103
decode,real,1287,7251574333037874747,0,0,0,0,1,1,8409,8409.000,0,0,0,0,6.110
decode,real,1288,7251574333037874747,0,0,0,0,1,1,8410,8410.000,0,0,0,0,6.076
decode,real,1289,7251574333037874747,0,0,0,0,1,1,8411,8411.000,0,0,0,0,6.088
decode,real,1290,7251574333037874747,0,0,0,0,1,1,8412,8412.000,0,0,0,0,6.097
decode,real,1291,7251574333037874747,0,0,0,0,1,1,8413,8413.000,0,0,0,0,6.072
decode,real,1292,7251574333037874747,0,0,0,0,1,1,8414,8414.000,0,0,0,0,6.136
decode,real,1293,7251574333037874747,0,0,0,0,1,1,8415,8415.000,0,0,0,0,6.062
decode,real,1294,7251574333037874747,0,0,0,0,1,1,8416,8416.000,0,0,0,0,6.112
decode,real,1295,7251574333037874747,0,0,0,0,1,1,8417,8417.000,0,0,0,0,6.067
decode,real,1296,7251574333037874747,0,0,0,0,1,1,8418,8418.000,0,0,0,0,6.098
decode,real,1297,7251574333037874747,0,0,0,0,1,1,8419,8419.000,0,0,0,0,6.092
decode,real,1298,7251574333037874747,0,0,0,0,1,1,8420,8420.000,0,0,0,0,6.100
decode,real,1299,7251574333037874747,0,0,0,0,1,1,8421,8421.000,0,0,0,0,6.100
decode,real,1300,7251574333037874747,0,0,0,0,1,1,8422,8422.000,0,0,0,0,6.083
decode,real,1301,7251574333037874747,0,0,0,0,1,1,8423,8423.000,0,0,0,0,6.090
decode,real,1302,7251574333037874747,0,0,0,0,1,1,8424,8424.000,0,0,0,0,6.093
decode,real,1303,7251574333037874747,0,0,0,0,1,1,8425,8425.000,0,0,0,0,6.096
decode,real,1304,7251574333037874747,0,0,0,0,1,1,8426,8426.000,0,0,0,0,6.077
decode,real,1305,7251574333037874747,0,0,0,0,1,1,8427,8427.000,0,0,0,0,6.103
decode,real,1306,7251574333037874747,0,0,0,0,1,1,8428,8428.000,0,0,0,0,6.093
decode,real,1307,7251574333037874747,0,0,0,0,1,1,8429,8429.000,0,0,0,0,6.072
decode,real,1308,7251574333037874747,0,0,0,0,1,1,8430,8430.000,0,0,0,0,6.145
decode,real,1309,7251574333037874747,0,0,0,0,1,1,8431,8431.000,0,0,0,0,6.046
decode,real,1310,7251574333037874747,0,0,0,0,1,1,8432,8432.000,0,0,0,0,6.076
decode,real,1311,7251574333037874747,0,0,0,0,1,1,8433,8433.000,0,0,0,0,6.107
decode,real,1312,7251574333037874747,0,0,0,0,1,1,8434,8434.000,0,0,0,0,6.078
decode,real,1313,7251574333037874747,0,0,0,0,1,1,8435,8435.000,0,0,0,0,6.104
decode,real,1314,7251574333037874747,0,0,0,0,1,1,8436,8436.000,0,0,0,0,6.093
decode,real,1315,7251574333037874747,0,0,0,0,1,1,8437,8437.000,0,0,0,0,6.085
decode,real,1316,7251574333037874747,0,0,0,0,1,1,8438,8438.000,0,0,0,0,6.089
decode,real,1317,7251574333037874747,0,0,0,0,1,1,8439,8439.000,0,0,0,0,6.092
decode,real,1318,7251574333037874747,0,0,0,0,1,1,8440,8440.000,0,0,0,0,6.082
decode,real,1319,7251574333037874747,0,0,0,0,1,1,8441,8441.000,0,0,0,0,6.101
decode,real,1320,7251574333037874747,0,0,0,0,1,1,8442,8442.000,0,0,0,0,6.101
decode,real,1321,7251574333037874747,0,0,0,0,1,1,8443,8443.000,0,0,0,0,6.072
decode,real,1322,7251574333037874747,0,0,0,0,1,1,8444,8444.000,0,0,0,0,6.081
decode,real,1323,7251574333037874747,0,0,0,0,1,1,8445,8445.000,0,0,0,0,6.104
decode,real,1324,7251574333037874747,0,0,0,0,1,1,8446,8446.000,0,0,0,0,6.094
decode,real,1325,7251574333037874747,0,0,0,0,1,1,8447,8447.000,0,0,0,0,6.064
decode,real,1326,7251574333037874747,0,0,0,0,1,1,8448,8448.000,0,0,0,0,6.100
decode,real,1327,7251574333037874747,0,0,0,0,1,1,8449,8449.000,0,0,0,0,6.124
decode,real,1328,7251574333037874747,0,0,0,0,1,1,8450,8450.000,0,0,0,0,6.099
decode,real,1329,7251574333037874747,0,0,0,0,1,1,8451,8451.000,0,0,0,0,6.105
decode,real,1330,7251574333037874747,0,0,0,0,1,1,8452,8452.000,0,0,0,0,6.140
decode,real,1331,7251574333037874747,0,0,0,0,1,1,8453,8453.000,0,0,0,0,6.103
decode,real,1332,7251574333037874747,0,0,0,0,1,1,8454,8454.000,0,0,0,0,6.107
decode,real,1333,7251574333037874747,0,0,0,0,1,1,8455,8455.000,0,0,0,0,6.093
decode,real,1334,7251574333037874747,0,0,0,0,1,1,8456,8456.000,0,0,0,0,6.123
decode,real,1335,7251574333037874747,0,0,0,0,1,1,8457,8457.000,0,0,0,0,6.107
decode,real,1336,7251574333037874747,0,0,0,0,1,1,8458,8458.000,0,0,0,0,6.101
decode,real,1337,7251574333037874747,0,0,0,0,1,1,8459,8459.000,0,0,0,0,6.108
decode,real,1338,7251574333037874747,0,0,0,0,1,1,8460,8460.000,0,0,0,0,6.111
decode,real,1339,7251574333037874747,0,0,0,0,1,1,8461,8461.000,0,0,0,0,6.127
decode,real,1340,7251574333037874747,0,0,0,0,1,1,8462,8462.000,0,0,0,0,6.110
decode,real,1341,7251574333037874747,0,0,0,0,1,1,8463,8463.000,0,0,0,0,6.088
decode,real,1342,7251574333037874747,0,0,0,0,1,1,8464,8464.000,0,0,0,0,6.127
decode,real,1343,7251574333037874747,0,0,0,0,1,1,8465,8465.000,0,0,0,0,6.094
decode,real,1344,7251574333037874747,0,0,0,0,1,1,8466,8466.000,0,0,0,0,6.103
decode,real,1345,7251574333037874747,0,0,0,0,1,1,8467,8467.000,0,0,0,0,6.088
decode,real,1346,7251574333037874747,0,0,0,0,1,1,8468,8468.000,0,0,0,0,6.157
decode,real,1347,7251574333037874747,0,0,0,0,1,1,8469,8469.000,0,0,0,0,6.065
decode,real,1348,7251574333037874747,0,0,0,0,1,1,8470,8470.000,0,0,0,0,6.129
decode,real,1349,7251574333037874747,0,0,0,0,1,1,8471,8471.000,0,0,0,0,6.098
decode,real,1350,7251574333037874747,0,0,0,0,1,1,8472,8472.000,0,0,0,0,6.113
decode,real,1351,7251574333037874747,0,0,0,0,1,1,8473,8473.000,0,0,0,0,6.092
decode,real,1352,7251574333037874747,0,0,0,0,1,1,8474,8474.000,0,0,0,0,6.111
decode,real,1353,7251574333037874747,0,0,0,0,1,1,8475,8475.000,0,0,0,0,6.125
decode,real,1354,7251574333037874747,0,0,0,0,1,1,8476,8476.000,0,0,0,0,6.118
decode,real,1355,7251574333037874747,0,0,0,0,1,1,8477,8477.000,0,0,0,0,6.107
decode,real,1356,7251574333037874747,0,0,0,0,1,1,8478,8478.000,0,0,0,0,6.107
decode,real,1357,7251574333037874747,0,0,0,0,1,1,8479,8479.000,0,0,0,0,6.096
decode,real,1358,7251574333037874747,0,0,0,0,1,1,8480,8480.000,0,0,0,0,6.103
decode,real,1359,7251574333037874747,0,0,0,0,1,1,8481,8481.000,0,0,0,0,6.104
decode,real,1360,7251574333037874747,0,0,0,0,1,1,8482,8482.000,0,0,0,0,6.108
decode,real,1361,7251574333037874747,0,0,0,0,1,1,8483,8483.000,0,0,0,0,6.095
decode,real,1362,7251574333037874747,0,0,0,0,1,1,8484,8484.000,0,0,0,0,6.111
decode,real,1363,7251574333037874747,0,0,0,0,1,1,8485,8485.000,0,0,0,0,6.096
decode,real,1364,7251574333037874747,0,0,0,0,1,1,8486,8486.000,0,0,0,0,6.126
decode,real,1365,7251574333037874747,0,0,0,0,1,1,8487,8487.000,0,0,0,0,6.109
decode,real,1366,7251574333037874747,0,0,0,0,1,1,8488,8488.000,0,0,0,0,6.097
decode,real,1367,7251574333037874747,0,0,0,0,1,1,8489,8489.000,0,0,0,0,6.148
decode,real,1368,7251574333037874747,0,0,0,0,1,1,8490,8490.000,0,0,0,0,6.094
decode,real,1369,7251574333037874747,0,0,0,0,1,1,8491,8491.000,0,0,0,0,6.081
decode,real,1370,7251574333037874747,0,0,0,0,1,1,8492,8492.000,0,0,0,0,6.136
decode,real,1371,7251574333037874747,0,0,0,0,1,1,8493,8493.000,0,0,0,0,6.094
decode,real,1372,7251574333037874747,0,0,0,0,1,1,8494,8494.000,0,0,0,0,6.134
decode,real,1373,7251574333037874747,0,0,0,0,1,1,8495,8495.000,0,0,0,0,6.076
decode,real,1374,7251574333037874747,0,0,0,0,1,1,8496,8496.000,0,0,0,0,6.116
decode,real,1375,7251574333037874747,0,0,0,0,1,1,8497,8497.000,0,0,0,0,6.120
decode,real,1376,7251574333037874747,0,0,0,0,1,1,8498,8498.000,0,0,0,0,6.124
decode,real,1377,7251574333037874747,0,0,0,0,1,1,8499,8499.000,0,0,0,0,6.102
decode,real,1378,7251574333037874747,0,0,0,0,1,1,8500,8500.000,0,0,0,0,6.132
decode,real,1379,7251574333037874747,0,0,0,0,1,1,8501,8501.000,0,0,0,0,6.084
decode,real,1380,7251574333037874747,0,0,0,0,1,1,8502,8502.000,0,0,0,0,6.109
decode,real,1381,7251574333037874747,0,0,0,0,1,1,8503,8503.000,0,0,0,0,6.100
decode,real,1382,7251574333037874747,0,0,0,0,1,1,8504,8504.000,0,0,0,0,6.111
decode,real,1383,7251574333037874747,0,0,0,0,1,1,8505,8505.000,0,0,0,0,6.120
decode,real,1384,7251574333037874747,0,0,0,0,1,1,8506,8506.000,0,0,0,0,6.092
decode,real,1385,7251574333037874747,0,0,0,0,1,1,8507,8507.000,0,0,0,0,6.125
decode,real,1386,7251574333037874747,0,0,0,0,1,1,8508,8508.000,0,0,0,0,6.107
decode,real,1387,7251574333037874747,0,0,0,0,1,1,8509,8509.000,0,0,0,0,6.102
decode,real,1388,7251574333037874747,0,0,0,0,1,1,8510,8510.000,0,0,0,0,6.120
decode,real,1389,7251574333037874747,0,0,0,0,1,1,8511,8511.000,0,0,0,0,6.118
decode,real,1390,7251574333037874747,0,0,0,0,1,1,8512,8512.000,0,0,0,0,6.109
decode,real,1391,7251574333037874747,0,0,0,0,1,1,8513,8513.000,0,0,0,0,6.095
decode,real,1392,7251574333037874747,0,0,0,0,1,1,8514,8514.000,0,0,0,0,6.127
decode,real,1393,7251574333037874747,0,0,0,0,1,1,8515,8515.000,0,0,0,0,6.099
decode,real,1394,7251574333037874747,0,0,0,0,1,1,8516,8516.000,0,0,0,0,6.123
decode,real,1395,7251574333037874747,0,0,0,0,1,1,8517,8517.000,0,0,0,0,6.105
decode,real,1396,7251574333037874747,0,0,0,0,1,1,8518,8518.000,0,0,0,0,6.098
decode,real,1397,7251574333037874747,0,0,0,0,1,1,8519,8519.000,0,0,0,0,6.101
decode,real,1398,7251574333037874747,0,0,0,0,1,1,8520,8520.000,0,0,0,0,6.144
decode,real,1399,7251574333037874747,0,0,0,0,1,1,8521,8521.000,0,0,0,0,6.092
decode,real,1400,7251574333037874747,0,0,0,0,1,1,8522,8522.000,0,0,0,0,6.113
decode,real,1401,7251574333037874747,0,0,0,0,1,1,8523,8523.000,0,0,0,0,6.100
decode,real,1402,7251574333037874747,0,0,0,0,1,1,8524,8524.000,0,0,0,0,6.118
decode,real,1403,7251574333037874747,0,0,0,0,1,1,8525,8525.000,0,0,0,0,6.108
decode,real,1404,7251574333037874747,0,0,0,0,1,1,8526,8526.000,0,0,0,0,6.123
decode,real,1405,7251574333037874747,0,0,0,0,1,1,8527,8527.000,0,0,0,0,6.089
decode,real,1406,7251574333037874747,0,0,0,0,1,1,8528,8528.000,0,0,0,0,6.119
decode,real,1407,7251574333037874747,0,0,0,0,1,1,8529,8529.000,0,0,0,0,6.126
decode,real,1408,7251574333037874747,0,0,0,0,1,1,8530,8530.000,0,0,0,0,6.088
decode,real,1409,7251574333037874747,0,0,0,0,1,1,8531,8531.000,0,0,0,0,6.122
decode,real,1410,7251574333037874747,0,0,0,0,1,1,8532,8532.000,0,0,0,0,6.092
decode,real,1411,7251574333037874747,0,0,0,0,1,1,8533,8533.000,0,0,0,0,6.108
decode,real,1412,7251574333037874747,0,0,0,0,1,1,8534,8534.000,0,0,0,0,6.111
decode,real,1413,7251574333037874747,0,0,0,0,1,1,8535,8535.000,0,0,0,0,6.122
decode,real,1414,7251574333037874747,0,0,0,0,1,1,8536,8536.000,0,0,0,0,6.080
decode,real,1415,7251574333037874747,0,0,0,0,1,1,8537,8537.000,0,0,0,0,6.129
decode,real,1416,7251574333037874747,0,0,0,0,1,1,8538,8538.000,0,0,0,0,6.085
decode,real,1417,7251574333037874747,0,0,0,0,1,1,8539,8539.000,0,0,0,0,6.107
decode,real,1418,7251574333037874747,0,0,0,0,1,1,8540,8540.000,0,0,0,0,6.132
decode,real,1419,7251574333037874747,0,0,0,0,1,1,8541,8541.000,0,0,0,0,6.110
decode,real,1420,7251574333037874747,0,0,0,0,1,1,8542,8542.000,0,0,0,0,6.142
decode,real,1421,7251574333037874747,0,0,0,0,1,1,8543,8543.000,0,0,0,0,6.092
decode,real,1422,7251574333037874747,0,0,0,0,1,1,8544,8544.000,0,0,0,0,6.095
decode,real,1423,7251574333037874747,0,0,0,0,1,1,8545,8545.000,0,0,0,0,6.100
decode,real,1424,7251574333037874747,0,0,0,0,1,1,8546,8546.000,0,0,0,0,6.117
decode,real,1425,7251574333037874747,0,0,0,0,1,1,8547,8547.000,0,0,0,0,6.111
decode,real,1426,7251574333037874747,0,0,0,0,1,1,8548,8548.000,0,0,0,0,6.116
decode,real,1427,7251574333037874747,0,0,0,0,1,1,8549,8549.000,0,0,0,0,6.098
decode,real,1428,7251574333037874747,0,0,0,0,1,1,8550,8550.000,0,0,0,0,6.112
decode,real,1429,7251574333037874747,0,0,0,0,1,1,8551,8551.000,0,0,0,0,6.111
decode,real,1430,7251574333037874747,0,0,0,0,1,1,8552,8552.000,0,0,0,0,6.096
decode,real,1431,7251574333037874747,0,0,0,0,1,1,8553,8553.000,0,0,0,0,6.118
decode,real,1432,7251574333037874747,0,0,0,0,1,1,8554,8554.000,0,0,0,0,6.112
decode,real,1433,7251574333037874747,0,0,0,0,1,1,8555,8555.000,0,0,0,0,6.117
decode,real,1434,7251574333037874747,0,0,0,0,1,1,8556,8556.000,0,0,0,0,6.119
decode,real,1435,7251574333037874747,0,0,0,0,1,1,8557,8557.000,0,0,0,0,6.095
decode,real,1436,7251574333037874747,0,0,0,0,1,1,8558,8558.000,0,0,0,0,6.126
decode,real,1437,7251574333037874747,0,0,0,0,1,1,8559,8559.000,0,0,0,0,6.072
decode,real,1438,7251574333037874747,0,0,0,0,1,1,8560,8560.000,0,0,0,0,6.139
decode,real,1439,7251574333037874747,0,0,0,0,1,1,8561,8561.000,0,0,0,0,6.098
decode,real,1440,7251574333037874747,0,0,0,0,1,1,8562,8562.000,0,0,0,0,6.131
decode,real,1441,7251574333037874747,0,0,0,0,1,1,8563,8563.000,0,0,0,0,6.079
decode,real,1442,7251574333037874747,0,0,0,0,1,1,8564,8564.000,0,0,0,0,6.122
decode,real,1443,7251574333037874747,0,0,0,0,1,1,8565,8565.000,0,0,0,0,6.113
decode,real,1444,7251574333037874747,0,0,0,0,1,1,8566,8566.000,0,0,0,0,6.115
decode,real,1445,7251574333037874747,0,0,0,0,1,1,8567,8567.000,0,0,0,0,6.113
decode,real,1446,7251574333037874747,0,0,0,0,1,1,8568,8568.000,0,0,0,0,6.099
decode,real,1447,7251574333037874747,0,0,0,0,1,1,8569,8569.000,0,0,0,0,6.106
decode,real,1448,7251574333037874747,0,0,0,0,1,1,8570,8570.000,0,0,0,0,6.119
decode,real,1449,7251574333037874747,0,0,0,0,1,1,8571,8571.000,0,0,0,0,6.104
decode,real,1450,7251574333037874747,0,0,0,0,1,1,8572,8572.000,0,0,0,0,6.082
decode,real,1451,7251574333037874747,0,0,0,0,1,1,8573,8573.000,0,0,0,0,6.130
decode,real,1452,7251574333037874747,0,0,0,0,1,1,8574,8574.000,0,0,0,0,6.119
decode,real,1453,7251574333037874747,0,0,0,0,1,1,8575,8575.000,0,0,0,0,6.093
decode,real,1454,7251574333037874747,0,0,0,0,1,1,8576,8576.000,0,0,0,0,6.123
decode,real,1455,7251574333037874747,0,0,0,0,1,1,8577,8577.000,0,0,0,0,6.111
decode,real,1456,7251574333037874747,0,0,0,0,1,1,8578,8578.000,0,0,0,0,6.112
decode,real,1457,7251574333037874747,0,0,0,0,1,1,8579,8579.000,0,0,0,0,6.105
decode,real,1458,7251574333037874747,0,0,0,0,1,1,8580,8580.000,0,0,0,0,6.103
decode,real,1459,7251574333037874747,0,0,0,0,1,1,8581,8581.000,0,0,0,0,6.099
decode,real,1460,7251574333037874747,0,0,0,0,1,1,8582,8582.000,0,0,0,0,6.121
decode,real,1461,7251574333037874747,0,0,0,0,1,1,8583,8583.000,0,0,0,0,6.102
decode,real,1462,7251574333037874747,0,0,0,0,1,1,8584,8584.000,0,0,0,0,6.126
decode,real,1463,7251574333037874747,0,0,0,0,1,1,8585,8585.000,0,0,0,0,6.108
decode,real,1464,7251574333037874747,0,0,0,0,1,1,8586,8586.000,0,0,0,0,6.111
decode,real,1465,7251574333037874747,0,0,0,0,1,1,8587,8587.000,0,0,0,0,6.105
decode,real,1466,7251574333037874747,0,0,0,0,1,1,8588,8588.000,0,0,0,0,6.106
decode,real,1467,7251574333037874747,0,0,0,0,1,1,8589,8589.000,0,0,0,0,6.129
decode,real,1468,7251574333037874747,0,0,0,0,1,1,8590,8590.000,0,0,0,0,6.109
decode,real,1469,7251574333037874747,0,0,0,0,1,1,8591,8591.000,0,0,0,0,6.105
decode,real,1470,7251574333037874747,0,0,0,0,1,1,8592,8592.000,0,0,0,0,6.099
decode,real,1471,7251574333037874747,0,0,0,0,1,1,8593,8593.000,0,0,0,0,6.118
decode,real,1472,7251574333037874747,0,0,0,0,1,1,8594,8594.000,0,0,0,0,6.101
decode,real,1473,7251574333037874747,0,0,0,0,1,1,8595,8595.000,0,0,0,0,6.124
decode,real,1474,7251574333037874747,0,0,0,0,1,1,8596,8596.000,0,0,0,0,6.113
decode,real,1475,7251574333037874747,0,0,0,0,1,1,8597,8597.000,0,0,0,0,6.106
decode,real,1476,7251574333037874747,0,0,0,0,1,1,8598,8598.000,0,0,0,0,6.101
decode,real,1477,7251574333037874747,0,0,0,0,1,1,8599,8599.000,0,0,0,0,6.113
decode,real,1478,7251574333037874747,0,0,0,0,1,1,8600,8600.000,0,0,0,0,6.113
decode,real,1479,7251574333037874747,0,0,0,0,1,1,8601,8601.000,0,0,0,0,6.123
decode,real,1480,7251574333037874747,0,0,0,0,1,1,8602,8602.000,0,0,0,0,6.114
decode,real,1481,7251574333037874747,0,0,0,0,1,1,8603,8603.000,0,0,0,0,6.120
decode,real,1482,7251574333037874747,0,0,0,0,1,1,8604,8604.000,0,0,0,0,6.096
decode,real,1483,7251574333037874747,0,0,0,0,1,1,8605,8605.000,0,0,0,0,6.111
decode,real,1484,7251574333037874747,0,0,0,0,1,1,8606,8606.000,0,0,0,0,6.153
decode,real,1485,7251574333037874747,0,0,0,0,1,1,8607,8607.000,0,0,0,0,6.082
decode,real,1486,7251574333037874747,0,0,0,0,1,1,8608,8608.000,0,0,0,0,6.106
decode,real,1487,7251574333037874747,0,0,0,0,1,1,8609,8609.000,0,0,0,0,6.102
decode,real,1488,7251574333037874747,0,0,0,0,1,1,8610,8610.000,0,0,0,0,6.097
decode,real,1489,7251574333037874747,0,0,0,0,1,1,8611,8611.000,0,0,0,0,6.132
decode,real,1490,7251574333037874747,0,0,0,0,1,1,8612,8612.000,0,0,0,0,6.112
decode,real,1491,7251574333037874747,0,0,0,0,1,1,8613,8613.000,0,0,0,0,6.102
decode,real,1492,7251574333037874747,0,0,0,0,1,1,8614,8614.000,0,0,0,0,6.099
decode,real,1493,7251574333037874747,0,0,0,0,1,1,8615,8615.000,0,0,0,0,6.127
decode,real,1494,7251574333037874747,0,0,0,0,1,1,8616,8616.000,0,0,0,0,6.125
decode,real,1495,7251574333037874747,0,0,0,0,1,1,8617,8617.000,0,0,0,0,6.088
decode,real,1496,7251574333037874747,0,0,0,0,1,1,8618,8618.000,0,0,0,0,6.112
decode,real,1497,7251574333037874747,0,0,0,0,1,1,8619,8619.000,0,0,0,0,6.115
decode,real,1498,7251574333037874747,0,0,0,0,1,1,8620,8620.000,0,0,0,0,6.122
decode,real,1499,7251574333037874747,0,0,0,0,1,1,8621,8621.000,0,0,0,0,6.077
decode,real,1500,7251574333037874747,0,0,0,0,1,1,8622,8622.000,0,0,0,0,6.136
decode,real,1501,7251574333037874747,0,0,0,0,1,1,8623,8623.000,0,0,0,0,6.079
decode,real,1502,7251574333037874747,0,0,0,0,1,1,8624,8624.000,0,0,0,0,6.120
decode,real,1503,7251574333037874747,0,0,0,0,1,1,8625,8625.000,0,0,0,0,6.098
decode,real,1504,7251574333037874747,0,0,0,0,1,1,8626,8626.000,0,0,0,0,6.145
decode,real,1505,7251574333037874747,0,0,0,0,1,1,8627,8627.000,0,0,0,0,6.090
decode,real,1506,7251574333037874747,0,0,0,0,1,1,8628,8628.000,0,0,0,0,6.095
decode,real,1507,7251574333037874747,0,0,0,0,1,1,8629,8629.000,0,0,0,0,6.143
decode,real,1508,7251574333037874747,0,0,0,0,1,1,8630,8630.000,0,0,0,0,6.075
decode,real,1509,7251574333037874747,0,0,0,0,1,1,8631,8631.000,0,0,0,0,6.146
decode,real,1510,7251574333037874747,0,0,0,0,1,1,8632,8632.000,0,0,0,0,6.111
decode,real,1511,7251574333037874747,0,0,0,0,1,1,8633,8633.000,0,0,0,0,6.083
decode,real,1512,7251574333037874747,0,0,0,0,1,1,8634,8634.000,0,0,0,0,6.119
decode,real,1513,7251574333037874747,0,0,0,0,1,1,8635,8635.000,0,0,0,0,6.105
decode,real,1514,7251574333037874747,0,0,0,0,1,1,8636,8636.000,0,0,0,0,6.136
decode,real,1515,7251574333037874747,0,0,0,0,1,1,8637,8637.000,0,0,0,0,6.082
decode,real,1516,7251574333037874747,0,0,0,0,1,1,8638,8638.000,0,0,0,0,6.153
decode,real,1517,7251574333037874747,0,0,0,0,1,1,8639,8639.000,0,0,0,0,6.088
decode,real,1518,7251574333037874747,0,0,0,0,1,1,8640,8640.000,0,0,0,0,6.130
decode,real,1519,7251574333037874747,0,0,0,0,1,1,8641,8641.000,0,0,0,0,6.081
decode,real,1520,7251574333037874747,0,0,0,0,1,1,8642,8642.000,0,0,0,0,6.136
decode,real,1521,7251574333037874747,0,0,0,0,1,1,8643,8643.000,0,0,0,0,6.115
decode,real,1522,7251574333037874747,0,0,0,0,1,1,8644,8644.000,0,0,0,0,6.113
decode,real,1523,7251574333037874747,0,0,0,0,1,1,8645,8645.000,0,0,0,0,6.090
decode,real,1524,7251574333037874747,0,0,0,0,1,1,8646,8646.000,0,0,0,0,6.116
decode,real,1525,7251574333037874747,0,0,0,0,1,1,8647,8647.000,0,0,0,0,6.112
decode,real,1526,7251574333037874747,0,0,0,0,1,1,8648,8648.000,0,0,0,0,6.112
decode,real,1527,7251574333037874747,0,0,0,0,1,1,8649,8649.000,0,0,0,0,6.117
decode,real,1528,7251574333037874747,0,0,0,0,1,1,8650,8650.000,0,0,0,0,6.091
decode,real,1529,7251574333037874747,0,0,0,0,1,1,8651,8651.000,0,0,0,0,6.146
decode,real,1530,7251574333037874747,0,0,0,0,1,1,8652,8652.000,0,0,0,0,6.079
decode,real,1531,7251574333037874747,0,0,0,0,1,1,8653,8653.000,0,0,0,0,6.133
decode,real,1532,7251574333037874747,0,0,0,0,1,1,8654,8654.000,0,0,0,0,6.109
decode,real,1533,7251574333037874747,0,0,0,0,1,1,8655,8655.000,0,0,0,0,6.115
decode,real,1534,7251574333037874747,0,0,0,0,1,1,8656,8656.000,0,0,0,0,6.116
decode,real,1535,7251574333037874747,0,0,0,0,1,1,8657,8657.000,0,0,0,0,6.105
decode,real,1536,7251574333037874747,0,0,0,0,1,1,8658,8658.000,0,0,0,0,6.089
decode,real,1537,7251574333037874747,0,0,0,0,1,1,8659,8659.000,0,0,0,0,6.110
decode,real,1538,7251574333037874747,0,0,0,0,1,1,8660,8660.000,0,0,0,0,6.115
decode,real,1539,7251574333037874747,0,0,0,0,1,1,8661,8661.000,0,0,0,0,6.112
decode,real,1540,7251574333037874747,0,0,0,0,1,1,8662,8662.000,0,0,0,0,6.095
decode,real,1541,7251574333037874747,0,0,0,0,1,1,8663,8663.000,0,0,0,0,6.111
decode,real,1542,7251574333037874747,0,0,0,0,1,1,8664,8664.000,0,0,0,0,6.155
decode,real,1543,7251574333037874747,0,0,0,0,1,1,8665,8665.000,0,0,0,0,6.054
decode,real,1544,7251574333037874747,0,0,0,0,1,1,8666,8666.000,0,0,0,0,6.110
decode,real,1545,7251574333037874747,0,0,0,0,1,1,8667,8667.000,0,0,0,0,6.102
decode,real,1546,7251574333037874747,0,0,0,0,1,1,8668,8668.000,0,0,0,0,6.117
decode,real,1547,7251574333037874747,0,0,0,0,1,1,8669,8669.000,0,0,0,0,6.111
decode,real,1548,7251574333037874747,0,0,0,0,1,1,8670,8670.000,0,0,0,0,6.116
decode,real,1549,7251574333037874747,0,0,0,0,1,1,8671,8671.000,0,0,0,0,6.106
decode,real,1550,7251574333037874747,0,0,0,0,1,1,8672,8672.000,0,0,0,0,6.106
decode,real,1551,7251574333037874747,0,0,0,0,1,1,8673,8673.000,0,0,0,0,6.127
decode,real,1552,7251574333037874747,0,0,0,0,1,1,8674,8674.000,0,0,0,0,6.097
decode,real,1553,7251574333037874747,0,0,0,0,1,1,8675,8675.000,0,0,0,0,6.108
decode,real,1554,7251574333037874747,0,0,0,0,1,1,8676,8676.000,0,0,0,0,6.100
decode,real,1555,7251574333037874747,0,0,0,0,1,1,8677,8677.000,0,0,0,0,6.106
decode,real,1556,7251574333037874747,0,0,0,0,1,1,8678,8678.000,0,0,0,0,6.112
decode,real,1557,7251574333037874747,0,0,0,0,1,1,8679,8679.000,0,0,0,0,6.118
decode,real,1558,7251574333037874747,0,0,0,0,1,1,8680,8680.000,0,0,0,0,6.095
decode,real,1559,7251574333037874747,0,0,0,0,1,1,8681,8681.000,0,0,0,0,6.116
decode,real,1560,7251574333037874747,0,0,0,0,1,1,8682,8682.000,0,0,0,0,6.096
decode,real,1561,7251574333037874747,0,0,0,0,1,1,8683,8683.000,0,0,0,0,6.092
decode,real,1562,7251574333037874747,0,0,0,0,1,1,8684,8684.000,0,0,0,0,6.144
decode,real,1563,7251574333037874747,0,0,0,0,1,1,8685,8685.000,0,0,0,0,6.091
decode,real,1564,7251574333037874747,0,0,0,0,1,1,8686,8686.000,0,0,0,0,6.129
decode,real,1565,7251574333037874747,0,0,0,0,1,1,8687,8687.000,0,0,0,0,6.111
decode,real,1566,7251574333037874747,0,0,0,0,1,1,8688,8688.000,0,0,0,0,6.084
decode,real,1567,7251574333037874747,0,0,0,0,1,1,8689,8689.000,0,0,0,0,6.128
decode,real,1568,7251574333037874747,0,0,0,0,1,1,8690,8690.000,0,0,0,0,6.092
decode,real,1569,7251574333037874747,0,0,0,0,1,1,8691,8691.000,0,0,0,0,6.104
decode,real,1570,7251574333037874747,0,0,0,0,1,1,8692,8692.000,0,0,0,0,6.128
decode,real,1571,7251574333037874747,0,0,0,0,1,1,8693,8693.000,0,0,0,0,6.129
decode,real,1572,7251574333037874747,0,0,0,0,1,1,8694,8694.000,0,0,0,0,6.111
decode,real,1573,7251574333037874747,0,0,0,0,1,1,8695,8695.000,0,0,0,0,6.085
decode,real,1574,7251574333037874747,0,0,0,0,1,1,8696,8696.000,0,0,0,0,6.085
decode,real,1575,7251574333037874747,0,0,0,0,1,1,8697,8697.000,0,0,0,0,6.148
decode,real,1576,7251574333037874747,0,0,0,0,1,1,8698,8698.000,0,0,0,0,6.068
decode,real,1577,7251574333037874747,0,0,0,0,1,1,8699,8699.000,0,0,0,0,6.143
decode,real,1578,7251574333037874747,0,0,0,0,1,1,8700,8700.000,0,0,0,0,6.098
decode,real,1579,7251574333037874747,0,0,0,0,1,1,8701,8701.000,0,0,0,0,6.126
decode,real,1580,7251574333037874747,0,0,0,0,1,1,8702,8702.000,0,0,0,0,6.123
decode,real,1581,7251574333037874747,0,0,0,0,1,1,8703,8703.000,0,0,0,0,6.106
decode,real,1582,7251574333037874747,0,0,0,0,1,1,8704,8704.000,0,0,0,0,6.087
decode,real,1583,7251574333037874747,0,0,0,0,1,1,8705,8705.000,0,0,0,0,6.099
decode,real,1584,7251574333037874747,0,0,0,0,1,1,8706,8706.000,0,0,0,0,6.128
decode,real,1585,7251574333037874747,0,0,0,0,1,1,8707,8707.000,0,0,0,0,6.110
decode,real,1586,7251574333037874747,0,0,0,0,1,1,8708,8708.000,0,0,0,0,6.122
decode,real,1587,7251574333037874747,0,0,0,0,1,1,8709,8709.000,0,0,0,0,6.092
decode,real,1588,7251574333037874747,0,0,0,0,1,1,8710,8710.000,0,0,0,0,6.106
decode,real,1589,7251574333037874747,0,0,0,0,1,1,8711,8711.000,0,0,0,0,6.094
decode,real,1590,7251574333037874747,0,0,0,0,1,1,8712,8712.000,0,0,0,0,6.142
decode,real,1591,7251574333037874747,0,0,0,0,1,1,8713,8713.000,0,0,0,0,6.093
decode,real,1592,7251574333037874747,0,0,0,0,1,1,8714,8714.000,0,0,0,0,6.080
decode,real,1593,7251574333037874747,0,0,0,0,1,1,8715,8715.000,0,0,0,0,6.117
decode,real,1594,7251574333037874747,0,0,0,0,1,1,8716,8716.000,0,0,0,0,6.114
decode,real,1595,7251574333037874747,0,0,0,0,1,1,8717,8717.000,0,0,0,0,6.112
decode,real,1596,7251574333037874747,0,0,0,0,1,1,8718,8718.000,0,0,0,0,6.131
decode,real,1597,7251574333037874747,0,0,0,0,1,1,8719,8719.000,0,0,0,0,6.089
decode,real,1598,7251574333037874747,0,0,0,0,1,1,8720,8720.000,0,0,0,0,6.101
decode,real,1599,7251574333037874747,0,0,0,0,1,1,8721,8721.000,0,0,0,0,6.102
decode,real,1600,7251574333037874747,0,0,0,0,1,1,8722,8722.000,0,0,0,0,6.114
decode,real,1601,7251574333037874747,0,0,0,0,1,1,8723,8723.000,0,0,0,0,6.100
decode,real,1602,7251574333037874747,0,0,0,0,1,1,8724,8724.000,0,0,0,0,6.112
decode,real,1603,7251574333037874747,0,0,0,0,1,1,8725,8725.000,0,0,0,0,6.096
decode,real,1604,7251574333037874747,0,0,0,0,1,1,8726,8726.000,0,0,0,0,6.099
decode,real,1605,7251574333037874747,0,0,0,0,1,1,8727,8727.000,0,0,0,0,6.106
decode,real,1606,7251574333037874747,0,0,0,0,1,1,8728,8728.000,0,0,0,0,6.113
decode,real,1607,7251574333037874747,0,0,0,0,1,1,8729,8729.000,0,0,0,0,6.109
decode,real,1608,7251574333037874747,0,0,0,0,1,1,8730,8730.000,0,0,0,0,6.169
decode,real,1609,7251574333037874747,0,0,0,0,1,1,8731,8731.000,0,0,0,0,6.064
decode,real,1610,7251574333037874747,0,0,0,0,1,1,8732,8732.000,0,0,0,0,6.112
decode,real,1611,7251574333037874747,0,0,0,0,1,1,8733,8733.000,0,0,0,0,6.106
decode,real,1612,7251574333037874747,0,0,0,0,1,1,8734,8734.000,0,0,0,0,6.119
decode,real,1613,7251574333037874747,0,0,0,0,1,1,8735,8735.000,0,0,0,0,6.084
decode,real,1614,7251574333037874747,0,0,0,0,1,1,8736,8736.000,0,0,0,0,6.091
decode,real,1615,7251574333037874747,0,0,0,0,1,1,8737,8737.000,0,0,0,0,6.106
decode,real,1616,7251574333037874747,0,0,0,0,1,1,8738,8738.000,0,0,0,0,6.134
decode,real,1617,7251574333037874747,0,0,0,0,1,1,8739,8739.000,0,0,0,0,6.101
decode,real,1618,7251574333037874747,0,0,0,0,1,1,8740,8740.000,0,0,0,0,6.116
decode,real,1619,7251574333037874747,0,0,0,0,1,1,8741,8741.000,0,0,0,0,6.127
decode,real,1620,7251574333037874747,0,0,0,0,1,1,8742,8742.000,0,0,0,0,6.119
decode,real,1621,7251574333037874747,0,0,0,0,1,1,8743,8743.000,0,0,0,0,6.068
decode,real,1622,7251574333037874747,0,0,0,0,1,1,8744,8744.000,0,0,0,0,6.122
decode,real,1623,7251574333037874747,0,0,0,0,1,1,8745,8745.000,0,0,0,0,6.128
decode,real,1624,7251574333037874747,0,0,0,0,1,1,8746,8746.000,0,0,0,0,6.105
decode,real,1625,7251574333037874747,0,0,0,0,1,1,8747,8747.000,0,0,0,0,6.084
decode,real,1626,7251574333037874747,0,0,0,0,1,1,8748,8748.000,0,0,0,0,6.112
decode,real,1627,7251574333037874747,0,0,0,0,1,1,8749,8749.000,0,0,0,0,6.107
decode,real,1628,7251574333037874747,0,0,0,0,1,1,8750,8750.000,0,0,0,0,6.126
decode,real,1629,7251574333037874747,0,0,0,0,1,1,8751,8751.000,0,0,0,0,6.099
decode,real,1630,7251574333037874747,0,0,0,0,1,1,8752,8752.000,0,0,0,0,6.106
decode,real,1631,7251574333037874747,0,0,0,0,1,1,8753,8753.000,0,0,0,0,6.109
decode,real,1632,7251574333037874747,0,0,0,0,1,1,8754,8754.000,0,0,0,0,6.121
decode,real,1633,7251574333037874747,0,0,0,0,1,1,8755,8755.000,0,0,0,0,6.099
decode,real,1634,7251574333037874747,0,0,0,0,1,1,8756,8756.000,0,0,0,0,6.120
decode,real,1635,7251574333037874747,0,0,0,0,1,1,8757,8757.000,0,0,0,0,6.099
decode,real,1636,7251574333037874747,0,0,0,0,1,1,8758,8758.000,0,0,0,0,6.108
decode,real,1637,7251574333037874747,0,0,0,0,1,1,8759,8759.000,0,0,0,0,6.120
decode,real,1638,7251574333037874747,0,0,0,0,1,1,8760,8760.000,0,0,0,0,6.100
decode,real,1639,7251574333037874747,0,0,0,0,1,1,8761,8761.000,0,0,0,0,6.129
decode,real,1640,7251574333037874747,0,0,0,0,1,1,8762,8762.000,0,0,0,0,6.084
decode,real,1641,7251574333037874747,0,0,0,0,1,1,8763,8763.000,0,0,0,0,6.108
decode,real,1642,7251574333037874747,0,0,0,0,1,1,8764,8764.000,0,0,0,0,6.124
decode,real,1643,7251574333037874747,0,0,0,0,1,1,8765,8765.000,0,0,0,0,6.112
decode,real,1644,7251574333037874747,0,0,0,0,1,1,8766,8766.000,0,0,0,0,6.133
decode,real,1645,7251574333037874747,0,0,0,0,1,1,8767,8767.000,0,0,0,0,6.097
decode,real,1646,7251574333037874747,0,0,0,0,1,1,8768,8768.000,0,0,0,0,6.107
decode,real,1647,7251574333037874747,0,0,0,0,1,1,8769,8769.000,0,0,0,0,6.114
decode,real,1648,7251574333037874747,0,0,0,0,1,1,8770,8770.000,0,0,0,0,6.100
decode,real,1649,7251574333037874747,0,0,0,0,1,1,8771,8771.000,0,0,0,0,6.103
decode,real,1650,7251574333037874747,0,0,0,0,1,1,8772,8772.000,0,0,0,0,6.140
decode,real,1651,7251574333037874747,0,0,0,0,1,1,8773,8773.000,0,0,0,0,6.140
decode,real,1652,7251574333037874747,0,0,0,0,1,1,8774,8774.000,0,0,0,0,6.048
decode,real,1653,7251574333037874747,0,0,0,0,1,1,8775,8775.000,0,0,0,0,6.114
decode,real,1654,7251574333037874747,0,0,0,0,1,1,8776,8776.000,0,0,0,0,6.110
decode,real,1655,7251574333037874747,0,0,0,0,1,1,8777,8777.000,0,0,0,0,6.106
decode,real,1656,7251574333037874747,0,0,0,0,1,1,8778,8778.000,0,0,0,0,6.114
decode,real,1657,7251574333037874747,0,0,0,0,1,1,8779,8779.000,0,0,0,0,6.114
decode,real,1658,7251574333037874747,0,0,0,0,1,1,8780,8780.000,0,0,0,0,6.083
decode,real,1659,7251574333037874747,0,0,0,0,1,1,8781,8781.000,0,0,0,0,6.133
decode,real,1660,7251574333037874747,0,0,0,0,1,1,8782,8782.000,0,0,0,0,6.125
decode,real,1661,7251574333037874747,0,0,0,0,1,1,8783,8783.000,0,0,0,0,6.093
decode,real,1662,7251574333037874747,0,0,0,0,1,1,8784,8784.000,0,0,0,0,6.105
decode,real,1663,7251574333037874747,0,0,0,0,1,1,8785,8785.000,0,0,0,0,6.089
decode,real,1664,7251574333037874747,0,0,0,0,1,1,8786,8786.000,0,0,0,0,6.133
decode,real,1665,7251574333037874747,0,0,0,0,1,1,8787,8787.000,0,0,0,0,6.106
decode,real,1666,7251574333037874747,0,0,0,0,1,1,8788,8788.000,0,0,0,0,6.105
decode,real,1667,7251574333037874747,0,0,0,0,1,1,8789,8789.000,0,0,0,0,6.112
decode,real,1668,7251574333037874747,0,0,0,0,1,1,8790,8790.000,0,0,0,0,6.116
decode,real,1669,7251574333037874747,0,0,0,0,1,1,8791,8791.000,0,0,0,0,6.090
decode,real,1670,7251574333037874747,0,0,0,0,1,1,8792,8792.000,0,0,0,0,6.120
decode,real,1671,7251574333037874747,0,0,0,0,1,1,8793,8793.000,0,0,0,0,6.106
decode,real,1672,7251574333037874747,0,0,0,0,1,1,8794,8794.000,0,0,0,0,6.121
decode,real,1673,7251574333037874747,0,0,0,0,1,1,8795,8795.000,0,0,0,0,6.084
decode,real,1674,7251574333037874747,0,0,0,0,1,1,8796,8796.000,0,0,0,0,6.130
decode,real,1675,7251574333037874747,0,0,0,0,1,1,8797,8797.000,0,0,0,0,6.100
decode,real,1676,7251574333037874747,0,0,0,0,1,1,8798,8798.000,0,0,0,0,6.136
decode,real,1677,7251574333037874747,0,0,0,0,1,1,8799,8799.000,0,0,0,0,6.069
decode,real,1678,7251574333037874747,0,0,0,0,1,1,8800,8800.000,0,0,0,0,6.129
decode,real,1679,7251574333037874747,0,0,0,0,1,1,8801,8801.000,0,0,0,0,6.110
decode,real,1680,7251574333037874747,0,0,0,0,1,1,8802,8802.000,0,0,0,0,6.120
decode,real,1681,7251574333037874747,0,0,0,0,1,1,8803,8803.000,0,0,0,0,6.106
decode,real,1682,7251574333037874747,0,0,0,0,1,1,8804,8804.000,0,0,0,0,6.101
decode,real,1683,7251574333037874747,0,0,0,0,1,1,8805,8805.000,0,0,0,0,6.096
decode,real,1684,7251574333037874747,0,0,0,0,1,1,8806,8806.000,0,0,0,0,6.100
decode,real,1685,7251574333037874747,0,0,0,0,1,1,8807,8807.000,0,0,0,0,6.105
decode,real,1686,7251574333037874747,0,0,0,0,1,1,8808,8808.000,0,0,0,0,6.126
decode,real,1687,7251574333037874747,0,0,0,0,1,1,8809,8809.000,0,0,0,0,6.120
decode,real,1688,7251574333037874747,0,0,0,0,1,1,8810,8810.000,0,0,0,0,6.077
decode,real,1689,7251574333037874747,0,0,0,0,1,1,8811,8811.000,0,0,0,0,6.098
decode,real,1690,7251574333037874747,0,0,0,0,1,1,8812,8812.000,0,0,0,0,6.130
decode,real,1691,7251574333037874747,0,0,0,0,1,1,8813,8813.000,0,0,0,0,6.090
decode,real,1692,7251574333037874747,0,0,0,0,1,1,8814,8814.000,0,0,0,0,6.183
decode,real,1693,7251574333037874747,0,0,0,0,1,1,8815,8815.000,0,0,0,0,6.057
decode,real,1694,7251574333037874747,0,0,0,0,1,1,8816,8816.000,0,0,0,0,6.104
decode,real,1695,7251574333037874747,0,0,0,0,1,1,8817,8817.000,0,0,0,0,6.112
decode,real,1696,7251574333037874747,0,0,0,0,1,1,8818,8818.000,0,0,0,0,6.132
decode,real,1697,7251574333037874747,0,0,0,0,1,1,8819,8819.000,0,0,0,0,6.117
decode,real,1698,7251574333037874747,0,0,0,0,1,1,8820,8820.000,0,0,0,0,6.083
decode,real,1699,7251574333037874747,0,0,0,0,1,1,8821,8821.000,0,0,0,0,6.139
decode,real,1700,7251574333037874747,0,0,0,0,1,1,8822,8822.000,0,0,0,0,6.094
decode,real,1701,7251574333037874747,0,0,0,0,1,1,8823,8823.000,0,0,0,0,6.126
decode,real,1702,7251574333037874747,0,0,0,0,1,1,8824,8824.000,0,0,0,0,6.099
decode,real,1703,7251574333037874747,0,0,0,0,1,1,8825,8825.000,0,0,0,0,6.094
decode,real,1704,7251574333037874747,0,0,0,0,1,1,8826,8826.000,0,0,0,0,6.141
decode,real,1705,7251574333037874747,0,0,0,0,1,1,8827,8827.000,0,0,0,0,6.101
decode,real,1706,7251574333037874747,0,0,0,0,1,1,8828,8828.000,0,0,0,0,6.113
decode,real,1707,7251574333037874747,0,0,0,0,1,1,8829,8829.000,0,0,0,0,6.111
decode,real,1708,7251574333037874747,0,0,0,0,1,1,8830,8830.000,0,0,0,0,6.116
decode,real,1709,7251574333037874747,0,0,0,0,1,1,8831,8831.000,0,0,0,0,6.112
decode,real,1710,7251574333037874747,0,0,0,0,1,1,8832,8832.000,0,0,0,0,6.135
decode,real,1711,7251574333037874747,0,0,0,0,1,1,8833,8833.000,0,0,0,0,6.098
decode,real,1712,7251574333037874747,0,0,0,0,1,1,8834,8834.000,0,0,0,0,6.113
decode,real,1713,7251574333037874747,0,0,0,0,1,1,8835,8835.000,0,0,0,0,6.128
decode,real,1714,7251574333037874747,0,0,0,0,1,1,8836,8836.000,0,0,0,0,6.121
decode,real,1715,7251574333037874747,0,0,0,0,1,1,8837,8837.000,0,0,0,0,6.133
decode,real,1716,7251574333037874747,0,0,0,0,1,1,8838,8838.000,0,0,0,0,6.084
decode,real,1717,7251574333037874747,0,0,0,0,1,1,8839,8839.000,0,0,0,0,6.133
decode,real,1718,7251574333037874747,0,0,0,0,1,1,8840,8840.000,0,0,0,0,6.131
decode,real,1719,7251574333037874747,0,0,0,0,1,1,8841,8841.000,0,0,0,0,6.084
decode,real,1720,7251574333037874747,0,0,0,0,1,1,8842,8842.000,0,0,0,0,6.111
decode,real,1721,7251574333037874747,0,0,0,0,1,1,8843,8843.000,0,0,0,0,6.135
decode,real,1722,7251574333037874747,0,0,0,0,1,1,8844,8844.000,0,0,0,0,6.110
decode,real,1723,7251574333037874747,0,0,0,0,1,1,8845,8845.000,0,0,0,0,6.115
decode,real,1724,7251574333037874747,0,0,0,0,1,1,8846,8846.000,0,0,0,0,6.137
decode,real,1725,7251574333037874747,0,0,0,0,1,1,8847,8847.000,0,0,0,0,6.093
decode,real,1726,7251574333037874747,0,0,0,0,1,1,8848,8848.000,0,0,0,0,6.102
decode,real,1727,7251574333037874747,0,0,0,0,1,1,8849,8849.000,0,0,0,0,6.137
decode,real,1728,7251574333037874747,0,0,0,0,1,1,8850,8850.000,0,0,0,0,6.105
decode,real,1729,7251574333037874747,0,0,0,0,1,1,8851,8851.000,0,0,0,0,6.097
decode,real,1730,7251574333037874747,0,0,0,0,1,1,8852,8852.000,0,0,0,0,6.141
decode,real,1731,7251574333037874747,0,0,0,0,1,1,8853,8853.000,0,0,0,0,6.101
decode,real,1732,7251574333037874747,0,0,0,0,1,1,8854,8854.000,0,0,0,0,6.113
decode,real,1733,7251574333037874747,0,0,0,0,1,1,8855,8855.000,0,0,0,0,6.123
decode,real,1734,7251574333037874747,0,0,0,0,1,1,8856,8856.000,0,0,0,0,6.101
decode,real,1735,7251574333037874747,0,0,0,0,1,1,8857,8857.000,0,0,0,0,6.120
decode,real,1736,7251574333037874747,0,0,0,0,1,1,8858,8858.000,0,0,0,0,6.142
decode,real,1737,7251574333037874747,0,0,0,0,1,1,8859,8859.000,0,0,0,0,6.074
decode,real,1738,7251574333037874747,0,0,0,0,1,1,8860,8860.000,0,0,0,0,6.130
decode,real,1739,7251574333037874747,0,0,0,0,1,1,8861,8861.000,0,0,0,0,6.106
decode,real,1740,7251574333037874747,0,0,0,0,1,1,8862,8862.000,0,0,0,0,6.158
decode,real,1741,7251574333037874747,0,0,0,0,1,1,8863,8863.000,0,0,0,0,6.064
decode,real,1742,7251574333037874747,0,0,0,0,1,1,8864,8864.000,0,0,0,0,6.137
decode,real,1743,7251574333037874747,0,0,0,0,1,1,8865,8865.000,0,0,0,0,6.083
decode,real,1744,7251574333037874747,0,0,0,0,1,1,8866,8866.000,0,0,0,0,6.104
decode,real,1745,7251574333037874747,0,0,0,0,1,1,8867,8867.000,0,0,0,0,6.123
decode,real,1746,7251574333037874747,0,0,0,0,1,1,8868,8868.000,0,0,0,0,6.116
decode,real,1747,7251574333037874747,0,0,0,0,1,1,8869,8869.000,0,0,0,0,6.105
decode,real,1748,7251574333037874747,0,0,0,0,1,1,8870,8870.000,0,0,0,0,6.153
decode,real,1749,7251574333037874747,0,0,0,0,1,1,8871,8871.000,0,0,0,0,6.094
decode,real,1750,7251574333037874747,0,0,0,0,1,1,8872,8872.000,0,0,0,0,6.123
decode,real,1751,7251574333037874747,0,0,0,0,1,1,8873,8873.000,0,0,0,0,6.131
decode,real,1752,7251574333037874747,0,0,0,0,1,1,8874,8874.000,0,0,0,0,6.097
decode,real,1753,7251574333037874747,0,0,0,0,1,1,8875,8875.000,0,0,0,0,6.125
decode,real,1754,7251574333037874747,0,0,0,0,1,1,8876,8876.000,0,0,0,0,6.105
decode,real,1755,7251574333037874747,0,0,0,0,1,1,8877,8877.000,0,0,0,0,6.124
decode,real,1756,7251574333037874747,0,0,0,0,1,1,8878,8878.000,0,0,0,0,6.145
decode,real,1757,7251574333037874747,0,0,0,0,1,1,8879,8879.000,0,0,0,0,6.101
decode,real,1758,7251574333037874747,0,0,0,0,1,1,8880,8880.000,0,0,0,0,6.118
decode,real,1759,7251574333037874747,0,0,0,0,1,1,8881,8881.000,0,0,0,0,6.087
decode,real,1760,7251574333037874747,0,0,0,0,1,1,8882,8882.000,0,0,0,0,6.138
decode,real,1761,7251574333037874747,0,0,0,0,1,1,8883,8883.000,0,0,0,0,6.110
decode,real,1762,7251574333037874747,0,0,0,0,1,1,8884,8884.000,0,0,0,0,6.113
decode,real,1763,7251574333037874747,0,0,0,0,1,1,8885,8885.000,0,0,0,0,6.133
decode,real,1764,7251574333037874747,0,0,0,0,1,1,8886,8886.000,0,0,0,0,6.105
decode,real,1765,7251574333037874747,0,0,0,0,1,1,8887,8887.000,0,0,0,0,6.121
decode,real,1766,7251574333037874747,0,0,0,0,1,1,8888,8888.000,0,0,0,0,6.117
decode,real,1767,7251574333037874747,0,0,0,0,1,1,8889,8889.000,0,0,0,0,6.102
decode,real,1768,7251574333037874747,0,0,0,0,1,1,8890,8890.000,0,0,0,0,6.150
decode,real,1769,7251574333037874747,0,0,0,0,1,1,8891,8891.000,0,0,0,0,6.105
decode,real,1770,7251574333037874747,0,0,0,0,1,1,8892,8892.000,0,0,0,0,6.123
decode,real,1771,7251574333037874747,0,0,0,0,1,1,8893,8893.000,0,0,0,0,6.123
decode,real,1772,7251574333037874747,0,0,0,0,1,1,8894,8894.000,0,0,0,0,6.123
decode,real,1773,7251574333037874747,0,0,0,0,1,1,8895,8895.000,0,0,0,0,6.133
decode,real,1774,7251574333037874747,0,0,0,0,1,1,8896,8896.000,0,0,0,0,6.097
decode,real,1775,7251574333037874747,0,0,0,0,1,1,8897,8897.000,0,0,0,0,6.099
decode,real,1776,7251574333037874747,0,0,0,0,1,1,8898,8898.000,0,0,0,0,6.127
decode,real,1777,7251574333037874747,0,0,0,0,1,1,8899,8899.000,0,0,0,0,6.121
decode,real,1778,7251574333037874747,0,0,0,0,1,1,8900,8900.000,0,0,0,0,6.127
decode,real,1779,7251574333037874747,0,0,0,0,1,1,8901,8901.000,0,0,0,0,6.091
decode,real,1780,7251574333037874747,0,0,0,0,1,1,8902,8902.000,0,0,0,0,6.112
decode,real,1781,7251574333037874747,0,0,0,0,1,1,8903,8903.000,0,0,0,0,6.138
decode,real,1782,7251574333037874747,0,0,0,0,1,1,8904,8904.000,0,0,0,0,6.111
decode,real,1783,7251574333037874747,0,0,0,0,1,1,8905,8905.000,0,0,0,0,6.102
decode,real,1784,7251574333037874747,0,0,0,0,1,1,8906,8906.000,0,0,0,0,6.110
decode,real,1785,7251574333037874747,0,0,0,0,1,1,8907,8907.000,0,0,0,0,6.112
decode,real,1786,7251574333037874747,0,0,0,0,1,1,8908,8908.000,0,0,0,0,6.164
decode,real,1787,7251574333037874747,0,0,0,0,1,1,8909,8909.000,0,0,0,0,6.116
decode,real,1788,7251574333037874747,0,0,0,0,1,1,8910,8910.000,0,0,0,0,6.114
decode,real,1789,7251574333037874747,0,0,0,0,1,1,8911,8911.000,0,0,0,0,6.100
decode,real,1790,7251574333037874747,0,0,0,0,1,1,8912,8912.000,0,0,0,0,6.100
decode,real,1791,7251574333037874747,0,0,0,0,1,1,8913,8913.000,0,0,0,0,6.135
decode,real,1792,7251574333037874747,0,0,0,0,1,1,8914,8914.000,0,0,0,0,6.093
decode,real,1793,7251574333037874747,0,0,0,0,1,1,8915,8915.000,0,0,0,0,6.109
decode,real,1794,7251574333037874747,0,0,0,0,1,1,8916,8916.000,0,0,0,0,6.133
decode,real,1795,7251574333037874747,0,0,0,0,1,1,8917,8917.000,0,0,0,0,6.135
decode,real,1796,7251574333037874747,0,0,0,0,1,1,8918,8918.000,0,0,0,0,6.098
decode,real,1797,7251574333037874747,0,0,0,0,1,1,8919,8919.000,0,0,0,0,6.094
decode,real,1798,7251574333037874747,0,0,0,0,1,1,8920,8920.000,0,0,0,0,6.131
decode,real,1799,7251574333037874747,0,0,0,0,1,1,8921,8921.000,0,0,0,0,6.118
decode,real,1800,7251574333037874747,0,0,0,0,1,1,8922,8922.000,0,0,0,0,6.097
decode,real,1801,7251574333037874747,0,0,0,0,1,1,8923,8923.000,0,0,0,0,6.118
decode,real,1802,7251574333037874747,0,0,0,0,1,1,8924,8924.000,0,0,0,0,6.113
decode,real,1803,7251574333037874747,0,0,0,0,1,1,8925,8925.000,0,0,0,0,6.106
decode,real,1804,7251574333037874747,0,0,0,0,1,1,8926,8926.000,0,0,0,0,6.153
decode,real,1805,7251574333037874747,0,0,0,0,1,1,8927,8927.000,0,0,0,0,6.090
decode,real,1806,7251574333037874747,0,0,0,0,1,1,8928,8928.000,0,0,0,0,6.143
decode,real,1807,7251574333037874747,0,0,0,0,1,1,8929,8929.000,0,0,0,0,6.135
decode,real,1808,7251574333037874747,0,0,0,0,1,1,8930,8930.000,0,0,0,0,6.092
decode,real,1809,7251574333037874747,0,0,0,0,1,1,8931,8931.000,0,0,0,0,6.116
decode,real,1810,7251574333037874747,0,0,0,0,1,1,8932,8932.000,0,0,0,0,6.097
decode,real,1811,7251574333037874747,0,0,0,0,1,1,8933,8933.000,0,0,0,0,6.110
decode,real,1812,7251574333037874747,0,0,0,0,1,1,8934,8934.000,0,0,0,0,6.104
decode,real,1813,7251574333037874747,0,0,0,0,1,1,8935,8935.000,0,0,0,0,6.106
decode,real,1814,7251574333037874747,0,0,0,0,1,1,8936,8936.000,0,0,0,0,6.139
decode,real,1815,7251574333037874747,0,0,0,0,1,1,8937,8937.000,0,0,0,0,6.094
decode,real,1816,7251574333037874747,0,0,0,0,1,1,8938,8938.000,0,0,0,0,6.137
decode,real,1817,7251574333037874747,0,0,0,0,1,1,8939,8939.000,0,0,0,0,6.095
decode,real,1818,7251574333037874747,0,0,0,0,1,1,8940,8940.000,0,0,0,0,6.125
decode,real,1819,7251574333037874747,0,0,0,0,1,1,8941,8941.000,0,0,0,0,6.128
decode,real,1820,7251574333037874747,0,0,0,0,1,1,8942,8942.000,0,0,0,0,6.123
decode,real,1821,7251574333037874747,0,0,0,0,1,1,8943,8943.000,0,0,0,0,6.110
decode,real,1822,7251574333037874747,0,0,0,0,1,1,8944,8944.000,0,0,0,0,6.113
decode,real,1823,7251574333037874747,0,0,0,0,1,1,8945,8945.000,0,0,0,0,6.119
decode,real,1824,7251574333037874747,0,0,0,0,1,1,8946,8946.000,0,0,0,0,6.113
decode,real,1825,7251574333037874747,0,0,0,0,1,1,8947,8947.000,0,0,0,0,6.115
decode,real,1826,7251574333037874747,0,0,0,0,1,1,8948,8948.000,0,0,0,0,6.149
decode,real,1827,7251574333037874747,0,0,0,0,1,1,8949,8949.000,0,0,0,0,6.090
decode,real,1828,7251574333037874747,0,0,0,0,1,1,8950,8950.000,0,0,0,0,6.101
decode,real,1829,7251574333037874747,0,0,0,0,1,1,8951,8951.000,0,0,0,0,6.131
decode,real,1830,7251574333037874747,0,0,0,0,1,1,8952,8952.000,0,0,0,0,6.117
decode,real,1831,7251574333037874747,0,0,0,0,1,1,8953,8953.000,0,0,0,0,6.138
decode,real,1832,7251574333037874747,0,0,0,0,1,1,8954,8954.000,0,0,0,0,6.086
decode,real,1833,7251574333037874747,0,0,0,0,1,1,8955,8955.000,0,0,0,0,6.120
decode,real,1834,7251574333037874747,0,0,0,0,1,1,8956,8956.000,0,0,0,0,6.139
decode,real,1835,7251574333037874747,0,0,0,0,1,1,8957,8957.000,0,0,0,0,6.135
decode,real,1836,7251574333037874747,0,0,0,0,1,1,8958,8958.000,0,0,0,0,6.103
decode,real,1837,7251574333037874747,0,0,0,0,1,1,8959,8959.000,0,0,0,0,6.114
decode,real,1838,7251574333037874747,0,0,0,0,1,1,8960,8960.000,0,0,0,0,6.115
decode,real,1839,7251574333037874747,0,0,0,0,1,1,8961,8961.000,0,0,0,0,6.110
decode,real,1840,7251574333037874747,0,0,0,0,1,1,8962,8962.000,0,0,0,0,6.125
decode,real,1841,7251574333037874747,0,0,0,0,1,1,8963,8963.000,0,0,0,0,6.103
decode,real,1842,7251574333037874747,0,0,0,0,1,1,8964,8964.000,0,0,0,0,6.125
decode,real,1843,7251574333037874747,0,0,0,0,1,1,8965,8965.000,0,0,0,0,6.133
decode,real,1844,7251574333037874747,0,0,0,0,1,1,8966,8966.000,0,0,0,0,6.093
decode,real,1845,7251574333037874747,0,0,0,0,1,1,8967,8967.000,0,0,0,0,6.124
decode,real,1846,7251574333037874747,0,0,0,0,1,1,8968,8968.000,0,0,0,0,6.113
decode,real,1847,7251574333037874747,0,0,0,0,1,1,8969,8969.000,0,0,0,0,6.118
decode,real,1848,7251574333037874747,0,0,0,0,1,1,8970,8970.000,0,0,0,0,6.112
decode,real,1849,7251574333037874747,0,0,0,0,1,1,8971,8971.000,0,0,0,0,6.123
decode,real,1850,7251574333037874747,0,0,0,0,1,1,8972,8972.000,0,0,0,0,6.117
decode,real,1851,7251574333037874747,0,0,0,0,1,1,8973,8973.000,0,0,0,0,6.122
decode,real,1852,7251574333037874747,0,0,0,0,1,1,8974,8974.000,0,0,0,0,6.128
decode,real,1853,7251574333037874747,0,0,0,0,1,1,8975,8975.000,0,0,0,0,6.119
decode,real,1854,7251574333037874747,0,0,0,0,1,1,8976,8976.000,0,0,0,0,6.092
decode,real,1855,7251574333037874747,0,0,0,0,1,1,8977,8977.000,0,0,0,0,6.142
decode,real,1856,7251574333037874747,0,0,0,0,1,1,8978,8978.000,0,0,0,0,6.114
decode,real,1857,7251574333037874747,0,0,0,0,1,1,8979,8979.000,0,0,0,0,6.100
decode,real,1858,7251574333037874747,0,0,0,0,1,1,8980,8980.000,0,0,0,0,6.132
decode,real,1859,7251574333037874747,0,0,0,0,1,1,8981,8981.000,0,0,0,0,6.113
decode,real,1860,7251574333037874747,0,0,0,0,1,1,8982,8982.000,0,0,0,0,6.132
decode,real,1861,7251574333037874747,0,0,0,0,1,1,8983,8983.000,0,0,0,0,6.117
decode,real,1862,7251574333037874747,0,0,0,0,1,1,8984,8984.000,0,0,0,0,6.111
decode,real,1863,7251574333037874747,0,0,0,0,1,1,8985,8985.000,0,0,0,0,6.120
decode,real,1864,7251574333037874747,0,0,0,0,1,1,8986,8986.000,0,0,0,0,6.125
decode,real,1865,7251574333037874747,0,0,0,0,1,1,8987,8987.000,0,0,0,0,6.126
decode,real,1866,7251574333037874747,0,0,0,0,1,1,8988,8988.000,0,0,0,0,6.120
decode,real,1867,7251574333037874747,0,0,0,0,1,1,8989,8989.000,0,0,0,0,6.137
decode,real,1868,7251574333037874747,0,0,0,0,1,1,8990,8990.000,0,0,0,0,6.128
decode,real,1869,7251574333037874747,0,0,0,0,1,1,8991,8991.000,0,0,0,0,6.096
decode,real,1870,7251574333037874747,0,0,0,0,1,1,8992,8992.000,0,0,0,0,6.120
decode,real,1871,7251574333037874747,0,0,0,0,1,1,8993,8993.000,0,0,0,0,6.100
decode,real,1872,7251574333037874747,0,0,0,0,1,1,8994,8994.000,0,0,0,0,6.134
decode,real,1873,7251574333037874747,0,0,0,0,1,1,8995,8995.000,0,0,0,0,6.115
decode,real,1874,7251574333037874747,0,0,0,0,1,1,8996,8996.000,0,0,0,0,6.126
decode,real,1875,7251574333037874747,0,0,0,0,1,1,8997,8997.000,0,0,0,0,6.122
decode,real,1876,7251574333037874747,0,0,0,0,1,1,8998,8998.000,0,0,0,0,6.120
decode,real,1877,7251574333037874747,0,0,0,0,1,1,8999,8999.000,0,0,0,0,6.118
decode,real,1878,7251574333037874747,0,0,0,0,1,1,9000,9000.000,0,0,0,0,6.126
decode,real,1879,7251574333037874747,0,0,0,0,1,1,9001,9001.000,0,0,0,0,6.101
decode,real,1880,7251574333037874747,0,0,0,0,1,1,9002,9002.000,0,0,0,0,6.124
decode,real,1881,7251574333037874747,0,0,0,0,1,1,9003,9003.000,0,0,0,0,6.142
decode,real,1882,7251574333037874747,0,0,0,0,1,1,9004,9004.000,0,0,0,0,6.098
decode,real,1883,7251574333037874747,0,0,0,0,1,1,9005,9005.000,0,0,0,0,6.130
decode,real,1884,7251574333037874747,0,0,0,0,1,1,9006,9006.000,0,0,0,0,6.121
decode,real,1885,7251574333037874747,0,0,0,0,1,1,9007,9007.000,0,0,0,0,6.123
decode,real,1886,7251574333037874747,0,0,0,0,1,1,9008,9008.000,0,0,0,0,6.120
decode,real,1887,7251574333037874747,0,0,0,0,1,1,9009,9009.000,0,0,0,0,6.117
decode,real,1888,7251574333037874747,0,0,0,0,1,1,9010,9010.000,0,0,0,0,6.135
decode,real,1889,7251574333037874747,0,0,0,0,1,1,9011,9011.000,0,0,0,0,6.088
decode,real,1890,7251574333037874747,0,0,0,0,1,1,9012,9012.000,0,0,0,0,6.116
decode,real,1891,7251574333037874747,0,0,0,0,1,1,9013,9013.000,0,0,0,0,6.142
decode,real,1892,7251574333037874747,0,0,0,0,1,1,9014,9014.000,0,0,0,0,6.099
decode,real,1893,7251574333037874747,0,0,0,0,1,1,9015,9015.000,0,0,0,0,6.140
decode,real,1894,7251574333037874747,0,0,0,0,1,1,9016,9016.000,0,0,0,0,6.114
decode,real,1895,7251574333037874747,0,0,0,0,1,1,9017,9017.000,0,0,0,0,6.116
decode,real,1896,7251574333037874747,0,0,0,0,1,1,9018,9018.000,0,0,0,0,6.095
decode,real,1897,7251574333037874747,0,0,0,0,1,1,9019,9019.000,0,0,0,0,6.126
decode,real,1898,7251574333037874747,0,0,0,0,1,1,9020,9020.000,0,0,0,0,6.103
decode,real,1899,7251574333037874747,0,0,0,0,1,1,9021,9021.000,0,0,0,0,6.112
decode,real,1900,7251574333037874747,0,0,0,0,1,1,9022,9022.000,0,0,0,0,6.134
decode,real,1901,7251574333037874747,0,0,0,0,1,1,9023,9023.000,0,0,0,0,6.116
decode,real,1902,7251574333037874747,0,0,0,0,1,1,9024,9024.000,0,0,0,0,6.139
decode,real,1903,7251574333037874747,0,0,0,0,1,1,9025,9025.000,0,0,0,0,6.090
decode,real,1904,7251574333037874747,0,0,0,0,1,1,9026,9026.000,0,0,0,0,6.115
decode,real,1905,7251574333037874747,0,0,0,0,1,1,9027,9027.000,0,0,0,0,6.094
decode,real,1906,7251574333037874747,0,0,0,0,1,1,9028,9028.000,0,0,0,0,6.135
decode,real,1907,7251574333037874747,0,0,0,0,1,1,9029,9029.000,0,0,0,0,6.099
decode,real,1908,7251574333037874747,0,0,0,0,1,1,9030,9030.000,0,0,0,0,6.130
decode,real,1909,7251574333037874747,0,0,0,0,1,1,9031,9031.000,0,0,0,0,6.109
decode,real,1910,7251574333037874747,0,0,0,0,1,1,9032,9032.000,0,0,0,0,6.131
decode,real,1911,7251574333037874747,0,0,0,0,1,1,9033,9033.000,0,0,0,0,6.116
decode,real,1912,7251574333037874747,0,0,0,0,1,1,9034,9034.000,0,0,0,0,6.097
decode,real,1913,7251574333037874747,0,0,0,0,1,1,9035,9035.000,0,0,0,0,6.154
decode,real,1914,7251574333037874747,0,0,0,0,1,1,9036,9036.000,0,0,0,0,6.107
decode,real,1915,7251574333037874747,0,0,0,0,1,1,9037,9037.000,0,0,0,0,6.128
decode,real,1916,7251574333037874747,0,0,0,0,1,1,9038,9038.000,0,0,0,0,6.110
decode,real,1917,7251574333037874747,0,0,0,0,1,1,9039,9039.000,0,0,0,0,6.078
decode,real,1918,7251574333037874747,0,0,0,0,1,1,9040,9040.000,0,0,0,0,6.128
decode,real,1919,7251574333037874747,0,0,0,0,1,1,9041,9041.000,0,0,0,0,6.137
decode,real,1920,7251574333037874747,0,0,0,0,1,1,9042,9042.000,0,0,0,0,6.117
decode,real,1921,7251574333037874747,0,0,0,0,1,1,9043,9043.000,0,0,0,0,6.106
decode,real,1922,7251574333037874747,0,0,0,0,1,1,9044,9044.000,0,0,0,0,6.129
decode,real,1923,7251574333037874747,0,0,0,0,1,1,9045,9045.000,0,0,0,0,6.111
decode,real,1924,7251574333037874747,0,0,0,0,1,1,9046,9046.000,0,0,0,0,6.141
decode,real,1925,7251574333037874747,0,0,0,0,1,1,9047,9047.000,0,0,0,0,6.115
decode,real,1926,7251574333037874747,0,0,0,0,1,1,9048,9048.000,0,0,0,0,6.117
decode,real,1927,7251574333037874747,0,0,0,0,1,1,9049,9049.000,0,0,0,0,6.115
decode,real,1928,7251574333037874747,0,0,0,0,1,1,9050,9050.000,0,0,0,0,6.118
decode,real,1929,7251574333037874747,0,0,0,0,1,1,9051,9051.000,0,0,0,0,6.121
decode,real,1930,7251574333037874747,0,0,0,0,1,1,9052,9052.000,0,0,0,0,6.108
decode,real,1931,7251574333037874747,0,0,0,0,1,1,9053,9053.000,0,0,0,0,6.164
decode,real,1932,7251574333037874747,0,0,0,0,1,1,9054,9054.000,0,0,0,0,6.105
decode,real,1933,7251574333037874747,0,0,0,0,1,1,9055,9055.000,0,0,0,0,6.110
decode,real,1934,7251574333037874747,0,0,0,0,1,1,9056,9056.000,0,0,0,0,6.119
decode,real,1935,7251574333037874747,0,0,0,0,1,1,9057,9057.000,0,0,0,0,6.132
decode,real,1936,7251574333037874747,0,0,0,0,1,1,9058,9058.000,0,0,0,0,6.131
decode,real,1937,7251574333037874747,0,0,0,0,1,1,9059,9059.000,0,0,0,0,6.091
decode,real,1938,7251574333037874747,0,0,0,0,1,1,9060,9060.000,0,0,0,0,6.117
decode,real,1939,7251574333037874747,0,0,0,0,1,1,9061,9061.000,0,0,0,0,6.125
decode,real,1940,7251574333037874747,0,0,0,0,1,1,9062,9062.000,0,0,0,0,6.118
decode,real,1941,7251574333037874747,0,0,0,0,1,1,9063,9063.000,0,0,0,0,6.127
decode,real,1942,7251574333037874747,0,0,0,0,1,1,9064,9064.000,0,0,0,0,6.127
decode,real,1943,7251574333037874747,0,0,0,0,1,1,9065,9065.000,0,0,0,0,6.136
decode,real,1944,7251574333037874747,0,0,0,0,1,1,9066,9066.000,0,0,0,0,6.103
decode,real,1945,7251574333037874747,0,0,0,0,1,1,9067,9067.000,0,0,0,0,6.106
decode,real,1946,7251574333037874747,0,0,0,0,1,1,9068,9068.000,0,0,0,0,6.143
decode,real,1947,7251574333037874747,0,0,0,0,1,1,9069,9069.000,0,0,0,0,6.103
decode,real,1948,7251574333037874747,0,0,0,0,1,1,9070,9070.000,0,0,0,0,6.130
decode,real,1949,7251574333037874747,0,0,0,0,1,1,9071,9071.000,0,0,0,0,6.121
decode,real,1950,7251574333037874747,0,0,0,0,1,1,9072,9072.000,0,0,0,0,6.111
decode,real,1951,7251574333037874747,0,0,0,0,1,1,9073,9073.000,0,0,0,0,6.120
decode,real,1952,7251574333037874747,0,0,0,0,1,1,9074,9074.000,0,0,0,0,6.107
decode,real,1953,7251574333037874747,0,0,0,0,1,1,9075,9075.000,0,0,0,0,6.116
decode,real,1954,7251574333037874747,0,0,0,0,1,1,9076,9076.000,0,0,0,0,6.132
decode,real,1955,7251574333037874747,0,0,0,0,1,1,9077,9077.000,0,0,0,0,6.099
decode,real,1956,7251574333037874747,0,0,0,0,1,1,9078,9078.000,0,0,0,0,6.107
decode,real,1957,7251574333037874747,0,0,0,0,1,1,9079,9079.000,0,0,0,0,6.109
decode,real,1958,7251574333037874747,0,0,0,0,1,1,9080,9080.000,0,0,0,0,6.155
decode,real,1959,7251574333037874747,0,0,0,0,1,1,9081,9081.000,0,0,0,0,6.107
decode,real,1960,7251574333037874747,0,0,0,0,1,1,9082,9082.000,0,0,0,0,6.138
decode,real,1961,7251574333037874747,0,0,0,0,1,1,9083,9083.000,0,0,0,0,6.098
decode,real,1962,7251574333037874747,0,0,0,0,1,1,9084,9084.000,0,0,0,0,6.127
decode,real,1963,7251574333037874747,0,0,0,0,1,1,9085,9085.000,0,0,0,0,6.135
decode,real,1964,7251574333037874747,0,0,0,0,1,1,9086,9086.000,0,0,0,0,6.094
decode,real,1965,7251574333037874747,0,0,0,0,1,1,9087,9087.000,0,0,0,0,6.109
decode,real,1966,7251574333037874747,0,0,0,0,1,1,9088,9088.000,0,0,0,0,6.102
decode,real,1967,7251574333037874747,0,0,0,0,1,1,9089,9089.000,0,0,0,0,6.105
decode,real,1968,7251574333037874747,0,0,0,0,1,1,9090,9090.000,0,0,0,0,6.116
decode,real,1969,7251574333037874747,0,0,0,0,1,1,9091,9091.000,0,0,0,0,6.139
decode,real,1970,7251574333037874747,0,0,0,0,1,1,9092,9092.000,0,0,0,0,6.113
decode,real,1971,7251574333037874747,0,0,0,0,1,1,9093,9093.000,0,0,0,0,6.084
decode,real,1972,7251574333037874747,0,0,0,0,1,1,9094,9094.000,0,0,0,0,6.105
decode,real,1973,7251574333037874747,0,0,0,0,1,1,9095,9095.000,0,0,0,0,6.126
decode,real,1974,7251574333037874747,0,0,0,0,1,1,9096,9096.000,0,0,0,0,6.111
decode,real,1975,7251574333037874747,0,0,0,0,1,1,9097,9097.000,0,0,0,0,6.108
decode,real,1976,7251574333037874747,0,0,0,0,1,1,9098,9098.000,0,0,0,0,6.123
decode,real,1977,7251574333037874747,0,0,0,0,1,1,9099,9099.000,0,0,0,0,6.105
decode,real,1978,7251574333037874747,0,0,0,0,1,1,9100,9100.000,0,0,0,0,6.103
decode,real,1979,7251574333037874747,0,0,0,0,1,1,9101,9101.000,0,0,0,0,6.130
decode,real,1980,7251574333037874747,0,0,0,0,1,1,9102,9102.000,0,0,0,0,6.122
decode,real,1981,7251574333037874747,0,0,0,0,1,1,9103,9103.000,0,0,0,0,6.095
decode,real,1982,7251574333037874747,0,0,0,0,1,1,9104,9104.000,0,0,0,0,6.125
decode,real,1983,7251574333037874747,0,0,0,0,1,1,9105,9105.000,0,0,0,0,6.110
decode,real,1984,7251574333037874747,0,0,0,0,1,1,9106,9106.000,0,0,0,0,6.128
decode,real,1985,7251574333037874747,0,0,0,0,1,1,9107,9107.000,0,0,0,0,6.090
decode,real,1986,7251574333037874747,0,0,0,0,1,1,9108,9108.000,0,0,0,0,6.130
decode,real,1987,7251574333037874747,0,0,0,0,1,1,9109,9109.000,0,0,0,0,6.092
decode,real,1988,7251574333037874747,0,0,0,0,1,1,9110,9110.000,0,0,0,0,6.135
decode,real,1989,7251574333037874747,0,0,0,0,1,1,9111,9111.000,0,0,0,0,6.137
decode,real,1990,7251574333037874747,0,0,0,0,1,1,9112,9112.000,0,0,0,0,6.085
decode,real,1991,7251574333037874747,0,0,0,0,1,1,9113,9113.000,0,0,0,0,6.135
decode,real,1992,7251574333037874747,0,0,0,0,1,1,9114,9114.000,0,0,0,0,6.107
decode,real,1993,7251574333037874747,0,0,0,0,1,1,9115,9115.000,0,0,0,0,6.098
decode,real,1994,7251574333037874747,0,0,0,0,1,1,9116,9116.000,0,0,0,0,6.135
decode,real,1995,7251574333037874747,0,0,0,0,1,1,9117,9117.000,0,0,0,0,6.085
decode,real,1996,7251574333037874747,0,0,0,0,1,1,9118,9118.000,0,0,0,0,6.153
decode,real,1997,7251574333037874747,0,0,0,0,1,1,9119,9119.000,0,0,0,0,6.093
decode,real,1998,7251574333037874747,0,0,0,0,1,1,9120,9120.000,0,0,0,0,6.105
decode,real,1999,7251574333037874747,0,0,0,0,1,1,9121,9121.000,0,0,0,0,6.115
decode,real,2000,7251574333037874747,0,0,0,0,1,1,9122,9122.000,0,0,0,0,6.124
decode,real,2001,7251574333037874747,0,0,0,0,1,1,9123,9123.000,0,0,0,0,6.122
decode,real,2002,7251574333037874747,0,0,0,0,1,1,9124,9124.000,0,0,0,0,6.103
decode,real,2003,7251574333037874747,0,0,0,0,1,1,9125,9125.000,0,0,0,0,6.118
decode,real,2004,7251574333037874747,0,0,0,0,1,1,9126,9126.000,0,0,0,0,6.130
decode,real,2005,7251574333037874747,0,0,0,0,1,1,9127,9127.000,0,0,0,0,6.125
decode,real,2006,7251574333037874747,0,0,0,0,1,1,9128,9128.000,0,0,0,0,6.096
decode,real,2007,7251574333037874747,0,0,0,0,1,1,9129,9129.000,0,0,0,0,6.132
decode,real,2008,7251574333037874747,0,0,0,0,1,1,9130,9130.000,0,0,0,0,6.112
decode,real,2009,7251574333037874747,0,0,0,0,1,1,9131,9131.000,0,0,0,0,6.113
decode,real,2010,7251574333037874747,0,0,0,0,1,1,9132,9132.000,0,0,0,0,6.098
decode,real,2011,7251574333037874747,0,0,0,0,1,1,9133,9133.000,0,0,0,0,6.107
decode,real,2012,7251574333037874747,0,0,0,0,1,1,9134,9134.000,0,0,0,0,6.147
decode,real,2013,7251574333037874747,0,0,0,0,1,1,9135,9135.000,0,0,0,0,6.096
decode,real,2014,7251574333037874747,0,0,0,0,1,1,9136,9136.000,0,0,0,0,6.145
decode,real,2015,7251574333037874747,0,0,0,0,1,1,9137,9137.000,0,0,0,0,6.098
decode,real,2016,7251574333037874747,0,0,0,0,1,1,9138,9138.000,0,0,0,0,6.098
decode,real,2017,7251574333037874747,0,0,0,0,1,1,9139,9139.000,0,0,0,0,6.125
decode,real,2018,7251574333037874747,0,0,0,0,1,1,9140,9140.000,0,0,0,0,6.126
decode,real,2019,7251574333037874747,0,0,0,0,1,1,9141,9141.000,0,0,0,0,6.126
decode,real,2020,7251574333037874747,0,0,0,0,1,1,9142,9142.000,0,0,0,0,6.116
decode,real,2021,7251574333037874747,0,0,0,0,1,1,9143,9143.000,0,0,0,0,6.133
decode,real,2022,7251574333037874747,0,0,0,0,1,1,9144,9144.000,0,0,0,0,6.090
decode,real,2023,7251574333037874747,0,0,0,0,1,1,9145,9145.000,0,0,0,0,6.104
decode,real,2024,7251574333037874747,0,0,0,0,1,1,9146,9146.000,0,0,0,0,6.122
decode,real,2025,7251574333037874747,0,0,0,0,1,1,9147,9147.000,0,0,0,0,6.113
decode,real,2026,7251574333037874747,0,0,0,0,1,1,9148,9148.000,0,0,0,0,6.105
decode,real,2027,7251574333037874747,0,0,0,0,1,1,9149,9149.000,0,0,0,0,6.145
decode,real,2028,7251574333037874747,0,0,0,0,1,1,9150,9150.000,0,0,0,0,6.125
decode,real,2029,7251574333037874747,0,0,0,0,1,1,9151,9151.000,0,0,0,0,6.103
decode,real,2030,7251574333037874747,0,0,0,0,1,1,9152,9152.000,0,0,0,0,6.129
decode,real,2031,7251574333037874747,0,0,0,0,1,1,9153,9153.000,0,0,0,0,6.113
decode,real,2032,7251574333037874747,0,0,0,0,1,1,9154,9154.000,0,0,0,0,6.089
decode,real,2033,7251574333037874747,0,0,0,0,1,1,9155,9155.000,0,0,0,0,6.101
decode,real,2034,7251574333037874747,0,0,0,0,1,1,9156,9156.000,0,0,0,0,6.141
decode,real,2035,7251574333037874747,0,0,0,0,1,1,9157,9157.000,0,0,0,0,6.096
decode,real,2036,7251574333037874747,0,0,0,0,1,1,9158,9158.000,0,0,0,0,6.110
decode,real,2037,7251574333037874747,0,0,0,0,1,1,9159,9159.000,0,0,0,0,6.138
decode,real,2038,7251574333037874747,0,0,0,0,1,1,9160,9160.000,0,0,0,0,6.160
decode,real,2039,7251574333037874747,0,0,0,0,1,1,9161,9161.000,0,0,0,0,6.082
decode,real,2040,7251574333037874747,0,0,0,0,1,1,9162,9162.000,0,0,0,0,6.137
decode,real,2041,7251574333037874747,0,0,0,0,1,1,9163,9163.000,0,0,0,0,6.124
decode,real,2042,7251574333037874747,0,0,0,0,1,1,9164,9164.000,0,0,0,0,6.066
decode,real,2043,7251574333037874747,0,0,0,0,1,1,9165,9165.000,0,0,0,0,6.109
decode,real,2044,7251574333037874747,0,0,0,0,1,1,9166,9166.000,0,0,0,0,6.124
decode,real,2045,7251574333037874747,0,0,0,0,1,1,9167,9167.000,0,0,0,0,6.103
decode,real,2046,7251574333037874747,0,0,0,0,1,1,9168,9168.000,0,0,0,0,6.122
decode,real,2047,7251574333037874747,0,0,0,0,1,1,9169,9169.000,0,0,0,0,6.098
decode,real,2048,7251574333037874747,0,0,0,0,1,1,9170,9170.000,0,0,0,0,6.133
decode,real,2049,7251574333037874747,0,0,0,0,1,1,9171,9171.000,0,0,0,0,6.091
decode,real,2050,7251574333037874747,0,0,0,0,1,1,9172,9172.000,0,0,0,0,6.134
decode,real,2051,7251574333037874747,0,0,0,0,1,1,9173,9173.000,0,0,0,0,6.132
decode,real,2052,7251574333037874747,0,0,0,0,1,1,9174,9174.000,0,0,0,0,6.125
decode,real,2053,7251574333037874747,0,0,0,0,1,1,9175,9175.000,0,0,0,0,6.092
decode,real,2054,7251574333037874747,0,0,0,0,1,1,9176,9176.000,0,0,0,0,6.128
decode,real,2055,7251574333037874747,0,0,0,0,1,1,9177,9177.000,0,0,0,0,6.118
decode,real,2056,7251574333037874747,0,0,0,0,1,1,9178,9178.000,0,0,0,0,6.108
decode,real,2057,7251574333037874747,0,0,0,0,1,1,9179,9179.000,0,0,0,0,6.152
decode,real,2058,7251574333037874747,0,0,0,0,1,1,9180,9180.000,0,0,0,0,6.075
decode,real,2059,7251574333037874747,0,0,0,0,1,1,9181,9181.000,0,0,0,0,6.147
decode,real,2060,7251574333037874747,0,0,0,0,1,1,9182,9182.000,0,0,0,0,6.121
decode,real,2061,7251574333037874747,0,0,0,0,1,1,9183,9183.000,0,0,0,0,6.134
decode,real,2062,7251574333037874747,0,0,0,0,1,1,9184,9184.000,0,0,0,0,6.097
decode,real,2063,7251574333037874747,0,0,0,0,1,1,9185,9185.000,0,0,0,0,6.116
decode,real,2064,7251574333037874747,0,0,0,0,1,1,9186,9186.000,0,0,0,0,6.095
decode,real,2065,7251574333037874747,0,0,0,0,1,1,9187,9187.000,0,0,0,0,6.129
decode,real,2066,7251574333037874747,0,0,0,0,1,1,9188,9188.000,0,0,0,0,6.122
decode,real,2067,7251574333037874747,0,0,0,0,1,1,9189,9189.000,0,0,0,0,6.115
decode,real,2068,7251574333037874747,0,0,0,0,1,1,9190,9190.000,0,0,0,0,6.114
decode,real,2069,7251574333037874747,0,0,0,0,1,1,9191,9191.000,0,0,0,0,6.149
decode,real,2070,7251574333037874747,0,0,0,0,1,1,9192,9192.000,0,0,0,0,6.101
decode,real,2071,7251574333037874747,0,0,0,0,1,1,9193,9193.000,0,0,0,0,6.105
decode,real,2072,7251574333037874747,0,0,0,0,1,1,9194,9194.000,0,0,0,0,6.102
decode,real,2073,7251574333037874747,0,0,0,0,1,1,9195,9195.000,0,0,0,0,6.126
decode,real,2074,7251574333037874747,0,0,0,0,1,1,9196,9196.000,0,0,0,0,6.104
decode,real,2075,7251574333037874747,0,0,0,0,1,1,9197,9197.000,0,0,0,0,6.119
decode,real,2076,7251574333037874747,0,0,0,0,1,1,9198,9198.000,0,0,0,0,6.132
decode,real,2077,7251574333037874747,0,0,0,0,1,1,9199,9199.000,0,0,0,0,6.124
decode,real,2078,7251574333037874747,0,0,0,0,1,1,9200,9200.000,0,0,0,0,6.088
decode,real,2079,7251574333037874747,0,0,0,0,1,1,9201,9201.000,0,0,0,0,6.112
decode,real,2080,7251574333037874747,0,0,0,0,1,1,9202,9202.000,0,0,0,0,6.126
decode,real,2081,7251574333037874747,0,0,0,0,1,1,9203,9203.000,0,0,0,0,6.114
decode,real,2082,7251574333037874747,0,0,0,0,1,1,9204,9204.000,0,0,0,0,6.114
decode,real,2083,7251574333037874747,0,0,0,0,1,1,9205,9205.000,0,0,0,0,6.115
decode,real,2084,7251574333037874747,0,0,0,0,1,1,9206,9206.000,0,0,0,0,6.088
decode,real,2085,7251574333037874747,0,0,0,0,1,1,9207,9207.000,0,0,0,0,6.139
decode,real,2086,7251574333037874747,0,0,0,0,1,1,9208,9208.000,0,0,0,0,6.110
decode,real,2087,7251574333037874747,0,0,0,0,1,1,9209,9209.000,0,0,0,0,6.125
decode,real,2088,7251574333037874747,0,0,0,0,1,1,9210,9210.000,0,0,0,0,6.097
decode,real,2089,7251574333037874747,0,0,0,0,1,1,9211,9211.000,0,0,0,0,6.121
decode,real,2090,7251574333037874747,0,0,0,0,1,1,9212,9212.000,0,0,0,0,6.121
decode,real,2091,7251574333037874747,0,0,0,0,1,1,9213,9213.000,0,0,0,0,6.112
decode,real,2092,7251574333037874747,0,0,0,0,1,1,9214,9214.000,0,0,0,0,6.231
context,real,2093,7251574333037874747,0,2048,1,0,0,0,0,0.000,0,0,0,0,49.292
context,real,2094,7251574333037874747,0,2048,1,2048,0,0,0,0.000,0,0,0,0,47.022
context,real,2095,7251574333037874747,0,2048,1,4096,0,0,0,0.000,0,0,0,0,48.673
context,real,2096,7251574333037874747,0,2048,1,6144,0,0,0,0.000,0,0,0,0,50.490
decode,real,2097,7251574333037874747,0,0,0,0,1,1,8192,8192.000,0,0,0,0,6.167
decode,real,2098,7251574333037874747,0,0,0,0,1,1,8193,8193.000,0,0,0,0,6.163
decode,real,2099,7251574333037874747,0,0,0,0,1,1,8194,8194.000,0,0,0,0,6.189
decode,real,2100,7251574333037874747,0,0,0,0,1,1,8195,8195.000,0,0,0,0,6.194
decode,real,2101,7251574333037874747,0,0,0,0,1,1,8196,8196.000,0,0,0,0,6.202
decode,real,2102,7251574333037874747,0,0,0,0,1,1,8197,8197.000,0,0,0,0,6.206
decode,real,2103,7251574333037874747,0,0,0,0,1,1,8198,8198.000,0,0,0,0,6.164
decode,real,2104,7251574333037874747,0,0,0,0,1,1,8199,8199.000,0,0,0,0,6.194
decode,real,2105,7251574333037874747,0,0,0,0,1,1,8200,8200.000,0,0,0,0,6.185
decode,real,2106,7251574333037874747,0,0,0,0,1,1,8201,8201.000,0,0,0,0,6.185
decode,real,2107,7251574333037874747,0,0,0,0,1,1,8202,8202.000,0,0,0,0,6.175
decode,real,2108,7251574333037874747,0,0,0,0,1,1,8203,8203.000,0,0,0,0,6.215
decode,real,2109,7251574333037874747,0,0,0,0,1,1,8204,8204.000,0,0,0,0,6.164
decode,real,2110,7251574333037874747,0,0,0,0,1,1,8205,8205.000,0,0,0,0,6.199
decode,real,2111,7251574333037874747,0,0,0,0,1,1,8206,8206.000,0,0,0,0,6.220
decode,real,2112,7251574333037874747,0,0,0,0,1,1,8207,8207.000,0,0,0,0,6.151
decode,real,2113,7251574333037874747,0,0,0,0,1,1,8208,8208.000,0,0,0,0,6.196
decode,real,2114,7251574333037874747,0,0,0,0,1,1,8209,8209.000,0,0,0,0,6.205
decode,real,2115,7251574333037874747,0,0,0,0,1,1,8210,8210.000,0,0,0,0,6.181
decode,real,2116,7251574333037874747,0,0,0,0,1,1,8211,8211.000,0,0,0,0,6.197
decode,real,2117,7251574333037874747,0,0,0,0,1,1,8212,8212.000,0,0,0,0,6.190
decode,real,2118,7251574333037874747,0,0,0,0,1,1,8213,8213.000,0,0,0,0,6.152
decode,real,2119,7251574333037874747,0,0,0,0,1,1,8214,8214.000,0,0,0,0,6.188
decode,real,2120,7251574333037874747,0,0,0,0,1,1,8215,8215.000,0,0,0,0,6.164
decode,real,2121,7251574333037874747,0,0,0,0,1,1,8216,8216.000,0,0,0,0,6.160
decode,real,2122,7251574333037874747,0,0,0,0,1,1,8217,8217.000,0,0,0,0,6.160
decode,real,2123,7251574333037874747,0,0,0,0,1,1,8218,8218.000,0,0,0,0,6.142
decode,real,2124,7251574333037874747,0,0,0,0,1,1,8219,8219.000,0,0,0,0,6.149
decode,real,2125,7251574333037874747,0,0,0,0,1,1,8220,8220.000,0,0,0,0,6.135
decode,real,2126,7251574333037874747,0,0,0,0,1,1,8221,8221.000,0,0,0,0,6.132
decode,real,2127,7251574333037874747,0,0,0,0,1,1,8222,8222.000,0,0,0,0,6.201
decode,real,2128,7251574333037874747,0,0,0,0,1,1,8223,8223.000,0,0,0,0,6.104
decode,real,2129,7251574333037874747,0,0,0,0,1,1,8224,8224.000,0,0,0,0,6.163
decode,real,2130,7251574333037874747,0,0,0,0,1,1,8225,8225.000,0,0,0,0,6.137
decode,real,2131,7251574333037874747,0,0,0,0,1,1,8226,8226.000,0,0,0,0,6.120
decode,real,2132,7251574333037874747,0,0,0,0,1,1,8227,8227.000,0,0,0,0,6.172
decode,real,2133,7251574333037874747,0,0,0,0,1,1,8228,8228.000,0,0,0,0,6.118
decode,real,2134,7251574333037874747,0,0,0,0,1,1,8229,8229.000,0,0,0,0,6.118
decode,real,2135,7251574333037874747,0,0,0,0,1,1,8230,8230.000,0,0,0,0,6.114
decode,real,2136,7251574333037874747,0,0,0,0,1,1,8231,8231.000,0,0,0,0,6.141
decode,real,2137,7251574333037874747,0,0,0,0,1,1,8232,8232.000,0,0,0,0,6.149
decode,real,2138,7251574333037874747,0,0,0,0,1,1,8233,8233.000,0,0,0,0,6.123
decode,real,2139,7251574333037874747,0,0,0,0,1,1,8234,8234.000,0,0,0,0,6.134
decode,real,2140,7251574333037874747,0,0,0,0,1,1,8235,8235.000,0,0,0,0,6.100
decode,real,2141,7251574333037874747,0,0,0,0,1,1,8236,8236.000,0,0,0,0,6.124
decode,real,2142,7251574333037874747,0,0,0,0,1,1,8237,8237.000,0,0,0,0,6.128
decode,real,2143,7251574333037874747,0,0,0,0,1,1,8238,8238.000,0,0,0,0,6.125
decode,real,2144,7251574333037874747,0,0,0,0,1,1,8239,8239.000,0,0,0,0,6.078
decode,real,2145,7251574333037874747,0,0,0,0,1,1,8240,8240.000,0,0,0,0,6.118
decode,real,2146,7251574333037874747,0,0,0,0,1,1,8241,8241.000,0,0,0,0,6.123
decode,real,2147,7251574333037874747,0,0,0,0,1,1,8242,8242.000,0,0,0,0,6.094
decode,real,2148,7251574333037874747,0,0,0,0,1,1,8243,8243.000,0,0,0,0,6.097
decode,real,2149,7251574333037874747,0,0,0,0,1,1,8244,8244.000,0,0,0,0,6.140
decode,real,2150,7251574333037874747,0,0,0,0,1,1,8245,8245.000,0,0,0,0,6.107
decode,real,2151,7251574333037874747,0,0,0,0,1,1,8246,8246.000,0,0,0,0,6.118
decode,real,2152,7251574333037874747,0,0,0,0,1,1,8247,8247.000,0,0,0,0,6.077
decode,real,2153,7251574333037874747,0,0,0,0,1,1,8248,8248.000,0,0,0,0,6.074
decode,real,2154,7251574333037874747,0,0,0,0,1,1,8249,8249.000,0,0,0,0,6.133
decode,real,2155,7251574333037874747,0,0,0,0,1,1,8250,8250.000,0,0,0,0,6.087
decode,real,2156,7251574333037874747,0,0,0,0,1,1,8251,8251.000,0,0,0,0,6.067
decode,real,2157,7251574333037874747,0,0,0,0,1,1,8252,8252.000,0,0,0,0,6.118
decode,real,2158,7251574333037874747,0,0,0,0,1,1,8253,8253.000,0,0,0,0,6.076
decode,real,2159,7251574333037874747,0,0,0,0,1,1,8254,8254.000,0,0,0,0,6.113
decode,real,2160,7251574333037874747,0,0,0,0,1,1,8255,8255.000,0,0,0,0,6.065
decode,real,2161,7251574333037874747,0,0,0,0,1,1,8256,8256.000,0,0,0,0,6.079
decode,real,2162,7251574333037874747,0,0,0,0,1,1,8257,8257.000,0,0,0,0,6.117
decode,real,2163,7251574333037874747,0,0,0,0,1,1,8258,8258.000,0,0,0,0,6.056
decode,real,2164,7251574333037874747,0,0,0,0,1,1,8259,8259.000,0,0,0,0,6.132
decode,real,2165,7251574333037874747,0,0,0,0,1,1,8260,8260.000,0,0,0,0,6.060
decode,real,2166,7251574333037874747,0,0,0,0,1,1,8261,8261.000,0,0,0,0,6.108
decode,real,2167,7251574333037874747,0,0,0,0,1,1,8262,8262.000,0,0,0,0,6.078
decode,real,2168,7251574333037874747,0,0,0,0,1,1,8263,8263.000,0,0,0,0,6.088
decode,real,2169,7251574333037874747,0,0,0,0,1,1,8264,8264.000,0,0,0,0,6.096
decode,real,2170,7251574333037874747,0,0,0,0,1,1,8265,8265.000,0,0,0,0,6.108
decode,real,2171,7251574333037874747,0,0,0,0,1,1,8266,8266.000,0,0,0,0,6.089
decode,real,2172,7251574333037874747,0,0,0,0,1,1,8267,8267.000,0,0,0,0,6.080
decode,real,2173,7251574333037874747,0,0,0,0,1,1,8268,8268.000,0,0,0,0,6.091
decode,real,2174,7251574333037874747,0,0,0,0,1,1,8269,8269.000,0,0,0,0,6.101
decode,real,2175,7251574333037874747,0,0,0,0,1,1,8270,8270.000,0,0,0,0,6.093
decode,real,2176,7251574333037874747,0,0,0,0,1,1,8271,8271.000,0,0,0,0,6.080
decode,real,2177,7251574333037874747,0,0,0,0,1,1,8272,8272.000,0,0,0,0,6.085
decode,real,2178,7251574333037874747,0,0,0,0,1,1,8273,8273.000,0,0,0,0,6.082
decode,real,2179,7251574333037874747,0,0,0,0,1,1,8274,8274.000,0,0,0,0,6.115
decode,real,2180,7251574333037874747,0,0,0,0,1,1,8275,8275.000,0,0,0,0,6.103
decode,real,2181,7251574333037874747,0,0,0,0,1,1,8276,8276.000,0,0,0,0,6.089
decode,real,2182,7251574333037874747,0,0,0,0,1,1,8277,8277.000,0,0,0,0,6.076
decode,real,2183,7251574333037874747,0,0,0,0,1,1,8278,8278.000,0,0,0,0,6.077
decode,real,2184,7251574333037874747,0,0,0,0,1,1,8279,8279.000,0,0,0,0,6.111
decode,real,2185,7251574333037874747,0,0,0,0,1,1,8280,8280.000,0,0,0,0,6.103
decode,real,2186,7251574333037874747,0,0,0,0,1,1,8281,8281.000,0,0,0,0,6.073
decode,real,2187,7251574333037874747,0,0,0,0,1,1,8282,8282.000,0,0,0,0,6.090
decode,real,2188,7251574333037874747,0,0,0,0,1,1,8283,8283.000,0,0,0,0,6.104
decode,real,2189,7251574333037874747,0,0,0,0,1,1,8284,8284.000,0,0,0,0,6.076
decode,real,2190,7251574333037874747,0,0,0,0,1,1,8285,8285.000,0,0,0,0,6.086
decode,real,2191,7251574333037874747,0,0,0,0,1,1,8286,8286.000,0,0,0,0,6.097
decode,real,2192,7251574333037874747,0,0,0,0,1,1,8287,8287.000,0,0,0,0,6.095
decode,real,2193,7251574333037874747,0,0,0,0,1,1,8288,8288.000,0,0,0,0,6.105
decode,real,2194,7251574333037874747,0,0,0,0,1,1,8289,8289.000,0,0,0,0,6.055
decode,real,2195,7251574333037874747,0,0,0,0,1,1,8290,8290.000,0,0,0,0,6.105
decode,real,2196,7251574333037874747,0,0,0,0,1,1,8291,8291.000,0,0,0,0,6.079
decode,real,2197,7251574333037874747,0,0,0,0,1,1,8292,8292.000,0,0,0,0,6.104
decode,real,2198,7251574333037874747,0,0,0,0,1,1,8293,8293.000,0,0,0,0,6.088
decode,real,2199,7251574333037874747,0,0,0,0,1,1,8294,8294.000,0,0,0,0,6.076
decode,real,2200,7251574333037874747,0,0,0,0,1,1,8295,8295.000,0,0,0,0,6.094
decode,real,2201,7251574333037874747,0,0,0,0,1,1,8296,8296.000,0,0,0,0,6.090
decode,real,2202,7251574333037874747,0,0,0,0,1,1,8297,8297.000,0,0,0,0,6.091
decode,real,2203,7251574333037874747,0,0,0,0,1,1,8298,8298.000,0,0,0,0,6.082
decode,real,2204,7251574333037874747,0,0,0,0,1,1,8299,8299.000,0,0,0,0,6.096
decode,real,2205,7251574333037874747,0,0,0,0,1,1,8300,8300.000,0,0,0,0,6.083
decode,real,2206,7251574333037874747,0,0,0,0,1,1,8301,8301.000,0,0,0,0,6.108
decode,real,2207,7251574333037874747,0,0,0,0,1,1,8302,8302.000,0,0,0,0,6.113
decode,real,2208,7251574333037874747,0,0,0,0,1,1,8303,8303.000,0,0,0,0,6.079
decode,real,2209,7251574333037874747,0,0,0,0,1,1,8304,8304.000,0,0,0,0,6.098
decode,real,2210,7251574333037874747,0,0,0,0,1,1,8305,8305.000,0,0,0,0,6.069
decode,real,2211,7251574333037874747,0,0,0,0,1,1,8306,8306.000,0,0,0,0,6.093
decode,real,2212,7251574333037874747,0,0,0,0,1,1,8307,8307.000,0,0,0,0,6.087
decode,real,2213,7251574333037874747,0,0,0,0,1,1,8308,8308.000,0,0,0,0,6.093
decode,real,2214,7251574333037874747,0,0,0,0,1,1,8309,8309.000,0,0,0,0,6.096
decode,real,2215,7251574333037874747,0,0,0,0,1,1,8310,8310.000,0,0,0,0,6.096
decode,real,2216,7251574333037874747,0,0,0,0,1,1,8311,8311.000,0,0,0,0,6.086
decode,real,2217,7251574333037874747,0,0,0,0,1,1,8312,8312.000,0,0,0,0,6.099
decode,real,2218,7251574333037874747,0,0,0,0,1,1,8313,8313.000,0,0,0,0,6.070
decode,real,2219,7251574333037874747,0,0,0,0,1,1,8314,8314.000,0,0,0,0,6.127
decode,real,2220,7251574333037874747,0,0,0,0,1,1,8315,8315.000,0,0,0,0,6.073
decode,real,2221,7251574333037874747,0,0,0,0,1,1,8316,8316.000,0,0,0,0,6.089
decode,real,2222,7251574333037874747,0,0,0,0,1,1,8317,8317.000,0,0,0,0,6.085
decode,real,2223,7251574333037874747,0,0,0,0,1,1,8318,8318.000,0,0,0,0,6.115
decode,real,2224,7251574333037874747,0,0,0,0,1,1,8319,8319.000,0,0,0,0,6.066
decode,real,2225,7251574333037874747,0,0,0,0,1,1,8320,8320.000,0,0,0,0,6.073
decode,real,2226,7251574333037874747,0,0,0,0,1,1,8321,8321.000,0,0,0,0,6.086
decode,real,2227,7251574333037874747,0,0,0,0,1,1,8322,8322.000,0,0,0,0,6.087
decode,real,2228,7251574333037874747,0,0,0,0,1,1,8323,8323.000,0,0,0,0,6.103
decode,real,2229,7251574333037874747,0,0,0,0,1,1,8324,8324.000,0,0,0,0,6.075
decode,real,2230,7251574333037874747,0,0,0,0,1,1,8325,8325.000,0,0,0,0,6.101
decode,real,2231,7251574333037874747,0,0,0,0,1,1,8326,8326.000,0,0,0,0,6.095
decode,real,2232,7251574333037874747,0,0,0,0,1,1,8327,8327.000,0,0,0,0,6.073
decode,real,2233,7251574333037874747,0,0,0,0,1,1,8328,8328.000,0,0,0,0,6.092
decode,real,2234,7251574333037874747,0,0,0,0,1,1,8329,8329.000,0,0,0,0,6.088
decode,real,2235,7251574333037874747,0,0,0,0,1,1,8330,8330.000,0,0,0,0,6.079
decode,real,2236,7251574333037874747,0,0,0,0,1,1,8331,8331.000,0,0,0,0,6.083
decode,real,2237,7251574333037874747,0,0,0,0,1,1,8332,8332.000,0,0,0,0,6.084
decode,real,2238,7251574333037874747,0,0,0,0,1,1,8333,8333.000,0,0,0,0,6.075
decode,real,2239,7251574333037874747,0,0,0,0,1,1,8334,8334.000,0,0,0,0,6.115
decode,real,2240,7251574333037874747,0,0,0,0,1,1,8335,8335.000,0,0,0,0,6.092
decode,real,2241,7251574333037874747,0,0,0,0,1,1,8336,8336.000,0,0,0,0,6.064
decode,real,2242,7251574333037874747,0,0,0,0,1,1,8337,8337.000,0,0,0,0,6.082
decode,real,2243,7251574333037874747,0,0,0,0,1,1,8338,8338.000,0,0,0,0,6.097
decode,real,2244,7251574333037874747,0,0,0,0,1,1,8339,8339.000,0,0,0,0,6.081
decode,real,2245,7251574333037874747,0,0,0,0,1,1,8340,8340.000,0,0,0,0,6.095
decode,real,2246,7251574333037874747,0,0,0,0,1,1,8341,8341.000,0,0,0,0,6.098
decode,real,2247,7251574333037874747,0,0,0,0,1,1,8342,8342.000,0,0,0,0,6.106
decode,real,2248,7251574333037874747,0,0,0,0,1,1,8343,8343.000,0,0,0,0,6.059
decode,real,2249,7251574333037874747,0,0,0,0,1,1,8344,8344.000,0,0,0,0,6.102
decode,real,2250,7251574333037874747,0,0,0,0,1,1,8345,8345.000,0,0,0,0,6.086
decode,real,2251,7251574333037874747,0,0,0,0,1,1,8346,8346.000,0,0,0,0,6.094
decode,real,2252,7251574333037874747,0,0,0,0,1,1,8347,8347.000,0,0,0,0,6.075
decode,real,2253,7251574333037874747,0,0,0,0,1,1,8348,8348.000,0,0,0,0,6.100
decode,real,2254,7251574333037874747,0,0,0,0,1,1,8349,8349.000,0,0,0,0,6.076
decode,real,2255,7251574333037874747,0,0,0,0,1,1,8350,8350.000,0,0,0,0,6.111
decode,real,2256,7251574333037874747,0,0,0,0,1,1,8351,8351.000,0,0,0,0,6.073
decode,real,2257,7251574333037874747,0,0,0,0,1,1,8352,8352.000,0,0,0,0,6.077
decode,real,2258,7251574333037874747,0,0,0,0,1,1,8353,8353.000,0,0,0,0,6.102
decode,real,2259,7251574333037874747,0,0,0,0,1,1,8354,8354.000,0,0,0,0,6.087
decode,real,2260,7251574333037874747,0,0,0,0,1,1,8355,8355.000,0,0,0,0,6.087
decode,real,2261,7251574333037874747,0,0,0,0,1,1,8356,8356.000,0,0,0,0,6.092
decode,real,2262,7251574333037874747,0,0,0,0,1,1,8357,8357.000,0,0,0,0,6.092
decode,real,2263,7251574333037874747,0,0,0,0,1,1,8358,8358.000,0,0,0,0,6.091
decode,real,2264,7251574333037874747,0,0,0,0,1,1,8359,8359.000,0,0,0,0,6.063
decode,real,2265,7251574333037874747,0,0,0,0,1,1,8360,8360.000,0,0,0,0,6.091
decode,real,2266,7251574333037874747,0,0,0,0,1,1,8361,8361.000,0,0,0,0,6.100
decode,real,2267,7251574333037874747,0,0,0,0,1,1,8362,8362.000,0,0,0,0,6.079
decode,real,2268,7251574333037874747,0,0,0,0,1,1,8363,8363.000,0,0,0,0,6.111
decode,real,2269,7251574333037874747,0,0,0,0,1,1,8364,8364.000,0,0,0,0,6.094
decode,real,2270,7251574333037874747,0,0,0,0,1,1,8365,8365.000,0,0,0,0,6.071
decode,real,2271,7251574333037874747,0,0,0,0,1,1,8366,8366.000,0,0,0,0,6.133
decode,real,2272,7251574333037874747,0,0,0,0,1,1,8367,8367.000,0,0,0,0,6.055
decode,real,2273,7251574333037874747,0,0,0,0,1,1,8368,8368.000,0,0,0,0,6.100
decode,real,2274,7251574333037874747,0,0,0,0,1,1,8369,8369.000,0,0,0,0,6.094
decode,real,2275,7251574333037874747,0,0,0,0,1,1,8370,8370.000,0,0,0,0,6.063
decode,real,2276,7251574333037874747,0,0,0,0,1,1,8371,8371.000,0,0,0,0,6.104
decode,real,2277,7251574333037874747,0,0,0,0,1,1,8372,8372.000,0,0,0,0,6.072
decode,real,2278,7251574333037874747,0,0,0,0,1,1,8373,8373.000,0,0,0,0,6.118
decode,real,2279,7251574333037874747,0,0,0,0,1,1,8374,8374.000,0,0,0,0,6.065
decode,real,2280,7251574333037874747,0,0,0,0,1,1,8375,8375.000,0,0,0,0,6.080
decode,real,2281,7251574333037874747,0,0,0,0,1,1,8376,8376.000,0,0,0,0,6.102
decode,real,2282,7251574333037874747,0,0,0,0,1,1,8377,8377.000,0,0,0,0,6.084
decode,real,2283,7251574333037874747,0,0,0,0,1,1,8378,8378.000,0,0,0,0,6.093
decode,real,2284,7251574333037874747,0,0,0,0,1,1,8379,8379.000,0,0,0,0,6.069
decode,real,2285,7251574333037874747,0,0,0,0,1,1,8380,8380.000,0,0,0,0,6.097
decode,real,2286,7251574333037874747,0,0,0,0,1,1,8381,8381.000,0,0,0,0,6.094
decode,real,2287,7251574333037874747,0,0,0,0,1,1,8382,8382.000,0,0,0,0,6.094
decode,real,2288,7251574333037874747,0,0,0,0,1,1,8383,8383.000,0,0,0,0,6.104
decode,real,2289,7251574333037874747,0,0,0,0,1,1,8384,8384.000,0,0,0,0,6.101
decode,real,2290,7251574333037874747,0,0,0,0,1,1,8385,8385.000,0,0,0,0,6.060
decode,real,2291,7251574333037874747,0,0,0,0,1,1,8386,8386.000,0,0,0,0,6.088
decode,real,2292,7251574333037874747,0,0,0,0,1,1,8387,8387.000,0,0,0,0,6.078
decode,real,2293,7251574333037874747,0,0,0,0,1,1,8388,8388.000,0,0,0,0,6.103
decode,real,2294,7251574333037874747,0,0,0,0,1,1,8389,8389.000,0,0,0,0,6.089
decode,real,2295,7251574333037874747,0,0,0,0,1,1,8390,8390.000,0,0,0,0,6.070
decode,real,2296,7251574333037874747,0,0,0,0,1,1,8391,8391.000,0,0,0,0,6.098
decode,real,2297,7251574333037874747,0,0,0,0,1,1,8392,8392.000,0,0,0,0,6.077
decode,real,2298,7251574333037874747,0,0,0,0,1,1,8393,8393.000,0,0,0,0,6.096
decode,real,2299,7251574333037874747,0,0,0,0,1,1,8394,8394.000,0,0,0,0,6.070
decode,real,2300,7251574333037874747,0,0,0,0,1,1,8395,8395.000,0,0,0,0,6.113
decode,real,2301,7251574333037874747,0,0,0,0,1,1,8396,8396.000,0,0,0,0,6.073
decode,real,2302,7251574333037874747,0,0,0,0,1,1,8397,8397.000,0,0,0,0,6.068
decode,real,2303,7251574333037874747,0,0,0,0,1,1,8398,8398.000,0,0,0,0,6.111
decode,real,2304,7251574333037874747,0,0,0,0,1,1,8399,8399.000,0,0,0,0,6.076
decode,real,2305,7251574333037874747,0,0,0,0,1,1,8400,8400.000,0,0,0,0,6.070
decode,real,2306,7251574333037874747,0,0,0,0,1,1,8401,8401.000,0,0,0,0,6.110
decode,real,2307,7251574333037874747,0,0,0,0,1,1,8402,8402.000,0,0,0,0,6.061
decode,real,2308,7251574333037874747,0,0,0,0,1,1,8403,8403.000,0,0,0,0,6.111
decode,real,2309,7251574333037874747,0,0,0,0,1,1,8404,8404.000,0,0,0,0,6.092
decode,real,2310,7251574333037874747,0,0,0,0,1,1,8405,8405.000,0,0,0,0,6.091
decode,real,2311,7251574333037874747,0,0,0,0,1,1,8406,8406.000,0,0,0,0,6.098
decode,real,2312,7251574333037874747,0,0,0,0,1,1,8407,8407.000,0,0,0,0,6.097
decode,real,2313,7251574333037874747,0,0,0,0,1,1,8408,8408.000,0,0,0,0,6.071
decode,real,2314,7251574333037874747,0,0,0,0,1,1,8409,8409.000,0,0,0,0,6.096
decode,real,2315,7251574333037874747,0,0,0,0,1,1,8410,8410.000,0,0,0,0,6.082
decode,real,2316,7251574333037874747,0,0,0,0,1,1,8411,8411.000,0,0,0,0,6.099
decode,real,2317,7251574333037874747,0,0,0,0,1,1,8412,8412.000,0,0,0,0,6.074
decode,real,2318,7251574333037874747,0,0,0,0,1,1,8413,8413.000,0,0,0,0,6.096
decode,real,2319,7251574333037874747,0,0,0,0,1,1,8414,8414.000,0,0,0,0,6.111
decode,real,2320,7251574333037874747,0,0,0,0,1,1,8415,8415.000,0,0,0,0,6.071
decode,real,2321,7251574333037874747,0,0,0,0,1,1,8416,8416.000,0,0,0,0,6.085
decode,real,2322,7251574333037874747,0,0,0,0,1,1,8417,8417.000,0,0,0,0,6.078
decode,real,2323,7251574333037874747,0,0,0,0,1,1,8418,8418.000,0,0,0,0,6.106
decode,real,2324,7251574333037874747,0,0,0,0,1,1,8419,8419.000,0,0,0,0,6.063
decode,real,2325,7251574333037874747,0,0,0,0,1,1,8420,8420.000,0,0,0,0,6.119
decode,real,2326,7251574333037874747,0,0,0,0,1,1,8421,8421.000,0,0,0,0,6.080
decode,real,2327,7251574333037874747,0,0,0,0,1,1,8422,8422.000,0,0,0,0,6.095
decode,real,2328,7251574333037874747,0,0,0,0,1,1,8423,8423.000,0,0,0,0,6.107
decode,real,2329,7251574333037874747,0,0,0,0,1,1,8424,8424.000,0,0,0,0,6.084
decode,real,2330,7251574333037874747,0,0,0,0,1,1,8425,8425.000,0,0,0,0,6.076
decode,real,2331,7251574333037874747,0,0,0,0,1,1,8426,8426.000,0,0,0,0,6.118
decode,real,2332,7251574333037874747,0,0,0,0,1,1,8427,8427.000,0,0,0,0,6.080
decode,real,2333,7251574333037874747,0,0,0,0,1,1,8428,8428.000,0,0,0,0,6.064
decode,real,2334,7251574333037874747,0,0,0,0,1,1,8429,8429.000,0,0,0,0,6.120
decode,real,2335,7251574333037874747,0,0,0,0,1,1,8430,8430.000,0,0,0,0,6.092
decode,real,2336,7251574333037874747,0,0,0,0,1,1,8431,8431.000,0,0,0,0,6.078
decode,real,2337,7251574333037874747,0,0,0,0,1,1,8432,8432.000,0,0,0,0,6.112
decode,real,2338,7251574333037874747,0,0,0,0,1,1,8433,8433.000,0,0,0,0,6.103
decode,real,2339,7251574333037874747,0,0,0,0,1,1,8434,8434.000,0,0,0,0,6.065
decode,real,2340,7251574333037874747,0,0,0,0,1,1,8435,8435.000,0,0,0,0,6.091
decode,real,2341,7251574333037874747,0,0,0,0,1,1,8436,8436.000,0,0,0,0,6.060
decode,real,2342,7251574333037874747,0,0,0,0,1,1,8437,8437.000,0,0,0,0,6.112
decode,real,2343,7251574333037874747,0,0,0,0,1,1,8438,8438.000,0,0,0,0,6.060
decode,real,2344,7251574333037874747,0,0,0,0,1,1,8439,8439.000,0,0,0,0,6.087
decode,real,2345,7251574333037874747,0,0,0,0,1,1,8440,8440.000,0,0,0,0,6.107
decode,real,2346,7251574333037874747,0,0,0,0,1,1,8441,8441.000,0,0,0,0,6.094
decode,real,2347,7251574333037874747,0,0,0,0,1,1,8442,8442.000,0,0,0,0,6.064
decode,real,2348,7251574333037874747,0,0,0,0,1,1,8443,8443.000,0,0,0,0,6.095
decode,real,2349,7251574333037874747,0,0,0,0,1,1,8444,8444.000,0,0,0,0,6.101
decode,real,2350,7251574333037874747,0,0,0,0,1,1,8445,8445.000,0,0,0,0,6.078
decode,real,2351,7251574333037874747,0,0,0,0,1,1,8446,8446.000,0,0,0,0,6.095
decode,real,2352,7251574333037874747,0,0,0,0,1,1,8447,8447.000,0,0,0,0,6.067
decode,real,2353,7251574333037874747,0,0,0,0,1,1,8448,8448.000,0,0,0,0,6.091
decode,real,2354,7251574333037874747,0,0,0,0,1,1,8449,8449.000,0,0,0,0,6.132
decode,real,2355,7251574333037874747,0,0,0,0,1,1,8450,8450.000,0,0,0,0,6.099
decode,real,2356,7251574333037874747,0,0,0,0,1,1,8451,8451.000,0,0,0,0,6.111
decode,real,2357,7251574333037874747,0,0,0,0,1,1,8452,8452.000,0,0,0,0,6.115
decode,real,2358,7251574333037874747,0,0,0,0,1,1,8453,8453.000,0,0,0,0,6.095
decode,real,2359,7251574333037874747,0,0,0,0,1,1,8454,8454.000,0,0,0,0,6.113
decode,real,2360,7251574333037874747,0,0,0,0,1,1,8455,8455.000,0,0,0,0,6.108
decode,real,2361,7251574333037874747,0,0,0,0,1,1,8456,8456.000,0,0,0,0,6.110
decode,real,2362,7251574333037874747,0,0,0,0,1,1,8457,8457.000,0,0,0,0,6.106
decode,real,2363,7251574333037874747,0,0,0,0,1,1,8458,8458.000,0,0,0,0,6.080
decode,real,2364,7251574333037874747,0,0,0,0,1,1,8459,8459.000,0,0,0,0,6.130
decode,real,2365,7251574333037874747,0,0,0,0,1,1,8460,8460.000,0,0,0,0,6.092
decode,real,2366,7251574333037874747,0,0,0,0,1,1,8461,8461.000,0,0,0,0,6.118
decode,real,2367,7251574333037874747,0,0,0,0,1,1,8462,8462.000,0,0,0,0,6.165
decode,real,2368,7251574333037874747,0,0,0,0,1,1,8463,8463.000,0,0,0,0,6.063
decode,real,2369,7251574333037874747,0,0,0,0,1,1,8464,8464.000,0,0,0,0,6.135
decode,real,2370,7251574333037874747,0,0,0,0,1,1,8465,8465.000,0,0,0,0,6.065
decode,real,2371,7251574333037874747,0,0,0,0,1,1,8466,8466.000,0,0,0,0,6.115
decode,real,2372,7251574333037874747,0,0,0,0,1,1,8467,8467.000,0,0,0,0,6.095
decode,real,2373,7251574333037874747,0,0,0,0,1,1,8468,8468.000,0,0,0,0,6.103
decode,real,2374,7251574333037874747,0,0,0,0,1,1,8469,8469.000,0,0,0,0,6.122
decode,real,2375,7251574333037874747,0,0,0,0,1,1,8470,8470.000,0,0,0,0,6.103
decode,real,2376,7251574333037874747,0,0,0,0,1,1,8471,8471.000,0,0,0,0,6.101
decode,real,2377,7251574333037874747,0,0,0,0,1,1,8472,8472.000,0,0,0,0,6.101
decode,real,2378,7251574333037874747,0,0,0,0,1,1,8473,8473.000,0,0,0,0,6.104
decode,real,2379,7251574333037874747,0,0,0,0,1,1,8474,8474.000,0,0,0,0,6.100
decode,real,2380,7251574333037874747,0,0,0,0,1,1,8475,8475.000,0,0,0,0,6.108
decode,real,2381,7251574333037874747,0,0,0,0,1,1,8476,8476.000,0,0,0,0,6.115
decode,real,2382,7251574333037874747,0,0,0,0,1,1,8477,8477.000,0,0,0,0,6.108
decode,real,2383,7251574333037874747,0,0,0,0,1,1,8478,8478.000,0,0,0,0,6.131
decode,real,2384,7251574333037874747,0,0,0,0,1,1,8479,8479.000,0,0,0,0,6.079
decode,real,2385,7251574333037874747,0,0,0,0,1,1,8480,8480.000,0,0,0,0,6.159
decode,real,2386,7251574333037874747,0,0,0,0,1,1,8481,8481.000,0,0,0,0,6.079
decode,real,2387,7251574333037874747,0,0,0,0,1,1,8482,8482.000,0,0,0,0,6.134
decode,real,2388,7251574333037874747,0,0,0,0,1,1,8483,8483.000,0,0,0,0,6.056
decode,real,2389,7251574333037874747,0,0,0,0,1,1,8484,8484.000,0,0,0,0,6.113
decode,real,2390,7251574333037874747,0,0,0,0,1,1,8485,8485.000,0,0,0,0,6.123
decode,real,2391,7251574333037874747,0,0,0,0,1,1,8486,8486.000,0,0,0,0,6.096
decode,real,2392,7251574333037874747,0,0,0,0,1,1,8487,8487.000,0,0,0,0,6.130
decode,real,2393,7251574333037874747,0,0,0,0,1,1,8488,8488.000,0,0,0,0,6.095
decode,real,2394,7251574333037874747,0,0,0,0,1,1,8489,8489.000,0,0,0,0,6.111
decode,real,2395,7251574333037874747,0,0,0,0,1,1,8490,8490.000,0,0,0,0,6.116
decode,real,2396,7251574333037874747,0,0,0,0,1,1,8491,8491.000,0,0,0,0,6.069
decode,real,2397,7251574333037874747,0,0,0,0,1,1,8492,8492.000,0,0,0,0,6.127
decode,real,2398,7251574333037874747,0,0,0,0,1,1,8493,8493.000,0,0,0,0,6.102
decode,real,2399,7251574333037874747,0,0,0,0,1,1,8494,8494.000,0,0,0,0,6.139
decode,real,2400,7251574333037874747,0,0,0,0,1,1,8495,8495.000,0,0,0,0,6.069
decode,real,2401,7251574333037874747,0,0,0,0,1,1,8496,8496.000,0,0,0,0,6.107
decode,real,2402,7251574333037874747,0,0,0,0,1,1,8497,8497.000,0,0,0,0,6.112
decode,real,2403,7251574333037874747,0,0,0,0,1,1,8498,8498.000,0,0,0,0,6.113
decode,real,2404,7251574333037874747,0,0,0,0,1,1,8499,8499.000,0,0,0,0,6.096
decode,real,2405,7251574333037874747,0,0,0,0,1,1,8500,8500.000,0,0,0,0,6.137
decode,real,2406,7251574333037874747,0,0,0,0,1,1,8501,8501.000,0,0,0,0,6.095
decode,real,2407,7251574333037874747,0,0,0,0,1,1,8502,8502.000,0,0,0,0,6.113
decode,real,2408,7251574333037874747,0,0,0,0,1,1,8503,8503.000,0,0,0,0,6.138
decode,real,2409,7251574333037874747,0,0,0,0,1,1,8504,8504.000,0,0,0,0,6.071
decode,real,2410,7251574333037874747,0,0,0,0,1,1,8505,8505.000,0,0,0,0,6.106
decode,real,2411,7251574333037874747,0,0,0,0,1,1,8506,8506.000,0,0,0,0,6.090
decode,real,2412,7251574333037874747,0,0,0,0,1,1,8507,8507.000,0,0,0,0,6.135
decode,real,2413,7251574333037874747,0,0,0,0,1,1,8508,8508.000,0,0,0,0,6.088
decode,real,2414,7251574333037874747,0,0,0,0,1,1,8509,8509.000,0,0,0,0,6.112
decode,real,2415,7251574333037874747,0,0,0,0,1,1,8510,8510.000,0,0,0,0,6.121
decode,real,2416,7251574333037874747,0,0,0,0,1,1,8511,8511.000,0,0,0,0,6.103
decode,real,2417,7251574333037874747,0,0,0,0,1,1,8512,8512.000,0,0,0,0,6.128
decode,real,2418,7251574333037874747,0,0,0,0,1,1,8513,8513.000,0,0,0,0,6.093
decode,real,2419,7251574333037874747,0,0,0,0,1,1,8514,8514.000,0,0,0,0,6.102
decode,real,2420,7251574333037874747,0,0,0,0,1,1,8515,8515.000,0,0,0,0,6.089
decode,real,2421,7251574333037874747,0,0,0,0,1,1,8516,8516.000,0,0,0,0,6.130
decode,real,2422,7251574333037874747,0,0,0,0,1,1,8517,8517.000,0,0,0,0,6.091
decode,real,2423,7251574333037874747,0,0,0,0,1,1,8518,8518.000,0,0,0,0,6.101
decode,real,2424,7251574333037874747,0,0,0,0,1,1,8519,8519.000,0,0,0,0,6.131
decode,real,2425,7251574333037874747,0,0,0,0,1,1,8520,8520.000,0,0,0,0,6.093
decode,real,2426,7251574333037874747,0,0,0,0,1,1,8521,8521.000,0,0,0,0,6.102
decode,real,2427,7251574333037874747,0,0,0,0,1,1,8522,8522.000,0,0,0,0,6.143
decode,real,2428,7251574333037874747,0,0,0,0,1,1,8523,8523.000,0,0,0,0,6.098
decode,real,2429,7251574333037874747,0,0,0,0,1,1,8524,8524.000,0,0,0,0,6.098
decode,real,2430,7251574333037874747,0,0,0,0,1,1,8525,8525.000,0,0,0,0,6.122
decode,real,2431,7251574333037874747,0,0,0,0,1,1,8526,8526.000,0,0,0,0,6.109
decode,real,2432,7251574333037874747,0,0,0,0,1,1,8527,8527.000,0,0,0,0,6.105
decode,real,2433,7251574333037874747,0,0,0,0,1,1,8528,8528.000,0,0,0,0,6.107
decode,real,2434,7251574333037874747,0,0,0,0,1,1,8529,8529.000,0,0,0,0,6.102
decode,real,2435,7251574333037874747,0,0,0,0,1,1,8530,8530.000,0,0,0,0,6.109
decode,real,2436,7251574333037874747,0,0,0,0,1,1,8531,8531.000,0,0,0,0,6.138
decode,real,2437,7251574333037874747,0,0,0,0,1,1,8532,8532.000,0,0,0,0,6.084
decode,real,2438,7251574333037874747,0,0,0,0,1,1,8533,8533.000,0,0,0,0,6.114
decode,real,2439,7251574333037874747,0,0,0,0,1,1,8534,8534.000,0,0,0,0,6.076
decode,real,2440,7251574333037874747,0,0,0,0,1,1,8535,8535.000,0,0,0,0,6.140
decode,real,2441,7251574333037874747,0,0,0,0,1,1,8536,8536.000,0,0,0,0,6.082
decode,real,2442,7251574333037874747,0,0,0,0,1,1,8537,8537.000,0,0,0,0,6.148
decode,real,2443,7251574333037874747,0,0,0,0,1,1,8538,8538.000,0,0,0,0,6.106
decode,real,2444,7251574333037874747,0,0,0,0,1,1,8539,8539.000,0,0,0,0,6.108
decode,real,2445,7251574333037874747,0,0,0,0,1,1,8540,8540.000,0,0,0,0,6.080
decode,real,2446,7251574333037874747,0,0,0,0,1,1,8541,8541.000,0,0,0,0,6.116
decode,real,2447,7251574333037874747,0,0,0,0,1,1,8542,8542.000,0,0,0,0,6.126
decode,real,2448,7251574333037874747,0,0,0,0,1,1,8543,8543.000,0,0,0,0,6.109
decode,real,2449,7251574333037874747,0,0,0,0,1,1,8544,8544.000,0,0,0,0,6.106
decode,real,2450,7251574333037874747,0,0,0,0,1,1,8545,8545.000,0,0,0,0,6.085
decode,real,2451,7251574333037874747,0,0,0,0,1,1,8546,8546.000,0,0,0,0,6.101
decode,real,2452,7251574333037874747,0,0,0,0,1,1,8547,8547.000,0,0,0,0,6.106
decode,real,2453,7251574333037874747,0,0,0,0,1,1,8548,8548.000,0,0,0,0,6.135
decode,real,2454,7251574333037874747,0,0,0,0,1,1,8549,8549.000,0,0,0,0,6.086
decode,real,2455,7251574333037874747,0,0,0,0,1,1,8550,8550.000,0,0,0,0,6.123
decode,real,2456,7251574333037874747,0,0,0,0,1,1,8551,8551.000,0,0,0,0,6.102
decode,real,2457,7251574333037874747,0,0,0,0,1,1,8552,8552.000,0,0,0,0,6.091
decode,real,2458,7251574333037874747,0,0,0,0,1,1,8553,8553.000,0,0,0,0,6.122
decode,real,2459,7251574333037874747,0,0,0,0,1,1,8554,8554.000,0,0,0,0,6.107
decode,real,2460,7251574333037874747,0,0,0,0,1,1,8555,8555.000,0,0,0,0,6.102
decode,real,2461,7251574333037874747,0,0,0,0,1,1,8556,8556.000,0,0,0,0,6.097
decode,real,2462,7251574333037874747,0,0,0,0,1,1,8557,8557.000,0,0,0,0,6.093
decode,real,2463,7251574333037874747,0,0,0,0,1,1,8558,8558.000,0,0,0,0,6.124
decode,real,2464,7251574333037874747,0,0,0,0,1,1,8559,8559.000,0,0,0,0,6.097
decode,real,2465,7251574333037874747,0,0,0,0,1,1,8560,8560.000,0,0,0,0,6.121
decode,real,2466,7251574333037874747,0,0,0,0,1,1,8561,8561.000,0,0,0,0,6.079
decode,real,2467,7251574333037874747,0,0,0,0,1,1,8562,8562.000,0,0,0,0,6.106
decode,real,2468,7251574333037874747,0,0,0,0,1,1,8563,8563.000,0,0,0,0,6.111
decode,real,2469,7251574333037874747,0,0,0,0,1,1,8564,8564.000,0,0,0,0,6.108
decode,real,2470,7251574333037874747,0,0,0,0,1,1,8565,8565.000,0,0,0,0,6.094
decode,real,2471,7251574333037874747,0,0,0,0,1,1,8566,8566.000,0,0,0,0,6.138
decode,real,2472,7251574333037874747,0,0,0,0,1,1,8567,8567.000,0,0,0,0,6.095
decode,real,2473,7251574333037874747,0,0,0,0,1,1,8568,8568.000,0,0,0,0,6.099
decode,real,2474,7251574333037874747,0,0,0,0,1,1,8569,8569.000,0,0,0,0,6.111
decode,real,2475,7251574333037874747,0,0,0,0,1,1,8570,8570.000,0,0,0,0,6.109
decode,real,2476,7251574333037874747,0,0,0,0,1,1,8571,8571.000,0,0,0,0,6.109
decode,real,2477,7251574333037874747,0,0,0,0,1,1,8572,8572.000,0,0,0,0,6.107
decode,real,2478,7251574333037874747,0,0,0,0,1,1,8573,8573.000,0,0,0,0,6.092
decode,real,2479,7251574333037874747,0,0,0,0,1,1,8574,8574.000,0,0,0,0,6.146
decode,real,2480,7251574333037874747,0,0,0,0,1,1,8575,8575.000,0,0,0,0,6.074
decode,real,2481,7251574333037874747,0,0,0,0,1,1,8576,8576.000,0,0,0,0,6.117
decode,real,2482,7251574333037874747,0,0,0,0,1,1,8577,8577.000,0,0,0,0,6.096
decode,real,2483,7251574333037874747,0,0,0,0,1,1,8578,8578.000,0,0,0,0,6.123
decode,real,2484,7251574333037874747,0,0,0,0,1,1,8579,8579.000,0,0,0,0,6.142
decode,real,2485,7251574333037874747,0,0,0,0,1,1,8580,8580.000,0,0,0,0,6.070
decode,real,2486,7251574333037874747,0,0,0,0,1,1,8581,8581.000,0,0,0,0,6.139
decode,real,2487,7251574333037874747,0,0,0,0,1,1,8582,8582.000,0,0,0,0,6.114
decode,real,2488,7251574333037874747,0,0,0,0,1,1,8583,8583.000,0,0,0,0,6.097
decode,real,2489,7251574333037874747,0,0,0,0,1,1,8584,8584.000,0,0,0,0,6.105
decode,real,2490,7251574333037874747,0,0,0,0,1,1,8585,8585.000,0,0,0,0,6.076
decode,real,2491,7251574333037874747,0,0,0,0,1,1,8586,8586.000,0,0,0,0,6.122
decode,real,2492,7251574333037874747,0,0,0,0,1,1,8587,8587.000,0,0,0,0,6.133
decode,real,2493,7251574333037874747,0,0,0,0,1,1,8588,8588.000,0,0,0,0,6.098
decode,real,2494,7251574333037874747,0,0,0,0,1,1,8589,8589.000,0,0,0,0,6.102
decode,real,2495,7251574333037874747,0,0,0,0,1,1,8590,8590.000,0,0,0,0,6.111
decode,real,2496,7251574333037874747,0,0,0,0,1,1,8591,8591.000,0,0,0,0,6.088
decode,real,2497,7251574333037874747,0,0,0,0,1,1,8592,8592.000,0,0,0,0,6.122
decode,real,2498,7251574333037874747,0,0,0,0,1,1,8593,8593.000,0,0,0,0,6.120
decode,real,2499,7251574333037874747,0,0,0,0,1,1,8594,8594.000,0,0,0,0,6.098
decode,real,2500,7251574333037874747,0,0,0,0,1,1,8595,8595.000,0,0,0,0,6.108
decode,real,2501,7251574333037874747,0,0,0,0,1,1,8596,8596.000,0,0,0,0,6.108
decode,real,2502,7251574333037874747,0,0,0,0,1,1,8597,8597.000,0,0,0,0,6.121
decode,real,2503,7251574333037874747,0,0,0,0,1,1,8598,8598.000,0,0,0,0,6.114
decode,real,2504,7251574333037874747,0,0,0,0,1,1,8599,8599.000,0,0,0,0,6.099
decode,real,2505,7251574333037874747,0,0,0,0,1,1,8600,8600.000,0,0,0,0,6.113
decode,real,2506,7251574333037874747,0,0,0,0,1,1,8601,8601.000,0,0,0,0,6.122
decode,real,2507,7251574333037874747,0,0,0,0,1,1,8602,8602.000,0,0,0,0,6.089
decode,real,2508,7251574333037874747,0,0,0,0,1,1,8603,8603.000,0,0,0,0,6.103
decode,real,2509,7251574333037874747,0,0,0,0,1,1,8604,8604.000,0,0,0,0,6.098
decode,real,2510,7251574333037874747,0,0,0,0,1,1,8605,8605.000,0,0,0,0,6.131
decode,real,2511,7251574333037874747,0,0,0,0,1,1,8606,8606.000,0,0,0,0,6.154
decode,real,2512,7251574333037874747,0,0,0,0,1,1,8607,8607.000,0,0,0,0,6.063
decode,real,2513,7251574333037874747,0,0,0,0,1,1,8608,8608.000,0,0,0,0,6.098
decode,real,2514,7251574333037874747,0,0,0,0,1,1,8609,8609.000,0,0,0,0,6.109
decode,real,2515,7251574333037874747,0,0,0,0,1,1,8610,8610.000,0,0,0,0,6.123
decode,real,2516,7251574333037874747,0,0,0,0,1,1,8611,8611.000,0,0,0,0,6.293
decode,real,2517,7251574333037874747,0,0,0,0,1,1,8612,8612.000,0,0,0,0,5.923
decode,real,2518,7251574333037874747,0,0,0,0,1,1,8613,8613.000,0,0,0,0,6.108
decode,real,2519,7251574333037874747,0,0,0,0,1,1,8614,8614.000,0,0,0,0,6.134
decode,real,2520,7251574333037874747,0,0,0,0,1,1,8615,8615.000,0,0,0,0,6.112
decode,real,2521,7251574333037874747,0,0,0,0,1,1,8616,8616.000,0,0,0,0,6.105
decode,real,2522,7251574333037874747,0,0,0,0,1,1,8617,8617.000,0,0,0,0,6.088
decode,real,2523,7251574333037874747,0,0,0,0,1,1,8618,8618.000,0,0,0,0,6.120
decode,real,2524,7251574333037874747,0,0,0,0,1,1,8619,8619.000,0,0,0,0,6.098
decode,real,2525,7251574333037874747,0,0,0,0,1,1,8620,8620.000,0,0,0,0,6.105
decode,real,2526,7251574333037874747,0,0,0,0,1,1,8621,8621.000,0,0,0,0,6.117
decode,real,2527,7251574333037874747,0,0,0,0,1,1,8622,8622.000,0,0,0,0,6.137
decode,real,2528,7251574333037874747,0,0,0,0,1,1,8623,8623.000,0,0,0,0,6.088
decode,real,2529,7251574333037874747,0,0,0,0,1,1,8624,8624.000,0,0,0,0,6.111
decode,real,2530,7251574333037874747,0,0,0,0,1,1,8625,8625.000,0,0,0,0,6.099
decode,real,2531,7251574333037874747,0,0,0,0,1,1,8626,8626.000,0,0,0,0,6.119
decode,real,2532,7251574333037874747,0,0,0,0,1,1,8627,8627.000,0,0,0,0,6.101
decode,real,2533,7251574333037874747,0,0,0,0,1,1,8628,8628.000,0,0,0,0,6.106
decode,real,2534,7251574333037874747,0,0,0,0,1,1,8629,8629.000,0,0,0,0,6.104
decode,real,2535,7251574333037874747,0,0,0,0,1,1,8630,8630.000,0,0,0,0,6.112
decode,real,2536,7251574333037874747,0,0,0,0,1,1,8631,8631.000,0,0,0,0,6.128
decode,real,2537,7251574333037874747,0,0,0,0,1,1,8632,8632.000,0,0,0,0,6.100
decode,real,2538,7251574333037874747,0,0,0,0,1,1,8633,8633.000,0,0,0,0,6.132
decode,real,2539,7251574333037874747,0,0,0,0,1,1,8634,8634.000,0,0,0,0,6.090
decode,real,2540,7251574333037874747,0,0,0,0,1,1,8635,8635.000,0,0,0,0,6.123
decode,real,2541,7251574333037874747,0,0,0,0,1,1,8636,8636.000,0,0,0,0,6.098
decode,real,2542,7251574333037874747,0,0,0,0,1,1,8637,8637.000,0,0,0,0,6.131
decode,real,2543,7251574333037874747,0,0,0,0,1,1,8638,8638.000,0,0,0,0,6.137
decode,real,2544,7251574333037874747,0,0,0,0,1,1,8639,8639.000,0,0,0,0,6.110
decode,real,2545,7251574333037874747,0,0,0,0,1,1,8640,8640.000,0,0,0,0,6.095
decode,real,2546,7251574333037874747,0,0,0,0,1,1,8641,8641.000,0,0,0,0,6.129
decode,real,2547,7251574333037874747,0,0,0,0,1,1,8642,8642.000,0,0,0,0,6.109
decode,real,2548,7251574333037874747,0,0,0,0,1,1,8643,8643.000,0,0,0,0,6.104
decode,real,2549,7251574333037874747,0,0,0,0,1,1,8644,8644.000,0,0,0,0,6.126
decode,real,2550,7251574333037874747,0,0,0,0,1,1,8645,8645.000,0,0,0,0,6.122
decode,real,2551,7251574333037874747,0,0,0,0,1,1,8646,8646.000,0,0,0,0,6.110
decode,real,2552,7251574333037874747,0,0,0,0,1,1,8647,8647.000,0,0,0,0,6.101
decode,real,2553,7251574333037874747,0,0,0,0,1,1,8648,8648.000,0,0,0,0,6.139
decode,real,2554,7251574333037874747,0,0,0,0,1,1,8649,8649.000,0,0,0,0,6.078
decode,real,2555,7251574333037874747,0,0,0,0,1,1,8650,8650.000,0,0,0,0,6.119
decode,real,2556,7251574333037874747,0,0,0,0,1,1,8651,8651.000,0,0,0,0,6.103
decode,real,2557,7251574333037874747,0,0,0,0,1,1,8652,8652.000,0,0,0,0,6.123
decode,real,2558,7251574333037874747,0,0,0,0,1,1,8653,8653.000,0,0,0,0,6.122
decode,real,2559,7251574333037874747,0,0,0,0,1,1,8654,8654.000,0,0,0,0,6.107
decode,real,2560,7251574333037874747,0,0,0,0,1,1,8655,8655.000,0,0,0,0,6.078
decode,real,2561,7251574333037874747,0,0,0,0,1,1,8656,8656.000,0,0,0,0,6.124
decode,real,2562,7251574333037874747,0,0,0,0,1,1,8657,8657.000,0,0,0,0,6.126
decode,real,2563,7251574333037874747,0,0,0,0,1,1,8658,8658.000,0,0,0,0,6.084
decode,real,2564,7251574333037874747,0,0,0,0,1,1,8659,8659.000,0,0,0,0,6.107
decode,real,2565,7251574333037874747,0,0,0,0,1,1,8660,8660.000,0,0,0,0,6.117
decode,real,2566,7251574333037874747,0,0,0,0,1,1,8661,8661.000,0,0,0,0,6.107
decode,real,2567,7251574333037874747,0,0,0,0,1,1,8662,8662.000,0,0,0,0,6.104
decode,real,2568,7251574333037874747,0,0,0,0,1,1,8663,8663.000,0,0,0,0,6.109
decode,real,2569,7251574333037874747,0,0,0,0,1,1,8664,8664.000,0,0,0,0,6.118
decode,real,2570,7251574333037874747,0,0,0,0,1,1,8665,8665.000,0,0,0,0,6.129
decode,real,2571,7251574333037874747,0,0,0,0,1,1,8666,8666.000,0,0,0,0,6.092
decode,real,2572,7251574333037874747,0,0,0,0,1,1,8667,8667.000,0,0,0,0,6.094
decode,real,2573,7251574333037874747,0,0,0,0,1,1,8668,8668.000,0,0,0,0,6.112
decode,real,2574,7251574333037874747,0,0,0,0,1,1,8669,8669.000,0,0,0,0,6.106
decode,real,2575,7251574333037874747,0,0,0,0,1,1,8670,8670.000,0,0,0,0,6.130
decode,real,2576,7251574333037874747,0,0,0,0,1,1,8671,8671.000,0,0,0,0,6.094
decode,real,2577,7251574333037874747,0,0,0,0,1,1,8672,8672.000,0,0,0,0,6.113
decode,real,2578,7251574333037874747,0,0,0,0,1,1,8673,8673.000,0,0,0,0,6.108
decode,real,2579,7251574333037874747,0,0,0,0,1,1,8674,8674.000,0,0,0,0,6.109
decode,real,2580,7251574333037874747,0,0,0,0,1,1,8675,8675.000,0,0,0,0,6.108
decode,real,2581,7251574333037874747,0,0,0,0,1,1,8676,8676.000,0,0,0,0,6.114
decode,real,2582,7251574333037874747,0,0,0,0,1,1,8677,8677.000,0,0,0,0,6.085
decode,real,2583,7251574333037874747,0,0,0,0,1,1,8678,8678.000,0,0,0,0,6.156
decode,real,2584,7251574333037874747,0,0,0,0,1,1,8679,8679.000,0,0,0,0,6.079
decode,real,2585,7251574333037874747,0,0,0,0,1,1,8680,8680.000,0,0,0,0,6.112
decode,real,2586,7251574333037874747,0,0,0,0,1,1,8681,8681.000,0,0,0,0,6.103
decode,real,2587,7251574333037874747,0,0,0,0,1,1,8682,8682.000,0,0,0,0,6.107
decode,real,2588,7251574333037874747,0,0,0,0,1,1,8683,8683.000,0,0,0,0,6.117
decode,real,2589,7251574333037874747,0,0,0,0,1,1,8684,8684.000,0,0,0,0,6.106
decode,real,2590,7251574333037874747,0,0,0,0,1,1,8685,8685.000,0,0,0,0,6.099
decode,real,2591,7251574333037874747,0,0,0,0,1,1,8686,8686.000,0,0,0,0,6.103
decode,real,2592,7251574333037874747,0,0,0,0,1,1,8687,8687.000,0,0,0,0,6.144
decode,real,2593,7251574333037874747,0,0,0,0,1,1,8688,8688.000,0,0,0,0,6.093
decode,real,2594,7251574333037874747,0,0,0,0,1,1,8689,8689.000,0,0,0,0,6.102
decode,real,2595,7251574333037874747,0,0,0,0,1,1,8690,8690.000,0,0,0,0,6.129
decode,real,2596,7251574333037874747,0,0,0,0,1,1,8691,8691.000,0,0,0,0,6.089
decode,real,2597,7251574333037874747,0,0,0,0,1,1,8692,8692.000,0,0,0,0,6.108
decode,real,2598,7251574333037874747,0,0,0,0,1,1,8693,8693.000,0,0,0,0,6.102
decode,real,2599,7251574333037874747,0,0,0,0,1,1,8694,8694.000,0,0,0,0,6.133
decode,real,2600,7251574333037874747,0,0,0,0,1,1,8695,8695.000,0,0,0,0,6.101
decode,real,2601,7251574333037874747,0,0,0,0,1,1,8696,8696.000,0,0,0,0,6.096
decode,real,2602,7251574333037874747,0,0,0,0,1,1,8697,8697.000,0,0,0,0,6.134
decode,real,2603,7251574333037874747,0,0,0,0,1,1,8698,8698.000,0,0,0,0,6.106
decode,real,2604,7251574333037874747,0,0,0,0,1,1,8699,8699.000,0,0,0,0,6.090
decode,real,2605,7251574333037874747,0,0,0,0,1,1,8700,8700.000,0,0,0,0,6.111
decode,real,2606,7251574333037874747,0,0,0,0,1,1,8701,8701.000,0,0,0,0,6.110
decode,real,2607,7251574333037874747,0,0,0,0,1,1,8702,8702.000,0,0,0,0,6.131
decode,real,2608,7251574333037874747,0,0,0,0,1,1,8703,8703.000,0,0,0,0,6.082
decode,real,2609,7251574333037874747,0,0,0,0,1,1,8704,8704.000,0,0,0,0,6.102
decode,real,2610,7251574333037874747,0,0,0,0,1,1,8705,8705.000,0,0,0,0,6.119
decode,real,2611,7251574333037874747,0,0,0,0,1,1,8706,8706.000,0,0,0,0,6.109
decode,real,2612,7251574333037874747,0,0,0,0,1,1,8707,8707.000,0,0,0,0,6.129
decode,real,2613,7251574333037874747,0,0,0,0,1,1,8708,8708.000,0,0,0,0,6.117
decode,real,2614,7251574333037874747,0,0,0,0,1,1,8709,8709.000,0,0,0,0,6.074
decode,real,2615,7251574333037874747,0,0,0,0,1,1,8710,8710.000,0,0,0,0,6.107
decode,real,2616,7251574333037874747,0,0,0,0,1,1,8711,8711.000,0,0,0,0,6.100
decode,real,2617,7251574333037874747,0,0,0,0,1,1,8712,8712.000,0,0,0,0,6.108
decode,real,2618,7251574333037874747,0,0,0,0,1,1,8713,8713.000,0,0,0,0,6.111
decode,real,2619,7251574333037874747,0,0,0,0,1,1,8714,8714.000,0,0,0,0,6.101
decode,real,2620,7251574333037874747,0,0,0,0,1,1,8715,8715.000,0,0,0,0,6.127
decode,real,2621,7251574333037874747,0,0,0,0,1,1,8716,8716.000,0,0,0,0,6.099
decode,real,2622,7251574333037874747,0,0,0,0,1,1,8717,8717.000,0,0,0,0,6.096
decode,real,2623,7251574333037874747,0,0,0,0,1,1,8718,8718.000,0,0,0,0,6.153
decode,real,2624,7251574333037874747,0,0,0,0,1,1,8719,8719.000,0,0,0,0,6.074
decode,real,2625,7251574333037874747,0,0,0,0,1,1,8720,8720.000,0,0,0,0,6.119
decode,real,2626,7251574333037874747,0,0,0,0,1,1,8721,8721.000,0,0,0,0,6.095
decode,real,2627,7251574333037874747,0,0,0,0,1,1,8722,8722.000,0,0,0,0,6.110
decode,real,2628,7251574333037874747,0,0,0,0,1,1,8723,8723.000,0,0,0,0,6.124
decode,real,2629,7251574333037874747,0,0,0,0,1,1,8724,8724.000,0,0,0,0,6.099
decode,real,2630,7251574333037874747,0,0,0,0,1,1,8725,8725.000,0,0,0,0,6.106
decode,real,2631,7251574333037874747,0,0,0,0,1,1,8726,8726.000,0,0,0,0,6.111
decode,real,2632,7251574333037874747,0,0,0,0,1,1,8727,8727.000,0,0,0,0,6.097
decode,real,2633,7251574333037874747,0,0,0,0,1,1,8728,8728.000,0,0,0,0,6.109
decode,real,2634,7251574333037874747,0,0,0,0,1,1,8729,8729.000,0,0,0,0,6.104
decode,real,2635,7251574333037874747,0,0,0,0,1,1,8730,8730.000,0,0,0,0,6.115
decode,real,2636,7251574333037874747,0,0,0,0,1,1,8731,8731.000,0,0,0,0,6.101
decode,real,2637,7251574333037874747,0,0,0,0,1,1,8732,8732.000,0,0,0,0,6.108
decode,real,2638,7251574333037874747,0,0,0,0,1,1,8733,8733.000,0,0,0,0,6.128
decode,real,2639,7251574333037874747,0,0,0,0,1,1,8734,8734.000,0,0,0,0,6.108
decode,real,2640,7251574333037874747,0,0,0,0,1,1,8735,8735.000,0,0,0,0,6.088
decode,real,2641,7251574333037874747,0,0,0,0,1,1,8736,8736.000,0,0,0,0,6.127
decode,real,2642,7251574333037874747,0,0,0,0,1,1,8737,8737.000,0,0,0,0,6.081
decode,real,2643,7251574333037874747,0,0,0,0,1,1,8738,8738.000,0,0,0,0,6.087
decode,real,2644,7251574333037874747,0,0,0,0,1,1,8739,8739.000,0,0,0,0,6.132
decode,real,2645,7251574333037874747,0,0,0,0,1,1,8740,8740.000,0,0,0,0,6.085
decode,real,2646,7251574333037874747,0,0,0,0,1,1,8741,8741.000,0,0,0,0,6.132
decode,real,2647,7251574333037874747,0,0,0,0,1,1,8742,8742.000,0,0,0,0,6.116
decode,real,2648,7251574333037874747,0,0,0,0,1,1,8743,8743.000,0,0,0,0,6.104
decode,real,2649,7251574333037874747,0,0,0,0,1,1,8744,8744.000,0,0,0,0,6.103
decode,real,2650,7251574333037874747,0,0,0,0,1,1,8745,8745.000,0,0,0,0,6.123
decode,real,2651,7251574333037874747,0,0,0,0,1,1,8746,8746.000,0,0,0,0,6.080
decode,real,2652,7251574333037874747,0,0,0,0,1,1,8747,8747.000,0,0,0,0,6.115
decode,real,2653,7251574333037874747,0,0,0,0,1,1,8748,8748.000,0,0,0,0,6.107
decode,real,2654,7251574333037874747,0,0,0,0,1,1,8749,8749.000,0,0,0,0,6.113
decode,real,2655,7251574333037874747,0,0,0,0,1,1,8750,8750.000,0,0,0,0,6.104
decode,real,2656,7251574333037874747,0,0,0,0,1,1,8751,8751.000,0,0,0,0,6.109
decode,real,2657,7251574333037874747,0,0,0,0,1,1,8752,8752.000,0,0,0,0,6.101
decode,real,2658,7251574333037874747,0,0,0,0,1,1,8753,8753.000,0,0,0,0,6.123
decode,real,2659,7251574333037874747,0,0,0,0,1,1,8754,8754.000,0,0,0,0,6.093
decode,real,2660,7251574333037874747,0,0,0,0,1,1,8755,8755.000,0,0,0,0,6.088
decode,real,2661,7251574333037874747,0,0,0,0,1,1,8756,8756.000,0,0,0,0,6.125
decode,real,2662,7251574333037874747,0,0,0,0,1,1,8757,8757.000,0,0,0,0,6.093
decode,real,2663,7251574333037874747,0,0,0,0,1,1,8758,8758.000,0,0,0,0,6.118
decode,real,2664,7251574333037874747,0,0,0,0,1,1,8759,8759.000,0,0,0,0,6.104
decode,real,2665,7251574333037874747,0,0,0,0,1,1,8760,8760.000,0,0,0,0,6.124
decode,real,2666,7251574333037874747,0,0,0,0,1,1,8761,8761.000,0,0,0,0,6.161
decode,real,2667,7251574333037874747,0,0,0,0,1,1,8762,8762.000,0,0,0,0,6.081
decode,real,2668,7251574333037874747,0,0,0,0,1,1,8763,8763.000,0,0,0,0,6.088
decode,real,2669,7251574333037874747,0,0,0,0,1,1,8764,8764.000,0,0,0,0,6.103
decode,real,2670,7251574333037874747,0,0,0,0,1,1,8765,8765.000,0,0,0,0,6.098
decode,real,2671,7251574333037874747,0,0,0,0,1,1,8766,8766.000,0,0,0,0,6.126
decode,real,2672,7251574333037874747,0,0,0,0,1,1,8767,8767.000,0,0,0,0,6.133
decode,real,2673,7251574333037874747,0,0,0,0,1,1,8768,8768.000,0,0,0,0,6.075
decode,real,2674,7251574333037874747,0,0,0,0,1,1,8769,8769.000,0,0,0,0,6.117
decode,real,2675,7251574333037874747,0,0,0,0,1,1,8770,8770.000,0,0,0,0,6.097
decode,real,2676,7251574333037874747,0,0,0,0,1,1,8771,8771.000,0,0,0,0,6.111
decode,real,2677,7251574333037874747,0,0,0,0,1,1,8772,8772.000,0,0,0,0,6.104
decode,real,2678,7251574333037874747,0,0,0,0,1,1,8773,8773.000,0,0,0,0,6.147
decode,real,2679,7251574333037874747,0,0,0,0,1,1,8774,8774.000,0,0,0,0,6.084
decode,real,2680,7251574333037874747,0,0,0,0,1,1,8775,8775.000,0,0,0,0,6.089
decode,real,2681,7251574333037874747,0,0,0,0,1,1,8776,8776.000,0,0,0,0,6.140
decode,real,2682,7251574333037874747,0,0,0,0,1,1,8777,8777.000,0,0,0,0,6.115
decode,real,2683,7251574333037874747,0,0,0,0,1,1,8778,8778.000,0,0,0,0,6.099
decode,real,2684,7251574333037874747,0,0,0,0,1,1,8779,8779.000,0,0,0,0,6.090
decode,real,2685,7251574333037874747,0,0,0,0,1,1,8780,8780.000,0,0,0,0,6.132
decode,real,2686,7251574333037874747,0,0,0,0,1,1,8781,8781.000,0,0,0,0,6.103
decode,real,2687,7251574333037874747,0,0,0,0,1,1,8782,8782.000,0,0,0,0,6.103
decode,real,2688,7251574333037874747,0,0,0,0,1,1,8783,8783.000,0,0,0,0,6.117
decode,real,2689,7251574333037874747,0,0,0,0,1,1,8784,8784.000,0,0,0,0,6.109
decode,real,2690,7251574333037874747,0,0,0,0,1,1,8785,8785.000,0,0,0,0,6.112
decode,real,2691,7251574333037874747,0,0,0,0,1,1,8786,8786.000,0,0,0,0,6.079
decode,real,2692,7251574333037874747,0,0,0,0,1,1,8787,8787.000,0,0,0,0,6.119
decode,real,2693,7251574333037874747,0,0,0,0,1,1,8788,8788.000,0,0,0,0,6.105
decode,real,2694,7251574333037874747,0,0,0,0,1,1,8789,8789.000,0,0,0,0,6.116
decode,real,2695,7251574333037874747,0,0,0,0,1,1,8790,8790.000,0,0,0,0,6.083
decode,real,2696,7251574333037874747,0,0,0,0,1,1,8791,8791.000,0,0,0,0,6.143
decode,real,2697,7251574333037874747,0,0,0,0,1,1,8792,8792.000,0,0,0,0,6.075
decode,real,2698,7251574333037874747,0,0,0,0,1,1,8793,8793.000,0,0,0,0,6.118
decode,real,2699,7251574333037874747,0,0,0,0,1,1,8794,8794.000,0,0,0,0,6.086
decode,real,2700,7251574333037874747,0,0,0,0,1,1,8795,8795.000,0,0,0,0,6.117
decode,real,2701,7251574333037874747,0,0,0,0,1,1,8796,8796.000,0,0,0,0,6.116
decode,real,2702,7251574333037874747,0,0,0,0,1,1,8797,8797.000,0,0,0,0,6.107
decode,real,2703,7251574333037874747,0,0,0,0,1,1,8798,8798.000,0,0,0,0,6.105
decode,real,2704,7251574333037874747,0,0,0,0,1,1,8799,8799.000,0,0,0,0,6.140
decode,real,2705,7251574333037874747,0,0,0,0,1,1,8800,8800.000,0,0,0,0,6.067
decode,real,2706,7251574333037874747,0,0,0,0,1,1,8801,8801.000,0,0,0,0,6.113
decode,real,2707,7251574333037874747,0,0,0,0,1,1,8802,8802.000,0,0,0,0,6.083
decode,real,2708,7251574333037874747,0,0,0,0,1,1,8803,8803.000,0,0,0,0,6.124
decode,real,2709,7251574333037874747,0,0,0,0,1,1,8804,8804.000,0,0,0,0,6.112
decode,real,2710,7251574333037874747,0,0,0,0,1,1,8805,8805.000,0,0,0,0,6.093
decode,real,2711,7251574333037874747,0,0,0,0,1,1,8806,8806.000,0,0,0,0,6.108
decode,real,2712,7251574333037874747,0,0,0,0,1,1,8807,8807.000,0,0,0,0,6.119
decode,real,2713,7251574333037874747,0,0,0,0,1,1,8808,8808.000,0,0,0,0,6.112
decode,real,2714,7251574333037874747,0,0,0,0,1,1,8809,8809.000,0,0,0,0,6.112
decode,real,2715,7251574333037874747,0,0,0,0,1,1,8810,8810.000,0,0,0,0,6.090
decode,real,2716,7251574333037874747,0,0,0,0,1,1,8811,8811.000,0,0,0,0,6.100
decode,real,2717,7251574333037874747,0,0,0,0,1,1,8812,8812.000,0,0,0,0,6.119
decode,real,2718,7251574333037874747,0,0,0,0,1,1,8813,8813.000,0,0,0,0,6.096
decode,real,2719,7251574333037874747,0,0,0,0,1,1,8814,8814.000,0,0,0,0,6.121
decode,real,2720,7251574333037874747,0,0,0,0,1,1,8815,8815.000,0,0,0,0,6.091
decode,real,2721,7251574333037874747,0,0,0,0,1,1,8816,8816.000,0,0,0,0,6.101
decode,real,2722,7251574333037874747,0,0,0,0,1,1,8817,8817.000,0,0,0,0,6.102
decode,real,2723,7251574333037874747,0,0,0,0,1,1,8818,8818.000,0,0,0,0,6.130
decode,real,2724,7251574333037874747,0,0,0,0,1,1,8819,8819.000,0,0,0,0,6.096
decode,real,2725,7251574333037874747,0,0,0,0,1,1,8820,8820.000,0,0,0,0,6.116
decode,real,2726,7251574333037874747,0,0,0,0,1,1,8821,8821.000,0,0,0,0,6.098
decode,real,2727,7251574333037874747,0,0,0,0,1,1,8822,8822.000,0,0,0,0,6.114
decode,real,2728,7251574333037874747,0,0,0,0,1,1,8823,8823.000,0,0,0,0,6.110
decode,real,2729,7251574333037874747,0,0,0,0,1,1,8824,8824.000,0,0,0,0,6.113
decode,real,2730,7251574333037874747,0,0,0,0,1,1,8825,8825.000,0,0,0,0,6.102
decode,real,2731,7251574333037874747,0,0,0,0,1,1,8826,8826.000,0,0,0,0,6.112
decode,real,2732,7251574333037874747,0,0,0,0,1,1,8827,8827.000,0,0,0,0,6.111
decode,real,2733,7251574333037874747,0,0,0,0,1,1,8828,8828.000,0,0,0,0,6.091
decode,real,2734,7251574333037874747,0,0,0,0,1,1,8829,8829.000,0,0,0,0,6.122
decode,real,2735,7251574333037874747,0,0,0,0,1,1,8830,8830.000,0,0,0,0,6.148
decode,real,2736,7251574333037874747,0,0,0,0,1,1,8831,8831.000,0,0,0,0,6.073
decode,real,2737,7251574333037874747,0,0,0,0,1,1,8832,8832.000,0,0,0,0,6.108
decode,real,2738,7251574333037874747,0,0,0,0,1,1,8833,8833.000,0,0,0,0,6.121
decode,real,2739,7251574333037874747,0,0,0,0,1,1,8834,8834.000,0,0,0,0,6.104
decode,real,2740,7251574333037874747,0,0,0,0,1,1,8835,8835.000,0,0,0,0,6.135
decode,real,2741,7251574333037874747,0,0,0,0,1,1,8836,8836.000,0,0,0,0,6.102
decode,real,2742,7251574333037874747,0,0,0,0,1,1,8837,8837.000,0,0,0,0,6.113
decode,real,2743,7251574333037874747,0,0,0,0,1,1,8838,8838.000,0,0,0,0,6.112
decode,real,2744,7251574333037874747,0,0,0,0,1,1,8839,8839.000,0,0,0,0,6.106
decode,real,2745,7251574333037874747,0,0,0,0,1,1,8840,8840.000,0,0,0,0,6.119
decode,real,2746,7251574333037874747,0,0,0,0,1,1,8841,8841.000,0,0,0,0,6.115
decode,real,2747,7251574333037874747,0,0,0,0,1,1,8842,8842.000,0,0,0,0,6.135
decode,real,2748,7251574333037874747,0,0,0,0,1,1,8843,8843.000,0,0,0,0,6.101
decode,real,2749,7251574333037874747,0,0,0,0,1,1,8844,8844.000,0,0,0,0,6.135
decode,real,2750,7251574333037874747,0,0,0,0,1,1,8845,8845.000,0,0,0,0,6.089
decode,real,2751,7251574333037874747,0,0,0,0,1,1,8846,8846.000,0,0,0,0,6.139
decode,real,2752,7251574333037874747,0,0,0,0,1,1,8847,8847.000,0,0,0,0,6.104
decode,real,2753,7251574333037874747,0,0,0,0,1,1,8848,8848.000,0,0,0,0,6.116
decode,real,2754,7251574333037874747,0,0,0,0,1,1,8849,8849.000,0,0,0,0,6.103
decode,real,2755,7251574333037874747,0,0,0,0,1,1,8850,8850.000,0,0,0,0,6.111
decode,real,2756,7251574333037874747,0,0,0,0,1,1,8851,8851.000,0,0,0,0,6.099
decode,real,2757,7251574333037874747,0,0,0,0,1,1,8852,8852.000,0,0,0,0,6.129
decode,real,2758,7251574333037874747,0,0,0,0,1,1,8853,8853.000,0,0,0,0,6.113
decode,real,2759,7251574333037874747,0,0,0,0,1,1,8854,8854.000,0,0,0,0,6.121
decode,real,2760,7251574333037874747,0,0,0,0,1,1,8855,8855.000,0,0,0,0,6.115
decode,real,2761,7251574333037874747,0,0,0,0,1,1,8856,8856.000,0,0,0,0,6.093
decode,real,2762,7251574333037874747,0,0,0,0,1,1,8857,8857.000,0,0,0,0,6.118
decode,real,2763,7251574333037874747,0,0,0,0,1,1,8858,8858.000,0,0,0,0,6.092
decode,real,2764,7251574333037874747,0,0,0,0,1,1,8859,8859.000,0,0,0,0,6.137
decode,real,2765,7251574333037874747,0,0,0,0,1,1,8860,8860.000,0,0,0,0,6.104
decode,real,2766,7251574333037874747,0,0,0,0,1,1,8861,8861.000,0,0,0,0,6.118
decode,real,2767,7251574333037874747,0,0,0,0,1,1,8862,8862.000,0,0,0,0,6.144
decode,real,2768,7251574333037874747,0,0,0,0,1,1,8863,8863.000,0,0,0,0,6.094
decode,real,2769,7251574333037874747,0,0,0,0,1,1,8864,8864.000,0,0,0,0,6.133
decode,real,2770,7251574333037874747,0,0,0,0,1,1,8865,8865.000,0,0,0,0,6.104
decode,real,2771,7251574333037874747,0,0,0,0,1,1,8866,8866.000,0,0,0,0,6.101
decode,real,2772,7251574333037874747,0,0,0,0,1,1,8867,8867.000,0,0,0,0,6.104
decode,real,2773,7251574333037874747,0,0,0,0,1,1,8868,8868.000,0,0,0,0,6.142
decode,real,2774,7251574333037874747,0,0,0,0,1,1,8869,8869.000,0,0,0,0,6.098
decode,real,2775,7251574333037874747,0,0,0,0,1,1,8870,8870.000,0,0,0,0,6.110
decode,real,2776,7251574333037874747,0,0,0,0,1,1,8871,8871.000,0,0,0,0,6.109
decode,real,2777,7251574333037874747,0,0,0,0,1,1,8872,8872.000,0,0,0,0,6.131
decode,real,2778,7251574333037874747,0,0,0,0,1,1,8873,8873.000,0,0,0,0,6.125
decode,real,2779,7251574333037874747,0,0,0,0,1,1,8874,8874.000,0,0,0,0,6.083
decode,real,2780,7251574333037874747,0,0,0,0,1,1,8875,8875.000,0,0,0,0,6.137
decode,real,2781,7251574333037874747,0,0,0,0,1,1,8876,8876.000,0,0,0,0,6.086
decode,real,2782,7251574333037874747,0,0,0,0,1,1,8877,8877.000,0,0,0,0,6.113
decode,real,2783,7251574333037874747,0,0,0,0,1,1,8878,8878.000,0,0,0,0,6.127
decode,real,2784,7251574333037874747,0,0,0,0,1,1,8879,8879.000,0,0,0,0,6.097
decode,real,2785,7251574333037874747,0,0,0,0,1,1,8880,8880.000,0,0,0,0,6.119
decode,real,2786,7251574333037874747,0,0,0,0,1,1,8881,8881.000,0,0,0,0,6.118
decode,real,2787,7251574333037874747,0,0,0,0,1,1,8882,8882.000,0,0,0,0,6.118
decode,real,2788,7251574333037874747,0,0,0,0,1,1,8883,8883.000,0,0,0,0,6.125
decode,real,2789,7251574333037874747,0,0,0,0,1,1,8884,8884.000,0,0,0,0,6.102
decode,real,2790,7251574333037874747,0,0,0,0,1,1,8885,8885.000,0,0,0,0,6.109
decode,real,2791,7251574333037874747,0,0,0,0,1,1,8886,8886.000,0,0,0,0,6.117
decode,real,2792,7251574333037874747,0,0,0,0,1,1,8887,8887.000,0,0,0,0,6.104
decode,real,2793,7251574333037874747,0,0,0,0,1,1,8888,8888.000,0,0,0,0,6.141
decode,real,2794,7251574333037874747,0,0,0,0,1,1,8889,8889.000,0,0,0,0,6.127
decode,real,2795,7251574333037874747,0,0,0,0,1,1,8890,8890.000,0,0,0,0,6.108
decode,real,2796,7251574333037874747,0,0,0,0,1,1,8891,8891.000,0,0,0,0,6.128
decode,real,2797,7251574333037874747,0,0,0,0,1,1,8892,8892.000,0,0,0,0,6.412
decode,real,2798,7251574333037874747,0,0,0,0,1,1,8893,8893.000,0,0,0,0,5.824
decode,real,2799,7251574333037874747,0,0,0,0,1,1,8894,8894.000,0,0,0,0,6.129
decode,real,2800,7251574333037874747,0,0,0,0,1,1,8895,8895.000,0,0,0,0,6.058
decode,real,2801,7251574333037874747,0,0,0,0,1,1,8896,8896.000,0,0,0,0,6.120
decode,real,2802,7251574333037874747,0,0,0,0,1,1,8897,8897.000,0,0,0,0,6.111
decode,real,2803,7251574333037874747,0,0,0,0,1,1,8898,8898.000,0,0,0,0,6.123
decode,real,2804,7251574333037874747,0,0,0,0,1,1,8899,8899.000,0,0,0,0,6.113
decode,real,2805,7251574333037874747,0,0,0,0,1,1,8900,8900.000,0,0,0,0,6.118
decode,real,2806,7251574333037874747,0,0,0,0,1,1,8901,8901.000,0,0,0,0,6.118
decode,real,2807,7251574333037874747,0,0,0,0,1,1,8902,8902.000,0,0,0,0,6.088
decode,real,2808,7251574333037874747,0,0,0,0,1,1,8903,8903.000,0,0,0,0,6.120
decode,real,2809,7251574333037874747,0,0,0,0,1,1,8904,8904.000,0,0,0,0,6.117
decode,real,2810,7251574333037874747,0,0,0,0,1,1,8905,8905.000,0,0,0,0,6.099
decode,real,2811,7251574333037874747,0,0,0,0,1,1,8906,8906.000,0,0,0,0,6.139
decode,real,2812,7251574333037874747,0,0,0,0,1,1,8907,8907.000,0,0,0,0,6.099
decode,real,2813,7251574333037874747,0,0,0,0,1,1,8908,8908.000,0,0,0,0,6.104
decode,real,2814,7251574333037874747,0,0,0,0,1,1,8909,8909.000,0,0,0,0,6.138
decode,real,2815,7251574333037874747,0,0,0,0,1,1,8910,8910.000,0,0,0,0,6.131
decode,real,2816,7251574333037874747,0,0,0,0,1,1,8911,8911.000,0,0,0,0,6.093
decode,real,2817,7251574333037874747,0,0,0,0,1,1,8912,8912.000,0,0,0,0,6.116
decode,real,2818,7251574333037874747,0,0,0,0,1,1,8913,8913.000,0,0,0,0,6.122
decode,real,2819,7251574333037874747,0,0,0,0,1,1,8914,8914.000,0,0,0,0,6.096
decode,real,2820,7251574333037874747,0,0,0,0,1,1,8915,8915.000,0,0,0,0,6.139
decode,real,2821,7251574333037874747,0,0,0,0,1,1,8916,8916.000,0,0,0,0,6.107
decode,real,2822,7251574333037874747,0,0,0,0,1,1,8917,8917.000,0,0,0,0,6.107
decode,real,2823,7251574333037874747,0,0,0,0,1,1,8918,8918.000,0,0,0,0,6.114
decode,real,2824,7251574333037874747,0,0,0,0,1,1,8919,8919.000,0,0,0,0,6.104
decode,real,2825,7251574333037874747,0,0,0,0,1,1,8920,8920.000,0,0,0,0,6.113
decode,real,2826,7251574333037874747,0,0,0,0,1,1,8921,8921.000,0,0,0,0,6.147
decode,real,2827,7251574333037874747,0,0,0,0,1,1,8922,8922.000,0,0,0,0,6.083
decode,real,2828,7251574333037874747,0,0,0,0,1,1,8923,8923.000,0,0,0,0,6.143
decode,real,2829,7251574333037874747,0,0,0,0,1,1,8924,8924.000,0,0,0,0,6.098
decode,real,2830,7251574333037874747,0,0,0,0,1,1,8925,8925.000,0,0,0,0,6.113
decode,real,2831,7251574333037874747,0,0,0,0,1,1,8926,8926.000,0,0,0,0,6.146
decode,real,2832,7251574333037874747,0,0,0,0,1,1,8927,8927.000,0,0,0,0,6.080
decode,real,2833,7251574333037874747,0,0,0,0,1,1,8928,8928.000,0,0,0,0,6.134
decode,real,2834,7251574333037874747,0,0,0,0,1,1,8929,8929.000,0,0,0,0,6.100
decode,real,2835,7251574333037874747,0,0,0,0,1,1,8930,8930.000,0,0,0,0,6.122
decode,real,2836,7251574333037874747,0,0,0,0,1,1,8931,8931.000,0,0,0,0,6.110
decode,real,2837,7251574333037874747,0,0,0,0,1,1,8932,8932.000,0,0,0,0,6.100
decode,real,2838,7251574333037874747,0,0,0,0,1,1,8933,8933.000,0,0,0,0,6.121
decode,real,2839,7251574333037874747,0,0,0,0,1,1,8934,8934.000,0,0,0,0,6.107
decode,real,2840,7251574333037874747,0,0,0,0,1,1,8935,8935.000,0,0,0,0,6.103
decode,real,2841,7251574333037874747,0,0,0,0,1,1,8936,8936.000,0,0,0,0,6.121
decode,real,2842,7251574333037874747,0,0,0,0,1,1,8937,8937.000,0,0,0,0,6.110
decode,real,2843,7251574333037874747,0,0,0,0,1,1,8938,8938.000,0,0,0,0,6.140
decode,real,2844,7251574333037874747,0,0,0,0,1,1,8939,8939.000,0,0,0,0,6.094
decode,real,2845,7251574333037874747,0,0,0,0,1,1,8940,8940.000,0,0,0,0,6.099
decode,real,2846,7251574333037874747,0,0,0,0,1,1,8941,8941.000,0,0,0,0,6.129
decode,real,2847,7251574333037874747,0,0,0,0,1,1,8942,8942.000,0,0,0,0,6.135
decode,real,2848,7251574333037874747,0,0,0,0,1,1,8943,8943.000,0,0,0,0,6.095
decode,real,2849,7251574333037874747,0,0,0,0,1,1,8944,8944.000,0,0,0,0,6.092
decode,real,2850,7251574333037874747,0,0,0,0,1,1,8945,8945.000,0,0,0,0,6.104
decode,real,2851,7251574333037874747,0,0,0,0,1,1,8946,8946.000,0,0,0,0,6.133
decode,real,2852,7251574333037874747,0,0,0,0,1,1,8947,8947.000,0,0,0,0,6.131
decode,real,2853,7251574333037874747,0,0,0,0,1,1,8948,8948.000,0,0,0,0,6.112
decode,real,2854,7251574333037874747,0,0,0,0,1,1,8949,8949.000,0,0,0,0,6.098
decode,real,2855,7251574333037874747,0,0,0,0,1,1,8950,8950.000,0,0,0,0,6.137
decode,real,2856,7251574333037874747,0,0,0,0,1,1,8951,8951.000,0,0,0,0,6.104
decode,real,2857,7251574333037874747,0,0,0,0,1,1,8952,8952.000,0,0,0,0,6.099
decode,real,2858,7251574333037874747,0,0,0,0,1,1,8953,8953.000,0,0,0,0,6.187
decode,real,2859,7251574333037874747,0,0,0,0,1,1,8954,8954.000,0,0,0,0,6.068
decode,real,2860,7251574333037874747,0,0,0,0,1,1,8955,8955.000,0,0,0,0,6.096
decode,real,2861,7251574333037874747,0,0,0,0,1,1,8956,8956.000,0,0,0,0,6.116
decode,real,2862,7251574333037874747,0,0,0,0,1,1,8957,8957.000,0,0,0,0,6.109
decode,real,2863,7251574333037874747,0,0,0,0,1,1,8958,8958.000,0,0,0,0,6.121
decode,real,2864,7251574333037874747,0,0,0,0,1,1,8959,8959.000,0,0,0,0,6.122
decode,real,2865,7251574333037874747,0,0,0,0,1,1,8960,8960.000,0,0,0,0,6.078
decode,real,2866,7251574333037874747,0,0,0,0,1,1,8961,8961.000,0,0,0,0,6.121
decode,real,2867,7251574333037874747,0,0,0,0,1,1,8962,8962.000,0,0,0,0,6.102
decode,real,2868,7251574333037874747,0,0,0,0,1,1,8963,8963.000,0,0,0,0,6.115
decode,real,2869,7251574333037874747,0,0,0,0,1,1,8964,8964.000,0,0,0,0,6.143
decode,real,2870,7251574333037874747,0,0,0,0,1,1,8965,8965.000,0,0,0,0,6.077
decode,real,2871,7251574333037874747,0,0,0,0,1,1,8966,8966.000,0,0,0,0,6.121
decode,real,2872,7251574333037874747,0,0,0,0,1,1,8967,8967.000,0,0,0,0,6.113
decode,real,2873,7251574333037874747,0,0,0,0,1,1,8968,8968.000,0,0,0,0,6.109
decode,real,2874,7251574333037874747,0,0,0,0,1,1,8969,8969.000,0,0,0,0,6.124
decode,real,2875,7251574333037874747,0,0,0,0,1,1,8970,8970.000,0,0,0,0,6.135
decode,real,2876,7251574333037874747,0,0,0,0,1,1,8971,8971.000,0,0,0,0,6.090
decode,real,2877,7251574333037874747,0,0,0,0,1,1,8972,8972.000,0,0,0,0,6.098
decode,real,2878,7251574333037874747,0,0,0,0,1,1,8973,8973.000,0,0,0,0,6.135
decode,real,2879,7251574333037874747,0,0,0,0,1,1,8974,8974.000,0,0,0,0,6.144
decode,real,2880,7251574333037874747,0,0,0,0,1,1,8975,8975.000,0,0,0,0,6.102
decode,real,2881,7251574333037874747,0,0,0,0,1,1,8976,8976.000,0,0,0,0,6.125
decode,real,2882,7251574333037874747,0,0,0,0,1,1,8977,8977.000,0,0,0,0,6.100
decode,real,2883,7251574333037874747,0,0,0,0,1,1,8978,8978.000,0,0,0,0,6.126
decode,real,2884,7251574333037874747,0,0,0,0,1,1,8979,8979.000,0,0,0,0,6.112
decode,real,2885,7251574333037874747,0,0,0,0,1,1,8980,8980.000,0,0,0,0,6.119
decode,real,2886,7251574333037874747,0,0,0,0,1,1,8981,8981.000,0,0,0,0,6.130
decode,real,2887,7251574333037874747,0,0,0,0,1,1,8982,8982.000,0,0,0,0,6.120
decode,real,2888,7251574333037874747,0,0,0,0,1,1,8983,8983.000,0,0,0,0,6.126
decode,real,2889,7251574333037874747,0,0,0,0,1,1,8984,8984.000,0,0,0,0,6.134
decode,real,2890,7251574333037874747,0,0,0,0,1,1,8985,8985.000,0,0,0,0,6.099
decode,real,2891,7251574333037874747,0,0,0,0,1,1,8986,8986.000,0,0,0,0,6.145
decode,real,2892,7251574333037874747,0,0,0,0,1,1,8987,8987.000,0,0,0,0,6.093
decode,real,2893,7251574333037874747,0,0,0,0,1,1,8988,8988.000,0,0,0,0,6.114
decode,real,2894,7251574333037874747,0,0,0,0,1,1,8989,8989.000,0,0,0,0,6.123
decode,real,2895,7251574333037874747,0,0,0,0,1,1,8990,8990.000,0,0,0,0,6.118
decode,real,2896,7251574333037874747,0,0,0,0,1,1,8991,8991.000,0,0,0,0,6.119
decode,real,2897,7251574333037874747,0,0,0,0,1,1,8992,8992.000,0,0,0,0,6.127
decode,real,2898,7251574333037874747,0,0,0,0,1,1,8993,8993.000,0,0,0,0,6.126
decode,real,2899,7251574333037874747,0,0,0,0,1,1,8994,8994.000,0,0,0,0,6.108
decode,real,2900,7251574333037874747,0,0,0,0,1,1,8995,8995.000,0,0,0,0,6.149
decode,real,2901,7251574333037874747,0,0,0,0,1,1,8996,8996.000,0,0,0,0,6.077
decode,real,2902,7251574333037874747,0,0,0,0,1,1,8997,8997.000,0,0,0,0,6.137
decode,real,2903,7251574333037874747,0,0,0,0,1,1,8998,8998.000,0,0,0,0,6.135
decode,real,2904,7251574333037874747,0,0,0,0,1,1,8999,8999.000,0,0,0,0,6.122
decode,real,2905,7251574333037874747,0,0,0,0,1,1,9000,9000.000,0,0,0,0,6.105
decode,real,2906,7251574333037874747,0,0,0,0,1,1,9001,9001.000,0,0,0,0,6.129
decode,real,2907,7251574333037874747,0,0,0,0,1,1,9002,9002.000,0,0,0,0,6.136
decode,real,2908,7251574333037874747,0,0,0,0,1,1,9003,9003.000,0,0,0,0,6.084
decode,real,2909,7251574333037874747,0,0,0,0,1,1,9004,9004.000,0,0,0,0,6.135
decode,real,2910,7251574333037874747,0,0,0,0,1,1,9005,9005.000,0,0,0,0,6.116
decode,real,2911,7251574333037874747,0,0,0,0,1,1,9006,9006.000,0,0,0,0,6.143
decode,real,2912,7251574333037874747,0,0,0,0,1,1,9007,9007.000,0,0,0,0,6.096
decode,real,2913,7251574333037874747,0,0,0,0,1,1,9008,9008.000,0,0,0,0,6.109
decode,real,2914,7251574333037874747,0,0,0,0,1,1,9009,9009.000,0,0,0,0,6.127
decode,real,2915,7251574333037874747,0,0,0,0,1,1,9010,9010.000,0,0,0,0,6.124
decode,real,2916,7251574333037874747,0,0,0,0,1,1,9011,9011.000,0,0,0,0,6.105
decode,real,2917,7251574333037874747,0,0,0,0,1,1,9012,9012.000,0,0,0,0,6.118
decode,real,2918,7251574333037874747,0,0,0,0,1,1,9013,9013.000,0,0,0,0,6.119
decode,real,2919,7251574333037874747,0,0,0,0,1,1,9014,9014.000,0,0,0,0,6.100
decode,real,2920,7251574333037874747,0,0,0,0,1,1,9015,9015.000,0,0,0,0,6.131
decode,real,2921,7251574333037874747,0,0,0,0,1,1,9016,9016.000,0,0,0,0,6.118
decode,real,2922,7251574333037874747,0,0,0,0,1,1,9017,9017.000,0,0,0,0,6.122
decode,real,2923,7251574333037874747,0,0,0,0,1,1,9018,9018.000,0,0,0,0,6.117
decode,real,2924,7251574333037874747,0,0,0,0,1,1,9019,9019.000,0,0,0,0,6.095
decode,real,2925,7251574333037874747,0,0,0,0,1,1,9020,9020.000,0,0,0,0,6.123
decode,real,2926,7251574333037874747,0,0,0,0,1,1,9021,9021.000,0,0,0,0,6.130
decode,real,2927,7251574333037874747,0,0,0,0,1,1,9022,9022.000,0,0,0,0,6.126
decode,real,2928,7251574333037874747,0,0,0,0,1,1,9023,9023.000,0,0,0,0,6.133
decode,real,2929,7251574333037874747,0,0,0,0,1,1,9024,9024.000,0,0,0,0,6.098
decode,real,2930,7251574333037874747,0,0,0,0,1,1,9025,9025.000,0,0,0,0,6.111
decode,real,2931,7251574333037874747,0,0,0,0,1,1,9026,9026.000,0,0,0,0,6.092
decode,real,2932,7251574333037874747,0,0,0,0,1,1,9027,9027.000,0,0,0,0,6.148
decode,real,2933,7251574333037874747,0,0,0,0,1,1,9028,9028.000,0,0,0,0,6.104
decode,real,2934,7251574333037874747,0,0,0,0,1,1,9029,9029.000,0,0,0,0,6.123
decode,real,2935,7251574333037874747,0,0,0,0,1,1,9030,9030.000,0,0,0,0,6.128
decode,real,2936,7251574333037874747,0,0,0,0,1,1,9031,9031.000,0,0,0,0,6.101
decode,real,2937,7251574333037874747,0,0,0,0,1,1,9032,9032.000,0,0,0,0,6.117
decode,real,2938,7251574333037874747,0,0,0,0,1,1,9033,9033.000,0,0,0,0,6.140
decode,real,2939,7251574333037874747,0,0,0,0,1,1,9034,9034.000,0,0,0,0,6.121
decode,real,2940,7251574333037874747,0,0,0,0,1,1,9035,9035.000,0,0,0,0,6.097
decode,real,2941,7251574333037874747,0,0,0,0,1,1,9036,9036.000,0,0,0,0,6.102
decode,real,2942,7251574333037874747,0,0,0,0,1,1,9037,9037.000,0,0,0,0,6.136
decode,real,2943,7251574333037874747,0,0,0,0,1,1,9038,9038.000,0,0,0,0,6.167
decode,real,2944,7251574333037874747,0,0,0,0,1,1,9039,9039.000,0,0,0,0,6.057
decode,real,2945,7251574333037874747,0,0,0,0,1,1,9040,9040.000,0,0,0,0,6.136
decode,real,2946,7251574333037874747,0,0,0,0,1,1,9041,9041.000,0,0,0,0,6.091
decode,real,2947,7251574333037874747,0,0,0,0,1,1,9042,9042.000,0,0,0,0,6.116
decode,real,2948,7251574333037874747,0,0,0,0,1,1,9043,9043.000,0,0,0,0,6.130
decode,real,2949,7251574333037874747,0,0,0,0,1,1,9044,9044.000,0,0,0,0,6.133
decode,real,2950,7251574333037874747,0,0,0,0,1,1,9045,9045.000,0,0,0,0,6.122
decode,real,2951,7251574333037874747,0,0,0,0,1,1,9046,9046.000,0,0,0,0,6.111
decode,real,2952,7251574333037874747,0,0,0,0,1,1,9047,9047.000,0,0,0,0,6.146
decode,real,2953,7251574333037874747,0,0,0,0,1,1,9048,9048.000,0,0,0,0,6.079
decode,real,2954,7251574333037874747,0,0,0,0,1,1,9049,9049.000,0,0,0,0,6.130
decode,real,2955,7251574333037874747,0,0,0,0,1,1,9050,9050.000,0,0,0,0,6.113
decode,real,2956,7251574333037874747,0,0,0,0,1,1,9051,9051.000,0,0,0,0,6.108
decode,real,2957,7251574333037874747,0,0,0,0,1,1,9052,9052.000,0,0,0,0,6.137
decode,real,2958,7251574333037874747,0,0,0,0,1,1,9053,9053.000,0,0,0,0,6.108
decode,real,2959,7251574333037874747,0,0,0,0,1,1,9054,9054.000,0,0,0,0,6.114
decode,real,2960,7251574333037874747,0,0,0,0,1,1,9055,9055.000,0,0,0,0,6.116
decode,real,2961,7251574333037874747,0,0,0,0,1,1,9056,9056.000,0,0,0,0,6.126
decode,real,2962,7251574333037874747,0,0,0,0,1,1,9057,9057.000,0,0,0,0,6.125
decode,real,2963,7251574333037874747,0,0,0,0,1,1,9058,9058.000,0,0,0,0,6.100
decode,real,2964,7251574333037874747,0,0,0,0,1,1,9059,9059.000,0,0,0,0,6.118
decode,real,2965,7251574333037874747,0,0,0,0,1,1,9060,9060.000,0,0,0,0,6.116
decode,real,2966,7251574333037874747,0,0,0,0,1,1,9061,9061.000,0,0,0,0,6.144
decode,real,2967,7251574333037874747,0,0,0,0,1,1,9062,9062.000,0,0,0,0,6.101
decode,real,2968,7251574333037874747,0,0,0,0,1,1,9063,9063.000,0,0,0,0,6.122
decode,real,2969,7251574333037874747,0,0,0,0,1,1,9064,9064.000,0,0,0,0,6.120
decode,real,2970,7251574333037874747,0,0,0,0,1,1,9065,9065.000,0,0,0,0,6.117
decode,real,2971,7251574333037874747,0,0,0,0,1,1,9066,9066.000,0,0,0,0,6.111
decode,real,2972,7251574333037874747,0,0,0,0,1,1,9067,9067.000,0,0,0,0,6.112
decode,real,2973,7251574333037874747,0,0,0,0,1,1,9068,9068.000,0,0,0,0,6.125
decode,real,2974,7251574333037874747,0,0,0,0,1,1,9069,9069.000,0,0,0,0,6.125
decode,real,2975,7251574333037874747,0,0,0,0,1,1,9070,9070.000,0,0,0,0,6.152
decode,real,2976,7251574333037874747,0,0,0,0,1,1,9071,9071.000,0,0,0,0,6.083
decode,real,2977,7251574333037874747,0,0,0,0,1,1,9072,9072.000,0,0,0,0,6.127
decode,real,2978,7251574333037874747,0,0,0,0,1,1,9073,9073.000,0,0,0,0,6.112
decode,real,2979,7251574333037874747,0,0,0,0,1,1,9074,9074.000,0,0,0,0,6.123
decode,real,2980,7251574333037874747,0,0,0,0,1,1,9075,9075.000,0,0,0,0,6.095
decode,real,2981,7251574333037874747,0,0,0,0,1,1,9076,9076.000,0,0,0,0,6.132
decode,real,2982,7251574333037874747,0,0,0,0,1,1,9077,9077.000,0,0,0,0,6.089
decode,real,2983,7251574333037874747,0,0,0,0,1,1,9078,9078.000,0,0,0,0,6.137
decode,real,2984,7251574333037874747,0,0,0,0,1,1,9079,9079.000,0,0,0,0,6.107
decode,real,2985,7251574333037874747,0,0,0,0,1,1,9080,9080.000,0,0,0,0,6.127
decode,real,2986,7251574333037874747,0,0,0,0,1,1,9081,9081.000,0,0,0,0,6.117
decode,real,2987,7251574333037874747,0,0,0,0,1,1,9082,9082.000,0,0,0,0,6.127
decode,real,2988,7251574333037874747,0,0,0,0,1,1,9083,9083.000,0,0,0,0,6.117
decode,real,2989,7251574333037874747,0,0,0,0,1,1,9084,9084.000,0,0,0,0,6.128
decode,real,2990,7251574333037874747,0,0,0,0,1,1,9085,9085.000,0,0,0,0,6.118
decode,real,2991,7251574333037874747,0,0,0,0,1,1,9086,9086.000,0,0,0,0,6.126
decode,real,2992,7251574333037874747,0,0,0,0,1,1,9087,9087.000,0,0,0,0,6.110
decode,real,2993,7251574333037874747,0,0,0,0,1,1,9088,9088.000,0,0,0,0,6.098
decode,real,2994,7251574333037874747,0,0,0,0,1,1,9089,9089.000,0,0,0,0,6.109
decode,real,2995,7251574333037874747,0,0,0,0,1,1,9090,9090.000,0,0,0,0,6.116
decode,real,2996,7251574333037874747,0,0,0,0,1,1,9091,9091.000,0,0,0,0,6.094
decode,real,2997,7251574333037874747,0,0,0,0,1,1,9092,9092.000,0,0,0,0,6.102
decode,real,2998,7251574333037874747,0,0,0,0,1,1,9093,9093.000,0,0,0,0,6.145
decode,real,2999,7251574333037874747,0,0,0,0,1,1,9094,9094.000,0,0,0,0,6.085
decode,real,3000,7251574333037874747,0,0,0,0,1,1,9095,9095.000,0,0,0,0,6.116
decode,real,3001,7251574333037874747,0,0,0,0,1,1,9096,9096.000,0,0,0,0,6.105
decode,real,3002,7251574333037874747,0,0,0,0,1,1,9097,9097.000,0,0,0,0,6.109
decode,real,3003,7251574333037874747,0,0,0,0,1,1,9098,9098.000,0,0,0,0,6.105
decode,real,3004,7251574333037874747,0,0,0,0,1,1,9099,9099.000,0,0,0,0,6.118
decode,real,3005,7251574333037874747,0,0,0,0,1,1,9100,9100.000,0,0,0,0,6.093
decode,real,3006,7251574333037874747,0,0,0,0,1,1,9101,9101.000,0,0,0,0,6.117
decode,real,3007,7251574333037874747,0,0,0,0,1,1,9102,9102.000,0,0,0,0,6.126
decode,real,3008,7251574333037874747,0,0,0,0,1,1,9103,9103.000,0,0,0,0,6.102
decode,real,3009,7251574333037874747,0,0,0,0,1,1,9104,9104.000,0,0,0,0,6.128
decode,real,3010,7251574333037874747,0,0,0,0,1,1,9105,9105.000,0,0,0,0,6.097
decode,real,3011,7251574333037874747,0,0,0,0,1,1,9106,9106.000,0,0,0,0,6.110
decode,real,3012,7251574333037874747,0,0,0,0,1,1,9107,9107.000,0,0,0,0,6.106
decode,real,3013,7251574333037874747,0,0,0,0,1,1,9108,9108.000,0,0,0,0,6.117
decode,real,3014,7251574333037874747,0,0,0,0,1,1,9109,9109.000,0,0,0,0,6.113
decode,real,3015,7251574333037874747,0,0,0,0,1,1,9110,9110.000,0,0,0,0,6.120
decode,real,3016,7251574333037874747,0,0,0,0,1,1,9111,9111.000,0,0,0,0,6.129
decode,real,3017,7251574333037874747,0,0,0,0,1,1,9112,9112.000,0,0,0,0,6.081
decode,real,3018,7251574333037874747,0,0,0,0,1,1,9113,9113.000,0,0,0,0,6.132
decode,real,3019,7251574333037874747,0,0,0,0,1,1,9114,9114.000,0,0,0,0,6.124
decode,real,3020,7251574333037874747,0,0,0,0,1,1,9115,9115.000,0,0,0,0,6.082
decode,real,3021,7251574333037874747,0,0,0,0,1,1,9116,9116.000,0,0,0,0,6.147
decode,real,3022,7251574333037874747,0,0,0,0,1,1,9117,9117.000,0,0,0,0,6.131
decode,real,3023,7251574333037874747,0,0,0,0,1,1,9118,9118.000,0,0,0,0,6.092
decode,real,3024,7251574333037874747,0,0,0,0,1,1,9119,9119.000,0,0,0,0,6.098
decode,real,3025,7251574333037874747,0,0,0,0,1,1,9120,9120.000,0,0,0,0,6.174
decode,real,3026,7251574333037874747,0,0,0,0,1,1,9121,9121.000,0,0,0,0,6.071
decode,real,3027,7251574333037874747,0,0,0,0,1,1,9122,9122.000,0,0,0,0,6.128
decode,real,3028,7251574333037874747,0,0,0,0,1,1,9123,9123.000,0,0,0,0,6.115
decode,real,3029,7251574333037874747,0,0,0,0,1,1,9124,9124.000,0,0,0,0,6.129
decode,real,3030,7251574333037874747,0,0,0,0,1,1,9125,9125.000,0,0,0,0,6.091
decode,real,3031,7251574333037874747,0,0,0,0,1,1,9126,9126.000,0,0,0,0,6.138
decode,real,3032,7251574333037874747,0,0,0,0,1,1,9127,9127.000,0,0,0,0,6.111
decode,real,3033,7251574333037874747,0,0,0,0,1,1,9128,9128.000,0,0,0,0,6.106
decode,real,3034,7251574333037874747,0,0,0,0,1,1,9129,9129.000,0,0,0,0,6.142
decode,real,3035,7251574333037874747,0,0,0,0,1,1,9130,9130.000,0,0,0,0,6.109
decode,real,3036,7251574333037874747,0,0,0,0,1,1,9131,9131.000,0,0,0,0,6.108
decode,real,3037,7251574333037874747,0,0,0,0,1,1,9132,9132.000,0,0,0,0,6.099
decode,real,3038,7251574333037874747,0,0,0,0,1,1,9133,9133.000,0,0,0,0,6.110
decode,real,3039,7251574333037874747,0,0,0,0,1,1,9134,9134.000,0,0,0,0,6.121
decode,real,3040,7251574333037874747,0,0,0,0,1,1,9135,9135.000,0,0,0,0,6.109
decode,real,3041,7251574333037874747,0,0,0,0,1,1,9136,9136.000,0,0,0,0,6.130
decode,real,3042,7251574333037874747,0,0,0,0,1,1,9137,9137.000,0,0,0,0,6.098
decode,real,3043,7251574333037874747,0,0,0,0,1,1,9138,9138.000,0,0,0,0,6.109
decode,real,3044,7251574333037874747,0,0,0,0,1,1,9139,9139.000,0,0,0,0,6.119
decode,real,3045,7251574333037874747,0,0,0,0,1,1,9140,9140.000,0,0,0,0,6.095
decode,real,3046,7251574333037874747,0,0,0,0,1,1,9141,9141.000,0,0,0,0,6.130
decode,real,3047,7251574333037874747,0,0,0,0,1,1,9142,9142.000,0,0,0,0,6.130
decode,real,3048,7251574333037874747,0,0,0,0,1,1,9143,9143.000,0,0,0,0,6.084
decode,real,3049,7251574333037874747,0,0,0,0,1,1,9144,9144.000,0,0,0,0,6.131
decode,real,3050,7251574333037874747,0,0,0,0,1,1,9145,9145.000,0,0,0,0,6.108
decode,real,3051,7251574333037874747,0,0,0,0,1,1,9146,9146.000,0,0,0,0,6.119
decode,real,3052,7251574333037874747,0,0,0,0,1,1,9147,9147.000,0,0,0,0,6.124
decode,real,3053,7251574333037874747,0,0,0,0,1,1,9148,9148.000,0,0,0,0,6.090
decode,real,3054,7251574333037874747,0,0,0,0,1,1,9149,9149.000,0,0,0,0,6.116
decode,real,3055,7251574333037874747,0,0,0,0,1,1,9150,9150.000,0,0,0,0,6.138
decode,real,3056,7251574333037874747,0,0,0,0,1,1,9151,9151.000,0,0,0,0,6.084
decode,real,3057,7251574333037874747,0,0,0,0,1,1,9152,9152.000,0,0,0,0,6.119
decode,real,3058,7251574333037874747,0,0,0,0,1,1,9153,9153.000,0,0,0,0,6.121
decode,real,3059,7251574333037874747,0,0,0,0,1,1,9154,9154.000,0,0,0,0,6.131
decode,real,3060,7251574333037874747,0,0,0,0,1,1,9155,9155.000,0,0,0,0,6.112
decode,real,3061,7251574333037874747,0,0,0,0,1,1,9156,9156.000,0,0,0,0,6.089
decode,real,3062,7251574333037874747,0,0,0,0,1,1,9157,9157.000,0,0,0,0,6.140
decode,real,3063,7251574333037874747,0,0,0,0,1,1,9158,9158.000,0,0,0,0,6.091
decode,real,3064,7251574333037874747,0,0,0,0,1,1,9159,9159.000,0,0,0,0,6.128
decode,real,3065,7251574333037874747,0,0,0,0,1,1,9160,9160.000,0,0,0,0,6.089
decode,real,3066,7251574333037874747,0,0,0,0,1,1,9161,9161.000,0,0,0,0,6.124
decode,real,3067,7251574333037874747,0,0,0,0,1,1,9162,9162.000,0,0,0,0,6.111
decode,real,3068,7251574333037874747,0,0,0,0,1,1,9163,9163.000,0,0,0,0,6.106
decode,real,3069,7251574333037874747,0,0,0,0,1,1,9164,9164.000,0,0,0,0,6.123
decode,real,3070,7251574333037874747,0,0,0,0,1,1,9165,9165.000,0,0,0,0,6.108
decode,real,3071,7251574333037874747,0,0,0,0,1,1,9166,9166.000,0,0,0,0,6.145
decode,real,3072,7251574333037874747,0,0,0,0,1,1,9167,9167.000,0,0,0,0,6.107
decode,real,3073,7251574333037874747,0,0,0,0,1,1,9168,9168.000,0,0,0,0,6.085
decode,real,3074,7251574333037874747,0,0,0,0,1,1,9169,9169.000,0,0,0,0,6.135
decode,real,3075,7251574333037874747,0,0,0,0,1,1,9170,9170.000,0,0,0,0,6.127
decode,real,3076,7251574333037874747,0,0,0,0,1,1,9171,9171.000,0,0,0,0,6.098
decode,real,3077,7251574333037874747,0,0,0,0,1,1,9172,9172.000,0,0,0,0,6.111
decode,real,3078,7251574333037874747,0,0,0,0,1,1,9173,9173.000,0,0,0,0,6.130
decode,real,3079,7251574333037874747,0,0,0,0,1,1,9174,9174.000,0,0,0,0,6.117
decode,real,3080,7251574333037874747,0,0,0,0,1,1,9175,9175.000,0,0,0,0,6.113
decode,real,3081,7251574333037874747,0,0,0,0,1,1,9176,9176.000,0,0,0,0,6.118
decode,real,3082,7251574333037874747,0,0,0,0,1,1,9177,9177.000,0,0,0,0,6.108
decode,real,3083,7251574333037874747,0,0,0,0,1,1,9178,9178.000,0,0,0,0,6.128
decode,real,3084,7251574333037874747,0,0,0,0,1,1,9179,9179.000,0,0,0,0,6.155
decode,real,3085,7251574333037874747,0,0,0,0,1,1,9180,9180.000,0,0,0,0,6.075
decode,real,3086,7251574333037874747,0,0,0,0,1,1,9181,9181.000,0,0,0,0,6.135
decode,real,3087,7251574333037874747,0,0,0,0,1,1,9182,9182.000,0,0,0,0,6.108
decode,real,3088,7251574333037874747,0,0,0,0,1,1,9183,9183.000,0,0,0,0,6.094
decode,real,3089,7251574333037874747,0,0,0,0,1,1,9184,9184.000,0,0,0,0,6.121
decode,real,3090,7251574333037874747,0,0,0,0,1,1,9185,9185.000,0,0,0,0,6.109
decode,real,3091,7251574333037874747,0,0,0,0,1,1,9186,9186.000,0,0,0,0,6.118
decode,real,3092,7251574333037874747,0,0,0,0,1,1,9187,9187.000,0,0,0,0,6.118
decode,real,3093,7251574333037874747,0,0,0,0,1,1,9188,9188.000,0,0,0,0,6.119
decode,real,3094,7251574333037874747,0,0,0,0,1,1,9189,9189.000,0,0,0,0,6.109
decode,real,3095,7251574333037874747,0,0,0,0,1,1,9190,9190.000,0,0,0,0,6.127
decode,real,3096,7251574333037874747,0,0,0,0,1,1,9191,9191.000,0,0,0,0,6.122
decode,real,3097,7251574333037874747,0,0,0,0,1,1,9192,9192.000,0,0,0,0,6.120
decode,real,3098,7251574333037874747,0,0,0,0,1,1,9193,9193.000,0,0,0,0,6.117
decode,real,3099,7251574333037874747,0,0,0,0,1,1,9194,9194.000,0,0,0,0,6.105
decode,real,3100,7251574333037874747,0,0,0,0,1,1,9195,9195.000,0,0,0,0,6.118
decode,real,3101,7251574333037874747,0,0,0,0,1,1,9196,9196.000,0,0,0,0,6.108
decode,real,3102,7251574333037874747,0,0,0,0,1,1,9197,9197.000,0,0,0,0,6.131
decode,real,3103,7251574333037874747,0,0,0,0,1,1,9198,9198.000,0,0,0,0,6.123
decode,real,3104,7251574333037874747,0,0,0,0,1,1,9199,9199.000,0,0,0,0,6.098
decode,real,3105,7251574333037874747,0,0,0,0,1,1,9200,9200.000,0,0,0,0,6.126
decode,real,3106,7251574333037874747,0,0,0,0,1,1,9201,9201.000,0,0,0,0,6.103
decode,real,3107,7251574333037874747,0,0,0,0,1,1,9202,9202.000,0,0,0,0,6.115
decode,real,3108,7251574333037874747,0,0,0,0,1,1,9203,9203.000,0,0,0,0,6.089
decode,real,3109,7251574333037874747,0,0,0,0,1,1,9204,9204.000,0,0,0,0,6.115
decode,real,3110,7251574333037874747,0,0,0,0,1,1,9205,9205.000,0,0,0,0,6.122
decode,real,3111,7251574333037874747,0,0,0,0,1,1,9206,9206.000,0,0,0,0,6.110
decode,real,3112,7251574333037874747,0,0,0,0,1,1,9207,9207.000,0,0,0,0,6.143
decode,real,3113,7251574333037874747,0,0,0,0,1,1,9208,9208.000,0,0,0,0,6.103
decode,real,3114,7251574333037874747,0,0,0,0,1,1,9209,9209.000,0,0,0,0,6.118
decode,real,3115,7251574333037874747,0,0,0,0,1,1,9210,9210.000,0,0,0,0,6.122
decode,real,3116,7251574333037874747,0,0,0,0,1,1,9211,9211.000,0,0,0,0,6.095
decode,real,3117,7251574333037874747,0,0,0,0,1,1,9212,9212.000,0,0,0,0,6.124
decode,real,3118,7251574333037874747,0,0,0,0,1,1,9213,9213.000,0,0,0,0,6.111
decode,real,3119,7251574333037874747,0,0,0,0,1,1,9214,9214.000,0,0,0,0,6.250
context,real,3120,7251574333037874747,0,2048,1,0,0,0,0,0.000,0,0,0,0,48.862
context,real,3121,7251574333037874747,0,2048,1,2048,0,0,0,0.000,0,0,0,0,46.983
context,real,3122,7251574333037874747,0,2048,1,4096,0,0,0,0.000,0,0,0,0,48.632
context,real,3123,7251574333037874747,0,2048,1,6144,0,0,0,0.000,0,0,0,0,50.377
decode,real,3124,7251574333037874747,0,0,0,0,1,1,8192,8192.000,0,0,0,0,6.129
decode,real,3125,7251574333037874747,0,0,0,0,1,1,8193,8193.000,0,0,0,0,6.220
decode,real,3126,7251574333037874747,0,0,0,0,1,1,8194,8194.000,0,0,0,0,6.187
decode,real,3127,7251574333037874747,0,0,0,0,1,1,8195,8195.000,0,0,0,0,6.208
decode,real,3128,7251574333037874747,0,0,0,0,1,1,8196,8196.000,0,0,0,0,6.166
decode,real,3129,7251574333037874747,0,0,0,0,1,1,8197,8197.000,0,0,0,0,6.213
decode,real,3130,7251574333037874747,0,0,0,0,1,1,8198,8198.000,0,0,0,0,6.183
decode,real,3131,7251574333037874747,0,0,0,0,1,1,8199,8199.000,0,0,0,0,6.175
decode,real,3132,7251574333037874747,0,0,0,0,1,1,8200,8200.000,0,0,0,0,6.195
decode,real,3133,7251574333037874747,0,0,0,0,1,1,8201,8201.000,0,0,0,0,6.203
decode,real,3134,7251574333037874747,0,0,0,0,1,1,8202,8202.000,0,0,0,0,6.194
decode,real,3135,7251574333037874747,0,0,0,0,1,1,8203,8203.000,0,0,0,0,6.187
decode,real,3136,7251574333037874747,0,0,0,0,1,1,8204,8204.000,0,0,0,0,6.182
decode,real,3137,7251574333037874747,0,0,0,0,1,1,8205,8205.000,0,0,0,0,6.205
decode,real,3138,7251574333037874747,0,0,0,0,1,1,8206,8206.000,0,0,0,0,6.202
decode,real,3139,7251574333037874747,0,0,0,0,1,1,8207,8207.000,0,0,0,0,6.173
decode,real,3140,7251574333037874747,0,0,0,0,1,1,8208,8208.000,0,0,0,0,6.166
decode,real,3141,7251574333037874747,0,0,0,0,1,1,8209,8209.000,0,0,0,0,6.210
decode,real,3142,7251574333037874747,0,0,0,0,1,1,8210,8210.000,0,0,0,0,6.192
decode,real,3143,7251574333037874747,0,0,0,0,1,1,8211,8211.000,0,0,0,0,6.178
decode,real,3144,7251574333037874747,0,0,0,0,1,1,8212,8212.000,0,0,0,0,6.205
decode,real,3145,7251574333037874747,0,0,0,0,1,1,8213,8213.000,0,0,0,0,6.181
decode,real,3146,7251574333037874747,0,0,0,0,1,1,8214,8214.000,0,0,0,0,6.169
decode,real,3147,7251574333037874747,0,0,0,0,1,1,8215,8215.000,0,0,0,0,6.184
decode,real,3148,7251574333037874747,0,0,0,0,1,1,8216,8216.000,0,0,0,0,6.180
decode,real,3149,7251574333037874747,0,0,0,0,1,1,8217,8217.000,0,0,0,0,6.161
decode,real,3150,7251574333037874747,0,0,0,0,1,1,8218,8218.000,0,0,0,0,6.172
decode,real,3151,7251574333037874747,0,0,0,0,1,1,8219,8219.000,0,0,0,0,6.167
decode,real,3152,7251574333037874747,0,0,0,0,1,1,8220,8220.000,0,0,0,0,6.164
decode,real,3153,7251574333037874747,0,0,0,0,1,1,8221,8221.000,0,0,0,0,6.174
decode,real,3154,7251574333037874747,0,0,0,0,1,1,8222,8222.000,0,0,0,0,6.170
decode,real,3155,7251574333037874747,0,0,0,0,1,1,8223,8223.000,0,0,0,0,6.116
decode,real,3156,7251574333037874747,0,0,0,0,1,1,8224,8224.000,0,0,0,0,6.161
decode,real,3157,7251574333037874747,0,0,0,0,1,1,8225,8225.000,0,0,0,0,6.107
decode,real,3158,7251574333037874747,0,0,0,0,1,1,8226,8226.000,0,0,0,0,6.149
decode,real,3159,7251574333037874747,0,0,0,0,1,1,8227,8227.000,0,0,0,0,6.116
decode,real,3160,7251574333037874747,0,0,0,0,1,1,8228,8228.000,0,0,0,0,6.155
decode,real,3161,7251574333037874747,0,0,0,0,1,1,8229,8229.000,0,0,0,0,6.103
decode,real,3162,7251574333037874747,0,0,0,0,1,1,8230,8230.000,0,0,0,0,6.130
decode,real,3163,7251574333037874747,0,0,0,0,1,1,8231,8231.000,0,0,0,0,6.120
decode,real,3164,7251574333037874747,0,0,0,0,1,1,8232,8232.000,0,0,0,0,6.154
decode,real,3165,7251574333037874747,0,0,0,0,1,1,8233,8233.000,0,0,0,0,6.152
decode,real,3166,7251574333037874747,0,0,0,0,1,1,8234,8234.000,0,0,0,0,6.100
decode,real,3167,7251574333037874747,0,0,0,0,1,1,8235,8235.000,0,0,0,0,6.112
decode,real,3168,7251574333037874747,0,0,0,0,1,1,8236,8236.000,0,0,0,0,6.130
decode,real,3169,7251574333037874747,0,0,0,0,1,1,8237,8237.000,0,0,0,0,6.119
decode,real,3170,7251574333037874747,0,0,0,0,1,1,8238,8238.000,0,0,0,0,6.151
decode,real,3171,7251574333037874747,0,0,0,0,1,1,8239,8239.000,0,0,0,0,6.066
decode,real,3172,7251574333037874747,0,0,0,0,1,1,8240,8240.000,0,0,0,0,6.096
decode,real,3173,7251574333037874747,0,0,0,0,1,1,8241,8241.000,0,0,0,0,6.100
decode,real,3174,7251574333037874747,0,0,0,0,1,1,8242,8242.000,0,0,0,0,6.125
decode,real,3175,7251574333037874747,0,0,0,0,1,1,8243,8243.000,0,0,0,0,6.180
decode,real,3176,7251574333037874747,0,0,0,0,1,1,8244,8244.000,0,0,0,0,6.021
decode,real,3177,7251574333037874747,0,0,0,0,1,1,8245,8245.000,0,0,0,0,6.110
decode,real,3178,7251574333037874747,0,0,0,0,1,1,8246,8246.000,0,0,0,0,6.083
decode,real,3179,7251574333037874747,0,0,0,0,1,1,8247,8247.000,0,0,0,0,6.124
decode,real,3180,7251574333037874747,0,0,0,0,1,1,8248,8248.000,0,0,0,0,6.081
decode,real,3181,7251574333037874747,0,0,0,0,1,1,8249,8249.000,0,0,0,0,6.096
decode,real,3182,7251574333037874747,0,0,0,0,1,1,8250,8250.000,0,0,0,0,6.101
decode,real,3183,7251574333037874747,0,0,0,0,1,1,8251,8251.000,0,0,0,0,6.104
decode,real,3184,7251574333037874747,0,0,0,0,1,1,8252,8252.000,0,0,0,0,6.083
decode,real,3185,7251574333037874747,0,0,0,0,1,1,8253,8253.000,0,0,0,0,6.115
decode,real,3186,7251574333037874747,0,0,0,0,1,1,8254,8254.000,0,0,0,0,6.102
decode,real,3187,7251574333037874747,0,0,0,0,1,1,8255,8255.000,0,0,0,0,6.106
decode,real,3188,7251574333037874747,0,0,0,0,1,1,8256,8256.000,0,0,0,0,6.046
decode,real,3189,7251574333037874747,0,0,0,0,1,1,8257,8257.000,0,0,0,0,6.109
decode,real,3190,7251574333037874747,0,0,0,0,1,1,8258,8258.000,0,0,0,0,6.090
decode,real,3191,7251574333037874747,0,0,0,0,1,1,8259,8259.000,0,0,0,0,6.090
decode,real,3192,7251574333037874747,0,0,0,0,1,1,8260,8260.000,0,0,0,0,6.108
decode,real,3193,7251574333037874747,0,0,0,0,1,1,8261,8261.000,0,0,0,0,6.083
decode,real,3194,7251574333037874747,0,0,0,0,1,1,8262,8262.000,0,0,0,0,6.094
decode,real,3195,7251574333037874747,0,0,0,0,1,1,8263,8263.000,0,0,0,0,6.106
decode,real,3196,7251574333037874747,0,0,0,0,1,1,8264,8264.000,0,0,0,0,6.092
decode,real,3197,7251574333037874747,0,0,0,0,1,1,8265,8265.000,0,0,0,0,6.083
decode,real,3198,7251574333037874747,0,0,0,0,1,1,8266,8266.000,0,0,0,0,6.090
decode,real,3199,7251574333037874747,0,0,0,0,1,1,8267,8267.000,0,0,0,0,6.105
decode,real,3200,7251574333037874747,0,0,0,0,1,1,8268,8268.000,0,0,0,0,6.085
decode,real,3201,7251574333037874747,0,0,0,0,1,1,8269,8269.000,0,0,0,0,6.135
decode,real,3202,7251574333037874747,0,0,0,0,1,1,8270,8270.000,0,0,0,0,6.045
decode,real,3203,7251574333037874747,0,0,0,0,1,1,8271,8271.000,0,0,0,0,6.088
decode,real,3204,7251574333037874747,0,0,0,0,1,1,8272,8272.000,0,0,0,0,6.105
decode,real,3205,7251574333037874747,0,0,0,0,1,1,8273,8273.000,0,0,0,0,6.082
decode,real,3206,7251574333037874747,0,0,0,0,1,1,8274,8274.000,0,0,0,0,6.079
decode,real,3207,7251574333037874747,0,0,0,0,1,1,8275,8275.000,0,0,0,0,6.086
decode,real,3208,7251574333037874747,0,0,0,0,1,1,8276,8276.000,0,0,0,0,6.094
decode,real,3209,7251574333037874747,0,0,0,0,1,1,8277,8277.000,0,0,0,0,6.112
decode,real,3210,7251574333037874747,0,0,0,0,1,1,8278,8278.000,0,0,0,0,6.075
decode,real,3211,7251574333037874747,0,0,0,0,1,1,8279,8279.000,0,0,0,0,6.093
decode,real,3212,7251574333037874747,0,0,0,0,1,1,8280,8280.000,0,0,0,0,6.088
decode,real,3213,7251574333037874747,0,0,0,0,1,1,8281,8281.000,0,0,0,0,6.120
decode,real,3214,7251574333037874747,0,0,0,0,1,1,8282,8282.000,0,0,0,0,6.074
decode,real,3215,7251574333037874747,0,0,0,0,1,1,8283,8283.000,0,0,0,0,6.101
decode,real,3216,7251574333037874747,0,0,0,0,1,1,8284,8284.000,0,0,0,0,6.092
decode,real,3217,7251574333037874747,0,0,0,0,1,1,8285,8285.000,0,0,0,0,6.087
decode,real,3218,7251574333037874747,0,0,0,0,1,1,8286,8286.000,0,0,0,0,6.128
decode,real,3219,7251574333037874747,0,0,0,0,1,1,8287,8287.000,0,0,0,0,6.065
decode,real,3220,7251574333037874747,0,0,0,0,1,1,8288,8288.000,0,0,0,0,6.104
decode,real,3221,7251574333037874747,0,0,0,0,1,1,8289,8289.000,0,0,0,0,6.085
decode,real,3222,7251574333037874747,0,0,0,0,1,1,8290,8290.000,0,0,0,0,6.078
decode,real,3223,7251574333037874747,0,0,0,0,1,1,8291,8291.000,0,0,0,0,6.094
decode,real,3224,7251574333037874747,0,0,0,0,1,1,8292,8292.000,0,0,0,0,6.085
decode,real,3225,7251574333037874747,0,0,0,0,1,1,8293,8293.000,0,0,0,0,6.094
decode,real,3226,7251574333037874747,0,0,0,0,1,1,8294,8294.000,0,0,0,0,6.080
decode,real,3227,7251574333037874747,0,0,0,0,1,1,8295,8295.000,0,0,0,0,6.110
decode,real,3228,7251574333037874747,0,0,0,0,1,1,8296,8296.000,0,0,0,0,6.077
decode,real,3229,7251574333037874747,0,0,0,0,1,1,8297,8297.000,0,0,0,0,6.117
decode,real,3230,7251574333037874747,0,0,0,0,1,1,8298,8298.000,0,0,0,0,6.082
decode,real,3231,7251574333037874747,0,0,0,0,1,1,8299,8299.000,0,0,0,0,6.100
decode,real,3232,7251574333037874747,0,0,0,0,1,1,8300,8300.000,0,0,0,0,6.089
decode,real,3233,7251574333037874747,0,0,0,0,1,1,8301,8301.000,0,0,0,0,6.100
decode,real,3234,7251574333037874747,0,0,0,0,1,1,8302,8302.000,0,0,0,0,6.108
decode,real,3235,7251574333037874747,0,0,0,0,1,1,8303,8303.000,0,0,0,0,6.045
decode,real,3236,7251574333037874747,0,0,0,0,1,1,8304,8304.000,0,0,0,0,6.114
decode,real,3237,7251574333037874747,0,0,0,0,1,1,8305,8305.000,0,0,0,0,6.099
decode,real,3238,7251574333037874747,0,0,0,0,1,1,8306,8306.000,0,0,0,0,6.083
decode,real,3239,7251574333037874747,0,0,0,0,1,1,8307,8307.000,0,0,0,0,6.087
decode,real,3240,7251574333037874747,0,0,0,0,1,1,8308,8308.000,0,0,0,0,6.097
decode,real,3241,7251574333037874747,0,0,0,0,1,1,8309,8309.000,0,0,0,0,6.061
decode,real,3242,7251574333037874747,0,0,0,0,1,1,8310,8310.000,0,0,0,0,6.107
decode,real,3243,7251574333037874747,0,0,0,0,1,1,8311,8311.000,0,0,0,0,6.080
decode,real,3244,7251574333037874747,0,0,0,0,1,1,8312,8312.000,0,0,0,0,6.104
decode,real,3245,7251574333037874747,0,0,0,0,1,1,8313,8313.000,0,0,0,0,6.090
decode,real,3246,7251574333037874747,0,0,0,0,1,1,8314,8314.000,0,0,0,0,6.079
decode,real,3247,7251574333037874747,0,0,0,0,1,1,8315,8315.000,0,0,0,0,6.097
decode,real,3248,7251574333037874747,0,0,0,0,1,1,8316,8316.000,0,0,0,0,6.086
decode,real,3249,7251574333037874747,0,0,0,0,1,1,8317,8317.000,0,0,0,0,6.080
decode,real,3250,7251574333037874747,0,0,0,0,1,1,8318,8318.000,0,0,0,0,6.114
decode,real,3251,7251574333037874747,0,0,0,0,1,1,8319,8319.000,0,0,0,0,6.078
decode,real,3252,7251574333037874747,0,0,0,0,1,1,8320,8320.000,0,0,0,0,6.107
decode,real,3253,7251574333037874747,0,0,0,0,1,1,8321,8321.000,0,0,0,0,6.085
decode,real,3254,7251574333037874747,0,0,0,0,1,1,8322,8322.000,0,0,0,0,6.075
decode,real,3255,7251574333037874747,0,0,0,0,1,1,8323,8323.000,0,0,0,0,6.086
decode,real,3256,7251574333037874747,0,0,0,0,1,1,8324,8324.000,0,0,0,0,6.081
decode,real,3257,7251574333037874747,0,0,0,0,1,1,8325,8325.000,0,0,0,0,6.091
decode,real,3258,7251574333037874747,0,0,0,0,1,1,8326,8326.000,0,0,0,0,6.100
decode,real,3259,7251574333037874747,0,0,0,0,1,1,8327,8327.000,0,0,0,0,6.069
decode,real,3260,7251574333037874747,0,0,0,0,1,1,8328,8328.000,0,0,0,0,6.099
decode,real,3261,7251574333037874747,0,0,0,0,1,1,8329,8329.000,0,0,0,0,6.070
decode,real,3262,7251574333037874747,0,0,0,0,1,1,8330,8330.000,0,0,0,0,6.092
decode,real,3263,7251574333037874747,0,0,0,0,1,1,8331,8331.000,0,0,0,0,6.534
decode,real,3264,7251574333037874747,0,0,0,0,1,1,8332,8332.000,0,0,0,0,5.617
decode,real,3265,7251574333037874747,0,0,0,0,1,1,8333,8333.000,0,0,0,0,6.071
decode,real,3266,7251574333037874747,0,0,0,0,1,1,8334,8334.000,0,0,0,0,6.098
decode,real,3267,7251574333037874747,0,0,0,0,1,1,8335,8335.000,0,0,0,0,6.084
decode,real,3268,7251574333037874747,0,0,0,0,1,1,8336,8336.000,0,0,0,0,6.089
decode,real,3269,7251574333037874747,0,0,0,0,1,1,8337,8337.000,0,0,0,0,6.102
decode,real,3270,7251574333037874747,0,0,0,0,1,1,8338,8338.000,0,0,0,0,6.084
decode,real,3271,7251574333037874747,0,0,0,0,1,1,8339,8339.000,0,0,0,0,6.088
decode,real,3272,7251574333037874747,0,0,0,0,1,1,8340,8340.000,0,0,0,0,6.082
decode,real,3273,7251574333037874747,0,0,0,0,1,1,8341,8341.000,0,0,0,0,6.107
decode,real,3274,7251574333037874747,0,0,0,0,1,1,8342,8342.000,0,0,0,0,6.111
decode,real,3275,7251574333037874747,0,0,0,0,1,1,8343,8343.000,0,0,0,0,6.078
decode,real,3276,7251574333037874747,0,0,0,0,1,1,8344,8344.000,0,0,0,0,6.086
decode,real,3277,7251574333037874747,0,0,0,0,1,1,8345,8345.000,0,0,0,0,6.104
decode,real,3278,7251574333037874747,0,0,0,0,1,1,8346,8346.000,0,0,0,0,6.094
decode,real,3279,7251574333037874747,0,0,0,0,1,1,8347,8347.000,0,0,0,0,6.081
decode,real,3280,7251574333037874747,0,0,0,0,1,1,8348,8348.000,0,0,0,0,6.095
decode,real,3281,7251574333037874747,0,0,0,0,1,1,8349,8349.000,0,0,0,0,6.079
decode,real,3282,7251574333037874747,0,0,0,0,1,1,8350,8350.000,0,0,0,0,6.101
decode,real,3283,7251574333037874747,0,0,0,0,1,1,8351,8351.000,0,0,0,0,6.112
decode,real,3284,7251574333037874747,0,0,0,0,1,1,8352,8352.000,0,0,0,0,6.070
decode,real,3285,7251574333037874747,0,0,0,0,1,1,8353,8353.000,0,0,0,0,6.111
decode,real,3286,7251574333037874747,0,0,0,0,1,1,8354,8354.000,0,0,0,0,6.080
decode,real,3287,7251574333037874747,0,0,0,0,1,1,8355,8355.000,0,0,0,0,6.097
decode,real,3288,7251574333037874747,0,0,0,0,1,1,8356,8356.000,0,0,0,0,6.090
decode,real,3289,7251574333037874747,0,0,0,0,1,1,8357,8357.000,0,0,0,0,6.089
decode,real,3290,7251574333037874747,0,0,0,0,1,1,8358,8358.000,0,0,0,0,6.095
decode,real,3291,7251574333037874747,0,0,0,0,1,1,8359,8359.000,0,0,0,0,6.085
decode,real,3292,7251574333037874747,0,0,0,0,1,1,8360,8360.000,0,0,0,0,6.085
decode,real,3293,7251574333037874747,0,0,0,0,1,1,8361,8361.000,0,0,0,0,6.086
decode,real,3294,7251574333037874747,0,0,0,0,1,1,8362,8362.000,0,0,0,0,6.113
decode,real,3295,7251574333037874747,0,0,0,0,1,1,8363,8363.000,0,0,0,0,6.093
decode,real,3296,7251574333037874747,0,0,0,0,1,1,8364,8364.000,0,0,0,0,6.090
decode,real,3297,7251574333037874747,0,0,0,0,1,1,8365,8365.000,0,0,0,0,6.096
decode,real,3298,7251574333037874747,0,0,0,0,1,1,8366,8366.000,0,0,0,0,6.095
decode,real,3299,7251574333037874747,0,0,0,0,1,1,8367,8367.000,0,0,0,0,6.050
decode,real,3300,7251574333037874747,0,0,0,0,1,1,8368,8368.000,0,0,0,0,6.120
decode,real,3301,7251574333037874747,0,0,0,0,1,1,8369,8369.000,0,0,0,0,6.090
decode,real,3302,7251574333037874747,0,0,0,0,1,1,8370,8370.000,0,0,0,0,6.070
decode,real,3303,7251574333037874747,0,0,0,0,1,1,8371,8371.000,0,0,0,0,6.082
decode,real,3304,7251574333037874747,0,0,0,0,1,1,8372,8372.000,0,0,0,0,6.097
decode,real,3305,7251574333037874747,0,0,0,0,1,1,8373,8373.000,0,0,0,0,6.076
decode,real,3306,7251574333037874747,0,0,0,0,1,1,8374,8374.000,0,0,0,0,6.100
decode,real,3307,7251574333037874747,0,0,0,0,1,1,8375,8375.000,0,0,0,0,6.093
decode,real,3308,7251574333037874747,0,0,0,0,1,1,8376,8376.000,0,0,0,0,6.069
decode,real,3309,7251574333037874747,0,0,0,0,1,1,8377,8377.000,0,0,0,0,6.098
decode,real,3310,7251574333037874747,0,0,0,0,1,1,8378,8378.000,0,0,0,0,6.099
decode,real,3311,7251574333037874747,0,0,0,0,1,1,8379,8379.000,0,0,0,0,6.058
decode,real,3312,7251574333037874747,0,0,0,0,1,1,8380,8380.000,0,0,0,0,6.122
decode,real,3313,7251574333037874747,0,0,0,0,1,1,8381,8381.000,0,0,0,0,6.059
decode,real,3314,7251574333037874747,0,0,0,0,1,1,8382,8382.000,0,0,0,0,6.090
decode,real,3315,7251574333037874747,0,0,0,0,1,1,8383,8383.000,0,0,0,0,6.074
decode,real,3316,7251574333037874747,0,0,0,0,1,1,8384,8384.000,0,0,0,0,6.108
decode,real,3317,7251574333037874747,0,0,0,0,1,1,8385,8385.000,0,0,0,0,6.082
decode,real,3318,7251574333037874747,0,0,0,0,1,1,8386,8386.000,0,0,0,0,6.083
decode,real,3319,7251574333037874747,0,0,0,0,1,1,8387,8387.000,0,0,0,0,6.095
decode,real,3320,7251574333037874747,0,0,0,0,1,1,8388,8388.000,0,0,0,0,6.107
decode,real,3321,7251574333037874747,0,0,0,0,1,1,8389,8389.000,0,0,0,0,6.052
decode,real,3322,7251574333037874747,0,0,0,0,1,1,8390,8390.000,0,0,0,0,6.094
decode,real,3323,7251574333037874747,0,0,0,0,1,1,8391,8391.000,0,0,0,0,6.089
decode,real,3324,7251574333037874747,0,0,0,0,1,1,8392,8392.000,0,0,0,0,6.076
decode,real,3325,7251574333037874747,0,0,0,0,1,1,8393,8393.000,0,0,0,0,6.084
decode,real,3326,7251574333037874747,0,0,0,0,1,1,8394,8394.000,0,0,0,0,6.099
decode,real,3327,7251574333037874747,0,0,0,0,1,1,8395,8395.000,0,0,0,0,6.086
decode,real,3328,7251574333037874747,0,0,0,0,1,1,8396,8396.000,0,0,0,0,6.086
decode,real,3329,7251574333037874747,0,0,0,0,1,1,8397,8397.000,0,0,0,0,6.093
decode,real,3330,7251574333037874747,0,0,0,0,1,1,8398,8398.000,0,0,0,0,6.112
decode,real,3331,7251574333037874747,0,0,0,0,1,1,8399,8399.000,0,0,0,0,6.074
decode,real,3332,7251574333037874747,0,0,0,0,1,1,8400,8400.000,0,0,0,0,6.085
decode,real,3333,7251574333037874747,0,0,0,0,1,1,8401,8401.000,0,0,0,0,6.083
decode,real,3334,7251574333037874747,0,0,0,0,1,1,8402,8402.000,0,0,0,0,6.077
decode,real,3335,7251574333037874747,0,0,0,0,1,1,8403,8403.000,0,0,0,0,6.101
decode,real,3336,7251574333037874747,0,0,0,0,1,1,8404,8404.000,0,0,0,0,6.087
decode,real,3337,7251574333037874747,0,0,0,0,1,1,8405,8405.000,0,0,0,0,6.087
decode,real,3338,7251574333037874747,0,0,0,0,1,1,8406,8406.000,0,0,0,0,6.097
decode,real,3339,7251574333037874747,0,0,0,0,1,1,8407,8407.000,0,0,0,0,6.114
decode,real,3340,7251574333037874747,0,0,0,0,1,1,8408,8408.000,0,0,0,0,6.085
decode,real,3341,7251574333037874747,0,0,0,0,1,1,8409,8409.000,0,0,0,0,6.119
decode,real,3342,7251574333037874747,0,0,0,0,1,1,8410,8410.000,0,0,0,0,6.048
decode,real,3343,7251574333037874747,0,0,0,0,1,1,8411,8411.000,0,0,0,0,6.096
decode,real,3344,7251574333037874747,0,0,0,0,1,1,8412,8412.000,0,0,0,0,6.088
decode,real,3345,7251574333037874747,0,0,0,0,1,1,8413,8413.000,0,0,0,0,6.103
decode,real,3346,7251574333037874747,0,0,0,0,1,1,8414,8414.000,0,0,0,0,6.087
decode,real,3347,7251574333037874747,0,0,0,0,1,1,8415,8415.000,0,0,0,0,6.083
decode,real,3348,7251574333037874747,0,0,0,0,1,1,8416,8416.000,0,0,0,0,6.097
decode,real,3349,7251574333037874747,0,0,0,0,1,1,8417,8417.000,0,0,0,0,6.090
decode,real,3350,7251574333037874747,0,0,0,0,1,1,8418,8418.000,0,0,0,0,6.078
decode,real,3351,7251574333037874747,0,0,0,0,1,1,8419,8419.000,0,0,0,0,6.089
decode,real,3352,7251574333037874747,0,0,0,0,1,1,8420,8420.000,0,0,0,0,6.094
decode,real,3353,7251574333037874747,0,0,0,0,1,1,8421,8421.000,0,0,0,0,6.088
decode,real,3354,7251574333037874747,0,0,0,0,1,1,8422,8422.000,0,0,0,0,6.093
decode,real,3355,7251574333037874747,0,0,0,0,1,1,8423,8423.000,0,0,0,0,6.078
decode,real,3356,7251574333037874747,0,0,0,0,1,1,8424,8424.000,0,0,0,0,6.109
decode,real,3357,7251574333037874747,0,0,0,0,1,1,8425,8425.000,0,0,0,0,6.087
decode,real,3358,7251574333037874747,0,0,0,0,1,1,8426,8426.000,0,0,0,0,6.085
decode,real,3359,7251574333037874747,0,0,0,0,1,1,8427,8427.000,0,0,0,0,6.100
decode,real,3360,7251574333037874747,0,0,0,0,1,1,8428,8428.000,0,0,0,0,6.099
decode,real,3361,7251574333037874747,0,0,0,0,1,1,8429,8429.000,0,0,0,0,6.103
decode,real,3362,7251574333037874747,0,0,0,0,1,1,8430,8430.000,0,0,0,0,6.087
decode,real,3363,7251574333037874747,0,0,0,0,1,1,8431,8431.000,0,0,0,0,6.110
decode,real,3364,7251574333037874747,0,0,0,0,1,1,8432,8432.000,0,0,0,0,6.041
decode,real,3365,7251574333037874747,0,0,0,0,1,1,8433,8433.000,0,0,0,0,6.100
decode,real,3366,7251574333037874747,0,0,0,0,1,1,8434,8434.000,0,0,0,0,6.099
decode,real,3367,7251574333037874747,0,0,0,0,1,1,8435,8435.000,0,0,0,0,6.080
decode,real,3368,7251574333037874747,0,0,0,0,1,1,8436,8436.000,0,0,0,0,6.105
decode,real,3369,7251574333037874747,0,0,0,0,1,1,8437,8437.000,0,0,0,0,6.075
decode,real,3370,7251574333037874747,0,0,0,0,1,1,8438,8438.000,0,0,0,0,6.100
decode,real,3371,7251574333037874747,0,0,0,0,1,1,8439,8439.000,0,0,0,0,6.094
decode,real,3372,7251574333037874747,0,0,0,0,1,1,8440,8440.000,0,0,0,0,6.074
decode,real,3373,7251574333037874747,0,0,0,0,1,1,8441,8441.000,0,0,0,0,6.092
decode,real,3374,7251574333037874747,0,0,0,0,1,1,8442,8442.000,0,0,0,0,6.079
decode,real,3375,7251574333037874747,0,0,0,0,1,1,8443,8443.000,0,0,0,0,6.113
decode,real,3376,7251574333037874747,0,0,0,0,1,1,8444,8444.000,0,0,0,0,6.073
decode,real,3377,7251574333037874747,0,0,0,0,1,1,8445,8445.000,0,0,0,0,6.072
decode,real,3378,7251574333037874747,0,0,0,0,1,1,8446,8446.000,0,0,0,0,6.114
decode,real,3379,7251574333037874747,0,0,0,0,1,1,8447,8447.000,0,0,0,0,6.069
decode,real,3380,7251574333037874747,0,0,0,0,1,1,8448,8448.000,0,0,0,0,6.125
decode,real,3381,7251574333037874747,0,0,0,0,1,1,8449,8449.000,0,0,0,0,6.085
decode,real,3382,7251574333037874747,0,0,0,0,1,1,8450,8450.000,0,0,0,0,6.106
decode,real,3383,7251574333037874747,0,0,0,0,1,1,8451,8451.000,0,0,0,0,6.099
decode,real,3384,7251574333037874747,0,0,0,0,1,1,8452,8452.000,0,0,0,0,6.141
decode,real,3385,7251574333037874747,0,0,0,0,1,1,8453,8453.000,0,0,0,0,6.086
decode,real,3386,7251574333037874747,0,0,0,0,1,1,8454,8454.000,0,0,0,0,6.102
decode,real,3387,7251574333037874747,0,0,0,0,1,1,8455,8455.000,0,0,0,0,6.092
decode,real,3388,7251574333037874747,0,0,0,0,1,1,8456,8456.000,0,0,0,0,6.133
decode,real,3389,7251574333037874747,0,0,0,0,1,1,8457,8457.000,0,0,0,0,6.103
decode,real,3390,7251574333037874747,0,0,0,0,1,1,8458,8458.000,0,0,0,0,6.096
decode,real,3391,7251574333037874747,0,0,0,0,1,1,8459,8459.000,0,0,0,0,6.118
decode,real,3392,7251574333037874747,0,0,0,0,1,1,8460,8460.000,0,0,0,0,6.077
decode,real,3393,7251574333037874747,0,0,0,0,1,1,8461,8461.000,0,0,0,0,6.111
decode,real,3394,7251574333037874747,0,0,0,0,1,1,8462,8462.000,0,0,0,0,6.155
decode,real,3395,7251574333037874747,0,0,0,0,1,1,8463,8463.000,0,0,0,0,6.078
decode,real,3396,7251574333037874747,0,0,0,0,1,1,8464,8464.000,0,0,0,0,6.115
decode,real,3397,7251574333037874747,0,0,0,0,1,1,8465,8465.000,0,0,0,0,6.104
decode,real,3398,7251574333037874747,0,0,0,0,1,1,8466,8466.000,0,0,0,0,6.113
decode,real,3399,7251574333037874747,0,0,0,0,1,1,8467,8467.000,0,0,0,0,6.112
decode,real,3400,7251574333037874747,0,0,0,0,1,1,8468,8468.000,0,0,0,0,6.089
decode,real,3401,7251574333037874747,0,0,0,0,1,1,8469,8469.000,0,0,0,0,6.116
decode,real,3402,7251574333037874747,0,0,0,0,1,1,8470,8470.000,0,0,0,0,6.105
decode,real,3403,7251574333037874747,0,0,0,0,1,1,8471,8471.000,0,0,0,0,6.107
decode,real,3404,7251574333037874747,0,0,0,0,1,1,8472,8472.000,0,0,0,0,6.107
decode,real,3405,7251574333037874747,0,0,0,0,1,1,8473,8473.000,0,0,0,0,6.112
decode,real,3406,7251574333037874747,0,0,0,0,1,1,8474,8474.000,0,0,0,0,6.115
decode,real,3407,7251574333037874747,0,0,0,0,1,1,8475,8475.000,0,0,0,0,6.108
decode,real,3408,7251574333037874747,0,0,0,0,1,1,8476,8476.000,0,0,0,0,6.101
decode,real,3409,7251574333037874747,0,0,0,0,1,1,8477,8477.000,0,0,0,0,6.129
decode,real,3410,7251574333037874747,0,0,0,0,1,1,8478,8478.000,0,0,0,0,6.103
decode,real,3411,7251574333037874747,0,0,0,0,1,1,8479,8479.000,0,0,0,0,6.091
decode,real,3412,7251574333037874747,0,0,0,0,1,1,8480,8480.000,0,0,0,0,6.114
decode,real,3413,7251574333037874747,0,0,0,0,1,1,8481,8481.000,0,0,0,0,6.104
decode,real,3414,7251574333037874747,0,0,0,0,1,1,8482,8482.000,0,0,0,0,6.100
decode,real,3415,7251574333037874747,0,0,0,0,1,1,8483,8483.000,0,0,0,0,6.121
decode,real,3416,7251574333037874747,0,0,0,0,1,1,8484,8484.000,0,0,0,0,6.087
decode,real,3417,7251574333037874747,0,0,0,0,1,1,8485,8485.000,0,0,0,0,6.101
decode,real,3418,7251574333037874747,0,0,0,0,1,1,8486,8486.000,0,0,0,0,6.111
decode,real,3419,7251574333037874747,0,0,0,0,1,1,8487,8487.000,0,0,0,0,6.106
decode,real,3420,7251574333037874747,0,0,0,0,1,1,8488,8488.000,0,0,0,0,6.105
decode,real,3421,7251574333037874747,0,0,0,0,1,1,8489,8489.000,0,0,0,0,6.107
decode,real,3422,7251574333037874747,0,0,0,0,1,1,8490,8490.000,0,0,0,0,6.110
decode,real,3423,7251574333037874747,0,0,0,0,1,1,8491,8491.000,0,0,0,0,6.104
decode,real,3424,7251574333037874747,0,0,0,0,1,1,8492,8492.000,0,0,0,0,6.102
decode,real,3425,7251574333037874747,0,0,0,0,1,1,8493,8493.000,0,0,0,0,6.098
decode,real,3426,7251574333037874747,0,0,0,0,1,1,8494,8494.000,0,0,0,0,6.144
decode,real,3427,7251574333037874747,0,0,0,0,1,1,8495,8495.000,0,0,0,0,6.092
decode,real,3428,7251574333037874747,0,0,0,0,1,1,8496,8496.000,0,0,0,0,6.107
decode,real,3429,7251574333037874747,0,0,0,0,1,1,8497,8497.000,0,0,0,0,6.090
decode,real,3430,7251574333037874747,0,0,0,0,1,1,8498,8498.000,0,0,0,0,6.107
decode,real,3431,7251574333037874747,0,0,0,0,1,1,8499,8499.000,0,0,0,0,6.144
decode,real,3432,7251574333037874747,0,0,0,0,1,1,8500,8500.000,0,0,0,0,6.095
decode,real,3433,7251574333037874747,0,0,0,0,1,1,8501,8501.000,0,0,0,0,6.102
decode,real,3434,7251574333037874747,0,0,0,0,1,1,8502,8502.000,0,0,0,0,6.096
decode,real,3435,7251574333037874747,0,0,0,0,1,1,8503,8503.000,0,0,0,0,6.113
decode,real,3436,7251574333037874747,0,0,0,0,1,1,8504,8504.000,0,0,0,0,6.106
decode,real,3437,7251574333037874747,0,0,0,0,1,1,8505,8505.000,0,0,0,0,6.117
decode,real,3438,7251574333037874747,0,0,0,0,1,1,8506,8506.000,0,0,0,0,6.096
decode,real,3439,7251574333037874747,0,0,0,0,1,1,8507,8507.000,0,0,0,0,6.098
decode,real,3440,7251574333037874747,0,0,0,0,1,1,8508,8508.000,0,0,0,0,6.144
decode,real,3441,7251574333037874747,0,0,0,0,1,1,8509,8509.000,0,0,0,0,6.092
decode,real,3442,7251574333037874747,0,0,0,0,1,1,8510,8510.000,0,0,0,0,6.106
decode,real,3443,7251574333037874747,0,0,0,0,1,1,8511,8511.000,0,0,0,0,6.100
decode,real,3444,7251574333037874747,0,0,0,0,1,1,8512,8512.000,0,0,0,0,6.115
decode,real,3445,7251574333037874747,0,0,0,0,1,1,8513,8513.000,0,0,0,0,6.104
decode,real,3446,7251574333037874747,0,0,0,0,1,1,8514,8514.000,0,0,0,0,6.112
decode,real,3447,7251574333037874747,0,0,0,0,1,1,8515,8515.000,0,0,0,0,6.118
decode,real,3448,7251574333037874747,0,0,0,0,1,1,8516,8516.000,0,0,0,0,6.088
decode,real,3449,7251574333037874747,0,0,0,0,1,1,8517,8517.000,0,0,0,0,6.114
decode,real,3450,7251574333037874747,0,0,0,0,1,1,8518,8518.000,0,0,0,0,6.103
decode,real,3451,7251574333037874747,0,0,0,0,1,1,8519,8519.000,0,0,0,0,6.105
decode,real,3452,7251574333037874747,0,0,0,0,1,1,8520,8520.000,0,0,0,0,6.131
decode,real,3453,7251574333037874747,0,0,0,0,1,1,8521,8521.000,0,0,0,0,6.092
decode,real,3454,7251574333037874747,0,0,0,0,1,1,8522,8522.000,0,0,0,0,6.123
decode,real,3455,7251574333037874747,0,0,0,0,1,1,8523,8523.000,0,0,0,0,6.106
decode,real,3456,7251574333037874747,0,0,0,0,1,1,8524,8524.000,0,0,0,0,6.111
decode,real,3457,7251574333037874747,0,0,0,0,1,1,8525,8525.000,0,0,0,0,6.111
decode,real,3458,7251574333037874747,0,0,0,0,1,1,8526,8526.000,0,0,0,0,6.114
decode,real,3459,7251574333037874747,0,0,0,0,1,1,8527,8527.000,0,0,0,0,6.107
decode,real,3460,7251574333037874747,0,0,0,0,1,1,8528,8528.000,0,0,0,0,6.099
decode,real,3461,7251574333037874747,0,0,0,0,1,1,8529,8529.000,0,0,0,0,6.103
decode,real,3462,7251574333037874747,0,0,0,0,1,1,8530,8530.000,0,0,0,0,6.125
decode,real,3463,7251574333037874747,0,0,0,0,1,1,8531,8531.000,0,0,0,0,6.086
decode,real,3464,7251574333037874747,0,0,0,0,1,1,8532,8532.000,0,0,0,0,6.115
decode,real,3465,7251574333037874747,0,0,0,0,1,1,8533,8533.000,0,0,0,0,6.106
decode,real,3466,7251574333037874747,0,0,0,0,1,1,8534,8534.000,0,0,0,0,6.112
decode,real,3467,7251574333037874747,0,0,0,0,1,1,8535,8535.000,0,0,0,0,6.098
decode,real,3468,7251574333037874747,0,0,0,0,1,1,8536,8536.000,0,0,0,0,6.114
decode,real,3469,7251574333037874747,0,0,0,0,1,1,8537,8537.000,0,0,0,0,6.110
decode,real,3470,7251574333037874747,0,0,0,0,1,1,8538,8538.000,0,0,0,0,6.106
decode,real,3471,7251574333037874747,0,0,0,0,1,1,8539,8539.000,0,0,0,0,6.106
decode,real,3472,7251574333037874747,0,0,0,0,1,1,8540,8540.000,0,0,0,0,6.108
decode,real,3473,7251574333037874747,0,0,0,0,1,1,8541,8541.000,0,0,0,0,6.097
decode,real,3474,7251574333037874747,0,0,0,0,1,1,8542,8542.000,0,0,0,0,6.146
decode,real,3475,7251574333037874747,0,0,0,0,1,1,8543,8543.000,0,0,0,0,6.074
decode,real,3476,7251574333037874747,0,0,0,0,1,1,8544,8544.000,0,0,0,0,6.093
decode,real,3477,7251574333037874747,0,0,0,0,1,1,8545,8545.000,0,0,0,0,6.133
decode,real,3478,7251574333037874747,0,0,0,0,1,1,8546,8546.000,0,0,0,0,6.080
decode,real,3479,7251574333037874747,0,0,0,0,1,1,8547,8547.000,0,0,0,0,6.107
decode,real,3480,7251574333037874747,0,0,0,0,1,1,8548,8548.000,0,0,0,0,6.118
decode,real,3481,7251574333037874747,0,0,0,0,1,1,8549,8549.000,0,0,0,0,6.099
decode,real,3482,7251574333037874747,0,0,0,0,1,1,8550,8550.000,0,0,0,0,6.117
decode,real,3483,7251574333037874747,0,0,0,0,1,1,8551,8551.000,0,0,0,0,6.081
decode,real,3484,7251574333037874747,0,0,0,0,1,1,8552,8552.000,0,0,0,0,6.117
decode,real,3485,7251574333037874747,0,0,0,0,1,1,8553,8553.000,0,0,0,0,6.107
decode,real,3486,7251574333037874747,0,0,0,0,1,1,8554,8554.000,0,0,0,0,6.094
decode,real,3487,7251574333037874747,0,0,0,0,1,1,8555,8555.000,0,0,0,0,6.108
decode,real,3488,7251574333037874747,0,0,0,0,1,1,8556,8556.000,0,0,0,0,6.098
decode,real,3489,7251574333037874747,0,0,0,0,1,1,8557,8557.000,0,0,0,0,6.107
decode,real,3490,7251574333037874747,0,0,0,0,1,1,8558,8558.000,0,0,0,0,6.128
decode,real,3491,7251574333037874747,0,0,0,0,1,1,8559,8559.000,0,0,0,0,6.090
decode,real,3492,7251574333037874747,0,0,0,0,1,1,8560,8560.000,0,0,0,0,6.109
decode,real,3493,7251574333037874747,0,0,0,0,1,1,8561,8561.000,0,0,0,0,6.106
decode,real,3494,7251574333037874747,0,0,0,0,1,1,8562,8562.000,0,0,0,0,6.131
decode,real,3495,7251574333037874747,0,0,0,0,1,1,8563,8563.000,0,0,0,0,6.078
decode,real,3496,7251574333037874747,0,0,0,0,1,1,8564,8564.000,0,0,0,0,6.133
decode,real,3497,7251574333037874747,0,0,0,0,1,1,8565,8565.000,0,0,0,0,6.103
decode,real,3498,7251574333037874747,0,0,0,0,1,1,8566,8566.000,0,0,0,0,6.101
decode,real,3499,7251574333037874747,0,0,0,0,1,1,8567,8567.000,0,0,0,0,6.105
decode,real,3500,7251574333037874747,0,0,0,0,1,1,8568,8568.000,0,0,0,0,6.116
decode,real,3501,7251574333037874747,0,0,0,0,1,1,8569,8569.000,0,0,0,0,6.109
decode,real,3502,7251574333037874747,0,0,0,0,1,1,8570,8570.000,0,0,0,0,6.145
decode,real,3503,7251574333037874747,0,0,0,0,1,1,8571,8571.000,0,0,0,0,6.075
decode,real,3504,7251574333037874747,0,0,0,0,1,1,8572,8572.000,0,0,0,0,6.109
decode,real,3505,7251574333037874747,0,0,0,0,1,1,8573,8573.000,0,0,0,0,6.100
decode,real,3506,7251574333037874747,0,0,0,0,1,1,8574,8574.000,0,0,0,0,6.135
decode,real,3507,7251574333037874747,0,0,0,0,1,1,8575,8575.000,0,0,0,0,6.071
decode,real,3508,7251574333037874747,0,0,0,0,1,1,8576,8576.000,0,0,0,0,6.133
decode,real,3509,7251574333037874747,0,0,0,0,1,1,8577,8577.000,0,0,0,0,6.094
decode,real,3510,7251574333037874747,0,0,0,0,1,1,8578,8578.000,0,0,0,0,6.124
decode,real,3511,7251574333037874747,0,0,0,0,1,1,8579,8579.000,0,0,0,0,6.104
decode,real,3512,7251574333037874747,0,0,0,0,1,1,8580,8580.000,0,0,0,0,6.119
decode,real,3513,7251574333037874747,0,0,0,0,1,1,8581,8581.000,0,0,0,0,6.108
decode,real,3514,7251574333037874747,0,0,0,0,1,1,8582,8582.000,0,0,0,0,6.101
decode,real,3515,7251574333037874747,0,0,0,0,1,1,8583,8583.000,0,0,0,0,6.107
decode,real,3516,7251574333037874747,0,0,0,0,1,1,8584,8584.000,0,0,0,0,6.145
decode,real,3517,7251574333037874747,0,0,0,0,1,1,8585,8585.000,0,0,0,0,6.073
decode,real,3518,7251574333037874747,0,0,0,0,1,1,8586,8586.000,0,0,0,0,6.115
decode,real,3519,7251574333037874747,0,0,0,0,1,1,8587,8587.000,0,0,0,0,6.098
decode,real,3520,7251574333037874747,0,0,0,0,1,1,8588,8588.000,0,0,0,0,6.134
decode,real,3521,7251574333037874747,0,0,0,0,1,1,8589,8589.000,0,0,0,0,6.094
decode,real,3522,7251574333037874747,0,0,0,0,1,1,8590,8590.000,0,0,0,0,6.119
decode,real,3523,7251574333037874747,0,0,0,0,1,1,8591,8591.000,0,0,0,0,6.106
decode,real,3524,7251574333037874747,0,0,0,0,1,1,8592,8592.000,0,0,0,0,6.102
decode,real,3525,7251574333037874747,0,0,0,0,1,1,8593,8593.000,0,0,0,0,6.104
decode,real,3526,7251574333037874747,0,0,0,0,1,1,8594,8594.000,0,0,0,0,6.116
decode,real,3527,7251574333037874747,0,0,0,0,1,1,8595,8595.000,0,0,0,0,6.116
decode,real,3528,7251574333037874747,0,0,0,0,1,1,8596,8596.000,0,0,0,0,6.122
decode,real,3529,7251574333037874747,0,0,0,0,1,1,8597,8597.000,0,0,0,0,6.092
decode,real,3530,7251574333037874747,0,0,0,0,1,1,8598,8598.000,0,0,0,0,6.121
decode,real,3531,7251574333037874747,0,0,0,0,1,1,8599,8599.000,0,0,0,0,6.101
decode,real,3532,7251574333037874747,0,0,0,0,1,1,8600,8600.000,0,0,0,0,6.110
decode,real,3533,7251574333037874747,0,0,0,0,1,1,8601,8601.000,0,0,0,0,6.120
decode,real,3534,7251574333037874747,0,0,0,0,1,1,8602,8602.000,0,0,0,0,6.107
decode,real,3535,7251574333037874747,0,0,0,0,1,1,8603,8603.000,0,0,0,0,6.113
decode,real,3536,7251574333037874747,0,0,0,0,1,1,8604,8604.000,0,0,0,0,6.113
decode,real,3537,7251574333037874747,0,0,0,0,1,1,8605,8605.000,0,0,0,0,6.091
decode,real,3538,7251574333037874747,0,0,0,0,1,1,8606,8606.000,0,0,0,0,6.143
decode,real,3539,7251574333037874747,0,0,0,0,1,1,8607,8607.000,0,0,0,0,6.080
decode,real,3540,7251574333037874747,0,0,0,0,1,1,8608,8608.000,0,0,0,0,6.122
decode,real,3541,7251574333037874747,0,0,0,0,1,1,8609,8609.000,0,0,0,0,6.118
decode,real,3542,7251574333037874747,0,0,0,0,1,1,8610,8610.000,0,0,0,0,6.110
decode,real,3543,7251574333037874747,0,0,0,0,1,1,8611,8611.000,0,0,0,0,6.093
decode,real,3544,7251574333037874747,0,0,0,0,1,1,8612,8612.000,0,0,0,0,6.104
decode,real,3545,7251574333037874747,0,0,0,0,1,1,8613,8613.000,0,0,0,0,6.126
decode,real,3546,7251574333037874747,0,0,0,0,1,1,8614,8614.000,0,0,0,0,6.118
decode,real,3547,7251574333037874747,0,0,0,0,1,1,8615,8615.000,0,0,0,0,6.098
decode,real,3548,7251574333037874747,0,0,0,0,1,1,8616,8616.000,0,0,0,0,6.086
decode,real,3549,7251574333037874747,0,0,0,0,1,1,8617,8617.000,0,0,0,0,6.113
decode,real,3550,7251574333037874747,0,0,0,0,1,1,8618,8618.000,0,0,0,0,6.134
decode,real,3551,7251574333037874747,0,0,0,0,1,1,8619,8619.000,0,0,0,0,6.112
decode,real,3552,7251574333037874747,0,0,0,0,1,1,8620,8620.000,0,0,0,0,6.097
decode,real,3553,7251574333037874747,0,0,0,0,1,1,8621,8621.000,0,0,0,0,6.099
decode,real,3554,7251574333037874747,0,0,0,0,1,1,8622,8622.000,0,0,0,0,6.136
decode,real,3555,7251574333037874747,0,0,0,0,1,1,8623,8623.000,0,0,0,0,6.082
decode,real,3556,7251574333037874747,0,0,0,0,1,1,8624,8624.000,0,0,0,0,6.089
decode,real,3557,7251574333037874747,0,0,0,0,1,1,8625,8625.000,0,0,0,0,6.116
decode,real,3558,7251574333037874747,0,0,0,0,1,1,8626,8626.000,0,0,0,0,6.132
decode,real,3559,7251574333037874747,0,0,0,0,1,1,8627,8627.000,0,0,0,0,6.089
decode,real,3560,7251574333037874747,0,0,0,0,1,1,8628,8628.000,0,0,0,0,6.123
decode,real,3561,7251574333037874747,0,0,0,0,1,1,8629,8629.000,0,0,0,0,6.096
decode,real,3562,7251574333037874747,0,0,0,0,1,1,8630,8630.000,0,0,0,0,6.107
decode,real,3563,7251574333037874747,0,0,0,0,1,1,8631,8631.000,0,0,0,0,6.117
decode,real,3564,7251574333037874747,0,0,0,0,1,1,8632,8632.000,0,0,0,0,6.111
decode,real,3565,7251574333037874747,0,0,0,0,1,1,8633,8633.000,0,0,0,0,6.109
decode,real,3566,7251574333037874747,0,0,0,0,1,1,8634,8634.000,0,0,0,0,6.094
decode,real,3567,7251574333037874747,0,0,0,0,1,1,8635,8635.000,0,0,0,0,6.134
decode,real,3568,7251574333037874747,0,0,0,0,1,1,8636,8636.000,0,0,0,0,6.115
decode,real,3569,7251574333037874747,0,0,0,0,1,1,8637,8637.000,0,0,0,0,6.099
decode,real,3570,7251574333037874747,0,0,0,0,1,1,8638,8638.000,0,0,0,0,6.130
decode,real,3571,7251574333037874747,0,0,0,0,1,1,8639,8639.000,0,0,0,0,6.112
decode,real,3572,7251574333037874747,0,0,0,0,1,1,8640,8640.000,0,0,0,0,6.110
decode,real,3573,7251574333037874747,0,0,0,0,1,1,8641,8641.000,0,0,0,0,6.125
decode,real,3574,7251574333037874747,0,0,0,0,1,1,8642,8642.000,0,0,0,0,6.100
decode,real,3575,7251574333037874747,0,0,0,0,1,1,8643,8643.000,0,0,0,0,6.105
decode,real,3576,7251574333037874747,0,0,0,0,1,1,8644,8644.000,0,0,0,0,6.130
decode,real,3577,7251574333037874747,0,0,0,0,1,1,8645,8645.000,0,0,0,0,6.096
decode,real,3578,7251574333037874747,0,0,0,0,1,1,8646,8646.000,0,0,0,0,6.125
decode,real,3579,7251574333037874747,0,0,0,0,1,1,8647,8647.000,0,0,0,0,6.103
decode,real,3580,7251574333037874747,0,0,0,0,1,1,8648,8648.000,0,0,0,0,6.134
decode,real,3581,7251574333037874747,0,0,0,0,1,1,8649,8649.000,0,0,0,0,6.091
decode,real,3582,7251574333037874747,0,0,0,0,1,1,8650,8650.000,0,0,0,0,6.115
decode,real,3583,7251574333037874747,0,0,0,0,1,1,8651,8651.000,0,0,0,0,6.130
decode,real,3584,7251574333037874747,0,0,0,0,1,1,8652,8652.000,0,0,0,0,6.104
decode,real,3585,7251574333037874747,0,0,0,0,1,1,8653,8653.000,0,0,0,0,6.110
decode,real,3586,7251574333037874747,0,0,0,0,1,1,8654,8654.000,0,0,0,0,6.136
decode,real,3587,7251574333037874747,0,0,0,0,1,1,8655,8655.000,0,0,0,0,6.090
decode,real,3588,7251574333037874747,0,0,0,0,1,1,8656,8656.000,0,0,0,0,6.119
decode,real,3589,7251574333037874747,0,0,0,0,1,1,8657,8657.000,0,0,0,0,6.083
decode,real,3590,7251574333037874747,0,0,0,0,1,1,8658,8658.000,0,0,0,0,6.119
decode,real,3591,7251574333037874747,0,0,0,0,1,1,8659,8659.000,0,0,0,0,6.131
decode,real,3592,7251574333037874747,0,0,0,0,1,1,8660,8660.000,0,0,0,0,6.091
decode,real,3593,7251574333037874747,0,0,0,0,1,1,8661,8661.000,0,0,0,0,6.124
decode,real,3594,7251574333037874747,0,0,0,0,1,1,8662,8662.000,0,0,0,0,6.119
decode,real,3595,7251574333037874747,0,0,0,0,1,1,8663,8663.000,0,0,0,0,6.115
decode,real,3596,7251574333037874747,0,0,0,0,1,1,8664,8664.000,0,0,0,0,6.103
decode,real,3597,7251574333037874747,0,0,0,0,1,1,8665,8665.000,0,0,0,0,6.116
decode,real,3598,7251574333037874747,0,0,0,0,1,1,8666,8666.000,0,0,0,0,6.098
decode,real,3599,7251574333037874747,0,0,0,0,1,1,8667,8667.000,0,0,0,0,6.105
decode,real,3600,7251574333037874747,0,0,0,0,1,1,8668,8668.000,0,0,0,0,6.119
decode,real,3601,7251574333037874747,0,0,0,0,1,1,8669,8669.000,0,0,0,0,6.120
decode,real,3602,7251574333037874747,0,0,0,0,1,1,8670,8670.000,0,0,0,0,6.140
decode,real,3603,7251574333037874747,0,0,0,0,1,1,8671,8671.000,0,0,0,0,6.067
decode,real,3604,7251574333037874747,0,0,0,0,1,1,8672,8672.000,0,0,0,0,6.125
decode,real,3605,7251574333037874747,0,0,0,0,1,1,8673,8673.000,0,0,0,0,6.125
decode,real,3606,7251574333037874747,0,0,0,0,1,1,8674,8674.000,0,0,0,0,6.093
decode,real,3607,7251574333037874747,0,0,0,0,1,1,8675,8675.000,0,0,0,0,6.119
decode,real,3608,7251574333037874747,0,0,0,0,1,1,8676,8676.000,0,0,0,0,6.095
decode,real,3609,7251574333037874747,0,0,0,0,1,1,8677,8677.000,0,0,0,0,6.114
decode,real,3610,7251574333037874747,0,0,0,0,1,1,8678,8678.000,0,0,0,0,6.107
decode,real,3611,7251574333037874747,0,0,0,0,1,1,8679,8679.000,0,0,0,0,6.226
decode,real,3612,7251574333037874747,0,0,0,0,1,1,8680,8680.000,0,0,0,0,5.985
decode,real,3613,7251574333037874747,0,0,0,0,1,1,8681,8681.000,0,0,0,0,6.111
decode,real,3614,7251574333037874747,0,0,0,0,1,1,8682,8682.000,0,0,0,0,6.121
decode,real,3615,7251574333037874747,0,0,0,0,1,1,8683,8683.000,0,0,0,0,6.101
decode,real,3616,7251574333037874747,0,0,0,0,1,1,8684,8684.000,0,0,0,0,6.116
decode,real,3617,7251574333037874747,0,0,0,0,1,1,8685,8685.000,0,0,0,0,6.112
decode,real,3618,7251574333037874747,0,0,0,0,1,1,8686,8686.000,0,0,0,0,6.115
decode,real,3619,7251574333037874747,0,0,0,0,1,1,8687,8687.000,0,0,0,0,6.092
decode,real,3620,7251574333037874747,0,0,0,0,1,1,8688,8688.000,0,0,0,0,6.111
decode,real,3621,7251574333037874747,0,0,0,0,1,1,8689,8689.000,0,0,0,0,6.121
decode,real,3622,7251574333037874747,0,0,0,0,1,1,8690,8690.000,0,0,0,0,6.095
decode,real,3623,7251574333037874747,0,0,0,0,1,1,8691,8691.000,0,0,0,0,6.125
decode,real,3624,7251574333037874747,0,0,0,0,1,1,8692,8692.000,0,0,0,0,6.106
decode,real,3625,7251574333037874747,0,0,0,0,1,1,8693,8693.000,0,0,0,0,6.115
decode,real,3626,7251574333037874747,0,0,0,0,1,1,8694,8694.000,0,0,0,0,6.109
decode,real,3627,7251574333037874747,0,0,0,0,1,1,8695,8695.000,0,0,0,0,6.131
decode,real,3628,7251574333037874747,0,0,0,0,1,1,8696,8696.000,0,0,0,0,6.083
decode,real,3629,7251574333037874747,0,0,0,0,1,1,8697,8697.000,0,0,0,0,6.141
decode,real,3630,7251574333037874747,0,0,0,0,1,1,8698,8698.000,0,0,0,0,6.090
decode,real,3631,7251574333037874747,0,0,0,0,1,1,8699,8699.000,0,0,0,0,6.109
decode,real,3632,7251574333037874747,0,0,0,0,1,1,8700,8700.000,0,0,0,0,6.128
decode,real,3633,7251574333037874747,0,0,0,0,1,1,8701,8701.000,0,0,0,0,6.098
decode,real,3634,7251574333037874747,0,0,0,0,1,1,8702,8702.000,0,0,0,0,6.140
decode,real,3635,7251574333037874747,0,0,0,0,1,1,8703,8703.000,0,0,0,0,6.107
decode,real,3636,7251574333037874747,0,0,0,0,1,1,8704,8704.000,0,0,0,0,6.099
decode,real,3637,7251574333037874747,0,0,0,0,1,1,8705,8705.000,0,0,0,0,6.107
decode,real,3638,7251574333037874747,0,0,0,0,1,1,8706,8706.000,0,0,0,0,6.114
decode,real,3639,7251574333037874747,0,0,0,0,1,1,8707,8707.000,0,0,0,0,6.117
decode,real,3640,7251574333037874747,0,0,0,0,1,1,8708,8708.000,0,0,0,0,6.087
decode,real,3641,7251574333037874747,0,0,0,0,1,1,8709,8709.000,0,0,0,0,6.110
decode,real,3642,7251574333037874747,0,0,0,0,1,1,8710,8710.000,0,0,0,0,6.111
decode,real,3643,7251574333037874747,0,0,0,0,1,1,8711,8711.000,0,0,0,0,6.122
decode,real,3644,7251574333037874747,0,0,0,0,1,1,8712,8712.000,0,0,0,0,6.119
decode,real,3645,7251574333037874747,0,0,0,0,1,1,8713,8713.000,0,0,0,0,6.116
decode,real,3646,7251574333037874747,0,0,0,0,1,1,8714,8714.000,0,0,0,0,6.102
decode,real,3647,7251574333037874747,0,0,0,0,1,1,8715,8715.000,0,0,0,0,6.105
decode,real,3648,7251574333037874747,0,0,0,0,1,1,8716,8716.000,0,0,0,0,6.107
decode,real,3649,7251574333037874747,0,0,0,0,1,1,8717,8717.000,0,0,0,0,6.132
decode,real,3650,7251574333037874747,0,0,0,0,1,1,8718,8718.000,0,0,0,0,6.145
decode,real,3651,7251574333037874747,0,0,0,0,1,1,8719,8719.000,0,0,0,0,6.059
decode,real,3652,7251574333037874747,0,0,0,0,1,1,8720,8720.000,0,0,0,0,6.110
decode,real,3653,7251574333037874747,0,0,0,0,1,1,8721,8721.000,0,0,0,0,6.104
decode,real,3654,7251574333037874747,0,0,0,0,1,1,8722,8722.000,0,0,0,0,6.108
decode,real,3655,7251574333037874747,0,0,0,0,1,1,8723,8723.000,0,0,0,0,6.127
decode,real,3656,7251574333037874747,0,0,0,0,1,1,8724,8724.000,0,0,0,0,6.092
decode,real,3657,7251574333037874747,0,0,0,0,1,1,8725,8725.000,0,0,0,0,6.103
decode,real,3658,7251574333037874747,0,0,0,0,1,1,8726,8726.000,0,0,0,0,6.100
decode,real,3659,7251574333037874747,0,0,0,0,1,1,8727,8727.000,0,0,0,0,6.116
decode,real,3660,7251574333037874747,0,0,0,0,1,1,8728,8728.000,0,0,0,0,6.127
decode,real,3661,7251574333037874747,0,0,0,0,1,1,8729,8729.000,0,0,0,0,6.109
decode,real,3662,7251574333037874747,0,0,0,0,1,1,8730,8730.000,0,0,0,0,6.107
decode,real,3663,7251574333037874747,0,0,0,0,1,1,8731,8731.000,0,0,0,0,6.120
decode,real,3664,7251574333037874747,0,0,0,0,1,1,8732,8732.000,0,0,0,0,6.088
decode,real,3665,7251574333037874747,0,0,0,0,1,1,8733,8733.000,0,0,0,0,6.128
decode,real,3666,7251574333037874747,0,0,0,0,1,1,8734,8734.000,0,0,0,0,6.108
decode,real,3667,7251574333037874747,0,0,0,0,1,1,8735,8735.000,0,0,0,0,6.125
decode,real,3668,7251574333037874747,0,0,0,0,1,1,8736,8736.000,0,0,0,0,6.071
decode,real,3669,7251574333037874747,0,0,0,0,1,1,8737,8737.000,0,0,0,0,6.134
decode,real,3670,7251574333037874747,0,0,0,0,1,1,8738,8738.000,0,0,0,0,6.092
decode,real,3671,7251574333037874747,0,0,0,0,1,1,8739,8739.000,0,0,0,0,6.106
decode,real,3672,7251574333037874747,0,0,0,0,1,1,8740,8740.000,0,0,0,0,6.132
decode,real,3673,7251574333037874747,0,0,0,0,1,1,8741,8741.000,0,0,0,0,6.096
decode,real,3674,7251574333037874747,0,0,0,0,1,1,8742,8742.000,0,0,0,0,6.114
decode,real,3675,7251574333037874747,0,0,0,0,1,1,8743,8743.000,0,0,0,0,6.100
decode,real,3676,7251574333037874747,0,0,0,0,1,1,8744,8744.000,0,0,0,0,6.109
decode,real,3677,7251574333037874747,0,0,0,0,1,1,8745,8745.000,0,0,0,0,6.110
decode,real,3678,7251574333037874747,0,0,0,0,1,1,8746,8746.000,0,0,0,0,6.113
decode,real,3679,7251574333037874747,0,0,0,0,1,1,8747,8747.000,0,0,0,0,6.088
decode,real,3680,7251574333037874747,0,0,0,0,1,1,8748,8748.000,0,0,0,0,6.131
decode,real,3681,7251574333037874747,0,0,0,0,1,1,8749,8749.000,0,0,0,0,6.103
decode,real,3682,7251574333037874747,0,0,0,0,1,1,8750,8750.000,0,0,0,0,6.131
decode,real,3683,7251574333037874747,0,0,0,0,1,1,8751,8751.000,0,0,0,0,6.095
decode,real,3684,7251574333037874747,0,0,0,0,1,1,8752,8752.000,0,0,0,0,6.107
decode,real,3685,7251574333037874747,0,0,0,0,1,1,8753,8753.000,0,0,0,0,6.117
decode,real,3686,7251574333037874747,0,0,0,0,1,1,8754,8754.000,0,0,0,0,6.109
decode,real,3687,7251574333037874747,0,0,0,0,1,1,8755,8755.000,0,0,0,0,6.131
decode,real,3688,7251574333037874747,0,0,0,0,1,1,8756,8756.000,0,0,0,0,6.075
decode,real,3689,7251574333037874747,0,0,0,0,1,1,8757,8757.000,0,0,0,0,6.114
decode,real,3690,7251574333037874747,0,0,0,0,1,1,8758,8758.000,0,0,0,0,6.121
decode,real,3691,7251574333037874747,0,0,0,0,1,1,8759,8759.000,0,0,0,0,6.093
decode,real,3692,7251574333037874747,0,0,0,0,1,1,8760,8760.000,0,0,0,0,6.116
decode,real,3693,7251574333037874747,0,0,0,0,1,1,8761,8761.000,0,0,0,0,6.111
decode,real,3694,7251574333037874747,0,0,0,0,1,1,8762,8762.000,0,0,0,0,6.102
decode,real,3695,7251574333037874747,0,0,0,0,1,1,8763,8763.000,0,0,0,0,6.120
decode,real,3696,7251574333037874747,0,0,0,0,1,1,8764,8764.000,0,0,0,0,6.113
decode,real,3697,7251574333037874747,0,0,0,0,1,1,8765,8765.000,0,0,0,0,6.093
decode,real,3698,7251574333037874747,0,0,0,0,1,1,8766,8766.000,0,0,0,0,6.144
decode,real,3699,7251574333037874747,0,0,0,0,1,1,8767,8767.000,0,0,0,0,6.101
decode,real,3700,7251574333037874747,0,0,0,0,1,1,8768,8768.000,0,0,0,0,6.093
decode,real,3701,7251574333037874747,0,0,0,0,1,1,8769,8769.000,0,0,0,0,6.114
decode,real,3702,7251574333037874747,0,0,0,0,1,1,8770,8770.000,0,0,0,0,6.093
decode,real,3703,7251574333037874747,0,0,0,0,1,1,8771,8771.000,0,0,0,0,6.130
decode,real,3704,7251574333037874747,0,0,0,0,1,1,8772,8772.000,0,0,0,0,6.093
decode,real,3705,7251574333037874747,0,0,0,0,1,1,8773,8773.000,0,0,0,0,6.118
decode,real,3706,7251574333037874747,0,0,0,0,1,1,8774,8774.000,0,0,0,0,6.106
decode,real,3707,7251574333037874747,0,0,0,0,1,1,8775,8775.000,0,0,0,0,6.108
decode,real,3708,7251574333037874747,0,0,0,0,1,1,8776,8776.000,0,0,0,0,6.115
decode,real,3709,7251574333037874747,0,0,0,0,1,1,8777,8777.000,0,0,0,0,6.100
decode,real,3710,7251574333037874747,0,0,0,0,1,1,8778,8778.000,0,0,0,0,6.103
decode,real,3711,7251574333037874747,0,0,0,0,1,1,8779,8779.000,0,0,0,0,6.109
decode,real,3712,7251574333037874747,0,0,0,0,1,1,8780,8780.000,0,0,0,0,6.109
decode,real,3713,7251574333037874747,0,0,0,0,1,1,8781,8781.000,0,0,0,0,6.110
decode,real,3714,7251574333037874747,0,0,0,0,1,1,8782,8782.000,0,0,0,0,6.159
decode,real,3715,7251574333037874747,0,0,0,0,1,1,8783,8783.000,0,0,0,0,6.066
decode,real,3716,7251574333037874747,0,0,0,0,1,1,8784,8784.000,0,0,0,0,6.104
decode,real,3717,7251574333037874747,0,0,0,0,1,1,8785,8785.000,0,0,0,0,6.124
decode,real,3718,7251574333037874747,0,0,0,0,1,1,8786,8786.000,0,0,0,0,6.090
decode,real,3719,7251574333037874747,0,0,0,0,1,1,8787,8787.000,0,0,0,0,6.096
decode,real,3720,7251574333037874747,0,0,0,0,1,1,8788,8788.000,0,0,0,0,6.129
decode,real,3721,7251574333037874747,0,0,0,0,1,1,8789,8789.000,0,0,0,0,6.084
decode,real,3722,7251574333037874747,0,0,0,0,1,1,8790,8790.000,0,0,0,0,6.127
decode,real,3723,7251574333037874747,0,0,0,0,1,1,8791,8791.000,0,0,0,0,6.112
decode,real,3724,7251574333037874747,0,0,0,0,1,1,8792,8792.000,0,0,0,0,6.112
decode,real,3725,7251574333037874747,0,0,0,0,1,1,8793,8793.000,0,0,0,0,6.105
decode,real,3726,7251574333037874747,0,0,0,0,1,1,8794,8794.000,0,0,0,0,6.094
decode,real,3727,7251574333037874747,0,0,0,0,1,1,8795,8795.000,0,0,0,0,6.106
decode,real,3728,7251574333037874747,0,0,0,0,1,1,8796,8796.000,0,0,0,0,6.113
decode,real,3729,7251574333037874747,0,0,0,0,1,1,8797,8797.000,0,0,0,0,6.114
decode,real,3730,7251574333037874747,0,0,0,0,1,1,8798,8798.000,0,0,0,0,6.124
decode,real,3731,7251574333037874747,0,0,0,0,1,1,8799,8799.000,0,0,0,0,6.096
decode,real,3732,7251574333037874747,0,0,0,0,1,1,8800,8800.000,0,0,0,0,6.117
decode,real,3733,7251574333037874747,0,0,0,0,1,1,8801,8801.000,0,0,0,0,6.136
decode,real,3734,7251574333037874747,0,0,0,0,1,1,8802,8802.000,0,0,0,0,6.081
decode,real,3735,7251574333037874747,0,0,0,0,1,1,8803,8803.000,0,0,0,0,6.113
decode,real,3736,7251574333037874747,0,0,0,0,1,1,8804,8804.000,0,0,0,0,6.086
decode,real,3737,7251574333037874747,0,0,0,0,1,1,8805,8805.000,0,0,0,0,6.131
decode,real,3738,7251574333037874747,0,0,0,0,1,1,8806,8806.000,0,0,0,0,6.127
decode,real,3739,7251574333037874747,0,0,0,0,1,1,8807,8807.000,0,0,0,0,6.092
decode,real,3740,7251574333037874747,0,0,0,0,1,1,8808,8808.000,0,0,0,0,6.112
decode,real,3741,7251574333037874747,0,0,0,0,1,1,8809,8809.000,0,0,0,0,6.103
decode,real,3742,7251574333037874747,0,0,0,0,1,1,8810,8810.000,0,0,0,0,6.129
decode,real,3743,7251574333037874747,0,0,0,0,1,1,8811,8811.000,0,0,0,0,6.097
decode,real,3744,7251574333037874747,0,0,0,0,1,1,8812,8812.000,0,0,0,0,6.115
decode,real,3745,7251574333037874747,0,0,0,0,1,1,8813,8813.000,0,0,0,0,6.089
decode,real,3746,7251574333037874747,0,0,0,0,1,1,8814,8814.000,0,0,0,0,6.133
decode,real,3747,7251574333037874747,0,0,0,0,1,1,8815,8815.000,0,0,0,0,6.076
decode,real,3748,7251574333037874747,0,0,0,0,1,1,8816,8816.000,0,0,0,0,6.128
decode,real,3749,7251574333037874747,0,0,0,0,1,1,8817,8817.000,0,0,0,0,6.094
decode,real,3750,7251574333037874747,0,0,0,0,1,1,8818,8818.000,0,0,0,0,6.120
decode,real,3751,7251574333037874747,0,0,0,0,1,1,8819,8819.000,0,0,0,0,6.121
decode,real,3752,7251574333037874747,0,0,0,0,1,1,8820,8820.000,0,0,0,0,6.104
decode,real,3753,7251574333037874747,0,0,0,0,1,1,8821,8821.000,0,0,0,0,6.113
decode,real,3754,7251574333037874747,0,0,0,0,1,1,8822,8822.000,0,0,0,0,6.106
decode,real,3755,7251574333037874747,0,0,0,0,1,1,8823,8823.000,0,0,0,0,6.099
decode,real,3756,7251574333037874747,0,0,0,0,1,1,8824,8824.000,0,0,0,0,6.113
decode,real,3757,7251574333037874747,0,0,0,0,1,1,8825,8825.000,0,0,0,0,6.104
decode,real,3758,7251574333037874747,0,0,0,0,1,1,8826,8826.000,0,0,0,0,6.112
decode,real,3759,7251574333037874747,0,0,0,0,1,1,8827,8827.000,0,0,0,0,6.104
decode,real,3760,7251574333037874747,0,0,0,0,1,1,8828,8828.000,0,0,0,0,6.133
decode,real,3761,7251574333037874747,0,0,0,0,1,1,8829,8829.000,0,0,0,0,6.079
decode,real,3762,7251574333037874747,0,0,0,0,1,1,8830,8830.000,0,0,0,0,6.149
decode,real,3763,7251574333037874747,0,0,0,0,1,1,8831,8831.000,0,0,0,0,6.104
decode,real,3764,7251574333037874747,0,0,0,0,1,1,8832,8832.000,0,0,0,0,6.100
decode,real,3765,7251574333037874747,0,0,0,0,1,1,8833,8833.000,0,0,0,0,6.110
decode,real,3766,7251574333037874747,0,0,0,0,1,1,8834,8834.000,0,0,0,0,6.112
decode,real,3767,7251574333037874747,0,0,0,0,1,1,8835,8835.000,0,0,0,0,6.124
decode,real,3768,7251574333037874747,0,0,0,0,1,1,8836,8836.000,0,0,0,0,6.126
decode,real,3769,7251574333037874747,0,0,0,0,1,1,8837,8837.000,0,0,0,0,6.114
decode,real,3770,7251574333037874747,0,0,0,0,1,1,8838,8838.000,0,0,0,0,6.094
decode,real,3771,7251574333037874747,0,0,0,0,1,1,8839,8839.000,0,0,0,0,6.134
decode,real,3772,7251574333037874747,0,0,0,0,1,1,8840,8840.000,0,0,0,0,6.089
decode,real,3773,7251574333037874747,0,0,0,0,1,1,8841,8841.000,0,0,0,0,6.116
decode,real,3774,7251574333037874747,0,0,0,0,1,1,8842,8842.000,0,0,0,0,6.122
decode,real,3775,7251574333037874747,0,0,0,0,1,1,8843,8843.000,0,0,0,0,6.129
decode,real,3776,7251574333037874747,0,0,0,0,1,1,8844,8844.000,0,0,0,0,6.122
decode,real,3777,7251574333037874747,0,0,0,0,1,1,8845,8845.000,0,0,0,0,6.099
decode,real,3778,7251574333037874747,0,0,0,0,1,1,8846,8846.000,0,0,0,0,6.144
decode,real,3779,7251574333037874747,0,0,0,0,1,1,8847,8847.000,0,0,0,0,6.085
decode,real,3780,7251574333037874747,0,0,0,0,1,1,8848,8848.000,0,0,0,0,6.110
decode,real,3781,7251574333037874747,0,0,0,0,1,1,8849,8849.000,0,0,0,0,6.130
decode,real,3782,7251574333037874747,0,0,0,0,1,1,8850,8850.000,0,0,0,0,6.077
decode,real,3783,7251574333037874747,0,0,0,0,1,1,8851,8851.000,0,0,0,0,6.120
decode,real,3784,7251574333037874747,0,0,0,0,1,1,8852,8852.000,0,0,0,0,6.137
decode,real,3785,7251574333037874747,0,0,0,0,1,1,8853,8853.000,0,0,0,0,6.114
decode,real,3786,7251574333037874747,0,0,0,0,1,1,8854,8854.000,0,0,0,0,6.117
decode,real,3787,7251574333037874747,0,0,0,0,1,1,8855,8855.000,0,0,0,0,6.112
decode,real,3788,7251574333037874747,0,0,0,0,1,1,8856,8856.000,0,0,0,0,6.104
decode,real,3789,7251574333037874747,0,0,0,0,1,1,8857,8857.000,0,0,0,0,6.117
decode,real,3790,7251574333037874747,0,0,0,0,1,1,8858,8858.000,0,0,0,0,6.110
decode,real,3791,7251574333037874747,0,0,0,0,1,1,8859,8859.000,0,0,0,0,6.118
decode,real,3792,7251574333037874747,0,0,0,0,1,1,8860,8860.000,0,0,0,0,6.124
decode,real,3793,7251574333037874747,0,0,0,0,1,1,8861,8861.000,0,0,0,0,6.103
decode,real,3794,7251574333037874747,0,0,0,0,1,1,8862,8862.000,0,0,0,0,6.140
decode,real,3795,7251574333037874747,0,0,0,0,1,1,8863,8863.000,0,0,0,0,6.091
decode,real,3796,7251574333037874747,0,0,0,0,1,1,8864,8864.000,0,0,0,0,6.115
decode,real,3797,7251574333037874747,0,0,0,0,1,1,8865,8865.000,0,0,0,0,6.107
decode,real,3798,7251574333037874747,0,0,0,0,1,1,8866,8866.000,0,0,0,0,6.105
decode,real,3799,7251574333037874747,0,0,0,0,1,1,8867,8867.000,0,0,0,0,6.123
decode,real,3800,7251574333037874747,0,0,0,0,1,1,8868,8868.000,0,0,0,0,6.098
decode,real,3801,7251574333037874747,0,0,0,0,1,1,8869,8869.000,0,0,0,0,6.126
decode,real,3802,7251574333037874747,0,0,0,0,1,1,8870,8870.000,0,0,0,0,6.122
decode,real,3803,7251574333037874747,0,0,0,0,1,1,8871,8871.000,0,0,0,0,6.090
decode,real,3804,7251574333037874747,0,0,0,0,1,1,8872,8872.000,0,0,0,0,6.140
decode,real,3805,7251574333037874747,0,0,0,0,1,1,8873,8873.000,0,0,0,0,6.094
decode,real,3806,7251574333037874747,0,0,0,0,1,1,8874,8874.000,0,0,0,0,6.115
decode,real,3807,7251574333037874747,0,0,0,0,1,1,8875,8875.000,0,0,0,0,6.119
decode,real,3808,7251574333037874747,0,0,0,0,1,1,8876,8876.000,0,0,0,0,6.101
decode,real,3809,7251574333037874747,0,0,0,0,1,1,8877,8877.000,0,0,0,0,6.133
decode,real,3810,7251574333037874747,0,0,0,0,1,1,8878,8878.000,0,0,0,0,6.126
decode,real,3811,7251574333037874747,0,0,0,0,1,1,8879,8879.000,0,0,0,0,6.095
decode,real,3812,7251574333037874747,0,0,0,0,1,1,8880,8880.000,0,0,0,0,6.096
decode,real,3813,7251574333037874747,0,0,0,0,1,1,8881,8881.000,0,0,0,0,6.127
decode,real,3814,7251574333037874747,0,0,0,0,1,1,8882,8882.000,0,0,0,0,6.101
decode,real,3815,7251574333037874747,0,0,0,0,1,1,8883,8883.000,0,0,0,0,6.134
decode,real,3816,7251574333037874747,0,0,0,0,1,1,8884,8884.000,0,0,0,0,6.126
decode,real,3817,7251574333037874747,0,0,0,0,1,1,8885,8885.000,0,0,0,0,6.098
decode,real,3818,7251574333037874747,0,0,0,0,1,1,8886,8886.000,0,0,0,0,6.127
decode,real,3819,7251574333037874747,0,0,0,0,1,1,8887,8887.000,0,0,0,0,6.129
decode,real,3820,7251574333037874747,0,0,0,0,1,1,8888,8888.000,0,0,0,0,6.107
decode,real,3821,7251574333037874747,0,0,0,0,1,1,8889,8889.000,0,0,0,0,6.115
decode,real,3822,7251574333037874747,0,0,0,0,1,1,8890,8890.000,0,0,0,0,6.130
decode,real,3823,7251574333037874747,0,0,0,0,1,1,8891,8891.000,0,0,0,0,6.095
decode,real,3824,7251574333037874747,0,0,0,0,1,1,8892,8892.000,0,0,0,0,6.115
decode,real,3825,7251574333037874747,0,0,0,0,1,1,8893,8893.000,0,0,0,0,6.125
decode,real,3826,7251574333037874747,0,0,0,0,1,1,8894,8894.000,0,0,0,0,6.145
decode,real,3827,7251574333037874747,0,0,0,0,1,1,8895,8895.000,0,0,0,0,6.091
decode,real,3828,7251574333037874747,0,0,0,0,1,1,8896,8896.000,0,0,0,0,6.105
decode,real,3829,7251574333037874747,0,0,0,0,1,1,8897,8897.000,0,0,0,0,6.126
decode,real,3830,7251574333037874747,0,0,0,0,1,1,8898,8898.000,0,0,0,0,6.096
decode,real,3831,7251574333037874747,0,0,0,0,1,1,8899,8899.000,0,0,0,0,6.101
decode,real,3832,7251574333037874747,0,0,0,0,1,1,8900,8900.000,0,0,0,0,6.114
decode,real,3833,7251574333037874747,0,0,0,0,1,1,8901,8901.000,0,0,0,0,6.116
decode,real,3834,7251574333037874747,0,0,0,0,1,1,8902,8902.000,0,0,0,0,6.117
decode,real,3835,7251574333037874747,0,0,0,0,1,1,8903,8903.000,0,0,0,0,6.125
decode,real,3836,7251574333037874747,0,0,0,0,1,1,8904,8904.000,0,0,0,0,6.120
decode,real,3837,7251574333037874747,0,0,0,0,1,1,8905,8905.000,0,0,0,0,6.120
decode,real,3838,7251574333037874747,0,0,0,0,1,1,8906,8906.000,0,0,0,0,6.088
decode,real,3839,7251574333037874747,0,0,0,0,1,1,8907,8907.000,0,0,0,0,6.136
decode,real,3840,7251574333037874747,0,0,0,0,1,1,8908,8908.000,0,0,0,0,6.126
decode,real,3841,7251574333037874747,0,0,0,0,1,1,8909,8909.000,0,0,0,0,6.110
decode,real,3842,7251574333037874747,0,0,0,0,1,1,8910,8910.000,0,0,0,0,6.112
decode,real,3843,7251574333037874747,0,0,0,0,1,1,8911,8911.000,0,0,0,0,6.119
decode,real,3844,7251574333037874747,0,0,0,0,1,1,8912,8912.000,0,0,0,0,6.093
decode,real,3845,7251574333037874747,0,0,0,0,1,1,8913,8913.000,0,0,0,0,6.128
decode,real,3846,7251574333037874747,0,0,0,0,1,1,8914,8914.000,0,0,0,0,6.108
decode,real,3847,7251574333037874747,0,0,0,0,1,1,8915,8915.000,0,0,0,0,6.132
decode,real,3848,7251574333037874747,0,0,0,0,1,1,8916,8916.000,0,0,0,0,6.088
decode,real,3849,7251574333037874747,0,0,0,0,1,1,8917,8917.000,0,0,0,0,6.115
decode,real,3850,7251574333037874747,0,0,0,0,1,1,8918,8918.000,0,0,0,0,6.136
decode,real,3851,7251574333037874747,0,0,0,0,1,1,8919,8919.000,0,0,0,0,6.097
decode,real,3852,7251574333037874747,0,0,0,0,1,1,8920,8920.000,0,0,0,0,6.111
decode,real,3853,7251574333037874747,0,0,0,0,1,1,8921,8921.000,0,0,0,0,6.149
decode,real,3854,7251574333037874747,0,0,0,0,1,1,8922,8922.000,0,0,0,0,6.094
decode,real,3855,7251574333037874747,0,0,0,0,1,1,8923,8923.000,0,0,0,0,6.111
decode,real,3856,7251574333037874747,0,0,0,0,1,1,8924,8924.000,0,0,0,0,6.117
decode,real,3857,7251574333037874747,0,0,0,0,1,1,8925,8925.000,0,0,0,0,6.103
decode,real,3858,7251574333037874747,0,0,0,0,1,1,8926,8926.000,0,0,0,0,6.143
decode,real,3859,7251574333037874747,0,0,0,0,1,1,8927,8927.000,0,0,0,0,6.082
decode,real,3860,7251574333037874747,0,0,0,0,1,1,8928,8928.000,0,0,0,0,6.140
decode,real,3861,7251574333037874747,0,0,0,0,1,1,8929,8929.000,0,0,0,0,6.108
decode,real,3862,7251574333037874747,0,0,0,0,1,1,8930,8930.000,0,0,0,0,6.090
decode,real,3863,7251574333037874747,0,0,0,0,1,1,8931,8931.000,0,0,0,0,6.124
decode,real,3864,7251574333037874747,0,0,0,0,1,1,8932,8932.000,0,0,0,0,6.117
decode,real,3865,7251574333037874747,0,0,0,0,1,1,8933,8933.000,0,0,0,0,6.091
decode,real,3866,7251574333037874747,0,0,0,0,1,1,8934,8934.000,0,0,0,0,6.133
decode,real,3867,7251574333037874747,0,0,0,0,1,1,8935,8935.000,0,0,0,0,6.103
decode,real,3868,7251574333037874747,0,0,0,0,1,1,8936,8936.000,0,0,0,0,6.144
decode,real,3869,7251574333037874747,0,0,0,0,1,1,8937,8937.000,0,0,0,0,6.108
decode,real,3870,7251574333037874747,0,0,0,0,1,1,8938,8938.000,0,0,0,0,6.108
decode,real,3871,7251574333037874747,0,0,0,0,1,1,8939,8939.000,0,0,0,0,6.112
decode,real,3872,7251574333037874747,0,0,0,0,1,1,8940,8940.000,0,0,0,0,6.106
decode,real,3873,7251574333037874747,0,0,0,0,1,1,8941,8941.000,0,0,0,0,6.122
decode,real,3874,7251574333037874747,0,0,0,0,1,1,8942,8942.000,0,0,0,0,6.132
decode,real,3875,7251574333037874747,0,0,0,0,1,1,8943,8943.000,0,0,0,0,6.083
decode,real,3876,7251574333037874747,0,0,0,0,1,1,8944,8944.000,0,0,0,0,6.136
decode,real,3877,7251574333037874747,0,0,0,0,1,1,8945,8945.000,0,0,0,0,6.118
decode,real,3878,7251574333037874747,0,0,0,0,1,1,8946,8946.000,0,0,0,0,6.100
decode,real,3879,7251574333037874747,0,0,0,0,1,1,8947,8947.000,0,0,0,0,6.123
decode,real,3880,7251574333037874747,0,0,0,0,1,1,8948,8948.000,0,0,0,0,6.114
decode,real,3881,7251574333037874747,0,0,0,0,1,1,8949,8949.000,0,0,0,0,6.139
decode,real,3882,7251574333037874747,0,0,0,0,1,1,8950,8950.000,0,0,0,0,6.105
decode,real,3883,7251574333037874747,0,0,0,0,1,1,8951,8951.000,0,0,0,0,6.125
decode,real,3884,7251574333037874747,0,0,0,0,1,1,8952,8952.000,0,0,0,0,6.125
decode,real,3885,7251574333037874747,0,0,0,0,1,1,8953,8953.000,0,0,0,0,6.111
decode,real,3886,7251574333037874747,0,0,0,0,1,1,8954,8954.000,0,0,0,0,6.140
decode,real,3887,7251574333037874747,0,0,0,0,1,1,8955,8955.000,0,0,0,0,6.093
decode,real,3888,7251574333037874747,0,0,0,0,1,1,8956,8956.000,0,0,0,0,6.127
decode,real,3889,7251574333037874747,0,0,0,0,1,1,8957,8957.000,0,0,0,0,6.119
decode,real,3890,7251574333037874747,0,0,0,0,1,1,8958,8958.000,0,0,0,0,6.139
decode,real,3891,7251574333037874747,0,0,0,0,1,1,8959,8959.000,0,0,0,0,6.102
decode,real,3892,7251574333037874747,0,0,0,0,1,1,8960,8960.000,0,0,0,0,6.152
decode,real,3893,7251574333037874747,0,0,0,0,1,1,8961,8961.000,0,0,0,0,6.075
decode,real,3894,7251574333037874747,0,0,0,0,1,1,8962,8962.000,0,0,0,0,6.104
decode,real,3895,7251574333037874747,0,0,0,0,1,1,8963,8963.000,0,0,0,0,6.096
decode,real,3896,7251574333037874747,0,0,0,0,1,1,8964,8964.000,0,0,0,0,6.120
decode,real,3897,7251574333037874747,0,0,0,0,1,1,8965,8965.000,0,0,0,0,6.110
decode,real,3898,7251574333037874747,0,0,0,0,1,1,8966,8966.000,0,0,0,0,6.125
decode,real,3899,7251574333037874747,0,0,0,0,1,1,8967,8967.000,0,0,0,0,6.106
decode,real,3900,7251574333037874747,0,0,0,0,1,1,8968,8968.000,0,0,0,0,6.143
decode,real,3901,7251574333037874747,0,0,0,0,1,1,8969,8969.000,0,0,0,0,6.097
decode,real,3902,7251574333037874747,0,0,0,0,1,1,8970,8970.000,0,0,0,0,6.116
decode,real,3903,7251574333037874747,0,0,0,0,1,1,8971,8971.000,0,0,0,0,6.125
decode,real,3904,7251574333037874747,0,0,0,0,1,1,8972,8972.000,0,0,0,0,6.118
decode,real,3905,7251574333037874747,0,0,0,0,1,1,8973,8973.000,0,0,0,0,6.102
decode,real,3906,7251574333037874747,0,0,0,0,1,1,8974,8974.000,0,0,0,0,6.136
decode,real,3907,7251574333037874747,0,0,0,0,1,1,8975,8975.000,0,0,0,0,6.115
decode,real,3908,7251574333037874747,0,0,0,0,1,1,8976,8976.000,0,0,0,0,6.092
decode,real,3909,7251574333037874747,0,0,0,0,1,1,8977,8977.000,0,0,0,0,6.155
decode,real,3910,7251574333037874747,0,0,0,0,1,1,8978,8978.000,0,0,0,0,6.119
decode,real,3911,7251574333037874747,0,0,0,0,1,1,8979,8979.000,0,0,0,0,6.088
decode,real,3912,7251574333037874747,0,0,0,0,1,1,8980,8980.000,0,0,0,0,6.145
decode,real,3913,7251574333037874747,0,0,0,0,1,1,8981,8981.000,0,0,0,0,6.101
decode,real,3914,7251574333037874747,0,0,0,0,1,1,8982,8982.000,0,0,0,0,6.128
decode,real,3915,7251574333037874747,0,0,0,0,1,1,8983,8983.000,0,0,0,0,6.104
decode,real,3916,7251574333037874747,0,0,0,0,1,1,8984,8984.000,0,0,0,0,6.102
decode,real,3917,7251574333037874747,0,0,0,0,1,1,8985,8985.000,0,0,0,0,6.150
decode,real,3918,7251574333037874747,0,0,0,0,1,1,8986,8986.000,0,0,0,0,6.086
decode,real,3919,7251574333037874747,0,0,0,0,1,1,8987,8987.000,0,0,0,0,6.132
decode,real,3920,7251574333037874747,0,0,0,0,1,1,8988,8988.000,0,0,0,0,6.121
decode,real,3921,7251574333037874747,0,0,0,0,1,1,8989,8989.000,0,0,0,0,6.116
decode,real,3922,7251574333037874747,0,0,0,0,1,1,8990,8990.000,0,0,0,0,6.131
decode,real,3923,7251574333037874747,0,0,0,0,1,1,8991,8991.000,0,0,0,0,6.099
decode,real,3924,7251574333037874747,0,0,0,0,1,1,8992,8992.000,0,0,0,0,6.141
decode,real,3925,7251574333037874747,0,0,0,0,1,1,8993,8993.000,0,0,0,0,6.141
decode,real,3926,7251574333037874747,0,0,0,0,1,1,8994,8994.000,0,0,0,0,6.096
decode,real,3927,7251574333037874747,0,0,0,0,1,1,8995,8995.000,0,0,0,0,6.102
decode,real,3928,7251574333037874747,0,0,0,0,1,1,8996,8996.000,0,0,0,0,6.122
decode,real,3929,7251574333037874747,0,0,0,0,1,1,8997,8997.000,0,0,0,0,6.124
decode,real,3930,7251574333037874747,0,0,0,0,1,1,8998,8998.000,0,0,0,0,6.106
decode,real,3931,7251574333037874747,0,0,0,0,1,1,8999,8999.000,0,0,0,0,6.132
decode,real,3932,7251574333037874747,0,0,0,0,1,1,9000,9000.000,0,0,0,0,6.134
decode,real,3933,7251574333037874747,0,0,0,0,1,1,9001,9001.000,0,0,0,0,6.114
decode,real,3934,7251574333037874747,0,0,0,0,1,1,9002,9002.000,0,0,0,0,6.129
decode,real,3935,7251574333037874747,0,0,0,0,1,1,9003,9003.000,0,0,0,0,6.113
decode,real,3936,7251574333037874747,0,0,0,0,1,1,9004,9004.000,0,0,0,0,6.132
decode,real,3937,7251574333037874747,0,0,0,0,1,1,9005,9005.000,0,0,0,0,6.098
decode,real,3938,7251574333037874747,0,0,0,0,1,1,9006,9006.000,0,0,0,0,6.118
decode,real,3939,7251574333037874747,0,0,0,0,1,1,9007,9007.000,0,0,0,0,6.105
decode,real,3940,7251574333037874747,0,0,0,0,1,1,9008,9008.000,0,0,0,0,6.137
decode,real,3941,7251574333037874747,0,0,0,0,1,1,9009,9009.000,0,0,0,0,6.099
decode,real,3942,7251574333037874747,0,0,0,0,1,1,9010,9010.000,0,0,0,0,6.127
decode,real,3943,7251574333037874747,0,0,0,0,1,1,9011,9011.000,0,0,0,0,6.128
decode,real,3944,7251574333037874747,0,0,0,0,1,1,9012,9012.000,0,0,0,0,6.088
decode,real,3945,7251574333037874747,0,0,0,0,1,1,9013,9013.000,0,0,0,0,6.134
decode,real,3946,7251574333037874747,0,0,0,0,1,1,9014,9014.000,0,0,0,0,6.103
decode,real,3947,7251574333037874747,0,0,0,0,1,1,9015,9015.000,0,0,0,0,6.130
decode,real,3948,7251574333037874747,0,0,0,0,1,1,9016,9016.000,0,0,0,0,6.106
decode,real,3949,7251574333037874747,0,0,0,0,1,1,9017,9017.000,0,0,0,0,6.111
decode,real,3950,7251574333037874747,0,0,0,0,1,1,9018,9018.000,0,0,0,0,6.120
decode,real,3951,7251574333037874747,0,0,0,0,1,1,9019,9019.000,0,0,0,0,6.134
decode,real,3952,7251574333037874747,0,0,0,0,1,1,9020,9020.000,0,0,0,0,6.123
decode,real,3953,7251574333037874747,0,0,0,0,1,1,9021,9021.000,0,0,0,0,6.102
decode,real,3954,7251574333037874747,0,0,0,0,1,1,9022,9022.000,0,0,0,0,6.127
decode,real,3955,7251574333037874747,0,0,0,0,1,1,9023,9023.000,0,0,0,0,6.111
decode,real,3956,7251574333037874747,0,0,0,0,1,1,9024,9024.000,0,0,0,0,6.106
decode,real,3957,7251574333037874747,0,0,0,0,1,1,9025,9025.000,0,0,0,0,6.125
decode,real,3958,7251574333037874747,0,0,0,0,1,1,9026,9026.000,0,0,0,0,6.118
decode,real,3959,7251574333037874747,0,0,0,0,1,1,9027,9027.000,0,0,0,0,6.136
decode,real,3960,7251574333037874747,0,0,0,0,1,1,9028,9028.000,0,0,0,0,6.111
decode,real,3961,7251574333037874747,0,0,0,0,1,1,9029,9029.000,0,0,0,0,6.110
decode,real,3962,7251574333037874747,0,0,0,0,1,1,9030,9030.000,0,0,0,0,6.115
decode,real,3963,7251574333037874747,0,0,0,0,1,1,9031,9031.000,0,0,0,0,6.122
decode,real,3964,7251574333037874747,0,0,0,0,1,1,9032,9032.000,0,0,0,0,6.086
decode,real,3965,7251574333037874747,0,0,0,0,1,1,9033,9033.000,0,0,0,0,6.131
decode,real,3966,7251574333037874747,0,0,0,0,1,1,9034,9034.000,0,0,0,0,6.125
decode,real,3967,7251574333037874747,0,0,0,0,1,1,9035,9035.000,0,0,0,0,6.111
decode,real,3968,7251574333037874747,0,0,0,0,1,1,9036,9036.000,0,0,0,0,6.138
decode,real,3969,7251574333037874747,0,0,0,0,1,1,9037,9037.000,0,0,0,0,6.096
decode,real,3970,7251574333037874747,0,0,0,0,1,1,9038,9038.000,0,0,0,0,6.147
decode,real,3971,7251574333037874747,0,0,0,0,1,1,9039,9039.000,0,0,0,0,6.091
decode,real,3972,7251574333037874747,0,0,0,0,1,1,9040,9040.000,0,0,0,0,6.125
decode,real,3973,7251574333037874747,0,0,0,0,1,1,9041,9041.000,0,0,0,0,6.102
decode,real,3974,7251574333037874747,0,0,0,0,1,1,9042,9042.000,0,0,0,0,6.140
decode,real,3975,7251574333037874747,0,0,0,0,1,1,9043,9043.000,0,0,0,0,6.099
decode,real,3976,7251574333037874747,0,0,0,0,1,1,9044,9044.000,0,0,0,0,6.115
decode,real,3977,7251574333037874747,0,0,0,0,1,1,9045,9045.000,0,0,0,0,6.110
decode,real,3978,7251574333037874747,0,0,0,0,1,1,9046,9046.000,0,0,0,0,6.130
decode,real,3979,7251574333037874747,0,0,0,0,1,1,9047,9047.000,0,0,0,0,6.103
decode,real,3980,7251574333037874747,0,0,0,0,1,1,9048,9048.000,0,0,0,0,6.156
decode,real,3981,7251574333037874747,0,0,0,0,1,1,9049,9049.000,0,0,0,0,6.096
decode,real,3982,7251574333037874747,0,0,0,0,1,1,9050,9050.000,0,0,0,0,6.124
decode,real,3983,7251574333037874747,0,0,0,0,1,1,9051,9051.000,0,0,0,0,6.117
decode,real,3984,7251574333037874747,0,0,0,0,1,1,9052,9052.000,0,0,0,0,6.107
decode,real,3985,7251574333037874747,0,0,0,0,1,1,9053,9053.000,0,0,0,0,6.144
decode,real,3986,7251574333037874747,0,0,0,0,1,1,9054,9054.000,0,0,0,0,6.101
decode,real,3987,7251574333037874747,0,0,0,0,1,1,9055,9055.000,0,0,0,0,6.117
decode,real,3988,7251574333037874747,0,0,0,0,1,1,9056,9056.000,0,0,0,0,6.128
decode,real,3989,7251574333037874747,0,0,0,0,1,1,9057,9057.000,0,0,0,0,6.089
decode,real,3990,7251574333037874747,0,0,0,0,1,1,9058,9058.000,0,0,0,0,6.126
decode,real,3991,7251574333037874747,0,0,0,0,1,1,9059,9059.000,0,0,0,0,6.127
decode,real,3992,7251574333037874747,0,0,0,0,1,1,9060,9060.000,0,0,0,0,6.111
decode,real,3993,7251574333037874747,0,0,0,0,1,1,9061,9061.000,0,0,0,0,6.102
decode,real,3994,7251574333037874747,0,0,0,0,1,1,9062,9062.000,0,0,0,0,6.149
decode,real,3995,7251574333037874747,0,0,0,0,1,1,9063,9063.000,0,0,0,0,6.117
decode,real,3996,7251574333037874747,0,0,0,0,1,1,9064,9064.000,0,0,0,0,6.097
decode,real,3997,7251574333037874747,0,0,0,0,1,1,9065,9065.000,0,0,0,0,6.133
decode,real,3998,7251574333037874747,0,0,0,0,1,1,9066,9066.000,0,0,0,0,6.109
decode,real,3999,7251574333037874747,0,0,0,0,1,1,9067,9067.000,0,0,0,0,6.122
decode,real,4000,7251574333037874747,0,0,0,0,1,1,9068,9068.000,0,0,0,0,6.108
decode,real,4001,7251574333037874747,0,0,0,0,1,1,9069,9069.000,0,0,0,0,6.118
decode,real,4002,7251574333037874747,0,0,0,0,1,1,9070,9070.000,0,0,0,0,6.141
decode,real,4003,7251574333037874747,0,0,0,0,1,1,9071,9071.000,0,0,0,0,6.106
decode,real,4004,7251574333037874747,0,0,0,0,1,1,9072,9072.000,0,0,0,0,6.118
decode,real,4005,7251574333037874747,0,0,0,0,1,1,9073,9073.000,0,0,0,0,6.126
decode,real,4006,7251574333037874747,0,0,0,0,1,1,9074,9074.000,0,0,0,0,6.096
decode,real,4007,7251574333037874747,0,0,0,0,1,1,9075,9075.000,0,0,0,0,6.141
decode,real,4008,7251574333037874747,0,0,0,0,1,1,9076,9076.000,0,0,0,0,6.113
decode,real,4009,7251574333037874747,0,0,0,0,1,1,9077,9077.000,0,0,0,0,6.112
decode,real,4010,7251574333037874747,0,0,0,0,1,1,9078,9078.000,0,0,0,0,6.131
decode,real,4011,7251574333037874747,0,0,0,0,1,1,9079,9079.000,0,0,0,0,6.089
decode,real,4012,7251574333037874747,0,0,0,0,1,1,9080,9080.000,0,0,0,0,6.114
decode,real,4013,7251574333037874747,0,0,0,0,1,1,9081,9081.000,0,0,0,0,6.133
decode,real,4014,7251574333037874747,0,0,0,0,1,1,9082,9082.000,0,0,0,0,6.107
decode,real,4015,7251574333037874747,0,0,0,0,1,1,9083,9083.000,0,0,0,0,6.100
decode,real,4016,7251574333037874747,0,0,0,0,1,1,9084,9084.000,0,0,0,0,6.132
decode,real,4017,7251574333037874747,0,0,0,0,1,1,9085,9085.000,0,0,0,0,6.117
decode,real,4018,7251574333037874747,0,0,0,0,1,1,9086,9086.000,0,0,0,0,6.136
decode,real,4019,7251574333037874747,0,0,0,0,1,1,9087,9087.000,0,0,0,0,6.090
decode,real,4020,7251574333037874747,0,0,0,0,1,1,9088,9088.000,0,0,0,0,6.112
decode,real,4021,7251574333037874747,0,0,0,0,1,1,9089,9089.000,0,0,0,0,6.110
decode,real,4022,7251574333037874747,0,0,0,0,1,1,9090,9090.000,0,0,0,0,6.125
decode,real,4023,7251574333037874747,0,0,0,0,1,1,9091,9091.000,0,0,0,0,6.097
decode,real,4024,7251574333037874747,0,0,0,0,1,1,9092,9092.000,0,0,0,0,6.117
decode,real,4025,7251574333037874747,0,0,0,0,1,1,9093,9093.000,0,0,0,0,6.101
decode,real,4026,7251574333037874747,0,0,0,0,1,1,9094,9094.000,0,0,0,0,6.115
decode,real,4027,7251574333037874747,0,0,0,0,1,1,9095,9095.000,0,0,0,0,6.097
decode,real,4028,7251574333037874747,0,0,0,0,1,1,9096,9096.000,0,0,0,0,6.121
decode,real,4029,7251574333037874747,0,0,0,0,1,1,9097,9097.000,0,0,0,0,6.110
decode,real,4030,7251574333037874747,0,0,0,0,1,1,9098,9098.000,0,0,0,0,6.102
decode,real,4031,7251574333037874747,0,0,0,0,1,1,9099,9099.000,0,0,0,0,6.107
decode,real,4032,7251574333037874747,0,0,0,0,1,1,9100,9100.000,0,0,0,0,6.121
decode,real,4033,7251574333037874747,0,0,0,0,1,1,9101,9101.000,0,0,0,0,6.122
decode,real,4034,7251574333037874747,0,0,0,0,1,1,9102,9102.000,0,0,0,0,6.109
decode,real,4035,7251574333037874747,0,0,0,0,1,1,9103,9103.000,0,0,0,0,6.107
decode,real,4036,7251574333037874747,0,0,0,0,1,1,9104,9104.000,0,0,0,0,6.116
decode,real,4037,7251574333037874747,0,0,0,0,1,1,9105,9105.000,0,0,0,0,6.127
decode,real,4038,7251574333037874747,0,0,0,0,1,1,9106,9106.000,0,0,0,0,6.117
decode,real,4039,7251574333037874747,0,0,0,0,1,1,9107,9107.000,0,0,0,0,6.103
decode,real,4040,7251574333037874747,0,0,0,0,1,1,9108,9108.000,0,0,0,0,6.129
decode,real,4041,7251574333037874747,0,0,0,0,1,1,9109,9109.000,0,0,0,0,6.097
decode,real,4042,7251574333037874747,0,0,0,0,1,1,9110,9110.000,0,0,0,0,6.115
decode,real,4043,7251574333037874747,0,0,0,0,1,1,9111,9111.000,0,0,0,0,6.113
decode,real,4044,7251574333037874747,0,0,0,0,1,1,9112,9112.000,0,0,0,0,6.134
decode,real,4045,7251574333037874747,0,0,0,0,1,1,9113,9113.000,0,0,0,0,6.101
decode,real,4046,7251574333037874747,0,0,0,0,1,1,9114,9114.000,0,0,0,0,6.137
decode,real,4047,7251574333037874747,0,0,0,0,1,1,9115,9115.000,0,0,0,0,6.117
decode,real,4048,7251574333037874747,0,0,0,0,1,1,9116,9116.000,0,0,0,0,6.120
decode,real,4049,7251574333037874747,0,0,0,0,1,1,9117,9117.000,0,0,0,0,6.123
decode,real,4050,7251574333037874747,0,0,0,0,1,1,9118,9118.000,0,0,0,0,6.119
decode,real,4051,7251574333037874747,0,0,0,0,1,1,9119,9119.000,0,0,0,0,6.091
decode,real,4052,7251574333037874747,0,0,0,0,1,1,9120,9120.000,0,0,0,0,6.107
decode,real,4053,7251574333037874747,0,0,0,0,1,1,9121,9121.000,0,0,0,0,6.130
decode,real,4054,7251574333037874747,0,0,0,0,1,1,9122,9122.000,0,0,0,0,6.136
decode,real,4055,7251574333037874747,0,0,0,0,1,1,9123,9123.000,0,0,0,0,6.103
decode,real,4056,7251574333037874747,0,0,0,0,1,1,9124,9124.000,0,0,0,0,6.124
decode,real,4057,7251574333037874747,0,0,0,0,1,1,9125,9125.000,0,0,0,0,6.103
decode,real,4058,7251574333037874747,0,0,0,0,1,1,9126,9126.000,0,0,0,0,6.125
decode,real,4059,7251574333037874747,0,0,0,0,1,1,9127,9127.000,0,0,0,0,6.099
decode,real,4060,7251574333037874747,0,0,0,0,1,1,9128,9128.000,0,0,0,0,6.125
decode,real,4061,7251574333037874747,0,0,0,0,1,1,9129,9129.000,0,0,0,0,6.108
decode,real,4062,7251574333037874747,0,0,0,0,1,1,9130,9130.000,0,0,0,0,6.106
decode,real,4063,7251574333037874747,0,0,0,0,1,1,9131,9131.000,0,0,0,0,6.134
decode,real,4064,7251574333037874747,0,0,0,0,1,1,9132,9132.000,0,0,0,0,6.103
decode,real,4065,7251574333037874747,0,0,0,0,1,1,9133,9133.000,0,0,0,0,6.113
decode,real,4066,7251574333037874747,0,0,0,0,1,1,9134,9134.000,0,0,0,0,6.136
decode,real,4067,7251574333037874747,0,0,0,0,1,1,9135,9135.000,0,0,0,0,6.081
decode,real,4068,7251574333037874747,0,0,0,0,1,1,9136,9136.000,0,0,0,0,6.115
decode,real,4069,7251574333037874747,0,0,0,0,1,1,9137,9137.000,0,0,0,0,6.128
decode,real,4070,7251574333037874747,0,0,0,0,1,1,9138,9138.000,0,0,0,0,6.102
decode,real,4071,7251574333037874747,0,0,0,0,1,1,9139,9139.000,0,0,0,0,6.116
decode,real,4072,7251574333037874747,0,0,0,0,1,1,9140,9140.000,0,0,0,0,6.119
decode,real,4073,7251574333037874747,0,0,0,0,1,1,9141,9141.000,0,0,0,0,6.114
decode,real,4074,7251574333037874747,0,0,0,0,1,1,9142,9142.000,0,0,0,0,6.116
decode,real,4075,7251574333037874747,0,0,0,0,1,1,9143,9143.000,0,0,0,0,6.097
decode,real,4076,7251574333037874747,0,0,0,0,1,1,9144,9144.000,0,0,0,0,6.108
decode,real,4077,7251574333037874747,0,0,0,0,1,1,9145,9145.000,0,0,0,0,6.108
decode,real,4078,7251574333037874747,0,0,0,0,1,1,9146,9146.000,0,0,0,0,6.120
decode,real,4079,7251574333037874747,0,0,0,0,1,1,9147,9147.000,0,0,0,0,6.134
decode,real,4080,7251574333037874747,0,0,0,0,1,1,9148,9148.000,0,0,0,0,6.101
decode,real,4081,7251574333037874747,0,0,0,0,1,1,9149,9149.000,0,0,0,0,6.125
decode,real,4082,7251574333037874747,0,0,0,0,1,1,9150,9150.000,0,0,0,0,6.112
decode,real,4083,7251574333037874747,0,0,0,0,1,1,9151,9151.000,0,0,0,0,6.098
decode,real,4084,7251574333037874747,0,0,0,0,1,1,9152,9152.000,0,0,0,0,6.142
decode,real,4085,7251574333037874747,0,0,0,0,1,1,9153,9153.000,0,0,0,0,6.089
decode,real,4086,7251574333037874747,0,0,0,0,1,1,9154,9154.000,0,0,0,0,6.122
decode,real,4087,7251574333037874747,0,0,0,0,1,1,9155,9155.000,0,0,0,0,6.113
decode,real,4088,7251574333037874747,0,0,0,0,1,1,9156,9156.000,0,0,0,0,6.095
decode,real,4089,7251574333037874747,0,0,0,0,1,1,9157,9157.000,0,0,0,0,6.119
decode,real,4090,7251574333037874747,0,0,0,0,1,1,9158,9158.000,0,0,0,0,6.104
decode,real,4091,7251574333037874747,0,0,0,0,1,1,9159,9159.000,0,0,0,0,6.130
decode,real,4092,7251574333037874747,0,0,0,0,1,1,9160,9160.000,0,0,0,0,6.100
decode,real,4093,7251574333037874747,0,0,0,0,1,1,9161,9161.000,0,0,0,0,6.106
decode,real,4094,7251574333037874747,0,0,0,0,1,1,9162,9162.000,0,0,0,0,6.108
decode,real,4095,7251574333037874747,0,0,0,0,1,1,9163,9163.000,0,0,0,0,6.115
decode,real,4096,7251574333037874747,0,0,0,0,1,1,9164,9164.000,0,0,0,0,6.117
decode,real,4097,7251574333037874747,0,0,0,0,1,1,9165,9165.000,0,0,0,0,6.125
decode,real,4098,7251574333037874747,0,0,0,0,1,1,9166,9166.000,0,0,0,0,6.135
decode,real,4099,7251574333037874747,0,0,0,0,1,1,9167,9167.000,0,0,0,0,6.079
decode,real,4100,7251574333037874747,0,0,0,0,1,1,9168,9168.000,0,0,0,0,6.127
decode,real,4101,7251574333037874747,0,0,0,0,1,1,9169,9169.000,0,0,0,0,6.106
decode,real,4102,7251574333037874747,0,0,0,0,1,1,9170,9170.000,0,0,0,0,6.128
decode,real,4103,7251574333037874747,0,0,0,0,1,1,9171,9171.000,0,0,0,0,6.109
decode,real,4104,7251574333037874747,0,0,0,0,1,1,9172,9172.000,0,0,0,0,6.130
decode,real,4105,7251574333037874747,0,0,0,0,1,1,9173,9173.000,0,0,0,0,6.117
decode,real,4106,7251574333037874747,0,0,0,0,1,1,9174,9174.000,0,0,0,0,6.118
decode,real,4107,7251574333037874747,0,0,0,0,1,1,9175,9175.000,0,0,0,0,6.111
decode,real,4108,7251574333037874747,0,0,0,0,1,1,9176,9176.000,0,0,0,0,6.113
decode,real,4109,7251574333037874747,0,0,0,0,1,1,9177,9177.000,0,0,0,0,6.110
decode,real,4110,7251574333037874747,0,0,0,0,1,1,9178,9178.000,0,0,0,0,6.102
decode,real,4111,7251574333037874747,0,0,0,0,1,1,9179,9179.000,0,0,0,0,6.124
decode,real,4112,7251574333037874747,0,0,0,0,1,1,9180,9180.000,0,0,0,0,6.127
decode,real,4113,7251574333037874747,0,0,0,0,1,1,9181,9181.000,0,0,0,0,6.111
decode,real,4114,7251574333037874747,0,0,0,0,1,1,9182,9182.000,0,0,0,0,6.160
decode,real,4115,7251574333037874747,0,0,0,0,1,1,9183,9183.000,0,0,0,0,6.080
decode,real,4116,7251574333037874747,0,0,0,0,1,1,9184,9184.000,0,0,0,0,6.100
decode,real,4117,7251574333037874747,0,0,0,0,1,1,9185,9185.000,0,0,0,0,6.146
decode,real,4118,7251574333037874747,0,0,0,0,1,1,9186,9186.000,0,0,0,0,6.096
decode,real,4119,7251574333037874747,0,0,0,0,1,1,9187,9187.000,0,0,0,0,6.141
decode,real,4120,7251574333037874747,0,0,0,0,1,1,9188,9188.000,0,0,0,0,6.069
decode,real,4121,7251574333037874747,0,0,0,0,1,1,9189,9189.000,0,0,0,0,6.124
decode,real,4122,7251574333037874747,0,0,0,0,1,1,9190,9190.000,0,0,0,0,6.130
decode,real,4123,7251574333037874747,0,0,0,0,1,1,9191,9191.000,0,0,0,0,6.095
decode,real,4124,7251574333037874747,0,0,0,0,1,1,9192,9192.000,0,0,0,0,6.120
decode,real,4125,7251574333037874747,0,0,0,0,1,1,9193,9193.000,0,0,0,0,6.095
decode,real,4126,7251574333037874747,0,0,0,0,1,1,9194,9194.000,0,0,0,0,6.129
decode,real,4127,7251574333037874747,0,0,0,0,1,1,9195,9195.000,0,0,0,0,6.095
decode,real,4128,7251574333037874747,0,0,0,0,1,1,9196,9196.000,0,0,0,0,6.115
decode,real,4129,7251574333037874747,0,0,0,0,1,1,9197,9197.000,0,0,0,0,6.132
decode,real,4130,7251574333037874747,0,0,0,0,1,1,9198,9198.000,0,0,0,0,6.131
decode,real,4131,7251574333037874747,0,0,0,0,1,1,9199,9199.000,0,0,0,0,6.128
decode,real,4132,7251574333037874747,0,0,0,0,1,1,9200,9200.000,0,0,0,0,6.100
decode,real,4133,7251574333037874747,0,0,0,0,1,1,9201,9201.000,0,0,0,0,6.107
decode,real,4134,7251574333037874747,0,0,0,0,1,1,9202,9202.000,0,0,0,0,6.113
decode,real,4135,7251574333037874747,0,0,0,0,1,1,9203,9203.000,0,0,0,0,6.111
decode,real,4136,7251574333037874747,0,0,0,0,1,1,9204,9204.000,0,0,0,0,6.118
decode,real,4137,7251574333037874747,0,0,0,0,1,1,9205,9205.000,0,0,0,0,6.105
decode,real,4138,7251574333037874747,0,0,0,0,1,1,9206,9206.000,0,0,0,0,6.125
decode,real,4139,7251574333037874747,0,0,0,0,1,1,9207,9207.000,0,0,0,0,6.109
decode,real,4140,7251574333037874747,0,0,0,0,1,1,9208,9208.000,0,0,0,0,6.108
decode,real,4141,7251574333037874747,0,0,0,0,1,1,9209,9209.000,0,0,0,0,6.118
decode,real,4142,7251574333037874747,0,0,0,0,1,1,9210,9210.000,0,0,0,0,6.109
decode,real,4143,7251574333037874747,0,0,0,0,1,1,9211,9211.000,0,0,0,0,6.106
decode,real,4144,7251574333037874747,0,0,0,0,1,1,9212,9212.000,0,0,0,0,6.128
decode,real,4145,7251574333037874747,0,0,0,0,1,1,9213,9213.000,0,0,0,0,6.109
decode,real,4146,7251574333037874747,0,0,0,0,1,1,9214,9214.000,0,0,0,0,6.169
context,real,4147,7251574333037874747,0,2048,1,0,0,0,0,0.000,0,0,0,0,48.920
context,real,4148,7251574333037874747,0,2048,1,2048,0,0,0,0.000,0,0,0,0,47.084
context,real,4149,7251574333037874747,0,2048,1,4096,0,0,0,0.000,0,0,0,0,48.782
context,real,4150,7251574333037874747,0,2048,1,6144,0,0,0,0.000,0,0,0,0,50.466
decode,real,4151,7251574333037874747,0,0,0,0,1,1,8192,8192.000,0,0,0,0,6.167
decode,real,4152,7251574333037874747,0,0,0,0,1,1,8193,8193.000,0,0,0,0,6.201
decode,real,4153,7251574333037874747,0,0,0,0,1,1,8194,8194.000,0,0,0,0,6.197
decode,real,4154,7251574333037874747,0,0,0,0,1,1,8195,8195.000,0,0,0,0,6.222
decode,real,4155,7251574333037874747,0,0,0,0,1,1,8196,8196.000,0,0,0,0,6.193
decode,real,4156,7251574333037874747,0,0,0,0,1,1,8197,8197.000,0,0,0,0,6.189
decode,real,4157,7251574333037874747,0,0,0,0,1,1,8198,8198.000,0,0,0,0,6.188
decode,real,4158,7251574333037874747,0,0,0,0,1,1,8199,8199.000,0,0,0,0,6.213
decode,real,4159,7251574333037874747,0,0,0,0,1,1,8200,8200.000,0,0,0,0,6.193
decode,real,4160,7251574333037874747,0,0,0,0,1,1,8201,8201.000,0,0,0,0,6.187
decode,real,4161,7251574333037874747,0,0,0,0,1,1,8202,8202.000,0,0,0,0,6.179
decode,real,4162,7251574333037874747,0,0,0,0,1,1,8203,8203.000,0,0,0,0,6.191
decode,real,4163,7251574333037874747,0,0,0,0,1,1,8204,8204.000,0,0,0,0,6.186
decode,real,4164,7251574333037874747,0,0,0,0,1,1,8205,8205.000,0,0,0,0,6.190
decode,real,4165,7251574333037874747,0,0,0,0,1,1,8206,8206.000,0,0,0,0,6.200
decode,real,4166,7251574333037874747,0,0,0,0,1,1,8207,8207.000,0,0,0,0,6.184
decode,real,4167,7251574333037874747,0,0,0,0,1,1,8208,8208.000,0,0,0,0,6.183
decode,real,4168,7251574333037874747,0,0,0,0,1,1,8209,8209.000,0,0,0,0,6.188
decode,real,4169,7251574333037874747,0,0,0,0,1,1,8210,8210.000,0,0,0,0,6.174
decode,real,4170,7251574333037874747,0,0,0,0,1,1,8211,8211.000,0,0,0,0,6.215
decode,real,4171,7251574333037874747,0,0,0,0,1,1,8212,8212.000,0,0,0,0,6.166
decode,real,4172,7251574333037874747,0,0,0,0,1,1,8213,8213.000,0,0,0,0,6.178
decode,real,4173,7251574333037874747,0,0,0,0,1,1,8214,8214.000,0,0,0,0,6.151
decode,real,4174,7251574333037874747,0,0,0,0,1,1,8215,8215.000,0,0,0,0,6.169
decode,real,4175,7251574333037874747,0,0,0,0,1,1,8216,8216.000,0,0,0,0,6.166
decode,real,4176,7251574333037874747,0,0,0,0,1,1,8217,8217.000,0,0,0,0,6.149
decode,real,4177,7251574333037874747,0,0,0,0,1,1,8218,8218.000,0,0,0,0,6.148
decode,real,4178,7251574333037874747,0,0,0,0,1,1,8219,8219.000,0,0,0,0,6.156
decode,real,4179,7251574333037874747,0,0,0,0,1,1,8220,8220.000,0,0,0,0,6.119
decode,real,4180,7251574333037874747,0,0,0,0,1,1,8221,8221.000,0,0,0,0,6.148
decode,real,4181,7251574333037874747,0,0,0,0,1,1,8222,8222.000,0,0,0,0,6.137
decode,real,4182,7251574333037874747,0,0,0,0,1,1,8223,8223.000,0,0,0,0,6.160
decode,real,4183,7251574333037874747,0,0,0,0,1,1,8224,8224.000,0,0,0,0,6.126
decode,real,4184,7251574333037874747,0,0,0,0,1,1,8225,8225.000,0,0,0,0,6.130
decode,real,4185,7251574333037874747,0,0,0,0,1,1,8226,8226.000,0,0,0,0,6.131
decode,real,4186,7251574333037874747,0,0,0,0,1,1,8227,8227.000,0,0,0,0,6.137
decode,real,4187,7251574333037874747,0,0,0,0,1,1,8228,8228.000,0,0,0,0,6.143
decode,real,4188,7251574333037874747,0,0,0,0,1,1,8229,8229.000,0,0,0,0,6.144
decode,real,4189,7251574333037874747,0,0,0,0,1,1,8230,8230.000,0,0,0,0,6.123
decode,real,4190,7251574333037874747,0,0,0,0,1,1,8231,8231.000,0,0,0,0,6.134
decode,real,4191,7251574333037874747,0,0,0,0,1,1,8232,8232.000,0,0,0,0,6.101
decode,real,4192,7251574333037874747,0,0,0,0,1,1,8233,8233.000,0,0,0,0,6.115
decode,real,4193,7251574333037874747,0,0,0,0,1,1,8234,8234.000,0,0,0,0,6.123
decode,real,4194,7251574333037874747,0,0,0,0,1,1,8235,8235.000,0,0,0,0,6.130
decode,real,4195,7251574333037874747,0,0,0,0,1,1,8236,8236.000,0,0,0,0,6.111
decode,real,4196,7251574333037874747,0,0,0,0,1,1,8237,8237.000,0,0,0,0,6.108
decode,real,4197,7251574333037874747,0,0,0,0,1,1,8238,8238.000,0,0,0,0,6.119
decode,real,4198,7251574333037874747,0,0,0,0,1,1,8239,8239.000,0,0,0,0,6.112
decode,real,4199,7251574333037874747,0,0,0,0,1,1,8240,8240.000,0,0,0,0,6.102
decode,real,4200,7251574333037874747,0,0,0,0,1,1,8241,8241.000,0,0,0,0,6.108
decode,real,4201,7251574333037874747,0,0,0,0,1,1,8242,8242.000,0,0,0,0,6.104
decode,real,4202,7251574333037874747,0,0,0,0,1,1,8243,8243.000,0,0,0,0,6.108
decode,real,4203,7251574333037874747,0,0,0,0,1,1,8244,8244.000,0,0,0,0,6.113
decode,real,4204,7251574333037874747,0,0,0,0,1,1,8245,8245.000,0,0,0,0,6.103
decode,real,4205,7251574333037874747,0,0,0,0,1,1,8246,8246.000,0,0,0,0,6.118
decode,real,4206,7251574333037874747,0,0,0,0,1,1,8247,8247.000,0,0,0,0,6.065
decode,real,4207,7251574333037874747,0,0,0,0,1,1,8248,8248.000,0,0,0,0,6.115
decode,real,4208,7251574333037874747,0,0,0,0,1,1,8249,8249.000,0,0,0,0,6.068
decode,real,4209,7251574333037874747,0,0,0,0,1,1,8250,8250.000,0,0,0,0,6.086
decode,real,4210,7251574333037874747,0,0,0,0,1,1,8251,8251.000,0,0,0,0,6.107
decode,real,4211,7251574333037874747,0,0,0,0,1,1,8252,8252.000,0,0,0,0,6.106
decode,real,4212,7251574333037874747,0,0,0,0,1,1,8253,8253.000,0,0,0,0,6.063
decode,real,4213,7251574333037874747,0,0,0,0,1,1,8254,8254.000,0,0,0,0,6.124
decode,real,4214,7251574333037874747,0,0,0,0,1,1,8255,8255.000,0,0,0,0,6.075
decode,real,4215,7251574333037874747,0,0,0,0,1,1,8256,8256.000,0,0,0,0,6.105
decode,real,4216,7251574333037874747,0,0,0,0,1,1,8257,8257.000,0,0,0,0,6.083
decode,real,4217,7251574333037874747,0,0,0,0,1,1,8258,8258.000,0,0,0,0,6.086
decode,real,4218,7251574333037874747,0,0,0,0,1,1,8259,8259.000,0,0,0,0,6.078
decode,real,4219,7251574333037874747,0,0,0,0,1,1,8260,8260.000,0,0,0,0,6.095
decode,real,4220,7251574333037874747,0,0,0,0,1,1,8261,8261.000,0,0,0,0,6.100
decode,real,4221,7251574333037874747,0,0,0,0,1,1,8262,8262.000,0,0,0,0,6.097
decode,real,4222,7251574333037874747,0,0,0,0,1,1,8263,8263.000,0,0,0,0,6.064
decode,real,4223,7251574333037874747,0,0,0,0,1,1,8264,8264.000,0,0,0,0,6.104
decode,real,4224,7251574333037874747,0,0,0,0,1,1,8265,8265.000,0,0,0,0,6.066
decode,real,4225,7251574333037874747,0,0,0,0,1,1,8266,8266.000,0,0,0,0,6.090
decode,real,4226,7251574333037874747,0,0,0,0,1,1,8267,8267.000,0,0,0,0,6.101
decode,real,4227,7251574333037874747,0,0,0,0,1,1,8268,8268.000,0,0,0,0,6.098
decode,real,4228,7251574333037874747,0,0,0,0,1,1,8269,8269.000,0,0,0,0,6.075
decode,real,4229,7251574333037874747,0,0,0,0,1,1,8270,8270.000,0,0,0,0,6.102
decode,real,4230,7251574333037874747,0,0,0,0,1,1,8271,8271.000,0,0,0,0,6.061
decode,real,4231,7251574333037874747,0,0,0,0,1,1,8272,8272.000,0,0,0,0,6.087
decode,real,4232,7251574333037874747,0,0,0,0,1,1,8273,8273.000,0,0,0,0,6.067
decode,real,4233,7251574333037874747,0,0,0,0,1,1,8274,8274.000,0,0,0,0,6.119
decode,real,4234,7251574333037874747,0,0,0,0,1,1,8275,8275.000,0,0,0,0,6.063
decode,real,4235,7251574333037874747,0,0,0,0,1,1,8276,8276.000,0,0,0,0,6.102
decode,real,4236,7251574333037874747,0,0,0,0,1,1,8277,8277.000,0,0,0,0,6.085
decode,real,4237,7251574333037874747,0,0,0,0,1,1,8278,8278.000,0,0,0,0,6.097
decode,real,4238,7251574333037874747,0,0,0,0,1,1,8279,8279.000,0,0,0,0,6.087
decode,real,4239,7251574333037874747,0,0,0,0,1,1,8280,8280.000,0,0,0,0,6.076
decode,real,4240,7251574333037874747,0,0,0,0,1,1,8281,8281.000,0,0,0,0,6.093
decode,real,4241,7251574333037874747,0,0,0,0,1,1,8282,8282.000,0,0,0,0,6.127
decode,real,4242,7251574333037874747,0,0,0,0,1,1,8283,8283.000,0,0,0,0,6.067
decode,real,4243,7251574333037874747,0,0,0,0,1,1,8284,8284.000,0,0,0,0,6.079
decode,real,4244,7251574333037874747,0,0,0,0,1,1,8285,8285.000,0,0,0,0,6.109
decode,real,4245,7251574333037874747,0,0,0,0,1,1,8286,8286.000,0,0,0,0,6.085
decode,real,4246,7251574333037874747,0,0,0,0,1,1,8287,8287.000,0,0,0,0,6.084
decode,real,4247,7251574333037874747,0,0,0,0,1,1,8288,8288.000,0,0,0,0,6.090
decode,real,4248,7251574333037874747,0,0,0,0,1,1,8289,8289.000,0,0,0,0,6.089
decode,real,4249,7251574333037874747,0,0,0,0,1,1,8290,8290.000,0,0,0,0,6.088
decode,real,4250,7251574333037874747,0,0,0,0,1,1,8291,8291.000,0,0,0,0,6.088
decode,real,4251,7251574333037874747,0,0,0,0,1,1,8292,8292.000,0,0,0,0,6.086
decode,real,4252,7251574333037874747,0,0,0,0,1,1,8293,8293.000,0,0,0,0,6.076
decode,real,4253,7251574333037874747,0,0,0,0,1,1,8294,8294.000,0,0,0,0,6.105
decode,real,4254,7251574333037874747,0,0,0,0,1,1,8295,8295.000,0,0,0,0,6.095
decode,real,4255,7251574333037874747,0,0,0,0,1,1,8296,8296.000,0,0,0,0,6.100
decode,real,4256,7251574333037874747,0,0,0,0,1,1,8297,8297.000,0,0,0,0,6.058
decode,real,4257,7251574333037874747,0,0,0,0,1,1,8298,8298.000,0,0,0,0,6.122
decode,real,4258,7251574333037874747,0,0,0,0,1,1,8299,8299.000,0,0,0,0,6.074
decode,real,4259,7251574333037874747,0,0,0,0,1,1,8300,8300.000,0,0,0,0,6.095
decode,real,4260,7251574333037874747,0,0,0,0,1,1,8301,8301.000,0,0,0,0,6.047
decode,real,4261,7251574333037874747,0,0,0,0,1,1,8302,8302.000,0,0,0,0,6.106
decode,real,4262,7251574333037874747,0,0,0,0,1,1,8303,8303.000,0,0,0,0,6.091
decode,real,4263,7251574333037874747,0,0,0,0,1,1,8304,8304.000,0,0,0,0,6.120
decode,real,4264,7251574333037874747,0,0,0,0,1,1,8305,8305.000,0,0,0,0,6.054
decode,real,4265,7251574333037874747,0,0,0,0,1,1,8306,8306.000,0,0,0,0,6.080
decode,real,4266,7251574333037874747,0,0,0,0,1,1,8307,8307.000,0,0,0,0,6.081
decode,real,4267,7251574333037874747,0,0,0,0,1,1,8308,8308.000,0,0,0,0,6.100
decode,real,4268,7251574333037874747,0,0,0,0,1,1,8309,8309.000,0,0,0,0,6.077
decode,real,4269,7251574333037874747,0,0,0,0,1,1,8310,8310.000,0,0,0,0,6.092
decode,real,4270,7251574333037874747,0,0,0,0,1,1,8311,8311.000,0,0,0,0,6.089
decode,real,4271,7251574333037874747,0,0,0,0,1,1,8312,8312.000,0,0,0,0,6.075
decode,real,4272,7251574333037874747,0,0,0,0,1,1,8313,8313.000,0,0,0,0,6.085
decode,real,4273,7251574333037874747,0,0,0,0,1,1,8314,8314.000,0,0,0,0,6.097
decode,real,4274,7251574333037874747,0,0,0,0,1,1,8315,8315.000,0,0,0,0,6.094
decode,real,4275,7251574333037874747,0,0,0,0,1,1,8316,8316.000,0,0,0,0,6.088
decode,real,4276,7251574333037874747,0,0,0,0,1,1,8317,8317.000,0,0,0,0,6.077
decode,real,4277,7251574333037874747,0,0,0,0,1,1,8318,8318.000,0,0,0,0,6.093
decode,real,4278,7251574333037874747,0,0,0,0,1,1,8319,8319.000,0,0,0,0,6.086
decode,real,4279,7251574333037874747,0,0,0,0,1,1,8320,8320.000,0,0,0,0,6.056
decode,real,4280,7251574333037874747,0,0,0,0,1,1,8321,8321.000,0,0,0,0,6.103
decode,real,4281,7251574333037874747,0,0,0,0,1,1,8322,8322.000,0,0,0,0,6.079
decode,real,4282,7251574333037874747,0,0,0,0,1,1,8323,8323.000,0,0,0,0,6.091
decode,real,4283,7251574333037874747,0,0,0,0,1,1,8324,8324.000,0,0,0,0,6.064
decode,real,4284,7251574333037874747,0,0,0,0,1,1,8325,8325.000,0,0,0,0,6.084
decode,real,4285,7251574333037874747,0,0,0,0,1,1,8326,8326.000,0,0,0,0,6.075
decode,real,4286,7251574333037874747,0,0,0,0,1,1,8327,8327.000,0,0,0,0,6.103
decode,real,4287,7251574333037874747,0,0,0,0,1,1,8328,8328.000,0,0,0,0,6.084
decode,real,4288,7251574333037874747,0,0,0,0,1,1,8329,8329.000,0,0,0,0,6.067
decode,real,4289,7251574333037874747,0,0,0,0,1,1,8330,8330.000,0,0,0,0,6.087
decode,real,4290,7251574333037874747,0,0,0,0,1,1,8331,8331.000,0,0,0,0,6.090
decode,real,4291,7251574333037874747,0,0,0,0,1,1,8332,8332.000,0,0,0,0,6.067
decode,real,4292,7251574333037874747,0,0,0,0,1,1,8333,8333.000,0,0,0,0,6.090
decode,real,4293,7251574333037874747,0,0,0,0,1,1,8334,8334.000,0,0,0,0,6.105
decode,real,4294,7251574333037874747,0,0,0,0,1,1,8335,8335.000,0,0,0,0,6.064
decode,real,4295,7251574333037874747,0,0,0,0,1,1,8336,8336.000,0,0,0,0,6.080
decode,real,4296,7251574333037874747,0,0,0,0,1,1,8337,8337.000,0,0,0,0,6.112
decode,real,4297,7251574333037874747,0,0,0,0,1,1,8338,8338.000,0,0,0,0,6.088
decode,real,4298,7251574333037874747,0,0,0,0,1,1,8339,8339.000,0,0,0,0,6.083
decode,real,4299,7251574333037874747,0,0,0,0,1,1,8340,8340.000,0,0,0,0,6.072
decode,real,4300,7251574333037874747,0,0,0,0,1,1,8341,8341.000,0,0,0,0,6.078
decode,real,4301,7251574333037874747,0,0,0,0,1,1,8342,8342.000,0,0,0,0,6.098
decode,real,4302,7251574333037874747,0,0,0,0,1,1,8343,8343.000,0,0,0,0,6.116
decode,real,4303,7251574333037874747,0,0,0,0,1,1,8344,8344.000,0,0,0,0,6.057
decode,real,4304,7251574333037874747,0,0,0,0,1,1,8345,8345.000,0,0,0,0,6.085
decode,real,4305,7251574333037874747,0,0,0,0,1,1,8346,8346.000,0,0,0,0,6.100
decode,real,4306,7251574333037874747,0,0,0,0,1,1,8347,8347.000,0,0,0,0,6.079
decode,real,4307,7251574333037874747,0,0,0,0,1,1,8348,8348.000,0,0,0,0,6.087
decode,real,4308,7251574333037874747,0,0,0,0,1,1,8349,8349.000,0,0,0,0,6.077
decode,real,4309,7251574333037874747,0,0,0,0,1,1,8350,8350.000,0,0,0,0,6.096
decode,real,4310,7251574333037874747,0,0,0,0,1,1,8351,8351.000,0,0,0,0,6.076
decode,real,4311,7251574333037874747,0,0,0,0,1,1,8352,8352.000,0,0,0,0,6.106
decode,real,4312,7251574333037874747,0,0,0,0,1,1,8353,8353.000,0,0,0,0,6.091
decode,real,4313,7251574333037874747,0,0,0,0,1,1,8354,8354.000,0,0,0,0,6.079
decode,real,4314,7251574333037874747,0,0,0,0,1,1,8355,8355.000,0,0,0,0,6.088
decode,real,4315,7251574333037874747,0,0,0,0,1,1,8356,8356.000,0,0,0,0,6.095
decode,real,4316,7251574333037874747,0,0,0,0,1,1,8357,8357.000,0,0,0,0,6.085
decode,real,4317,7251574333037874747,0,0,0,0,1,1,8358,8358.000,0,0,0,0,6.086
decode,real,4318,7251574333037874747,0,0,0,0,1,1,8359,8359.000,0,0,0,0,6.093
decode,real,4319,7251574333037874747,0,0,0,0,1,1,8360,8360.000,0,0,0,0,6.075
decode,real,4320,7251574333037874747,0,0,0,0,1,1,8361,8361.000,0,0,0,0,6.093
decode,real,4321,7251574333037874747,0,0,0,0,1,1,8362,8362.000,0,0,0,0,6.092
decode,real,4322,7251574333037874747,0,0,0,0,1,1,8363,8363.000,0,0,0,0,6.097
decode,real,4323,7251574333037874747,0,0,0,0,1,1,8364,8364.000,0,0,0,0,6.073
decode,real,4324,7251574333037874747,0,0,0,0,1,1,8365,8365.000,0,0,0,0,6.087
decode,real,4325,7251574333037874747,0,0,0,0,1,1,8366,8366.000,0,0,0,0,6.122
decode,real,4326,7251574333037874747,0,0,0,0,1,1,8367,8367.000,0,0,0,0,6.083
decode,real,4327,7251574333037874747,0,0,0,0,1,1,8368,8368.000,0,0,0,0,6.072
decode,real,4328,7251574333037874747,0,0,0,0,1,1,8369,8369.000,0,0,0,0,6.093
decode,real,4329,7251574333037874747,0,0,0,0,1,1,8370,8370.000,0,0,0,0,6.064
decode,real,4330,7251574333037874747,0,0,0,0,1,1,8371,8371.000,0,0,0,0,6.093
decode,real,4331,7251574333037874747,0,0,0,0,1,1,8372,8372.000,0,0,0,0,6.080
decode,real,4332,7251574333037874747,0,0,0,0,1,1,8373,8373.000,0,0,0,0,6.100
decode,real,4333,7251574333037874747,0,0,0,0,1,1,8374,8374.000,0,0,0,0,6.067
decode,real,4334,7251574333037874747,0,0,0,0,1,1,8375,8375.000,0,0,0,0,6.083
decode,real,4335,7251574333037874747,0,0,0,0,1,1,8376,8376.000,0,0,0,0,6.073
decode,real,4336,7251574333037874747,0,0,0,0,1,1,8377,8377.000,0,0,0,0,6.107
decode,real,4337,7251574333037874747,0,0,0,0,1,1,8378,8378.000,0,0,0,0,6.092
decode,real,4338,7251574333037874747,0,0,0,0,1,1,8379,8379.000,0,0,0,0,6.085
decode,real,4339,7251574333037874747,0,0,0,0,1,1,8380,8380.000,0,0,0,0,6.074
decode,real,4340,7251574333037874747,0,0,0,0,1,1,8381,8381.000,0,0,0,0,6.072
decode,real,4341,7251574333037874747,0,0,0,0,1,1,8382,8382.000,0,0,0,0,6.099
decode,real,4342,7251574333037874747,0,0,0,0,1,1,8383,8383.000,0,0,0,0,6.059
decode,real,4343,7251574333037874747,0,0,0,0,1,1,8384,8384.000,0,0,0,0,6.084
decode,real,4344,7251574333037874747,0,0,0,0,1,1,8385,8385.000,0,0,0,0,6.091
decode,real,4345,7251574333037874747,0,0,0,0,1,1,8386,8386.000,0,0,0,0,6.077
decode,real,4346,7251574333037874747,0,0,0,0,1,1,8387,8387.000,0,0,0,0,6.097
decode,real,4347,7251574333037874747,0,0,0,0,1,1,8388,8388.000,0,0,0,0,6.088
decode,real,4348,7251574333037874747,0,0,0,0,1,1,8389,8389.000,0,0,0,0,6.109
decode,real,4349,7251574333037874747,0,0,0,0,1,1,8390,8390.000,0,0,0,0,6.065
decode,real,4350,7251574333037874747,0,0,0,0,1,1,8391,8391.000,0,0,0,0,6.078
decode,real,4351,7251574333037874747,0,0,0,0,1,1,8392,8392.000,0,0,0,0,6.072
decode,real,4352,7251574333037874747,0,0,0,0,1,1,8393,8393.000,0,0,0,0,6.078
decode,real,4353,7251574333037874747,0,0,0,0,1,1,8394,8394.000,0,0,0,0,6.095
decode,real,4354,7251574333037874747,0,0,0,0,1,1,8395,8395.000,0,0,0,0,6.097
decode,real,4355,7251574333037874747,0,0,0,0,1,1,8396,8396.000,0,0,0,0,6.091
decode,real,4356,7251574333037874747,0,0,0,0,1,1,8397,8397.000,0,0,0,0,6.096
decode,real,4357,7251574333037874747,0,0,0,0,1,1,8398,8398.000,0,0,0,0,6.101
decode,real,4358,7251574333037874747,0,0,0,0,1,1,8399,8399.000,0,0,0,0,6.064
decode,real,4359,7251574333037874747,0,0,0,0,1,1,8400,8400.000,0,0,0,0,6.073
decode,real,4360,7251574333037874747,0,0,0,0,1,1,8401,8401.000,0,0,0,0,6.117
decode,real,4361,7251574333037874747,0,0,0,0,1,1,8402,8402.000,0,0,0,0,6.071
decode,real,4362,7251574333037874747,0,0,0,0,1,1,8403,8403.000,0,0,0,0,6.096
decode,real,4363,7251574333037874747,0,0,0,0,1,1,8404,8404.000,0,0,0,0,6.066
decode,real,4364,7251574333037874747,0,0,0,0,1,1,8405,8405.000,0,0,0,0,6.113
decode,real,4365,7251574333037874747,0,0,0,0,1,1,8406,8406.000,0,0,0,0,6.071
decode,real,4366,7251574333037874747,0,0,0,0,1,1,8407,8407.000,0,0,0,0,6.085
decode,real,4367,7251574333037874747,0,0,0,0,1,1,8408,8408.000,0,0,0,0,6.091
decode,real,4368,7251574333037874747,0,0,0,0,1,1,8409,8409.000,0,0,0,0,6.083
decode,real,4369,7251574333037874747,0,0,0,0,1,1,8410,8410.000,0,0,0,0,6.084
decode,real,4370,7251574333037874747,0,0,0,0,1,1,8411,8411.000,0,0,0,0,6.096
decode,real,4371,7251574333037874747,0,0,0,0,1,1,8412,8412.000,0,0,0,0,6.073
decode,real,4372,7251574333037874747,0,0,0,0,1,1,8413,8413.000,0,0,0,0,6.128
decode,real,4373,7251574333037874747,0,0,0,0,1,1,8414,8414.000,0,0,0,0,6.080
decode,real,4374,7251574333037874747,0,0,0,0,1,1,8415,8415.000,0,0,0,0,6.070
decode,real,4375,7251574333037874747,0,0,0,0,1,1,8416,8416.000,0,0,0,0,6.078
decode,real,4376,7251574333037874747,0,0,0,0,1,1,8417,8417.000,0,0,0,0,6.101
decode,real,4377,7251574333037874747,0,0,0,0,1,1,8418,8418.000,0,0,0,0,6.067
decode,real,4378,7251574333037874747,0,0,0,0,1,1,8419,8419.000,0,0,0,0,6.088
decode,real,4379,7251574333037874747,0,0,0,0,1,1,8420,8420.000,0,0,0,0,6.087
decode,real,4380,7251574333037874747,0,0,0,0,1,1,8421,8421.000,0,0,0,0,6.095
decode,real,4381,7251574333037874747,0,0,0,0,1,1,8422,8422.000,0,0,0,0,6.091
decode,real,4382,7251574333037874747,0,0,0,0,1,1,8423,8423.000,0,0,0,0,6.074
decode,real,4383,7251574333037874747,0,0,0,0,1,1,8424,8424.000,0,0,0,0,6.105
decode,real,4384,7251574333037874747,0,0,0,0,1,1,8425,8425.000,0,0,0,0,6.076
decode,real,4385,7251574333037874747,0,0,0,0,1,1,8426,8426.000,0,0,0,0,6.109
decode,real,4386,7251574333037874747,0,0,0,0,1,1,8427,8427.000,0,0,0,0,6.066
decode,real,4387,7251574333037874747,0,0,0,0,1,1,8428,8428.000,0,0,0,0,6.106
decode,real,4388,7251574333037874747,0,0,0,0,1,1,8429,8429.000,0,0,0,0,6.069
decode,real,4389,7251574333037874747,0,0,0,0,1,1,8430,8430.000,0,0,0,0,6.117
decode,real,4390,7251574333037874747,0,0,0,0,1,1,8431,8431.000,0,0,0,0,6.054
decode,real,4391,7251574333037874747,0,0,0,0,1,1,8432,8432.000,0,0,0,0,6.080
decode,real,4392,7251574333037874747,0,0,0,0,1,1,8433,8433.000,0,0,0,0,6.091
decode,real,4393,7251574333037874747,0,0,0,0,1,1,8434,8434.000,0,0,0,0,6.082
decode,real,4394,7251574333037874747,0,0,0,0,1,1,8435,8435.000,0,0,0,0,6.111
decode,real,4395,7251574333037874747,0,0,0,0,1,1,8436,8436.000,0,0,0,0,6.078
decode,real,4396,7251574333037874747,0,0,0,0,1,1,8437,8437.000,0,0,0,0,6.084
decode,real,4397,7251574333037874747,0,0,0,0,1,1,8438,8438.000,0,0,0,0,6.091
decode,real,4398,7251574333037874747,0,0,0,0,1,1,8439,8439.000,0,0,0,0,6.079
decode,real,4399,7251574333037874747,0,0,0,0,1,1,8440,8440.000,0,0,0,0,6.087
decode,real,4400,7251574333037874747,0,0,0,0,1,1,8441,8441.000,0,0,0,0,6.077
decode,real,4401,7251574333037874747,0,0,0,0,1,1,8442,8442.000,0,0,0,0,6.077
decode,real,4402,7251574333037874747,0,0,0,0,1,1,8443,8443.000,0,0,0,0,6.099
decode,real,4403,7251574333037874747,0,0,0,0,1,1,8444,8444.000,0,0,0,0,6.063
decode,real,4404,7251574333037874747,0,0,0,0,1,1,8445,8445.000,0,0,0,0,6.186
decode,real,4405,7251574333037874747,0,0,0,0,1,1,8446,8446.000,0,0,0,0,6.030
decode,real,4406,7251574333037874747,0,0,0,0,1,1,8447,8447.000,0,0,0,0,6.074
decode,real,4407,7251574333037874747,0,0,0,0,1,1,8448,8448.000,0,0,0,0,6.081
decode,real,4408,7251574333037874747,0,0,0,0,1,1,8449,8449.000,0,0,0,0,6.092
decode,real,4409,7251574333037874747,0,0,0,0,1,1,8450,8450.000,0,0,0,0,6.110
decode,real,4410,7251574333037874747,0,0,0,0,1,1,8451,8451.000,0,0,0,0,6.101
decode,real,4411,7251574333037874747,0,0,0,0,1,1,8452,8452.000,0,0,0,0,6.100
decode,real,4412,7251574333037874747,0,0,0,0,1,1,8453,8453.000,0,0,0,0,6.093
decode,real,4413,7251574333037874747,0,0,0,0,1,1,8454,8454.000,0,0,0,0,6.109
decode,real,4414,7251574333037874747,0,0,0,0,1,1,8455,8455.000,0,0,0,0,6.110
decode,real,4415,7251574333037874747,0,0,0,0,1,1,8456,8456.000,0,0,0,0,6.123
decode,real,4416,7251574333037874747,0,0,0,0,1,1,8457,8457.000,0,0,0,0,6.103
decode,real,4417,7251574333037874747,0,0,0,0,1,1,8458,8458.000,0,0,0,0,6.089
decode,real,4418,7251574333037874747,0,0,0,0,1,1,8459,8459.000,0,0,0,0,6.111
decode,real,4419,7251574333037874747,0,0,0,0,1,1,8460,8460.000,0,0,0,0,6.099
decode,real,4420,7251574333037874747,0,0,0,0,1,1,8461,8461.000,0,0,0,0,6.112
decode,real,4421,7251574333037874747,0,0,0,0,1,1,8462,8462.000,0,0,0,0,6.100
decode,real,4422,7251574333037874747,0,0,0,0,1,1,8463,8463.000,0,0,0,0,6.102
decode,real,4423,7251574333037874747,0,0,0,0,1,1,8464,8464.000,0,0,0,0,6.079
decode,real,4424,7251574333037874747,0,0,0,0,1,1,8465,8465.000,0,0,0,0,6.123
decode,real,4425,7251574333037874747,0,0,0,0,1,1,8466,8466.000,0,0,0,0,6.096
decode,real,4426,7251574333037874747,0,0,0,0,1,1,8467,8467.000,0,0,0,0,6.165
decode,real,4427,7251574333037874747,0,0,0,0,1,1,8468,8468.000,0,0,0,0,6.047
decode,real,4428,7251574333037874747,0,0,0,0,1,1,8469,8469.000,0,0,0,0,6.123
decode,real,4429,7251574333037874747,0,0,0,0,1,1,8470,8470.000,0,0,0,0,6.121
decode,real,4430,7251574333037874747,0,0,0,0,1,1,8471,8471.000,0,0,0,0,6.099
decode,real,4431,7251574333037874747,0,0,0,0,1,1,8472,8472.000,0,0,0,0,6.085
decode,real,4432,7251574333037874747,0,0,0,0,1,1,8473,8473.000,0,0,0,0,6.117
decode,real,4433,7251574333037874747,0,0,0,0,1,1,8474,8474.000,0,0,0,0,6.108
decode,real,4434,7251574333037874747,0,0,0,0,1,1,8475,8475.000,0,0,0,0,6.098
decode,real,4435,7251574333037874747,0,0,0,0,1,1,8476,8476.000,0,0,0,0,6.106
decode,real,4436,7251574333037874747,0,0,0,0,1,1,8477,8477.000,0,0,0,0,6.088
decode,real,4437,7251574333037874747,0,0,0,0,1,1,8478,8478.000,0,0,0,0,6.147
decode,real,4438,7251574333037874747,0,0,0,0,1,1,8479,8479.000,0,0,0,0,6.081
decode,real,4439,7251574333037874747,0,0,0,0,1,1,8480,8480.000,0,0,0,0,6.094
decode,real,4440,7251574333037874747,0,0,0,0,1,1,8481,8481.000,0,0,0,0,6.117
decode,real,4441,7251574333037874747,0,0,0,0,1,1,8482,8482.000,0,0,0,0,6.081
decode,real,4442,7251574333037874747,0,0,0,0,1,1,8483,8483.000,0,0,0,0,6.118
decode,real,4443,7251574333037874747,0,0,0,0,1,1,8484,8484.000,0,0,0,0,6.091
decode,real,4444,7251574333037874747,0,0,0,0,1,1,8485,8485.000,0,0,0,0,6.116
decode,real,4445,7251574333037874747,0,0,0,0,1,1,8486,8486.000,0,0,0,0,6.122
decode,real,4446,7251574333037874747,0,0,0,0,1,1,8487,8487.000,0,0,0,0,6.065
decode,real,4447,7251574333037874747,0,0,0,0,1,1,8488,8488.000,0,0,0,0,6.120
decode,real,4448,7251574333037874747,0,0,0,0,1,1,8489,8489.000,0,0,0,0,6.119
decode,real,4449,7251574333037874747,0,0,0,0,1,1,8490,8490.000,0,0,0,0,6.097
decode,real,4450,7251574333037874747,0,0,0,0,1,1,8491,8491.000,0,0,0,0,6.090
decode,real,4451,7251574333037874747,0,0,0,0,1,1,8492,8492.000,0,0,0,0,6.109
decode,real,4452,7251574333037874747,0,0,0,0,1,1,8493,8493.000,0,0,0,0,6.113
decode,real,4453,7251574333037874747,0,0,0,0,1,1,8494,8494.000,0,0,0,0,6.120
decode,real,4454,7251574333037874747,0,0,0,0,1,1,8495,8495.000,0,0,0,0,6.105
decode,real,4455,7251574333037874747,0,0,0,0,1,1,8496,8496.000,0,0,0,0,6.090
decode,real,4456,7251574333037874747,0,0,0,0,1,1,8497,8497.000,0,0,0,0,6.104
decode,real,4457,7251574333037874747,0,0,0,0,1,1,8498,8498.000,0,0,0,0,6.107
decode,real,4458,7251574333037874747,0,0,0,0,1,1,8499,8499.000,0,0,0,0,6.103
decode,real,4459,7251574333037874747,0,0,0,0,1,1,8500,8500.000,0,0,0,0,6.112
decode,real,4460,7251574333037874747,0,0,0,0,1,1,8501,8501.000,0,0,0,0,6.102
decode,real,4461,7251574333037874747,0,0,0,0,1,1,8502,8502.000,0,0,0,0,6.116
decode,real,4462,7251574333037874747,0,0,0,0,1,1,8503,8503.000,0,0,0,0,6.109
decode,real,4463,7251574333037874747,0,0,0,0,1,1,8504,8504.000,0,0,0,0,6.093
decode,real,4464,7251574333037874747,0,0,0,0,1,1,8505,8505.000,0,0,0,0,6.126
decode,real,4465,7251574333037874747,0,0,0,0,1,1,8506,8506.000,0,0,0,0,6.107
decode,real,4466,7251574333037874747,0,0,0,0,1,1,8507,8507.000,0,0,0,0,6.101
decode,real,4467,7251574333037874747,0,0,0,0,1,1,8508,8508.000,0,0,0,0,6.106
decode,real,4468,7251574333037874747,0,0,0,0,1,1,8509,8509.000,0,0,0,0,6.111
decode,real,4469,7251574333037874747,0,0,0,0,1,1,8510,8510.000,0,0,0,0,6.104
decode,real,4470,7251574333037874747,0,0,0,0,1,1,8511,8511.000,0,0,0,0,6.100
decode,real,4471,7251574333037874747,0,0,0,0,1,1,8512,8512.000,0,0,0,0,6.111
decode,real,4472,7251574333037874747,0,0,0,0,1,1,8513,8513.000,0,0,0,0,6.119
decode,real,4473,7251574333037874747,0,0,0,0,1,1,8514,8514.000,0,0,0,0,6.103
decode,real,4474,7251574333037874747,0,0,0,0,1,1,8515,8515.000,0,0,0,0,6.110
decode,real,4475,7251574333037874747,0,0,0,0,1,1,8516,8516.000,0,0,0,0,6.107
decode,real,4476,7251574333037874747,0,0,0,0,1,1,8517,8517.000,0,0,0,0,6.114
decode,real,4477,7251574333037874747,0,0,0,0,1,1,8518,8518.000,0,0,0,0,6.093
decode,real,4478,7251574333037874747,0,0,0,0,1,1,8519,8519.000,0,0,0,0,6.120
decode,real,4479,7251574333037874747,0,0,0,0,1,1,8520,8520.000,0,0,0,0,6.083
decode,real,4480,7251574333037874747,0,0,0,0,1,1,8521,8521.000,0,0,0,0,6.132
decode,real,4481,7251574333037874747,0,0,0,0,1,1,8522,8522.000,0,0,0,0,6.099
decode,real,4482,7251574333037874747,0,0,0,0,1,1,8523,8523.000,0,0,0,0,6.081
decode,real,4483,7251574333037874747,0,0,0,0,1,1,8524,8524.000,0,0,0,0,6.140
decode,real,4484,7251574333037874747,0,0,0,0,1,1,8525,8525.000,0,0,0,0,6.102
decode,real,4485,7251574333037874747,0,0,0,0,1,1,8526,8526.000,0,0,0,0,6.135
decode,real,4486,7251574333037874747,0,0,0,0,1,1,8527,8527.000,0,0,0,0,6.089
decode,real,4487,7251574333037874747,0,0,0,0,1,1,8528,8528.000,0,0,0,0,6.108
decode,real,4488,7251574333037874747,0,0,0,0,1,1,8529,8529.000,0,0,0,0,6.108
decode,real,4489,7251574333037874747,0,0,0,0,1,1,8530,8530.000,0,0,0,0,6.098
decode,real,4490,7251574333037874747,0,0,0,0,1,1,8531,8531.000,0,0,0,0,6.101
decode,real,4491,7251574333037874747,0,0,0,0,1,1,8532,8532.000,0,0,0,0,6.104
decode,real,4492,7251574333037874747,0,0,0,0,1,1,8533,8533.000,0,0,0,0,6.105
decode,real,4493,7251574333037874747,0,0,0,0,1,1,8534,8534.000,0,0,0,0,6.098
decode,real,4494,7251574333037874747,0,0,0,0,1,1,8535,8535.000,0,0,0,0,6.105
decode,real,4495,7251574333037874747,0,0,0,0,1,1,8536,8536.000,0,0,0,0,6.096
decode,real,4496,7251574333037874747,0,0,0,0,1,1,8537,8537.000,0,0,0,0,6.109
decode,real,4497,7251574333037874747,0,0,0,0,1,1,8538,8538.000,0,0,0,0,6.095
decode,real,4498,7251574333037874747,0,0,0,0,1,1,8539,8539.000,0,0,0,0,6.116
decode,real,4499,7251574333037874747,0,0,0,0,1,1,8540,8540.000,0,0,0,0,6.111
decode,real,4500,7251574333037874747,0,0,0,0,1,1,8541,8541.000,0,0,0,0,6.123
decode,real,4501,7251574333037874747,0,0,0,0,1,1,8542,8542.000,0,0,0,0,6.104
decode,real,4502,7251574333037874747,0,0,0,0,1,1,8543,8543.000,0,0,0,0,6.110
decode,real,4503,7251574333037874747,0,0,0,0,1,1,8544,8544.000,0,0,0,0,6.103
decode,real,4504,7251574333037874747,0,0,0,0,1,1,8545,8545.000,0,0,0,0,6.114
decode,real,4505,7251574333037874747,0,0,0,0,1,1,8546,8546.000,0,0,0,0,6.097
decode,real,4506,7251574333037874747,0,0,0,0,1,1,8547,8547.000,0,0,0,0,6.109
decode,real,4507,7251574333037874747,0,0,0,0,1,1,8548,8548.000,0,0,0,0,6.110
decode,real,4508,7251574333037874747,0,0,0,0,1,1,8549,8549.000,0,0,0,0,6.114
decode,real,4509,7251574333037874747,0,0,0,0,1,1,8550,8550.000,0,0,0,0,6.123
decode,real,4510,7251574333037874747,0,0,0,0,1,1,8551,8551.000,0,0,0,0,6.079
decode,real,4511,7251574333037874747,0,0,0,0,1,1,8552,8552.000,0,0,0,0,6.116
decode,real,4512,7251574333037874747,0,0,0,0,1,1,8553,8553.000,0,0,0,0,6.097
decode,real,4513,7251574333037874747,0,0,0,0,1,1,8554,8554.000,0,0,0,0,6.098
decode,real,4514,7251574333037874747,0,0,0,0,1,1,8555,8555.000,0,0,0,0,6.117
decode,real,4515,7251574333037874747,0,0,0,0,1,1,8556,8556.000,0,0,0,0,6.096
decode,real,4516,7251574333037874747,0,0,0,0,1,1,8557,8557.000,0,0,0,0,6.122
decode,real,4517,7251574333037874747,0,0,0,0,1,1,8558,8558.000,0,0,0,0,6.117
decode,real,4518,7251574333037874747,0,0,0,0,1,1,8559,8559.000,0,0,0,0,6.083
decode,real,4519,7251574333037874747,0,0,0,0,1,1,8560,8560.000,0,0,0,0,6.107
decode,real,4520,7251574333037874747,0,0,0,0,1,1,8561,8561.000,0,0,0,0,6.118
decode,real,4521,7251574333037874747,0,0,0,0,1,1,8562,8562.000,0,0,0,0,6.108
decode,real,4522,7251574333037874747,0,0,0,0,1,1,8563,8563.000,0,0,0,0,6.100
decode,real,4523,7251574333037874747,0,0,0,0,1,1,8564,8564.000,0,0,0,0,6.114
decode,real,4524,7251574333037874747,0,0,0,0,1,1,8565,8565.000,0,0,0,0,6.093
decode,real,4525,7251574333037874747,0,0,0,0,1,1,8566,8566.000,0,0,0,0,6.121
decode,real,4526,7251574333037874747,0,0,0,0,1,1,8567,8567.000,0,0,0,0,6.106
decode,real,4527,7251574333037874747,0,0,0,0,1,1,8568,8568.000,0,0,0,0,6.097
decode,real,4528,7251574333037874747,0,0,0,0,1,1,8569,8569.000,0,0,0,0,6.114
decode,real,4529,7251574333037874747,0,0,0,0,1,1,8570,8570.000,0,0,0,0,6.122
decode,real,4530,7251574333037874747,0,0,0,0,1,1,8571,8571.000,0,0,0,0,6.084
decode,real,4531,7251574333037874747,0,0,0,0,1,1,8572,8572.000,0,0,0,0,6.112
decode,real,4532,7251574333037874747,0,0,0,0,1,1,8573,8573.000,0,0,0,0,6.093
decode,real,4533,7251574333037874747,0,0,0,0,1,1,8574,8574.000,0,0,0,0,6.152
decode,real,4534,7251574333037874747,0,0,0,0,1,1,8575,8575.000,0,0,0,0,6.100
decode,real,4535,7251574333037874747,0,0,0,0,1,1,8576,8576.000,0,0,0,0,6.095
decode,real,4536,7251574333037874747,0,0,0,0,1,1,8577,8577.000,0,0,0,0,6.108
decode,real,4537,7251574333037874747,0,0,0,0,1,1,8578,8578.000,0,0,0,0,6.111
decode,real,4538,7251574333037874747,0,0,0,0,1,1,8579,8579.000,0,0,0,0,6.102
decode,real,4539,7251574333037874747,0,0,0,0,1,1,8580,8580.000,0,0,0,0,6.119
decode,real,4540,7251574333037874747,0,0,0,0,1,1,8581,8581.000,0,0,0,0,6.098
decode,real,4541,7251574333037874747,0,0,0,0,1,1,8582,8582.000,0,0,0,0,6.110
decode,real,4542,7251574333037874747,0,0,0,0,1,1,8583,8583.000,0,0,0,0,6.080
decode,real,4543,7251574333037874747,0,0,0,0,1,1,8584,8584.000,0,0,0,0,6.106
decode,real,4544,7251574333037874747,0,0,0,0,1,1,8585,8585.000,0,0,0,0,6.137
decode,real,4545,7251574333037874747,0,0,0,0,1,1,8586,8586.000,0,0,0,0,6.089
decode,real,4546,7251574333037874747,0,0,0,0,1,1,8587,8587.000,0,0,0,0,6.116
decode,real,4547,7251574333037874747,0,0,0,0,1,1,8588,8588.000,0,0,0,0,6.109
decode,real,4548,7251574333037874747,0,0,0,0,1,1,8589,8589.000,0,0,0,0,6.109
decode,real,4549,7251574333037874747,0,0,0,0,1,1,8590,8590.000,0,0,0,0,6.126
decode,real,4550,7251574333037874747,0,0,0,0,1,1,8591,8591.000,0,0,0,0,6.098
decode,real,4551,7251574333037874747,0,0,0,0,1,1,8592,8592.000,0,0,0,0,6.103
decode,real,4552,7251574333037874747,0,0,0,0,1,1,8593,8593.000,0,0,0,0,6.109
decode,real,4553,7251574333037874747,0,0,0,0,1,1,8594,8594.000,0,0,0,0,6.107
decode,real,4554,7251574333037874747,0,0,0,0,1,1,8595,8595.000,0,0,0,0,6.094
decode,real,4555,7251574333037874747,0,0,0,0,1,1,8596,8596.000,0,0,0,0,6.108
decode,real,4556,7251574333037874747,0,0,0,0,1,1,8597,8597.000,0,0,0,0,6.107
decode,real,4557,7251574333037874747,0,0,0,0,1,1,8598,8598.000,0,0,0,0,6.135
decode,real,4558,7251574333037874747,0,0,0,0,1,1,8599,8599.000,0,0,0,0,6.097
decode,real,4559,7251574333037874747,0,0,0,0,1,1,8600,8600.000,0,0,0,0,6.105
decode,real,4560,7251574333037874747,0,0,0,0,1,1,8601,8601.000,0,0,0,0,6.093
decode,real,4561,7251574333037874747,0,0,0,0,1,1,8602,8602.000,0,0,0,0,6.116
decode,real,4562,7251574333037874747,0,0,0,0,1,1,8603,8603.000,0,0,0,0,6.104
decode,real,4563,7251574333037874747,0,0,0,0,1,1,8604,8604.000,0,0,0,0,6.129
decode,real,4564,7251574333037874747,0,0,0,0,1,1,8605,8605.000,0,0,0,0,6.091
decode,real,4565,7251574333037874747,0,0,0,0,1,1,8606,8606.000,0,0,0,0,6.131
decode,real,4566,7251574333037874747,0,0,0,0,1,1,8607,8607.000,0,0,0,0,6.101
decode,real,4567,7251574333037874747,0,0,0,0,1,1,8608,8608.000,0,0,0,0,6.090
decode,real,4568,7251574333037874747,0,0,0,0,1,1,8609,8609.000,0,0,0,0,6.120
decode,real,4569,7251574333037874747,0,0,0,0,1,1,8610,8610.000,0,0,0,0,6.110
decode,real,4570,7251574333037874747,0,0,0,0,1,1,8611,8611.000,0,0,0,0,6.121
decode,real,4571,7251574333037874747,0,0,0,0,1,1,8612,8612.000,0,0,0,0,6.087
decode,real,4572,7251574333037874747,0,0,0,0,1,1,8613,8613.000,0,0,0,0,6.109
decode,real,4573,7251574333037874747,0,0,0,0,1,1,8614,8614.000,0,0,0,0,6.105
decode,real,4574,7251574333037874747,0,0,0,0,1,1,8615,8615.000,0,0,0,0,6.123
decode,real,4575,7251574333037874747,0,0,0,0,1,1,8616,8616.000,0,0,0,0,6.107
decode,real,4576,7251574333037874747,0,0,0,0,1,1,8617,8617.000,0,0,0,0,6.113
decode,real,4577,7251574333037874747,0,0,0,0,1,1,8618,8618.000,0,0,0,0,6.106
decode,real,4578,7251574333037874747,0,0,0,0,1,1,8619,8619.000,0,0,0,0,6.109
decode,real,4579,7251574333037874747,0,0,0,0,1,1,8620,8620.000,0,0,0,0,6.097
decode,real,4580,7251574333037874747,0,0,0,0,1,1,8621,8621.000,0,0,0,0,6.117
decode,real,4581,7251574333037874747,0,0,0,0,1,1,8622,8622.000,0,0,0,0,6.125
decode,real,4582,7251574333037874747,0,0,0,0,1,1,8623,8623.000,0,0,0,0,6.095
decode,real,4583,7251574333037874747,0,0,0,0,1,1,8624,8624.000,0,0,0,0,6.112
decode,real,4584,7251574333037874747,0,0,0,0,1,1,8625,8625.000,0,0,0,0,6.091
decode,real,4585,7251574333037874747,0,0,0,0,1,1,8626,8626.000,0,0,0,0,6.163
decode,real,4586,7251574333037874747,0,0,0,0,1,1,8627,8627.000,0,0,0,0,6.070
decode,real,4587,7251574333037874747,0,0,0,0,1,1,8628,8628.000,0,0,0,0,6.092
decode,real,4588,7251574333037874747,0,0,0,0,1,1,8629,8629.000,0,0,0,0,6.146
decode,real,4589,7251574333037874747,0,0,0,0,1,1,8630,8630.000,0,0,0,0,6.091
decode,real,4590,7251574333037874747,0,0,0,0,1,1,8631,8631.000,0,0,0,0,6.127
decode,real,4591,7251574333037874747,0,0,0,0,1,1,8632,8632.000,0,0,0,0,6.091
decode,real,4592,7251574333037874747,0,0,0,0,1,1,8633,8633.000,0,0,0,0,6.137
decode,real,4593,7251574333037874747,0,0,0,0,1,1,8634,8634.000,0,0,0,0,6.089
decode,real,4594,7251574333037874747,0,0,0,0,1,1,8635,8635.000,0,0,0,0,6.111
decode,real,4595,7251574333037874747,0,0,0,0,1,1,8636,8636.000,0,0,0,0,6.101
decode,real,4596,7251574333037874747,0,0,0,0,1,1,8637,8637.000,0,0,0,0,6.108
decode,real,4597,7251574333037874747,0,0,0,0,1,1,8638,8638.000,0,0,0,0,6.141
decode,real,4598,7251574333037874747,0,0,0,0,1,1,8639,8639.000,0,0,0,0,6.072
decode,real,4599,7251574333037874747,0,0,0,0,1,1,8640,8640.000,0,0,0,0,6.125
decode,real,4600,7251574333037874747,0,0,0,0,1,1,8641,8641.000,0,0,0,0,6.101
decode,real,4601,7251574333037874747,0,0,0,0,1,1,8642,8642.000,0,0,0,0,6.101
decode,real,4602,7251574333037874747,0,0,0,0,1,1,8643,8643.000,0,0,0,0,6.122
decode,real,4603,7251574333037874747,0,0,0,0,1,1,8644,8644.000,0,0,0,0,6.123
decode,real,4604,7251574333037874747,0,0,0,0,1,1,8645,8645.000,0,0,0,0,6.087
decode,real,4605,7251574333037874747,0,0,0,0,1,1,8646,8646.000,0,0,0,0,6.124
decode,real,4606,7251574333037874747,0,0,0,0,1,1,8647,8647.000,0,0,0,0,6.112
decode,real,4607,7251574333037874747,0,0,0,0,1,1,8648,8648.000,0,0,0,0,6.095
decode,real,4608,7251574333037874747,0,0,0,0,1,1,8649,8649.000,0,0,0,0,6.106
decode,real,4609,7251574333037874747,0,0,0,0,1,1,8650,8650.000,0,0,0,0,6.106
decode,real,4610,7251574333037874747,0,0,0,0,1,1,8651,8651.000,0,0,0,0,6.122
decode,real,4611,7251574333037874747,0,0,0,0,1,1,8652,8652.000,0,0,0,0,6.102
decode,real,4612,7251574333037874747,0,0,0,0,1,1,8653,8653.000,0,0,0,0,6.112
decode,real,4613,7251574333037874747,0,0,0,0,1,1,8654,8654.000,0,0,0,0,6.113
decode,real,4614,7251574333037874747,0,0,0,0,1,1,8655,8655.000,0,0,0,0,6.103
decode,real,4615,7251574333037874747,0,0,0,0,1,1,8656,8656.000,0,0,0,0,6.105
decode,real,4616,7251574333037874747,0,0,0,0,1,1,8657,8657.000,0,0,0,0,6.106
decode,real,4617,7251574333037874747,0,0,0,0,1,1,8658,8658.000,0,0,0,0,6.118
decode,real,4618,7251574333037874747,0,0,0,0,1,1,8659,8659.000,0,0,0,0,6.104
decode,real,4619,7251574333037874747,0,0,0,0,1,1,8660,8660.000,0,0,0,0,6.098
decode,real,4620,7251574333037874747,0,0,0,0,1,1,8661,8661.000,0,0,0,0,6.123
decode,real,4621,7251574333037874747,0,0,0,0,1,1,8662,8662.000,0,0,0,0,6.103
decode,real,4622,7251574333037874747,0,0,0,0,1,1,8663,8663.000,0,0,0,0,6.119
decode,real,4623,7251574333037874747,0,0,0,0,1,1,8664,8664.000,0,0,0,0,6.101
decode,real,4624,7251574333037874747,0,0,0,0,1,1,8665,8665.000,0,0,0,0,6.082
decode,real,4625,7251574333037874747,0,0,0,0,1,1,8666,8666.000,0,0,0,0,6.114
decode,real,4626,7251574333037874747,0,0,0,0,1,1,8667,8667.000,0,0,0,0,6.098
decode,real,4627,7251574333037874747,0,0,0,0,1,1,8668,8668.000,0,0,0,0,6.121
decode,real,4628,7251574333037874747,0,0,0,0,1,1,8669,8669.000,0,0,0,0,6.105
decode,real,4629,7251574333037874747,0,0,0,0,1,1,8670,8670.000,0,0,0,0,6.114
decode,real,4630,7251574333037874747,0,0,0,0,1,1,8671,8671.000,0,0,0,0,6.096
decode,real,4631,7251574333037874747,0,0,0,0,1,1,8672,8672.000,0,0,0,0,6.123
decode,real,4632,7251574333037874747,0,0,0,0,1,1,8673,8673.000,0,0,0,0,6.094
decode,real,4633,7251574333037874747,0,0,0,0,1,1,8674,8674.000,0,0,0,0,6.107
decode,real,4634,7251574333037874747,0,0,0,0,1,1,8675,8675.000,0,0,0,0,6.121
decode,real,4635,7251574333037874747,0,0,0,0,1,1,8676,8676.000,0,0,0,0,6.099
decode,real,4636,7251574333037874747,0,0,0,0,1,1,8677,8677.000,0,0,0,0,6.092
decode,real,4637,7251574333037874747,0,0,0,0,1,1,8678,8678.000,0,0,0,0,6.094
decode,real,4638,7251574333037874747,0,0,0,0,1,1,8679,8679.000,0,0,0,0,6.115
decode,real,4639,7251574333037874747,0,0,0,0,1,1,8680,8680.000,0,0,0,0,6.106
decode,real,4640,7251574333037874747,0,0,0,0,1,1,8681,8681.000,0,0,0,0,6.117
decode,real,4641,7251574333037874747,0,0,0,0,1,1,8682,8682.000,0,0,0,0,6.097
decode,real,4642,7251574333037874747,0,0,0,0,1,1,8683,8683.000,0,0,0,0,6.115
decode,real,4643,7251574333037874747,0,0,0,0,1,1,8684,8684.000,0,0,0,0,6.111
decode,real,4644,7251574333037874747,0,0,0,0,1,1,8685,8685.000,0,0,0,0,6.102
decode,real,4645,7251574333037874747,0,0,0,0,1,1,8686,8686.000,0,0,0,0,6.133
decode,real,4646,7251574333037874747,0,0,0,0,1,1,8687,8687.000,0,0,0,0,6.077
decode,real,4647,7251574333037874747,0,0,0,0,1,1,8688,8688.000,0,0,0,0,6.138
decode,real,4648,7251574333037874747,0,0,0,0,1,1,8689,8689.000,0,0,0,0,6.086
decode,real,4649,7251574333037874747,0,0,0,0,1,1,8690,8690.000,0,0,0,0,6.127
decode,real,4650,7251574333037874747,0,0,0,0,1,1,8691,8691.000,0,0,0,0,6.106
decode,real,4651,7251574333037874747,0,0,0,0,1,1,8692,8692.000,0,0,0,0,6.091
decode,real,4652,7251574333037874747,0,0,0,0,1,1,8693,8693.000,0,0,0,0,6.108
decode,real,4653,7251574333037874747,0,0,0,0,1,1,8694,8694.000,0,0,0,0,6.133
decode,real,4654,7251574333037874747,0,0,0,0,1,1,8695,8695.000,0,0,0,0,6.090
decode,real,4655,7251574333037874747,0,0,0,0,1,1,8696,8696.000,0,0,0,0,6.114
decode,real,4656,7251574333037874747,0,0,0,0,1,1,8697,8697.000,0,0,0,0,6.115
decode,real,4657,7251574333037874747,0,0,0,0,1,1,8698,8698.000,0,0,0,0,6.095
decode,real,4658,7251574333037874747,0,0,0,0,1,1,8699,8699.000,0,0,0,0,6.123
decode,real,4659,7251574333037874747,0,0,0,0,1,1,8700,8700.000,0,0,0,0,6.101
decode,real,4660,7251574333037874747,0,0,0,0,1,1,8701,8701.000,0,0,0,0,6.107
decode,real,4661,7251574333037874747,0,0,0,0,1,1,8702,8702.000,0,0,0,0,6.134
decode,real,4662,7251574333037874747,0,0,0,0,1,1,8703,8703.000,0,0,0,0,6.096
decode,real,4663,7251574333037874747,0,0,0,0,1,1,8704,8704.000,0,0,0,0,6.095
decode,real,4664,7251574333037874747,0,0,0,0,1,1,8705,8705.000,0,0,0,0,6.124
decode,real,4665,7251574333037874747,0,0,0,0,1,1,8706,8706.000,0,0,0,0,6.091
decode,real,4666,7251574333037874747,0,0,0,0,1,1,8707,8707.000,0,0,0,0,6.105
decode,real,4667,7251574333037874747,0,0,0,0,1,1,8708,8708.000,0,0,0,0,6.093
decode,real,4668,7251574333037874747,0,0,0,0,1,1,8709,8709.000,0,0,0,0,6.129
decode,real,4669,7251574333037874747,0,0,0,0,1,1,8710,8710.000,0,0,0,0,6.104
decode,real,4670,7251574333037874747,0,0,0,0,1,1,8711,8711.000,0,0,0,0,6.082
decode,real,4671,7251574333037874747,0,0,0,0,1,1,8712,8712.000,0,0,0,0,6.134
decode,real,4672,7251574333037874747,0,0,0,0,1,1,8713,8713.000,0,0,0,0,6.109
decode,real,4673,7251574333037874747,0,0,0,0,1,1,8714,8714.000,0,0,0,0,6.103
decode,real,4674,7251574333037874747,0,0,0,0,1,1,8715,8715.000,0,0,0,0,6.124
decode,real,4675,7251574333037874747,0,0,0,0,1,1,8716,8716.000,0,0,0,0,6.087
decode,real,4676,7251574333037874747,0,0,0,0,1,1,8717,8717.000,0,0,0,0,6.114
decode,real,4677,7251574333037874747,0,0,0,0,1,1,8718,8718.000,0,0,0,0,6.147
decode,real,4678,7251574333037874747,0,0,0,0,1,1,8719,8719.000,0,0,0,0,6.078
decode,real,4679,7251574333037874747,0,0,0,0,1,1,8720,8720.000,0,0,0,0,6.112
decode,real,4680,7251574333037874747,0,0,0,0,1,1,8721,8721.000,0,0,0,0,6.117
decode,real,4681,7251574333037874747,0,0,0,0,1,1,8722,8722.000,0,0,0,0,6.113
decode,real,4682,7251574333037874747,0,0,0,0,1,1,8723,8723.000,0,0,0,0,6.102
decode,real,4683,7251574333037874747,0,0,0,0,1,1,8724,8724.000,0,0,0,0,6.098
decode,real,4684,7251574333037874747,0,0,0,0,1,1,8725,8725.000,0,0,0,0,6.123
decode,real,4685,7251574333037874747,0,0,0,0,1,1,8726,8726.000,0,0,0,0,6.075
decode,real,4686,7251574333037874747,0,0,0,0,1,1,8727,8727.000,0,0,0,0,6.103
decode,real,4687,7251574333037874747,0,0,0,0,1,1,8728,8728.000,0,0,0,0,6.109
decode,real,4688,7251574333037874747,0,0,0,0,1,1,8729,8729.000,0,0,0,0,6.100
decode,real,4689,7251574333037874747,0,0,0,0,1,1,8730,8730.000,0,0,0,0,6.125
decode,real,4690,7251574333037874747,0,0,0,0,1,1,8731,8731.000,0,0,0,0,6.081
decode,real,4691,7251574333037874747,0,0,0,0,1,1,8732,8732.000,0,0,0,0,6.109
decode,real,4692,7251574333037874747,0,0,0,0,1,1,8733,8733.000,0,0,0,0,6.097
decode,real,4693,7251574333037874747,0,0,0,0,1,1,8734,8734.000,0,0,0,0,6.125
decode,real,4694,7251574333037874747,0,0,0,0,1,1,8735,8735.000,0,0,0,0,6.103
decode,real,4695,7251574333037874747,0,0,0,0,1,1,8736,8736.000,0,0,0,0,6.094
decode,real,4696,7251574333037874747,0,0,0,0,1,1,8737,8737.000,0,0,0,0,6.115
decode,real,4697,7251574333037874747,0,0,0,0,1,1,8738,8738.000,0,0,0,0,6.102
decode,real,4698,7251574333037874747,0,0,0,0,1,1,8739,8739.000,0,0,0,0,6.096
decode,real,4699,7251574333037874747,0,0,0,0,1,1,8740,8740.000,0,0,0,0,6.097
decode,real,4700,7251574333037874747,0,0,0,0,1,1,8741,8741.000,0,0,0,0,6.114
decode,real,4701,7251574333037874747,0,0,0,0,1,1,8742,8742.000,0,0,0,0,6.117
decode,real,4702,7251574333037874747,0,0,0,0,1,1,8743,8743.000,0,0,0,0,6.115
decode,real,4703,7251574333037874747,0,0,0,0,1,1,8744,8744.000,0,0,0,0,6.094
decode,real,4704,7251574333037874747,0,0,0,0,1,1,8745,8745.000,0,0,0,0,6.097
decode,real,4705,7251574333037874747,0,0,0,0,1,1,8746,8746.000,0,0,0,0,6.111
decode,real,4706,7251574333037874747,0,0,0,0,1,1,8747,8747.000,0,0,0,0,6.119
decode,real,4707,7251574333037874747,0,0,0,0,1,1,8748,8748.000,0,0,0,0,6.085
decode,real,4708,7251574333037874747,0,0,0,0,1,1,8749,8749.000,0,0,0,0,6.115
decode,real,4709,7251574333037874747,0,0,0,0,1,1,8750,8750.000,0,0,0,0,6.129
decode,real,4710,7251574333037874747,0,0,0,0,1,1,8751,8751.000,0,0,0,0,6.093
decode,real,4711,7251574333037874747,0,0,0,0,1,1,8752,8752.000,0,0,0,0,6.099
decode,real,4712,7251574333037874747,0,0,0,0,1,1,8753,8753.000,0,0,0,0,6.101
decode,real,4713,7251574333037874747,0,0,0,0,1,1,8754,8754.000,0,0,0,0,6.124
decode,real,4714,7251574333037874747,0,0,0,0,1,1,8755,8755.000,0,0,0,0,6.109
decode,real,4715,7251574333037874747,0,0,0,0,1,1,8756,8756.000,0,0,0,0,6.118
decode,real,4716,7251574333037874747,0,0,0,0,1,1,8757,8757.000,0,0,0,0,6.107
decode,real,4717,7251574333037874747,0,0,0,0,1,1,8758,8758.000,0,0,0,0,6.096
decode,real,4718,7251574333037874747,0,0,0,0,1,1,8759,8759.000,0,0,0,0,6.105
decode,real,4719,7251574333037874747,0,0,0,0,1,1,8760,8760.000,0,0,0,0,6.108
decode,real,4720,7251574333037874747,0,0,0,0,1,1,8761,8761.000,0,0,0,0,6.099
decode,real,4721,7251574333037874747,0,0,0,0,1,1,8762,8762.000,0,0,0,0,6.122
decode,real,4722,7251574333037874747,0,0,0,0,1,1,8763,8763.000,0,0,0,0,6.101
decode,real,4723,7251574333037874747,0,0,0,0,1,1,8764,8764.000,0,0,0,0,6.107
decode,real,4724,7251574333037874747,0,0,0,0,1,1,8765,8765.000,0,0,0,0,6.134
decode,real,4725,7251574333037874747,0,0,0,0,1,1,8766,8766.000,0,0,0,0,6.096
decode,real,4726,7251574333037874747,0,0,0,0,1,1,8767,8767.000,0,0,0,0,6.088
decode,real,4727,7251574333037874747,0,0,0,0,1,1,8768,8768.000,0,0,0,0,6.131
decode,real,4728,7251574333037874747,0,0,0,0,1,1,8769,8769.000,0,0,0,0,6.092
decode,real,4729,7251574333037874747,0,0,0,0,1,1,8770,8770.000,0,0,0,0,6.116
decode,real,4730,7251574333037874747,0,0,0,0,1,1,8771,8771.000,0,0,0,0,6.093
decode,real,4731,7251574333037874747,0,0,0,0,1,1,8772,8772.000,0,0,0,0,6.106
decode,real,4732,7251574333037874747,0,0,0,0,1,1,8773,8773.000,0,0,0,0,6.107
decode,real,4733,7251574333037874747,0,0,0,0,1,1,8774,8774.000,0,0,0,0,6.128
decode,real,4734,7251574333037874747,0,0,0,0,1,1,8775,8775.000,0,0,0,0,6.114
decode,real,4735,7251574333037874747,0,0,0,0,1,1,8776,8776.000,0,0,0,0,6.092
decode,real,4736,7251574333037874747,0,0,0,0,1,1,8777,8777.000,0,0,0,0,6.103
decode,real,4737,7251574333037874747,0,0,0,0,1,1,8778,8778.000,0,0,0,0,6.108
decode,real,4738,7251574333037874747,0,0,0,0,1,1,8779,8779.000,0,0,0,0,6.117
decode,real,4739,7251574333037874747,0,0,0,0,1,1,8780,8780.000,0,0,0,0,6.099
decode,real,4740,7251574333037874747,0,0,0,0,1,1,8781,8781.000,0,0,0,0,6.119
decode,real,4741,7251574333037874747,0,0,0,0,1,1,8782,8782.000,0,0,0,0,6.121
decode,real,4742,7251574333037874747,0,0,0,0,1,1,8783,8783.000,0,0,0,0,6.102
decode,real,4743,7251574333037874747,0,0,0,0,1,1,8784,8784.000,0,0,0,0,6.093
decode,real,4744,7251574333037874747,0,0,0,0,1,1,8785,8785.000,0,0,0,0,6.088
decode,real,4745,7251574333037874747,0,0,0,0,1,1,8786,8786.000,0,0,0,0,6.116
decode,real,4746,7251574333037874747,0,0,0,0,1,1,8787,8787.000,0,0,0,0,6.102
decode,real,4747,7251574333037874747,0,0,0,0,1,1,8788,8788.000,0,0,0,0,6.116
decode,real,4748,7251574333037874747,0,0,0,0,1,1,8789,8789.000,0,0,0,0,6.111
decode,real,4749,7251574333037874747,0,0,0,0,1,1,8790,8790.000,0,0,0,0,6.115
decode,real,4750,7251574333037874747,0,0,0,0,1,1,8791,8791.000,0,0,0,0,6.083
decode,real,4751,7251574333037874747,0,0,0,0,1,1,8792,8792.000,0,0,0,0,6.106
decode,real,4752,7251574333037874747,0,0,0,0,1,1,8793,8793.000,0,0,0,0,6.125
decode,real,4753,7251574333037874747,0,0,0,0,1,1,8794,8794.000,0,0,0,0,6.091
decode,real,4754,7251574333037874747,0,0,0,0,1,1,8795,8795.000,0,0,0,0,6.126
decode,real,4755,7251574333037874747,0,0,0,0,1,1,8796,8796.000,0,0,0,0,6.101
decode,real,4756,7251574333037874747,0,0,0,0,1,1,8797,8797.000,0,0,0,0,6.097
decode,real,4757,7251574333037874747,0,0,0,0,1,1,8798,8798.000,0,0,0,0,6.115
decode,real,4758,7251574333037874747,0,0,0,0,1,1,8799,8799.000,0,0,0,0,6.100
decode,real,4759,7251574333037874747,0,0,0,0,1,1,8800,8800.000,0,0,0,0,6.092
decode,real,4760,7251574333037874747,0,0,0,0,1,1,8801,8801.000,0,0,0,0,6.095
decode,real,4761,7251574333037874747,0,0,0,0,1,1,8802,8802.000,0,0,0,0,6.112
decode,real,4762,7251574333037874747,0,0,0,0,1,1,8803,8803.000,0,0,0,0,6.118
decode,real,4763,7251574333037874747,0,0,0,0,1,1,8804,8804.000,0,0,0,0,6.100
decode,real,4764,7251574333037874747,0,0,0,0,1,1,8805,8805.000,0,0,0,0,6.103
decode,real,4765,7251574333037874747,0,0,0,0,1,1,8806,8806.000,0,0,0,0,6.109
decode,real,4766,7251574333037874747,0,0,0,0,1,1,8807,8807.000,0,0,0,0,6.094
decode,real,4767,7251574333037874747,0,0,0,0,1,1,8808,8808.000,0,0,0,0,6.117
decode,real,4768,7251574333037874747,0,0,0,0,1,1,8809,8809.000,0,0,0,0,6.087
decode,real,4769,7251574333037874747,0,0,0,0,1,1,8810,8810.000,0,0,0,0,6.110
decode,real,4770,7251574333037874747,0,0,0,0,1,1,8811,8811.000,0,0,0,0,6.122
decode,real,4771,7251574333037874747,0,0,0,0,1,1,8812,8812.000,0,0,0,0,6.112
decode,real,4772,7251574333037874747,0,0,0,0,1,1,8813,8813.000,0,0,0,0,6.114
decode,real,4773,7251574333037874747,0,0,0,0,1,1,8814,8814.000,0,0,0,0,6.098
decode,real,4774,7251574333037874747,0,0,0,0,1,1,8815,8815.000,0,0,0,0,6.116
decode,real,4775,7251574333037874747,0,0,0,0,1,1,8816,8816.000,0,0,0,0,6.078
decode,real,4776,7251574333037874747,0,0,0,0,1,1,8817,8817.000,0,0,0,0,6.114
decode,real,4777,7251574333037874747,0,0,0,0,1,1,8818,8818.000,0,0,0,0,6.122
decode,real,4778,7251574333037874747,0,0,0,0,1,1,8819,8819.000,0,0,0,0,6.110
decode,real,4779,7251574333037874747,0,0,0,0,1,1,8820,8820.000,0,0,0,0,6.122
decode,real,4780,7251574333037874747,0,0,0,0,1,1,8821,8821.000,0,0,0,0,6.100
decode,real,4781,7251574333037874747,0,0,0,0,1,1,8822,8822.000,0,0,0,0,6.098
decode,real,4782,7251574333037874747,0,0,0,0,1,1,8823,8823.000,0,0,0,0,6.121
decode,real,4783,7251574333037874747,0,0,0,0,1,1,8824,8824.000,0,0,0,0,6.088
decode,real,4784,7251574333037874747,0,0,0,0,1,1,8825,8825.000,0,0,0,0,6.120
decode,real,4785,7251574333037874747,0,0,0,0,1,1,8826,8826.000,0,0,0,0,6.090
decode,real,4786,7251574333037874747,0,0,0,0,1,1,8827,8827.000,0,0,0,0,6.129
decode,real,4787,7251574333037874747,0,0,0,0,1,1,8828,8828.000,0,0,0,0,6.104
decode,real,4788,7251574333037874747,0,0,0,0,1,1,8829,8829.000,0,0,0,0,6.109
decode,real,4789,7251574333037874747,0,0,0,0,1,1,8830,8830.000,0,0,0,0,6.115
decode,real,4790,7251574333037874747,0,0,0,0,1,1,8831,8831.000,0,0,0,0,6.103
decode,real,4791,7251574333037874747,0,0,0,0,1,1,8832,8832.000,0,0,0,0,6.116
decode,real,4792,7251574333037874747,0,0,0,0,1,1,8833,8833.000,0,0,0,0,6.103
decode,real,4793,7251574333037874747,0,0,0,0,1,1,8834,8834.000,0,0,0,0,6.123
decode,real,4794,7251574333037874747,0,0,0,0,1,1,8835,8835.000,0,0,0,0,6.111
decode,real,4795,7251574333037874747,0,0,0,0,1,1,8836,8836.000,0,0,0,0,6.109
decode,real,4796,7251574333037874747,0,0,0,0,1,1,8837,8837.000,0,0,0,0,6.127
decode,real,4797,7251574333037874747,0,0,0,0,1,1,8838,8838.000,0,0,0,0,6.109
decode,real,4798,7251574333037874747,0,0,0,0,1,1,8839,8839.000,0,0,0,0,6.114
decode,real,4799,7251574333037874747,0,0,0,0,1,1,8840,8840.000,0,0,0,0,6.099
decode,real,4800,7251574333037874747,0,0,0,0,1,1,8841,8841.000,0,0,0,0,6.114
decode,real,4801,7251574333037874747,0,0,0,0,1,1,8842,8842.000,0,0,0,0,6.118
decode,real,4802,7251574333037874747,0,0,0,0,1,1,8843,8843.000,0,0,0,0,6.118
decode,real,4803,7251574333037874747,0,0,0,0,1,1,8844,8844.000,0,0,0,0,6.106
decode,real,4804,7251574333037874747,0,0,0,0,1,1,8845,8845.000,0,0,0,0,6.116
decode,real,4805,7251574333037874747,0,0,0,0,1,1,8846,8846.000,0,0,0,0,6.133
decode,real,4806,7251574333037874747,0,0,0,0,1,1,8847,8847.000,0,0,0,0,6.096
decode,real,4807,7251574333037874747,0,0,0,0,1,1,8848,8848.000,0,0,0,0,6.120
decode,real,4808,7251574333037874747,0,0,0,0,1,1,8849,8849.000,0,0,0,0,6.105
decode,real,4809,7251574333037874747,0,0,0,0,1,1,8850,8850.000,0,0,0,0,6.098
decode,real,4810,7251574333037874747,0,0,0,0,1,1,8851,8851.000,0,0,0,0,6.126
decode,real,4811,7251574333037874747,0,0,0,0,1,1,8852,8852.000,0,0,0,0,6.100
decode,real,4812,7251574333037874747,0,0,0,0,1,1,8853,8853.000,0,0,0,0,6.122
decode,real,4813,7251574333037874747,0,0,0,0,1,1,8854,8854.000,0,0,0,0,6.111
decode,real,4814,7251574333037874747,0,0,0,0,1,1,8855,8855.000,0,0,0,0,6.095
decode,real,4815,7251574333037874747,0,0,0,0,1,1,8856,8856.000,0,0,0,0,6.111
decode,real,4816,7251574333037874747,0,0,0,0,1,1,8857,8857.000,0,0,0,0,6.120
decode,real,4817,7251574333037874747,0,0,0,0,1,1,8858,8858.000,0,0,0,0,6.119
decode,real,4818,7251574333037874747,0,0,0,0,1,1,8859,8859.000,0,0,0,0,6.090
decode,real,4819,7251574333037874747,0,0,0,0,1,1,8860,8860.000,0,0,0,0,6.114
decode,real,4820,7251574333037874747,0,0,0,0,1,1,8861,8861.000,0,0,0,0,6.131
decode,real,4821,7251574333037874747,0,0,0,0,1,1,8862,8862.000,0,0,0,0,6.106
decode,real,4822,7251574333037874747,0,0,0,0,1,1,8863,8863.000,0,0,0,0,6.105
decode,real,4823,7251574333037874747,0,0,0,0,1,1,8864,8864.000,0,0,0,0,6.108
decode,real,4824,7251574333037874747,0,0,0,0,1,1,8865,8865.000,0,0,0,0,6.105
decode,real,4825,7251574333037874747,0,0,0,0,1,1,8866,8866.000,0,0,0,0,6.129
decode,real,4826,7251574333037874747,0,0,0,0,1,1,8867,8867.000,0,0,0,0,6.108
decode,real,4827,7251574333037874747,0,0,0,0,1,1,8868,8868.000,0,0,0,0,6.102
decode,real,4828,7251574333037874747,0,0,0,0,1,1,8869,8869.000,0,0,0,0,6.151
decode,real,4829,7251574333037874747,0,0,0,0,1,1,8870,8870.000,0,0,0,0,6.091
decode,real,4830,7251574333037874747,0,0,0,0,1,1,8871,8871.000,0,0,0,0,6.116
decode,real,4831,7251574333037874747,0,0,0,0,1,1,8872,8872.000,0,0,0,0,6.118
decode,real,4832,7251574333037874747,0,0,0,0,1,1,8873,8873.000,0,0,0,0,6.090
decode,real,4833,7251574333037874747,0,0,0,0,1,1,8874,8874.000,0,0,0,0,6.119
decode,real,4834,7251574333037874747,0,0,0,0,1,1,8875,8875.000,0,0,0,0,6.114
decode,real,4835,7251574333037874747,0,0,0,0,1,1,8876,8876.000,0,0,0,0,6.120
decode,real,4836,7251574333037874747,0,0,0,0,1,1,8877,8877.000,0,0,0,0,6.102
decode,real,4837,7251574333037874747,0,0,0,0,1,1,8878,8878.000,0,0,0,0,6.125
decode,real,4838,7251574333037874747,0,0,0,0,1,1,8879,8879.000,0,0,0,0,6.109
decode,real,4839,7251574333037874747,0,0,0,0,1,1,8880,8880.000,0,0,0,0,6.103
decode,real,4840,7251574333037874747,0,0,0,0,1,1,8881,8881.000,0,0,0,0,6.108
decode,real,4841,7251574333037874747,0,0,0,0,1,1,8882,8882.000,0,0,0,0,6.123
decode,real,4842,7251574333037874747,0,0,0,0,1,1,8883,8883.000,0,0,0,0,6.105
decode,real,4843,7251574333037874747,0,0,0,0,1,1,8884,8884.000,0,0,0,0,6.133
decode,real,4844,7251574333037874747,0,0,0,0,1,1,8885,8885.000,0,0,0,0,6.090
decode,real,4845,7251574333037874747,0,0,0,0,1,1,8886,8886.000,0,0,0,0,6.116
decode,real,4846,7251574333037874747,0,0,0,0,1,1,8887,8887.000,0,0,0,0,6.101
decode,real,4847,7251574333037874747,0,0,0,0,1,1,8888,8888.000,0,0,0,0,6.123
decode,real,4848,7251574333037874747,0,0,0,0,1,1,8889,8889.000,0,0,0,0,6.130
decode,real,4849,7251574333037874747,0,0,0,0,1,1,8890,8890.000,0,0,0,0,6.120
decode,real,4850,7251574333037874747,0,0,0,0,1,1,8891,8891.000,0,0,0,0,6.102
decode,real,4851,7251574333037874747,0,0,0,0,1,1,8892,8892.000,0,0,0,0,6.123
decode,real,4852,7251574333037874747,0,0,0,0,1,1,8893,8893.000,0,0,0,0,6.122
decode,real,4853,7251574333037874747,0,0,0,0,1,1,8894,8894.000,0,0,0,0,6.112
decode,real,4854,7251574333037874747,0,0,0,0,1,1,8895,8895.000,0,0,0,0,6.113
decode,real,4855,7251574333037874747,0,0,0,0,1,1,8896,8896.000,0,0,0,0,6.102
decode,real,4856,7251574333037874747,0,0,0,0,1,1,8897,8897.000,0,0,0,0,6.111
decode,real,4857,7251574333037874747,0,0,0,0,1,1,8898,8898.000,0,0,0,0,6.117
decode,real,4858,7251574333037874747,0,0,0,0,1,1,8899,8899.000,0,0,0,0,6.111
decode,real,4859,7251574333037874747,0,0,0,0,1,1,8900,8900.000,0,0,0,0,6.126
decode,real,4860,7251574333037874747,0,0,0,0,1,1,8901,8901.000,0,0,0,0,6.117
decode,real,4861,7251574333037874747,0,0,0,0,1,1,8902,8902.000,0,0,0,0,6.119
decode,real,4862,7251574333037874747,0,0,0,0,1,1,8903,8903.000,0,0,0,0,6.101
decode,real,4863,7251574333037874747,0,0,0,0,1,1,8904,8904.000,0,0,0,0,6.120
decode,real,4864,7251574333037874747,0,0,0,0,1,1,8905,8905.000,0,0,0,0,6.111
decode,real,4865,7251574333037874747,0,0,0,0,1,1,8906,8906.000,0,0,0,0,6.108
decode,real,4866,7251574333037874747,0,0,0,0,1,1,8907,8907.000,0,0,0,0,6.115
decode,real,4867,7251574333037874747,0,0,0,0,1,1,8908,8908.000,0,0,0,0,6.110
decode,real,4868,7251574333037874747,0,0,0,0,1,1,8909,8909.000,0,0,0,0,6.121
decode,real,4869,7251574333037874747,0,0,0,0,1,1,8910,8910.000,0,0,0,0,6.128
decode,real,4870,7251574333037874747,0,0,0,0,1,1,8911,8911.000,0,0,0,0,6.107
decode,real,4871,7251574333037874747,0,0,0,0,1,1,8912,8912.000,0,0,0,0,6.093
decode,real,4872,7251574333037874747,0,0,0,0,1,1,8913,8913.000,0,0,0,0,6.123
decode,real,4873,7251574333037874747,0,0,0,0,1,1,8914,8914.000,0,0,0,0,6.112
decode,real,4874,7251574333037874747,0,0,0,0,1,1,8915,8915.000,0,0,0,0,6.098
decode,real,4875,7251574333037874747,0,0,0,0,1,1,8916,8916.000,0,0,0,0,6.105
decode,real,4876,7251574333037874747,0,0,0,0,1,1,8917,8917.000,0,0,0,0,6.109
decode,real,4877,7251574333037874747,0,0,0,0,1,1,8918,8918.000,0,0,0,0,6.127
decode,real,4878,7251574333037874747,0,0,0,0,1,1,8919,8919.000,0,0,0,0,6.117
decode,real,4879,7251574333037874747,0,0,0,0,1,1,8920,8920.000,0,0,0,0,6.093
decode,real,4880,7251574333037874747,0,0,0,0,1,1,8921,8921.000,0,0,0,0,6.115
decode,real,4881,7251574333037874747,0,0,0,0,1,1,8922,8922.000,0,0,0,0,6.124
decode,real,4882,7251574333037874747,0,0,0,0,1,1,8923,8923.000,0,0,0,0,6.102
decode,real,4883,7251574333037874747,0,0,0,0,1,1,8924,8924.000,0,0,0,0,6.104
decode,real,4884,7251574333037874747,0,0,0,0,1,1,8925,8925.000,0,0,0,0,6.126
decode,real,4885,7251574333037874747,0,0,0,0,1,1,8926,8926.000,0,0,0,0,6.117
decode,real,4886,7251574333037874747,0,0,0,0,1,1,8927,8927.000,0,0,0,0,6.100
decode,real,4887,7251574333037874747,0,0,0,0,1,1,8928,8928.000,0,0,0,0,6.116
decode,real,4888,7251574333037874747,0,0,0,0,1,1,8929,8929.000,0,0,0,0,6.100
decode,real,4889,7251574333037874747,0,0,0,0,1,1,8930,8930.000,0,0,0,0,6.101
decode,real,4890,7251574333037874747,0,0,0,0,1,1,8931,8931.000,0,0,0,0,6.116
decode,real,4891,7251574333037874747,0,0,0,0,1,1,8932,8932.000,0,0,0,0,6.122
decode,real,4892,7251574333037874747,0,0,0,0,1,1,8933,8933.000,0,0,0,0,6.116
decode,real,4893,7251574333037874747,0,0,0,0,1,1,8934,8934.000,0,0,0,0,6.092
decode,real,4894,7251574333037874747,0,0,0,0,1,1,8935,8935.000,0,0,0,0,6.128
decode,real,4895,7251574333037874747,0,0,0,0,1,1,8936,8936.000,0,0,0,0,6.099
decode,real,4896,7251574333037874747,0,0,0,0,1,1,8937,8937.000,0,0,0,0,6.125
decode,real,4897,7251574333037874747,0,0,0,0,1,1,8938,8938.000,0,0,0,0,6.113
decode,real,4898,7251574333037874747,0,0,0,0,1,1,8939,8939.000,0,0,0,0,6.130
decode,real,4899,7251574333037874747,0,0,0,0,1,1,8940,8940.000,0,0,0,0,6.104
decode,real,4900,7251574333037874747,0,0,0,0,1,1,8941,8941.000,0,0,0,0,6.109
decode,real,4901,7251574333037874747,0,0,0,0,1,1,8942,8942.000,0,0,0,0,6.110
decode,real,4902,7251574333037874747,0,0,0,0,1,1,8943,8943.000,0,0,0,0,6.106
decode,real,4903,7251574333037874747,0,0,0,0,1,1,8944,8944.000,0,0,0,0,6.102
decode,real,4904,7251574333037874747,0,0,0,0,1,1,8945,8945.000,0,0,0,0,6.125
decode,real,4905,7251574333037874747,0,0,0,0,1,1,8946,8946.000,0,0,0,0,6.119
decode,real,4906,7251574333037874747,0,0,0,0,1,1,8947,8947.000,0,0,0,0,6.118
decode,real,4907,7251574333037874747,0,0,0,0,1,1,8948,8948.000,0,0,0,0,6.091
decode,real,4908,7251574333037874747,0,0,0,0,1,1,8949,8949.000,0,0,0,0,6.108
decode,real,4909,7251574333037874747,0,0,0,0,1,1,8950,8950.000,0,0,0,0,6.117
decode,real,4910,7251574333037874747,0,0,0,0,1,1,8951,8951.000,0,0,0,0,6.138
decode,real,4911,7251574333037874747,0,0,0,0,1,1,8952,8952.000,0,0,0,0,6.086
decode,real,4912,7251574333037874747,0,0,0,0,1,1,8953,8953.000,0,0,0,0,6.128
decode,real,4913,7251574333037874747,0,0,0,0,1,1,8954,8954.000,0,0,0,0,6.110
decode,real,4914,7251574333037874747,0,0,0,0,1,1,8955,8955.000,0,0,0,0,6.126
decode,real,4915,7251574333037874747,0,0,0,0,1,1,8956,8956.000,0,0,0,0,6.101
decode,real,4916,7251574333037874747,0,0,0,0,1,1,8957,8957.000,0,0,0,0,6.106
decode,real,4917,7251574333037874747,0,0,0,0,1,1,8958,8958.000,0,0,0,0,6.146
decode,real,4918,7251574333037874747,0,0,0,0,1,1,8959,8959.000,0,0,0,0,6.084
decode,real,4919,7251574333037874747,0,0,0,0,1,1,8960,8960.000,0,0,0,0,6.132
decode,real,4920,7251574333037874747,0,0,0,0,1,1,8961,8961.000,0,0,0,0,6.116
decode,real,4921,7251574333037874747,0,0,0,0,1,1,8962,8962.000,0,0,0,0,6.098
decode,real,4922,7251574333037874747,0,0,0,0,1,1,8963,8963.000,0,0,0,0,6.109
decode,real,4923,7251574333037874747,0,0,0,0,1,1,8964,8964.000,0,0,0,0,6.138
decode,real,4924,7251574333037874747,0,0,0,0,1,1,8965,8965.000,0,0,0,0,6.101
decode,real,4925,7251574333037874747,0,0,0,0,1,1,8966,8966.000,0,0,0,0,6.099
decode,real,4926,7251574333037874747,0,0,0,0,1,1,8967,8967.000,0,0,0,0,6.126
decode,real,4927,7251574333037874747,0,0,0,0,1,1,8968,8968.000,0,0,0,0,6.094
decode,real,4928,7251574333037874747,0,0,0,0,1,1,8969,8969.000,0,0,0,0,6.126
decode,real,4929,7251574333037874747,0,0,0,0,1,1,8970,8970.000,0,0,0,0,6.110
decode,real,4930,7251574333037874747,0,0,0,0,1,1,8971,8971.000,0,0,0,0,6.130
decode,real,4931,7251574333037874747,0,0,0,0,1,1,8972,8972.000,0,0,0,0,6.096
decode,real,4932,7251574333037874747,0,0,0,0,1,1,8973,8973.000,0,0,0,0,6.128
decode,real,4933,7251574333037874747,0,0,0,0,1,1,8974,8974.000,0,0,0,0,6.114
decode,real,4934,7251574333037874747,0,0,0,0,1,1,8975,8975.000,0,0,0,0,6.097
decode,real,4935,7251574333037874747,0,0,0,0,1,1,8976,8976.000,0,0,0,0,6.125
decode,real,4936,7251574333037874747,0,0,0,0,1,1,8977,8977.000,0,0,0,0,6.115
decode,real,4937,7251574333037874747,0,0,0,0,1,1,8978,8978.000,0,0,0,0,6.125
decode,real,4938,7251574333037874747,0,0,0,0,1,1,8979,8979.000,0,0,0,0,6.120
decode,real,4939,7251574333037874747,0,0,0,0,1,1,8980,8980.000,0,0,0,0,6.121
decode,real,4940,7251574333037874747,0,0,0,0,1,1,8981,8981.000,0,0,0,0,6.109
decode,real,4941,7251574333037874747,0,0,0,0,1,1,8982,8982.000,0,0,0,0,6.111
decode,real,4942,7251574333037874747,0,0,0,0,1,1,8983,8983.000,0,0,0,0,6.126
decode,real,4943,7251574333037874747,0,0,0,0,1,1,8984,8984.000,0,0,0,0,6.101
decode,real,4944,7251574333037874747,0,0,0,0,1,1,8985,8985.000,0,0,0,0,6.112
decode,real,4945,7251574333037874747,0,0,0,0,1,1,8986,8986.000,0,0,0,0,6.128
decode,real,4946,7251574333037874747,0,0,0,0,1,1,8987,8987.000,0,0,0,0,6.110
decode,real,4947,7251574333037874747,0,0,0,0,1,1,8988,8988.000,0,0,0,0,6.130
decode,real,4948,7251574333037874747,0,0,0,0,1,1,8989,8989.000,0,0,0,0,6.095
decode,real,4949,7251574333037874747,0,0,0,0,1,1,8990,8990.000,0,0,0,0,6.156
decode,real,4950,7251574333037874747,0,0,0,0,1,1,8991,8991.000,0,0,0,0,6.093
decode,real,4951,7251574333037874747,0,0,0,0,1,1,8992,8992.000,0,0,0,0,6.110
decode,real,4952,7251574333037874747,0,0,0,0,1,1,8993,8993.000,0,0,0,0,6.137
decode,real,4953,7251574333037874747,0,0,0,0,1,1,8994,8994.000,0,0,0,0,6.116
decode,real,4954,7251574333037874747,0,0,0,0,1,1,8995,8995.000,0,0,0,0,6.102
decode,real,4955,7251574333037874747,0,0,0,0,1,1,8996,8996.000,0,0,0,0,6.110
decode,real,4956,7251574333037874747,0,0,0,0,1,1,8997,8997.000,0,0,0,0,6.125
decode,real,4957,7251574333037874747,0,0,0,0,1,1,8998,8998.000,0,0,0,0,6.101
decode,real,4958,7251574333037874747,0,0,0,0,1,1,8999,8999.000,0,0,0,0,6.103
decode,real,4959,7251574333037874747,0,0,0,0,1,1,9000,9000.000,0,0,0,0,6.119
decode,real,4960,7251574333037874747,0,0,0,0,1,1,9001,9001.000,0,0,0,0,6.116
decode,real,4961,7251574333037874747,0,0,0,0,1,1,9002,9002.000,0,0,0,0,6.128
decode,real,4962,7251574333037874747,0,0,0,0,1,1,9003,9003.000,0,0,0,0,6.111
decode,real,4963,7251574333037874747,0,0,0,0,1,1,9004,9004.000,0,0,0,0,6.110
decode,real,4964,7251574333037874747,0,0,0,0,1,1,9005,9005.000,0,0,0,0,6.120
decode,real,4965,7251574333037874747,0,0,0,0,1,1,9006,9006.000,0,0,0,0,6.149
decode,real,4966,7251574333037874747,0,0,0,0,1,1,9007,9007.000,0,0,0,0,6.101
decode,real,4967,7251574333037874747,0,0,0,0,1,1,9008,9008.000,0,0,0,0,6.098
decode,real,4968,7251574333037874747,0,0,0,0,1,1,9009,9009.000,0,0,0,0,6.112
decode,real,4969,7251574333037874747,0,0,0,0,1,1,9010,9010.000,0,0,0,0,6.103
decode,real,4970,7251574333037874747,0,0,0,0,1,1,9011,9011.000,0,0,0,0,6.134
decode,real,4971,7251574333037874747,0,0,0,0,1,1,9012,9012.000,0,0,0,0,6.100
decode,real,4972,7251574333037874747,0,0,0,0,1,1,9013,9013.000,0,0,0,0,6.117
decode,real,4973,7251574333037874747,0,0,0,0,1,1,9014,9014.000,0,0,0,0,6.094
decode,real,4974,7251574333037874747,0,0,0,0,1,1,9015,9015.000,0,0,0,0,6.133
decode,real,4975,7251574333037874747,0,0,0,0,1,1,9016,9016.000,0,0,0,0,6.105
decode,real,4976,7251574333037874747,0,0,0,0,1,1,9017,9017.000,0,0,0,0,6.112
decode,real,4977,7251574333037874747,0,0,0,0,1,1,9018,9018.000,0,0,0,0,6.117
decode,real,4978,7251574333037874747,0,0,0,0,1,1,9019,9019.000,0,0,0,0,6.106
decode,real,4979,7251574333037874747,0,0,0,0,1,1,9020,9020.000,0,0,0,0,6.111
decode,real,4980,7251574333037874747,0,0,0,0,1,1,9021,9021.000,0,0,0,0,6.123
decode,real,4981,7251574333037874747,0,0,0,0,1,1,9022,9022.000,0,0,0,0,6.133
decode,real,4982,7251574333037874747,0,0,0,0,1,1,9023,9023.000,0,0,0,0,6.101
decode,real,4983,7251574333037874747,0,0,0,0,1,1,9024,9024.000,0,0,0,0,6.093
decode,real,4984,7251574333037874747,0,0,0,0,1,1,9025,9025.000,0,0,0,0,6.130
decode,real,4985,7251574333037874747,0,0,0,0,1,1,9026,9026.000,0,0,0,0,6.096
decode,real,4986,7251574333037874747,0,0,0,0,1,1,9027,9027.000,0,0,0,0,6.128
decode,real,4987,7251574333037874747,0,0,0,0,1,1,9028,9028.000,0,0,0,0,6.115
decode,real,4988,7251574333037874747,0,0,0,0,1,1,9029,9029.000,0,0,0,0,6.488
decode,real,4989,7251574333037874747,0,0,0,0,1,1,9030,9030.000,0,0,0,0,5.729
decode,real,4990,7251574333037874747,0,0,0,0,1,1,9031,9031.000,0,0,0,0,6.126
decode,real,4991,7251574333037874747,0,0,0,0,1,1,9032,9032.000,0,0,0,0,6.116
decode,real,4992,7251574333037874747,0,0,0,0,1,1,9033,9033.000,0,0,0,0,6.120
decode,real,4993,7251574333037874747,0,0,0,0,1,1,9034,9034.000,0,0,0,0,6.107
decode,real,4994,7251574333037874747,0,0,0,0,1,1,9035,9035.000,0,0,0,0,6.106
decode,real,4995,7251574333037874747,0,0,0,0,1,1,9036,9036.000,0,0,0,0,6.124
decode,real,4996,7251574333037874747,0,0,0,0,1,1,9037,9037.000,0,0,0,0,6.109
decode,real,4997,7251574333037874747,0,0,0,0,1,1,9038,9038.000,0,0,0,0,6.159
decode,real,4998,7251574333037874747,0,0,0,0,1,1,9039,9039.000,0,0,0,0,6.051
decode,real,4999,7251574333037874747,0,0,0,0,1,1,9040,9040.000,0,0,0,0,6.141
decode,real,5000,7251574333037874747,0,0,0,0,1,1,9041,9041.000,0,0,0,0,6.101
decode,real,5001,7251574333037874747,0,0,0,0,1,1,9042,9042.000,0,0,0,0,6.140
decode,real,5002,7251574333037874747,0,0,0,0,1,1,9043,9043.000,0,0,0,0,6.088
decode,real,5003,7251574333037874747,0,0,0,0,1,1,9044,9044.000,0,0,0,0,6.143
decode,real,5004,7251574333037874747,0,0,0,0,1,1,9045,9045.000,0,0,0,0,6.094
decode,real,5005,7251574333037874747,0,0,0,0,1,1,9046,9046.000,0,0,0,0,6.122
decode,real,5006,7251574333037874747,0,0,0,0,1,1,9047,9047.000,0,0,0,0,6.112
decode,real,5007,7251574333037874747,0,0,0,0,1,1,9048,9048.000,0,0,0,0,6.130
decode,real,5008,7251574333037874747,0,0,0,0,1,1,9049,9049.000,0,0,0,0,6.122
decode,real,5009,7251574333037874747,0,0,0,0,1,1,9050,9050.000,0,0,0,0,6.109
decode,real,5010,7251574333037874747,0,0,0,0,1,1,9051,9051.000,0,0,0,0,6.106
decode,real,5011,7251574333037874747,0,0,0,0,1,1,9052,9052.000,0,0,0,0,6.103
decode,real,5012,7251574333037874747,0,0,0,0,1,1,9053,9053.000,0,0,0,0,6.124
decode,real,5013,7251574333037874747,0,0,0,0,1,1,9054,9054.000,0,0,0,0,6.119
decode,real,5014,7251574333037874747,0,0,0,0,1,1,9055,9055.000,0,0,0,0,6.112
decode,real,5015,7251574333037874747,0,0,0,0,1,1,9056,9056.000,0,0,0,0,6.103
decode,real,5016,7251574333037874747,0,0,0,0,1,1,9057,9057.000,0,0,0,0,6.135
decode,real,5017,7251574333037874747,0,0,0,0,1,1,9058,9058.000,0,0,0,0,6.096
decode,real,5018,7251574333037874747,0,0,0,0,1,1,9059,9059.000,0,0,0,0,6.104
decode,real,5019,7251574333037874747,0,0,0,0,1,1,9060,9060.000,0,0,0,0,6.125
decode,real,5020,7251574333037874747,0,0,0,0,1,1,9061,9061.000,0,0,0,0,6.128
decode,real,5021,7251574333037874747,0,0,0,0,1,1,9062,9062.000,0,0,0,0,6.107
decode,real,5022,7251574333037874747,0,0,0,0,1,1,9063,9063.000,0,0,0,0,6.120
decode,real,5023,7251574333037874747,0,0,0,0,1,1,9064,9064.000,0,0,0,0,6.126
decode,real,5024,7251574333037874747,0,0,0,0,1,1,9065,9065.000,0,0,0,0,6.112
decode,real,5025,7251574333037874747,0,0,0,0,1,1,9066,9066.000,0,0,0,0,6.112
decode,real,5026,7251574333037874747,0,0,0,0,1,1,9067,9067.000,0,0,0,0,6.118
decode,real,5027,7251574333037874747,0,0,0,0,1,1,9068,9068.000,0,0,0,0,6.124
decode,real,5028,7251574333037874747,0,0,0,0,1,1,9069,9069.000,0,0,0,0,6.128
decode,real,5029,7251574333037874747,0,0,0,0,1,1,9070,9070.000,0,0,0,0,6.114
decode,real,5030,7251574333037874747,0,0,0,0,1,1,9071,9071.000,0,0,0,0,6.105
decode,real,5031,7251574333037874747,0,0,0,0,1,1,9072,9072.000,0,0,0,0,6.120
decode,real,5032,7251574333037874747,0,0,0,0,1,1,9073,9073.000,0,0,0,0,6.105
decode,real,5033,7251574333037874747,0,0,0,0,1,1,9074,9074.000,0,0,0,0,6.121
decode,real,5034,7251574333037874747,0,0,0,0,1,1,9075,9075.000,0,0,0,0,6.117
decode,real,5035,7251574333037874747,0,0,0,0,1,1,9076,9076.000,0,0,0,0,6.109
decode,real,5036,7251574333037874747,0,0,0,0,1,1,9077,9077.000,0,0,0,0,6.125
decode,real,5037,7251574333037874747,0,0,0,0,1,1,9078,9078.000,0,0,0,0,6.097
decode,real,5038,7251574333037874747,0,0,0,0,1,1,9079,9079.000,0,0,0,0,6.137
decode,real,5039,7251574333037874747,0,0,0,0,1,1,9080,9080.000,0,0,0,0,6.115
decode,real,5040,7251574333037874747,0,0,0,0,1,1,9081,9081.000,0,0,0,0,6.112
decode,real,5041,7251574333037874747,0,0,0,0,1,1,9082,9082.000,0,0,0,0,6.120
decode,real,5042,7251574333037874747,0,0,0,0,1,1,9083,9083.000,0,0,0,0,6.113
decode,real,5043,7251574333037874747,0,0,0,0,1,1,9084,9084.000,0,0,0,0,6.086
decode,real,5044,7251574333037874747,0,0,0,0,1,1,9085,9085.000,0,0,0,0,6.132
decode,real,5045,7251574333037874747,0,0,0,0,1,1,9086,9086.000,0,0,0,0,6.115
decode,real,5046,7251574333037874747,0,0,0,0,1,1,9087,9087.000,0,0,0,0,6.125
decode,real,5047,7251574333037874747,0,0,0,0,1,1,9088,9088.000,0,0,0,0,6.095
decode,real,5048,7251574333037874747,0,0,0,0,1,1,9089,9089.000,0,0,0,0,6.110
decode,real,5049,7251574333037874747,0,0,0,0,1,1,9090,9090.000,0,0,0,0,6.120
decode,real,5050,7251574333037874747,0,0,0,0,1,1,9091,9091.000,0,0,0,0,6.097
decode,real,5051,7251574333037874747,0,0,0,0,1,1,9092,9092.000,0,0,0,0,6.114
decode,real,5052,7251574333037874747,0,0,0,0,1,1,9093,9093.000,0,0,0,0,6.109
decode,real,5053,7251574333037874747,0,0,0,0,1,1,9094,9094.000,0,0,0,0,6.108
decode,real,5054,7251574333037874747,0,0,0,0,1,1,9095,9095.000,0,0,0,0,6.117
decode,real,5055,7251574333037874747,0,0,0,0,1,1,9096,9096.000,0,0,0,0,6.093
decode,real,5056,7251574333037874747,0,0,0,0,1,1,9097,9097.000,0,0,0,0,6.102
decode,real,5057,7251574333037874747,0,0,0,0,1,1,9098,9098.000,0,0,0,0,6.130
decode,real,5058,7251574333037874747,0,0,0,0,1,1,9099,9099.000,0,0,0,0,6.102
decode,real,5059,7251574333037874747,0,0,0,0,1,1,9100,9100.000,0,0,0,0,6.118
decode,real,5060,7251574333037874747,0,0,0,0,1,1,9101,9101.000,0,0,0,0,6.103
decode,real,5061,7251574333037874747,0,0,0,0,1,1,9102,9102.000,0,0,0,0,6.145
decode,real,5062,7251574333037874747,0,0,0,0,1,1,9103,9103.000,0,0,0,0,6.092
decode,real,5063,7251574333037874747,0,0,0,0,1,1,9104,9104.000,0,0,0,0,6.106
decode,real,5064,7251574333037874747,0,0,0,0,1,1,9105,9105.000,0,0,0,0,6.107
decode,real,5065,7251574333037874747,0,0,0,0,1,1,9106,9106.000,0,0,0,0,6.104
decode,real,5066,7251574333037874747,0,0,0,0,1,1,9107,9107.000,0,0,0,0,6.125
decode,real,5067,7251574333037874747,0,0,0,0,1,1,9108,9108.000,0,0,0,0,6.087
decode,real,5068,7251574333037874747,0,0,0,0,1,1,9109,9109.000,0,0,0,0,6.118
decode,real,5069,7251574333037874747,0,0,0,0,1,1,9110,9110.000,0,0,0,0,6.126
decode,real,5070,7251574333037874747,0,0,0,0,1,1,9111,9111.000,0,0,0,0,6.098
decode,real,5071,7251574333037874747,0,0,0,0,1,1,9112,9112.000,0,0,0,0,6.104
decode,real,5072,7251574333037874747,0,0,0,0,1,1,9113,9113.000,0,0,0,0,6.118
decode,real,5073,7251574333037874747,0,0,0,0,1,1,9114,9114.000,0,0,0,0,6.125
decode,real,5074,7251574333037874747,0,0,0,0,1,1,9115,9115.000,0,0,0,0,6.123
decode,real,5075,7251574333037874747,0,0,0,0,1,1,9116,9116.000,0,0,0,0,6.095
decode,real,5076,7251574333037874747,0,0,0,0,1,1,9117,9117.000,0,0,0,0,6.104
decode,real,5077,7251574333037874747,0,0,0,0,1,1,9118,9118.000,0,0,0,0,6.136
decode,real,5078,7251574333037874747,0,0,0,0,1,1,9119,9119.000,0,0,0,0,6.087
decode,real,5079,7251574333037874747,0,0,0,0,1,1,9120,9120.000,0,0,0,0,6.115
decode,real,5080,7251574333037874747,0,0,0,0,1,1,9121,9121.000,0,0,0,0,6.118
decode,real,5081,7251574333037874747,0,0,0,0,1,1,9122,9122.000,0,0,0,0,6.112
decode,real,5082,7251574333037874747,0,0,0,0,1,1,9123,9123.000,0,0,0,0,6.100
decode,real,5083,7251574333037874747,0,0,0,0,1,1,9124,9124.000,0,0,0,0,6.130
decode,real,5084,7251574333037874747,0,0,0,0,1,1,9125,9125.000,0,0,0,0,6.104
decode,real,5085,7251574333037874747,0,0,0,0,1,1,9126,9126.000,0,0,0,0,6.122
decode,real,5086,7251574333037874747,0,0,0,0,1,1,9127,9127.000,0,0,0,0,6.110
decode,real,5087,7251574333037874747,0,0,0,0,1,1,9128,9128.000,0,0,0,0,6.109
decode,real,5088,7251574333037874747,0,0,0,0,1,1,9129,9129.000,0,0,0,0,6.123
decode,real,5089,7251574333037874747,0,0,0,0,1,1,9130,9130.000,0,0,0,0,6.107
decode,real,5090,7251574333037874747,0,0,0,0,1,1,9131,9131.000,0,0,0,0,6.127
decode,real,5091,7251574333037874747,0,0,0,0,1,1,9132,9132.000,0,0,0,0,6.097
decode,real,5092,7251574333037874747,0,0,0,0,1,1,9133,9133.000,0,0,0,0,6.120
decode,real,5093,7251574333037874747,0,0,0,0,1,1,9134,9134.000,0,0,0,0,6.139
decode,real,5094,7251574333037874747,0,0,0,0,1,1,9135,9135.000,0,0,0,0,6.093
decode,real,5095,7251574333037874747,0,0,0,0,1,1,9136,9136.000,0,0,0,0,6.105
decode,real,5096,7251574333037874747,0,0,0,0,1,1,9137,9137.000,0,0,0,0,6.097
decode,real,5097,7251574333037874747,0,0,0,0,1,1,9138,9138.000,0,0,0,0,6.118
decode,real,5098,7251574333037874747,0,0,0,0,1,1,9139,9139.000,0,0,0,0,6.116
decode,real,5099,7251574333037874747,0,0,0,0,1,1,9140,9140.000,0,0,0,0,6.100
decode,real,5100,7251574333037874747,0,0,0,0,1,1,9141,9141.000,0,0,0,0,6.129
decode,real,5101,7251574333037874747,0,0,0,0,1,1,9142,9142.000,0,0,0,0,6.101
decode,real,5102,7251574333037874747,0,0,0,0,1,1,9143,9143.000,0,0,0,0,6.131
decode,real,5103,7251574333037874747,0,0,0,0,1,1,9144,9144.000,0,0,0,0,6.088
decode,real,5104,7251574333037874747,0,0,0,0,1,1,9145,9145.000,0,0,0,0,6.112
decode,real,5105,7251574333037874747,0,0,0,0,1,1,9146,9146.000,0,0,0,0,6.120
decode,real,5106,7251574333037874747,0,0,0,0,1,1,9147,9147.000,0,0,0,0,6.112
decode,real,5107,7251574333037874747,0,0,0,0,1,1,9148,9148.000,0,0,0,0,6.119
decode,real,5108,7251574333037874747,0,0,0,0,1,1,9149,9149.000,0,0,0,0,6.116
decode,real,5109,7251574333037874747,0,0,0,0,1,1,9150,9150.000,0,0,0,0,6.112
decode,real,5110,7251574333037874747,0,0,0,0,1,1,9151,9151.000,0,0,0,0,6.106
decode,real,5111,7251574333037874747,0,0,0,0,1,1,9152,9152.000,0,0,0,0,6.109
decode,real,5112,7251574333037874747,0,0,0,0,1,1,9153,9153.000,0,0,0,0,6.104
decode,real,5113,7251574333037874747,0,0,0,0,1,1,9154,9154.000,0,0,0,0,6.104
decode,real,5114,7251574333037874747,0,0,0,0,1,1,9155,9155.000,0,0,0,0,6.128
decode,real,5115,7251574333037874747,0,0,0,0,1,1,9156,9156.000,0,0,0,0,6.110
decode,real,5116,7251574333037874747,0,0,0,0,1,1,9157,9157.000,0,0,0,0,6.095
decode,real,5117,7251574333037874747,0,0,0,0,1,1,9158,9158.000,0,0,0,0,6.110
decode,real,5118,7251574333037874747,0,0,0,0,1,1,9159,9159.000,0,0,0,0,6.122
decode,real,5119,7251574333037874747,0,0,0,0,1,1,9160,9160.000,0,0,0,0,6.102
decode,real,5120,7251574333037874747,0,0,0,0,1,1,9161,9161.000,0,0,0,0,6.118
decode,real,5121,7251574333037874747,0,0,0,0,1,1,9162,9162.000,0,0,0,0,6.117
decode,real,5122,7251574333037874747,0,0,0,0,1,1,9163,9163.000,0,0,0,0,6.112
decode,real,5123,7251574333037874747,0,0,0,0,1,1,9164,9164.000,0,0,0,0,6.111
decode,real,5124,7251574333037874747,0,0,0,0,1,1,9165,9165.000,0,0,0,0,6.100
decode,real,5125,7251574333037874747,0,0,0,0,1,1,9166,9166.000,0,0,0,0,6.117
decode,real,5126,7251574333037874747,0,0,0,0,1,1,9167,9167.000,0,0,0,0,6.092
decode,real,5127,7251574333037874747,0,0,0,0,1,1,9168,9168.000,0,0,0,0,6.128
decode,real,5128,7251574333037874747,0,0,0,0,1,1,9169,9169.000,0,0,0,0,6.119
decode,real,5129,7251574333037874747,0,0,0,0,1,1,9170,9170.000,0,0,0,0,6.116
decode,real,5130,7251574333037874747,0,0,0,0,1,1,9171,9171.000,0,0,0,0,6.124
decode,real,5131,7251574333037874747,0,0,0,0,1,1,9172,9172.000,0,0,0,0,6.101
decode,real,5132,7251574333037874747,0,0,0,0,1,1,9173,9173.000,0,0,0,0,6.122
decode,real,5133,7251574333037874747,0,0,0,0,1,1,9174,9174.000,0,0,0,0,6.128
decode,real,5134,7251574333037874747,0,0,0,0,1,1,9175,9175.000,0,0,0,0,6.095
decode,real,5135,7251574333037874747,0,0,0,0,1,1,9176,9176.000,0,0,0,0,6.120
decode,real,5136,7251574333037874747,0,0,0,0,1,1,9177,9177.000,0,0,0,0,6.103
decode,real,5137,7251574333037874747,0,0,0,0,1,1,9178,9178.000,0,0,0,0,6.109
decode,real,5138,7251574333037874747,0,0,0,0,1,1,9179,9179.000,0,0,0,0,6.136
decode,real,5139,7251574333037874747,0,0,0,0,1,1,9180,9180.000,0,0,0,0,6.119
decode,real,5140,7251574333037874747,0,0,0,0,1,1,9181,9181.000,0,0,0,0,6.106
decode,real,5141,7251574333037874747,0,0,0,0,1,1,9182,9182.000,0,0,0,0,6.114
decode,real,5142,7251574333037874747,0,0,0,0,1,1,9183,9183.000,0,0,0,0,6.108
decode,real,5143,7251574333037874747,0,0,0,0,1,1,9184,9184.000,0,0,0,0,6.111
decode,real,5144,7251574333037874747,0,0,0,0,1,1,9185,9185.000,0,0,0,0,6.112
decode,real,5145,7251574333037874747,0,0,0,0,1,1,9186,9186.000,0,0,0,0,6.106
decode,real,5146,7251574333037874747,0,0,0,0,1,1,9187,9187.000,0,0,0,0,6.132
decode,real,5147,7251574333037874747,0,0,0,0,1,1,9188,9188.000,0,0,0,0,6.089
decode,real,5148,7251574333037874747,0,0,0,0,1,1,9189,9189.000,0,0,0,0,6.118
decode,real,5149,7251574333037874747,0,0,0,0,1,1,9190,9190.000,0,0,0,0,6.124
decode,real,5150,7251574333037874747,0,0,0,0,1,1,9191,9191.000,0,0,0,0,6.127
decode,real,5151,7251574333037874747,0,0,0,0,1,1,9192,9192.000,0,0,0,0,6.097
decode,real,5152,7251574333037874747,0,0,0,0,1,1,9193,9193.000,0,0,0,0,6.124
decode,real,5153,7251574333037874747,0,0,0,0,1,1,9194,9194.000,0,0,0,0,6.109
decode,real,5154,7251574333037874747,0,0,0,0,1,1,9195,9195.000,0,0,0,0,6.117
decode,real,5155,7251574333037874747,0,0,0,0,1,1,9196,9196.000,0,0,0,0,6.115
decode,real,5156,7251574333037874747,0,0,0,0,1,1,9197,9197.000,0,0,0,0,6.122
decode,real,5157,7251574333037874747,0,0,0,0,1,1,9198,9198.000,0,0,0,0,6.118
decode,real,5158,7251574333037874747,0,0,0,0,1,1,9199,9199.000,0,0,0,0,6.095
decode,real,5159,7251574333037874747,0,0,0,0,1,1,9200,9200.000,0,0,0,0,6.121
decode,real,5160,7251574333037874747,0,0,0,0,1,1,9201,9201.000,0,0,0,0,6.131
decode,real,5161,7251574333037874747,0,0,0,0,1,1,9202,9202.000,0,0,0,0,6.096
decode,real,5162,7251574333037874747,0,0,0,0,1,1,9203,9203.000,0,0,0,0,6.113
decode,real,5163,7251574333037874747,0,0,0,0,1,1,9204,9204.000,0,0,0,0,6.110
decode,real,5164,7251574333037874747,0,0,0,0,1,1,9205,9205.000,0,0,0,0,6.120
decode,real,5165,7251574333037874747,0,0,0,0,1,1,9206,9206.000,0,0,0,0,6.104
decode,real,5166,7251574333037874747,0,0,0,0,1,1,9207,9207.000,0,0,0,0,6.101
decode,real,5167,7251574333037874747,0,0,0,0,1,1,9208,9208.000,0,0,0,0,6.123
decode,real,5168,7251574333037874747,0,0,0,0,1,1,9209,9209.000,0,0,0,0,6.112
decode,real,5169,7251574333037874747,0,0,0,0,1,1,9210,9210.000,0,0,0,0,6.101
decode,real,5170,7251574333037874747,0,0,0,0,1,1,9211,9211.000,0,0,0,0,6.123
decode,real,5171,7251574333037874747,0,0,0,0,1,1,9212,9212.000,0,0,0,0,6.097
decode,real,5172,7251574333037874747,0,0,0,0,1,1,9213,9213.000,0,0,0,0,6.136
decode,real,5173,7251574333037874747,0,0,0,0,1,1,9214,9214.000,0,0,0,0,6.228
context,real,5174,7251574333037874747,0,2048,1,0,0,0,0,0.000,0,0,0,0,49.278
context,real,5175,7251574333037874747,0,2048,1,2048,0,0,0,0.000,0,0,0,0,47.029
context,real,5176,7251574333037874747,0,2048,1,4096,0,0,0,0.000,0,0,0,0,48.795
context,real,5177,7251574333037874747,0,2048,1,6144,0,0,0,0.000,0,0,0,0,50.509
decode,real,5178,7251574333037874747,0,0,0,0,1,1,8192,8192.000,0,0,0,0,6.181
decode,real,5179,7251574333037874747,0,0,0,0,1,1,8193,8193.000,0,0,0,0,6.210
decode,real,5180,7251574333037874747,0,0,0,0,1,1,8194,8194.000,0,0,0,0,6.228
decode,real,5181,7251574333037874747,0,0,0,0,1,1,8195,8195.000,0,0,0,0,6.221
decode,real,5182,7251574333037874747,0,0,0,0,1,1,8196,8196.000,0,0,0,0,6.191
decode,real,5183,7251574333037874747,0,0,0,0,1,1,8197,8197.000,0,0,0,0,6.203
decode,real,5184,7251574333037874747,0,0,0,0,1,1,8198,8198.000,0,0,0,0,6.177
decode,real,5185,7251574333037874747,0,0,0,0,1,1,8199,8199.000,0,0,0,0,6.207
decode,real,5186,7251574333037874747,0,0,0,0,1,1,8200,8200.000,0,0,0,0,6.202
decode,real,5187,7251574333037874747,0,0,0,0,1,1,8201,8201.000,0,0,0,0,6.188
decode,real,5188,7251574333037874747,0,0,0,0,1,1,8202,8202.000,0,0,0,0,6.186
decode,real,5189,7251574333037874747,0,0,0,0,1,1,8203,8203.000,0,0,0,0,6.190
decode,real,5190,7251574333037874747,0,0,0,0,1,1,8204,8204.000,0,0,0,0,6.175
decode,real,5191,7251574333037874747,0,0,0,0,1,1,8205,8205.000,0,0,0,0,6.215
decode,real,5192,7251574333037874747,0,0,0,0,1,1,8206,8206.000,0,0,0,0,6.209
decode,real,5193,7251574333037874747,0,0,0,0,1,1,8207,8207.000,0,0,0,0,6.157
decode,real,5194,7251574333037874747,0,0,0,0,1,1,8208,8208.000,0,0,0,0,6.213
decode,real,5195,7251574333037874747,0,0,0,0,1,1,8209,8209.000,0,0,0,0,6.171
decode,real,5196,7251574333037874747,0,0,0,0,1,1,8210,8210.000,0,0,0,0,6.200
decode,real,5197,7251574333037874747,0,0,0,0,1,1,8211,8211.000,0,0,0,0,6.175
decode,real,5198,7251574333037874747,0,0,0,0,1,1,8212,8212.000,0,0,0,0,6.182
decode,real,5199,7251574333037874747,0,0,0,0,1,1,8213,8213.000,0,0,0,0,6.200
decode,real,5200,7251574333037874747,0,0,0,0,1,1,8214,8214.000,0,0,0,0,6.180
decode,real,5201,7251574333037874747,0,0,0,0,1,1,8215,8215.000,0,0,0,0,6.186
decode,real,5202,7251574333037874747,0,0,0,0,1,1,8216,8216.000,0,0,0,0,6.195
decode,real,5203,7251574333037874747,0,0,0,0,1,1,8217,8217.000,0,0,0,0,6.163
decode,real,5204,7251574333037874747,0,0,0,0,1,1,8218,8218.000,0,0,0,0,6.172
decode,real,5205,7251574333037874747,0,0,0,0,1,1,8219,8219.000,0,0,0,0,6.180
decode,real,5206,7251574333037874747,0,0,0,0,1,1,8220,8220.000,0,0,0,0,6.172
decode,real,5207,7251574333037874747,0,0,0,0,1,1,8221,8221.000,0,0,0,0,6.152
decode,real,5208,7251574333037874747,0,0,0,0,1,1,8222,8222.000,0,0,0,0,6.161
decode,real,5209,7251574333037874747,0,0,0,0,1,1,8223,8223.000,0,0,0,0,6.161
decode,real,5210,7251574333037874747,0,0,0,0,1,1,8224,8224.000,0,0,0,0,6.135
decode,real,5211,7251574333037874747,0,0,0,0,1,1,8225,8225.000,0,0,0,0,6.093
decode,real,5212,7251574333037874747,0,0,0,0,1,1,8226,8226.000,0,0,0,0,6.145
decode,real,5213,7251574333037874747,0,0,0,0,1,1,8227,8227.000,0,0,0,0,6.128
decode,real,5214,7251574333037874747,0,0,0,0,1,1,8228,8228.000,0,0,0,0,6.146
decode,real,5215,7251574333037874747,0,0,0,0,1,1,8229,8229.000,0,0,0,0,6.151
decode,real,5216,7251574333037874747,0,0,0,0,1,1,8230,8230.000,0,0,0,0,6.128
decode,real,5217,7251574333037874747,0,0,0,0,1,1,8231,8231.000,0,0,0,0,6.144
decode,real,5218,7251574333037874747,0,0,0,0,1,1,8232,8232.000,0,0,0,0,6.122
decode,real,5219,7251574333037874747,0,0,0,0,1,1,8233,8233.000,0,0,0,0,6.128
decode,real,5220,7251574333037874747,0,0,0,0,1,1,8234,8234.000,0,0,0,0,6.130
decode,real,5221,7251574333037874747,0,0,0,0,1,1,8235,8235.000,0,0,0,0,6.146
decode,real,5222,7251574333037874747,0,0,0,0,1,1,8236,8236.000,0,0,0,0,6.125
decode,real,5223,7251574333037874747,0,0,0,0,1,1,8237,8237.000,0,0,0,0,6.119
decode,real,5224,7251574333037874747,0,0,0,0,1,1,8238,8238.000,0,0,0,0,6.151
decode,real,5225,7251574333037874747,0,0,0,0,1,1,8239,8239.000,0,0,0,0,6.093
decode,real,5226,7251574333037874747,0,0,0,0,1,1,8240,8240.000,0,0,0,0,6.087
decode,real,5227,7251574333037874747,0,0,0,0,1,1,8241,8241.000,0,0,0,0,6.124
decode,real,5228,7251574333037874747,0,0,0,0,1,1,8242,8242.000,0,0,0,0,6.100
decode,real,5229,7251574333037874747,0,0,0,0,1,1,8243,8243.000,0,0,0,0,6.106
decode,real,5230,7251574333037874747,0,0,0,0,1,1,8244,8244.000,0,0,0,0,6.100
decode,real,5231,7251574333037874747,0,0,0,0,1,1,8245,8245.000,0,0,0,0,6.088
decode,real,5232,7251574333037874747,0,0,0,0,1,1,8246,8246.000,0,0,0,0,6.113
decode,real,5233,7251574333037874747,0,0,0,0,1,1,8247,8247.000,0,0,0,0,6.109
decode,real,5234,7251574333037874747,0,0,0,0,1,1,8248,8248.000,0,0,0,0,6.112
decode,real,5235,7251574333037874747,0,0,0,0,1,1,8249,8249.000,0,0,0,0,6.057
decode,real,5236,7251574333037874747,0,0,0,0,1,1,8250,8250.000,0,0,0,0,6.115
decode,real,5237,7251574333037874747,0,0,0,0,1,1,8251,8251.000,0,0,0,0,6.123
decode,real,5238,7251574333037874747,0,0,0,0,1,1,8252,8252.000,0,0,0,0,6.072
decode,real,5239,7251574333037874747,0,0,0,0,1,1,8253,8253.000,0,0,0,0,6.099
decode,real,5240,7251574333037874747,0,0,0,0,1,1,8254,8254.000,0,0,0,0,6.106
decode,real,5241,7251574333037874747,0,0,0,0,1,1,8255,8255.000,0,0,0,0,6.087
decode,real,5242,7251574333037874747,0,0,0,0,1,1,8256,8256.000,0,0,0,0,6.062
decode,real,5243,7251574333037874747,0,0,0,0,1,1,8257,8257.000,0,0,0,0,6.104
decode,real,5244,7251574333037874747,0,0,0,0,1,1,8258,8258.000,0,0,0,0,6.093
decode,real,5245,7251574333037874747,0,0,0,0,1,1,8259,8259.000,0,0,0,0,6.098
decode,real,5246,7251574333037874747,0,0,0,0,1,1,8260,8260.000,0,0,0,0,6.075
decode,real,5247,7251574333037874747,0,0,0,0,1,1,8261,8261.000,0,0,0,0,6.096
decode,real,5248,7251574333037874747,0,0,0,0,1,1,8262,8262.000,0,0,0,0,6.091
decode,real,5249,7251574333037874747,0,0,0,0,1,1,8263,8263.000,0,0,0,0,6.092
decode,real,5250,7251574333037874747,0,0,0,0,1,1,8264,8264.000,0,0,0,0,6.087
decode,real,5251,7251574333037874747,0,0,0,0,1,1,8265,8265.000,0,0,0,0,6.091
decode,real,5252,7251574333037874747,0,0,0,0,1,1,8266,8266.000,0,0,0,0,6.084
decode,real,5253,7251574333037874747,0,0,0,0,1,1,8267,8267.000,0,0,0,0,6.094
decode,real,5254,7251574333037874747,0,0,0,0,1,1,8268,8268.000,0,0,0,0,6.113
decode,real,5255,7251574333037874747,0,0,0,0,1,1,8269,8269.000,0,0,0,0,6.078
decode,real,5256,7251574333037874747,0,0,0,0,1,1,8270,8270.000,0,0,0,0,6.095
decode,real,5257,7251574333037874747,0,0,0,0,1,1,8271,8271.000,0,0,0,0,6.090
decode,real,5258,7251574333037874747,0,0,0,0,1,1,8272,8272.000,0,0,0,0,6.079
decode,real,5259,7251574333037874747,0,0,0,0,1,1,8273,8273.000,0,0,0,0,6.099
decode,real,5260,7251574333037874747,0,0,0,0,1,1,8274,8274.000,0,0,0,0,6.070
decode,real,5261,7251574333037874747,0,0,0,0,1,1,8275,8275.000,0,0,0,0,6.100
decode,real,5262,7251574333037874747,0,0,0,0,1,1,8276,8276.000,0,0,0,0,6.113
decode,real,5263,7251574333037874747,0,0,0,0,1,1,8277,8277.000,0,0,0,0,6.088
decode,real,5264,7251574333037874747,0,0,0,0,1,1,8278,8278.000,0,0,0,0,6.091
decode,real,5265,7251574333037874747,0,0,0,0,1,1,8279,8279.000,0,0,0,0,6.076
decode,real,5266,7251574333037874747,0,0,0,0,1,1,8280,8280.000,0,0,0,0,6.093
decode,real,5267,7251574333037874747,0,0,0,0,1,1,8281,8281.000,0,0,0,0,6.104
decode,real,5268,7251574333037874747,0,0,0,0,1,1,8282,8282.000,0,0,0,0,6.067
decode,real,5269,7251574333037874747,0,0,0,0,1,1,8283,8283.000,0,0,0,0,6.102
decode,real,5270,7251574333037874747,0,0,0,0,1,1,8284,8284.000,0,0,0,0,6.096
decode,real,5271,7251574333037874747,0,0,0,0,1,1,8285,8285.000,0,0,0,0,6.086
decode,real,5272,7251574333037874747,0,0,0,0,1,1,8286,8286.000,0,0,0,0,6.112
decode,real,5273,7251574333037874747,0,0,0,0,1,1,8287,8287.000,0,0,0,0,6.071
decode,real,5274,7251574333037874747,0,0,0,0,1,1,8288,8288.000,0,0,0,0,6.087
decode,real,5275,7251574333037874747,0,0,0,0,1,1,8289,8289.000,0,0,0,0,6.102
decode,real,5276,7251574333037874747,0,0,0,0,1,1,8290,8290.000,0,0,0,0,6.084
decode,real,5277,7251574333037874747,0,0,0,0,1,1,8291,8291.000,0,0,0,0,6.102
decode,real,5278,7251574333037874747,0,0,0,0,1,1,8292,8292.000,0,0,0,0,6.088
decode,real,5279,7251574333037874747,0,0,0,0,1,1,8293,8293.000,0,0,0,0,6.077
decode,real,5280,7251574333037874747,0,0,0,0,1,1,8294,8294.000,0,0,0,0,6.091
decode,real,5281,7251574333037874747,0,0,0,0,1,1,8295,8295.000,0,0,0,0,6.100
decode,real,5282,7251574333037874747,0,0,0,0,1,1,8296,8296.000,0,0,0,0,6.096
decode,real,5283,7251574333037874747,0,0,0,0,1,1,8297,8297.000,0,0,0,0,6.084
decode,real,5284,7251574333037874747,0,0,0,0,1,1,8298,8298.000,0,0,0,0,6.075
decode,real,5285,7251574333037874747,0,0,0,0,1,1,8299,8299.000,0,0,0,0,6.108
decode,real,5286,7251574333037874747,0,0,0,0,1,1,8300,8300.000,0,0,0,0,6.086
decode,real,5287,7251574333037874747,0,0,0,0,1,1,8301,8301.000,0,0,0,0,6.118
decode,real,5288,7251574333037874747,0,0,0,0,1,1,8302,8302.000,0,0,0,0,6.096
decode,real,5289,7251574333037874747,0,0,0,0,1,1,8303,8303.000,0,0,0,0,6.083
decode,real,5290,7251574333037874747,0,0,0,0,1,1,8304,8304.000,0,0,0,0,6.073
decode,real,5291,7251574333037874747,0,0,0,0,1,1,8305,8305.000,0,0,0,0,6.073
decode,real,5292,7251574333037874747,0,0,0,0,1,1,8306,8306.000,0,0,0,0,6.086
decode,real,5293,7251574333037874747,0,0,0,0,1,1,8307,8307.000,0,0,0,0,6.083
decode,real,5294,7251574333037874747,0,0,0,0,1,1,8308,8308.000,0,0,0,0,6.074
decode,real,5295,7251574333037874747,0,0,0,0,1,1,8309,8309.000,0,0,0,0,6.096
decode,real,5296,7251574333037874747,0,0,0,0,1,1,8310,8310.000,0,0,0,0,6.099
decode,real,5297,7251574333037874747,0,0,0,0,1,1,8311,8311.000,0,0,0,0,6.079
decode,real,5298,7251574333037874747,0,0,0,0,1,1,8312,8312.000,0,0,0,0,6.090
decode,real,5299,7251574333037874747,0,0,0,0,1,1,8313,8313.000,0,0,0,0,6.107
decode,real,5300,7251574333037874747,0,0,0,0,1,1,8314,8314.000,0,0,0,0,6.057
decode,real,5301,7251574333037874747,0,0,0,0,1,1,8315,8315.000,0,0,0,0,6.105
decode,real,5302,7251574333037874747,0,0,0,0,1,1,8316,8316.000,0,0,0,0,6.087
decode,real,5303,7251574333037874747,0,0,0,0,1,1,8317,8317.000,0,0,0,0,6.091
decode,real,5304,7251574333037874747,0,0,0,0,1,1,8318,8318.000,0,0,0,0,6.114
decode,real,5305,7251574333037874747,0,0,0,0,1,1,8319,8319.000,0,0,0,0,6.066
decode,real,5306,7251574333037874747,0,0,0,0,1,1,8320,8320.000,0,0,0,0,6.094
decode,real,5307,7251574333037874747,0,0,0,0,1,1,8321,8321.000,0,0,0,0,6.077
decode,real,5308,7251574333037874747,0,0,0,0,1,1,8322,8322.000,0,0,0,0,6.098
decode,real,5309,7251574333037874747,0,0,0,0,1,1,8323,8323.000,0,0,0,0,6.066
decode,real,5310,7251574333037874747,0,0,0,0,1,1,8324,8324.000,0,0,0,0,6.094
decode,real,5311,7251574333037874747,0,0,0,0,1,1,8325,8325.000,0,0,0,0,6.071
decode,real,5312,7251574333037874747,0,0,0,0,1,1,8326,8326.000,0,0,0,0,6.093
decode,real,5313,7251574333037874747,0,0,0,0,1,1,8327,8327.000,0,0,0,0,6.061
decode,real,5314,7251574333037874747,0,0,0,0,1,1,8328,8328.000,0,0,0,0,6.095
decode,real,5315,7251574333037874747,0,0,0,0,1,1,8329,8329.000,0,0,0,0,6.079
decode,real,5316,7251574333037874747,0,0,0,0,1,1,8330,8330.000,0,0,0,0,6.089
decode,real,5317,7251574333037874747,0,0,0,0,1,1,8331,8331.000,0,0,0,0,6.067
decode,real,5318,7251574333037874747,0,0,0,0,1,1,8332,8332.000,0,0,0,0,6.106
decode,real,5319,7251574333037874747,0,0,0,0,1,1,8333,8333.000,0,0,0,0,6.076
decode,real,5320,7251574333037874747,0,0,0,0,1,1,8334,8334.000,0,0,0,0,6.100
decode,real,5321,7251574333037874747,0,0,0,0,1,1,8335,8335.000,0,0,0,0,6.086
decode,real,5322,7251574333037874747,0,0,0,0,1,1,8336,8336.000,0,0,0,0,6.090
decode,real,5323,7251574333037874747,0,0,0,0,1,1,8337,8337.000,0,0,0,0,6.087
decode,real,5324,7251574333037874747,0,0,0,0,1,1,8338,8338.000,0,0,0,0,6.090
decode,real,5325,7251574333037874747,0,0,0,0,1,1,8339,8339.000,0,0,0,0,6.087
decode,real,5326,7251574333037874747,0,0,0,0,1,1,8340,8340.000,0,0,0,0,6.074
decode,real,5327,7251574333037874747,0,0,0,0,1,1,8341,8341.000,0,0,0,0,6.106
decode,real,5328,7251574333037874747,0,0,0,0,1,1,8342,8342.000,0,0,0,0,6.090
decode,real,5329,7251574333037874747,0,0,0,0,1,1,8343,8343.000,0,0,0,0,6.091
decode,real,5330,7251574333037874747,0,0,0,0,1,1,8344,8344.000,0,0,0,0,6.086
decode,real,5331,7251574333037874747,0,0,0,0,1,1,8345,8345.000,0,0,0,0,6.089
decode,real,5332,7251574333037874747,0,0,0,0,1,1,8346,8346.000,0,0,0,0,6.097
decode,real,5333,7251574333037874747,0,0,0,0,1,1,8347,8347.000,0,0,0,0,6.091
decode,real,5334,7251574333037874747,0,0,0,0,1,1,8348,8348.000,0,0,0,0,6.078
decode,real,5335,7251574333037874747,0,0,0,0,1,1,8349,8349.000,0,0,0,0,6.087
decode,real,5336,7251574333037874747,0,0,0,0,1,1,8350,8350.000,0,0,0,0,6.093
decode,real,5337,7251574333037874747,0,0,0,0,1,1,8351,8351.000,0,0,0,0,6.086
decode,real,5338,7251574333037874747,0,0,0,0,1,1,8352,8352.000,0,0,0,0,6.083
decode,real,5339,7251574333037874747,0,0,0,0,1,1,8353,8353.000,0,0,0,0,6.097
decode,real,5340,7251574333037874747,0,0,0,0,1,1,8354,8354.000,0,0,0,0,6.080
decode,real,5341,7251574333037874747,0,0,0,0,1,1,8355,8355.000,0,0,0,0,6.070
decode,real,5342,7251574333037874747,0,0,0,0,1,1,8356,8356.000,0,0,0,0,6.117
decode,real,5343,7251574333037874747,0,0,0,0,1,1,8357,8357.000,0,0,0,0,6.096
decode,real,5344,7251574333037874747,0,0,0,0,1,1,8358,8358.000,0,0,0,0,6.085
decode,real,5345,7251574333037874747,0,0,0,0,1,1,8359,8359.000,0,0,0,0,6.092
decode,real,5346,7251574333037874747,0,0,0,0,1,1,8360,8360.000,0,0,0,0,6.097
decode,real,5347,7251574333037874747,0,0,0,0,1,1,8361,8361.000,0,0,0,0,6.066
decode,real,5348,7251574333037874747,0,0,0,0,1,1,8362,8362.000,0,0,0,0,6.082
decode,real,5349,7251574333037874747,0,0,0,0,1,1,8363,8363.000,0,0,0,0,6.105
decode,real,5350,7251574333037874747,0,0,0,0,1,1,8364,8364.000,0,0,0,0,6.162
decode,real,5351,7251574333037874747,0,0,0,0,1,1,8365,8365.000,0,0,0,0,6.019
decode,real,5352,7251574333037874747,0,0,0,0,1,1,8366,8366.000,0,0,0,0,6.100
decode,real,5353,7251574333037874747,0,0,0,0,1,1,8367,8367.000,0,0,0,0,6.102
decode,real,5354,7251574333037874747,0,0,0,0,1,1,8368,8368.000,0,0,0,0,6.070
decode,real,5355,7251574333037874747,0,0,0,0,1,1,8369,8369.000,0,0,0,0,6.078
decode,real,5356,7251574333037874747,0,0,0,0,1,1,8370,8370.000,0,0,0,0,6.099
decode,real,5357,7251574333037874747,0,0,0,0,1,1,8371,8371.000,0,0,0,0,6.082
decode,real,5358,7251574333037874747,0,0,0,0,1,1,8372,8372.000,0,0,0,0,6.090
decode,real,5359,7251574333037874747,0,0,0,0,1,1,8373,8373.000,0,0,0,0,6.098
decode,real,5360,7251574333037874747,0,0,0,0,1,1,8374,8374.000,0,0,0,0,6.083
decode,real,5361,7251574333037874747,0,0,0,0,1,1,8375,8375.000,0,0,0,0,6.085
decode,real,5362,7251574333037874747,0,0,0,0,1,1,8376,8376.000,0,0,0,0,6.083
decode,real,5363,7251574333037874747,0,0,0,0,1,1,8377,8377.000,0,0,0,0,6.084
decode,real,5364,7251574333037874747,0,0,0,0,1,1,8378,8378.000,0,0,0,0,6.089
decode,real,5365,7251574333037874747,0,0,0,0,1,1,8379,8379.000,0,0,0,0,6.062
decode,real,5366,7251574333037874747,0,0,0,0,1,1,8380,8380.000,0,0,0,0,6.078
decode,real,5367,7251574333037874747,0,0,0,0,1,1,8381,8381.000,0,0,0,0,6.082
decode,real,5368,7251574333037874747,0,0,0,0,1,1,8382,8382.000,0,0,0,0,6.117
decode,real,5369,7251574333037874747,0,0,0,0,1,1,8383,8383.000,0,0,0,0,6.064
decode,real,5370,7251574333037874747,0,0,0,0,1,1,8384,8384.000,0,0,0,0,6.091
decode,real,5371,7251574333037874747,0,0,0,0,1,1,8385,8385.000,0,0,0,0,6.068
decode,real,5372,7251574333037874747,0,0,0,0,1,1,8386,8386.000,0,0,0,0,6.084
decode,real,5373,7251574333037874747,0,0,0,0,1,1,8387,8387.000,0,0,0,0,6.083
decode,real,5374,7251574333037874747,0,0,0,0,1,1,8388,8388.000,0,0,0,0,6.081
decode,real,5375,7251574333037874747,0,0,0,0,1,1,8389,8389.000,0,0,0,0,6.080
decode,real,5376,7251574333037874747,0,0,0,0,1,1,8390,8390.000,0,0,0,0,6.100
decode,real,5377,7251574333037874747,0,0,0,0,1,1,8391,8391.000,0,0,0,0,6.077
decode,real,5378,7251574333037874747,0,0,0,0,1,1,8392,8392.000,0,0,0,0,6.098
decode,real,5379,7251574333037874747,0,0,0,0,1,1,8393,8393.000,0,0,0,0,6.076
decode,real,5380,7251574333037874747,0,0,0,0,1,1,8394,8394.000,0,0,0,0,6.072
decode,real,5381,7251574333037874747,0,0,0,0,1,1,8395,8395.000,0,0,0,0,6.108
decode,real,5382,7251574333037874747,0,0,0,0,1,1,8396,8396.000,0,0,0,0,6.080
decode,real,5383,7251574333037874747,0,0,0,0,1,1,8397,8397.000,0,0,0,0,6.087
decode,real,5384,7251574333037874747,0,0,0,0,1,1,8398,8398.000,0,0,0,0,6.094
decode,real,5385,7251574333037874747,0,0,0,0,1,1,8399,8399.000,0,0,0,0,6.080
decode,real,5386,7251574333037874747,0,0,0,0,1,1,8400,8400.000,0,0,0,0,6.074
decode,real,5387,7251574333037874747,0,0,0,0,1,1,8401,8401.000,0,0,0,0,6.086
decode,real,5388,7251574333037874747,0,0,0,0,1,1,8402,8402.000,0,0,0,0,6.089
decode,real,5389,7251574333037874747,0,0,0,0,1,1,8403,8403.000,0,0,0,0,6.102
decode,real,5390,7251574333037874747,0,0,0,0,1,1,8404,8404.000,0,0,0,0,6.085
decode,real,5391,7251574333037874747,0,0,0,0,1,1,8405,8405.000,0,0,0,0,6.104
decode,real,5392,7251574333037874747,0,0,0,0,1,1,8406,8406.000,0,0,0,0,6.073
decode,real,5393,7251574333037874747,0,0,0,0,1,1,8407,8407.000,0,0,0,0,6.090
decode,real,5394,7251574333037874747,0,0,0,0,1,1,8408,8408.000,0,0,0,0,6.069
decode,real,5395,7251574333037874747,0,0,0,0,1,1,8409,8409.000,0,0,0,0,6.090
decode,real,5396,7251574333037874747,0,0,0,0,1,1,8410,8410.000,0,0,0,0,6.081
decode,real,5397,7251574333037874747,0,0,0,0,1,1,8411,8411.000,0,0,0,0,6.087
decode,real,5398,7251574333037874747,0,0,0,0,1,1,8412,8412.000,0,0,0,0,6.102
decode,real,5399,7251574333037874747,0,0,0,0,1,1,8413,8413.000,0,0,0,0,6.083
decode,real,5400,7251574333037874747,0,0,0,0,1,1,8414,8414.000,0,0,0,0,6.092
decode,real,5401,7251574333037874747,0,0,0,0,1,1,8415,8415.000,0,0,0,0,6.078
decode,real,5402,7251574333037874747,0,0,0,0,1,1,8416,8416.000,0,0,0,0,6.088
decode,real,5403,7251574333037874747,0,0,0,0,1,1,8417,8417.000,0,0,0,0,6.090
decode,real,5404,7251574333037874747,0,0,0,0,1,1,8418,8418.000,0,0,0,0,6.093
decode,real,5405,7251574333037874747,0,0,0,0,1,1,8419,8419.000,0,0,0,0,6.084
decode,real,5406,7251574333037874747,0,0,0,0,1,1,8420,8420.000,0,0,0,0,6.076
decode,real,5407,7251574333037874747,0,0,0,0,1,1,8421,8421.000,0,0,0,0,6.069
decode,real,5408,7251574333037874747,0,0,0,0,1,1,8422,8422.000,0,0,0,0,6.124
decode,real,5409,7251574333037874747,0,0,0,0,1,1,8423,8423.000,0,0,0,0,6.089
decode,real,5410,7251574333037874747,0,0,0,0,1,1,8424,8424.000,0,0,0,0,6.067
decode,real,5411,7251574333037874747,0,0,0,0,1,1,8425,8425.000,0,0,0,0,6.082
decode,real,5412,7251574333037874747,0,0,0,0,1,1,8426,8426.000,0,0,0,0,6.091
decode,real,5413,7251574333037874747,0,0,0,0,1,1,8427,8427.000,0,0,0,0,6.098
decode,real,5414,7251574333037874747,0,0,0,0,1,1,8428,8428.000,0,0,0,0,6.065
decode,real,5415,7251574333037874747,0,0,0,0,1,1,8429,8429.000,0,0,0,0,6.101
decode,real,5416,7251574333037874747,0,0,0,0,1,1,8430,8430.000,0,0,0,0,6.090
decode,real,5417,7251574333037874747,0,0,0,0,1,1,8431,8431.000,0,0,0,0,6.079
decode,real,5418,7251574333037874747,0,0,0,0,1,1,8432,8432.000,0,0,0,0,6.079
decode,real,5419,7251574333037874747,0,0,0,0,1,1,8433,8433.000,0,0,0,0,6.108
decode,real,5420,7251574333037874747,0,0,0,0,1,1,8434,8434.000,0,0,0,0,6.086
decode,real,5421,7251574333037874747,0,0,0,0,1,1,8435,8435.000,0,0,0,0,6.079
decode,real,5422,7251574333037874747,0,0,0,0,1,1,8436,8436.000,0,0,0,0,6.068
decode,real,5423,7251574333037874747,0,0,0,0,1,1,8437,8437.000,0,0,0,0,6.110
decode,real,5424,7251574333037874747,0,0,0,0,1,1,8438,8438.000,0,0,0,0,6.082
decode,real,5425,7251574333037874747,0,0,0,0,1,1,8439,8439.000,0,0,0,0,6.094
decode,real,5426,7251574333037874747,0,0,0,0,1,1,8440,8440.000,0,0,0,0,6.078
decode,real,5427,7251574333037874747,0,0,0,0,1,1,8441,8441.000,0,0,0,0,6.095
decode,real,5428,7251574333037874747,0,0,0,0,1,1,8442,8442.000,0,0,0,0,6.090
decode,real,5429,7251574333037874747,0,0,0,0,1,1,8443,8443.000,0,0,0,0,6.071
decode,real,5430,7251574333037874747,0,0,0,0,1,1,8444,8444.000,0,0,0,0,6.087
decode,real,5431,7251574333037874747,0,0,0,0,1,1,8445,8445.000,0,0,0,0,6.119
decode,real,5432,7251574333037874747,0,0,0,0,1,1,8446,8446.000,0,0,0,0,6.077
decode,real,5433,7251574333037874747,0,0,0,0,1,1,8447,8447.000,0,0,0,0,6.083
decode,real,5434,7251574333037874747,0,0,0,0,1,1,8448,8448.000,0,0,0,0,6.095
decode,real,5435,7251574333037874747,0,0,0,0,1,1,8449,8449.000,0,0,0,0,6.107
decode,real,5436,7251574333037874747,0,0,0,0,1,1,8450,8450.000,0,0,0,0,6.110
decode,real,5437,7251574333037874747,0,0,0,0,1,1,8451,8451.000,0,0,0,0,6.113
decode,real,5438,7251574333037874747,0,0,0,0,1,1,8452,8452.000,0,0,0,0,6.109
decode,real,5439,7251574333037874747,0,0,0,0,1,1,8453,8453.000,0,0,0,0,6.097
decode,real,5440,7251574333037874747,0,0,0,0,1,1,8454,8454.000,0,0,0,0,6.114
decode,real,5441,7251574333037874747,0,0,0,0,1,1,8455,8455.000,0,0,0,0,6.092
decode,real,5442,7251574333037874747,0,0,0,0,1,1,8456,8456.000,0,0,0,0,6.105
decode,real,5443,7251574333037874747,0,0,0,0,1,1,8457,8457.000,0,0,0,0,6.114
decode,real,5444,7251574333037874747,0,0,0,0,1,1,8458,8458.000,0,0,0,0,6.122
decode,real,5445,7251574333037874747,0,0,0,0,1,1,8459,8459.000,0,0,0,0,6.090
decode,real,5446,7251574333037874747,0,0,0,0,1,1,8460,8460.000,0,0,0,0,6.116
decode,real,5447,7251574333037874747,0,0,0,0,1,1,8461,8461.000,0,0,0,0,6.106
decode,real,5448,7251574333037874747,0,0,0,0,1,1,8462,8462.000,0,0,0,0,6.106
decode,real,5449,7251574333037874747,0,0,0,0,1,1,8463,8463.000,0,0,0,0,6.111
decode,real,5450,7251574333037874747,0,0,0,0,1,1,8464,8464.000,0,0,0,0,6.105
decode,real,5451,7251574333037874747,0,0,0,0,1,1,8465,8465.000,0,0,0,0,6.119
decode,real,5452,7251574333037874747,0,0,0,0,1,1,8466,8466.000,0,0,0,0,6.079
decode,real,5453,7251574333037874747,0,0,0,0,1,1,8467,8467.000,0,0,0,0,6.100
decode,real,5454,7251574333037874747,0,0,0,0,1,1,8468,8468.000,0,0,0,0,6.134
decode,real,5455,7251574333037874747,0,0,0,0,1,1,8469,8469.000,0,0,0,0,6.120
decode,real,5456,7251574333037874747,0,0,0,0,1,1,8470,8470.000,0,0,0,0,6.089
decode,real,5457,7251574333037874747,0,0,0,0,1,1,8471,8471.000,0,0,0,0,6.104
decode,real,5458,7251574333037874747,0,0,0,0,1,1,8472,8472.000,0,0,0,0,6.097
decode,real,5459,7251574333037874747,0,0,0,0,1,1,8473,8473.000,0,0,0,0,6.114
decode,real,5460,7251574333037874747,0,0,0,0,1,1,8474,8474.000,0,0,0,0,6.101
decode,real,5461,7251574333037874747,0,0,0,0,1,1,8475,8475.000,0,0,0,0,6.124
decode,real,5462,7251574333037874747,0,0,0,0,1,1,8476,8476.000,0,0,0,0,6.096
decode,real,5463,7251574333037874747,0,0,0,0,1,1,8477,8477.000,0,0,0,0,6.121
decode,real,5464,7251574333037874747,0,0,0,0,1,1,8478,8478.000,0,0,0,0,6.101
decode,real,5465,7251574333037874747,0,0,0,0,1,1,8479,8479.000,0,0,0,0,6.110
decode,real,5466,7251574333037874747,0,0,0,0,1,1,8480,8480.000,0,0,0,0,6.095
decode,real,5467,7251574333037874747,0,0,0,0,1,1,8481,8481.000,0,0,0,0,6.112
decode,real,5468,7251574333037874747,0,0,0,0,1,1,8482,8482.000,0,0,0,0,6.094
decode,real,5469,7251574333037874747,0,0,0,0,1,1,8483,8483.000,0,0,0,0,6.107
decode,real,5470,7251574333037874747,0,0,0,0,1,1,8484,8484.000,0,0,0,0,6.105
decode,real,5471,7251574333037874747,0,0,0,0,1,1,8485,8485.000,0,0,0,0,6.088
decode,real,5472,7251574333037874747,0,0,0,0,1,1,8486,8486.000,0,0,0,0,6.133
decode,real,5473,7251574333037874747,0,0,0,0,1,1,8487,8487.000,0,0,0,0,6.099
decode,real,5474,7251574333037874747,0,0,0,0,1,1,8488,8488.000,0,0,0,0,6.095
decode,real,5475,7251574333037874747,0,0,0,0,1,1,8489,8489.000,0,0,0,0,6.127
decode,real,5476,7251574333037874747,0,0,0,0,1,1,8490,8490.000,0,0,0,0,6.088
decode,real,5477,7251574333037874747,0,0,0,0,1,1,8491,8491.000,0,0,0,0,6.102
decode,real,5478,7251574333037874747,0,0,0,0,1,1,8492,8492.000,0,0,0,0,6.105
decode,real,5479,7251574333037874747,0,0,0,0,1,1,8493,8493.000,0,0,0,0,6.106
decode,real,5480,7251574333037874747,0,0,0,0,1,1,8494,8494.000,0,0,0,0,6.116
decode,real,5481,7251574333037874747,0,0,0,0,1,1,8495,8495.000,0,0,0,0,6.085
decode,real,5482,7251574333037874747,0,0,0,0,1,1,8496,8496.000,0,0,0,0,6.130
decode,real,5483,7251574333037874747,0,0,0,0,1,1,8497,8497.000,0,0,0,0,6.096
decode,real,5484,7251574333037874747,0,0,0,0,1,1,8498,8498.000,0,0,0,0,6.134
decode,real,5485,7251574333037874747,0,0,0,0,1,1,8499,8499.000,0,0,0,0,6.098
decode,real,5486,7251574333037874747,0,0,0,0,1,1,8500,8500.000,0,0,0,0,6.086
decode,real,5487,7251574333037874747,0,0,0,0,1,1,8501,8501.000,0,0,0,0,6.125
decode,real,5488,7251574333037874747,0,0,0,0,1,1,8502,8502.000,0,0,0,0,6.090
decode,real,5489,7251574333037874747,0,0,0,0,1,1,8503,8503.000,0,0,0,0,6.095
decode,real,5490,7251574333037874747,0,0,0,0,1,1,8504,8504.000,0,0,0,0,6.125
decode,real,5491,7251574333037874747,0,0,0,0,1,1,8505,8505.000,0,0,0,0,6.105
decode,real,5492,7251574333037874747,0,0,0,0,1,1,8506,8506.000,0,0,0,0,6.101
decode,real,5493,7251574333037874747,0,0,0,0,1,1,8507,8507.000,0,0,0,0,6.142
decode,real,5494,7251574333037874747,0,0,0,0,1,1,8508,8508.000,0,0,0,0,6.099
decode,real,5495,7251574333037874747,0,0,0,0,1,1,8509,8509.000,0,0,0,0,6.114
decode,real,5496,7251574333037874747,0,0,0,0,1,1,8510,8510.000,0,0,0,0,6.104
decode,real,5497,7251574333037874747,0,0,0,0,1,1,8511,8511.000,0,0,0,0,6.102
decode,real,5498,7251574333037874747,0,0,0,0,1,1,8512,8512.000,0,0,0,0,6.105
decode,real,5499,7251574333037874747,0,0,0,0,1,1,8513,8513.000,0,0,0,0,6.100
decode,real,5500,7251574333037874747,0,0,0,0,1,1,8514,8514.000,0,0,0,0,6.127
decode,real,5501,7251574333037874747,0,0,0,0,1,1,8515,8515.000,0,0,0,0,6.128
decode,real,5502,7251574333037874747,0,0,0,0,1,1,8516,8516.000,0,0,0,0,6.070
decode,real,5503,7251574333037874747,0,0,0,0,1,1,8517,8517.000,0,0,0,0,6.123
decode,real,5504,7251574333037874747,0,0,0,0,1,1,8518,8518.000,0,0,0,0,6.112
decode,real,5505,7251574333037874747,0,0,0,0,1,1,8519,8519.000,0,0,0,0,6.117
decode,real,5506,7251574333037874747,0,0,0,0,1,1,8520,8520.000,0,0,0,0,6.090
decode,real,5507,7251574333037874747,0,0,0,0,1,1,8521,8521.000,0,0,0,0,6.100
decode,real,5508,7251574333037874747,0,0,0,0,1,1,8522,8522.000,0,0,0,0,6.114
decode,real,5509,7251574333037874747,0,0,0,0,1,1,8523,8523.000,0,0,0,0,6.103
decode,real,5510,7251574333037874747,0,0,0,0,1,1,8524,8524.000,0,0,0,0,6.105
decode,real,5511,7251574333037874747,0,0,0,0,1,1,8525,8525.000,0,0,0,0,6.106
decode,real,5512,7251574333037874747,0,0,0,0,1,1,8526,8526.000,0,0,0,0,6.136
decode,real,5513,7251574333037874747,0,0,0,0,1,1,8527,8527.000,0,0,0,0,6.076
decode,real,5514,7251574333037874747,0,0,0,0,1,1,8528,8528.000,0,0,0,0,6.110
decode,real,5515,7251574333037874747,0,0,0,0,1,1,8529,8529.000,0,0,0,0,6.125
decode,real,5516,7251574333037874747,0,0,0,0,1,1,8530,8530.000,0,0,0,0,6.076
decode,real,5517,7251574333037874747,0,0,0,0,1,1,8531,8531.000,0,0,0,0,6.122
decode,real,5518,7251574333037874747,0,0,0,0,1,1,8532,8532.000,0,0,0,0,6.116
decode,real,5519,7251574333037874747,0,0,0,0,1,1,8533,8533.000,0,0,0,0,6.088
decode,real,5520,7251574333037874747,0,0,0,0,1,1,8534,8534.000,0,0,0,0,6.121
decode,real,5521,7251574333037874747,0,0,0,0,1,1,8535,8535.000,0,0,0,0,6.107
decode,real,5522,7251574333037874747,0,0,0,0,1,1,8536,8536.000,0,0,0,0,6.121
decode,real,5523,7251574333037874747,0,0,0,0,1,1,8537,8537.000,0,0,0,0,6.067
decode,real,5524,7251574333037874747,0,0,0,0,1,1,8538,8538.000,0,0,0,0,6.101
decode,real,5525,7251574333037874747,0,0,0,0,1,1,8539,8539.000,0,0,0,0,6.146
decode,real,5526,7251574333037874747,0,0,0,0,1,1,8540,8540.000,0,0,0,0,6.087
decode,real,5527,7251574333037874747,0,0,0,0,1,1,8541,8541.000,0,0,0,0,6.096
decode,real,5528,7251574333037874747,0,0,0,0,1,1,8542,8542.000,0,0,0,0,6.118
decode,real,5529,7251574333037874747,0,0,0,0,1,1,8543,8543.000,0,0,0,0,6.103
decode,real,5530,7251574333037874747,0,0,0,0,1,1,8544,8544.000,0,0,0,0,6.101
decode,real,5531,7251574333037874747,0,0,0,0,1,1,8545,8545.000,0,0,0,0,6.096
decode,real,5532,7251574333037874747,0,0,0,0,1,1,8546,8546.000,0,0,0,0,6.094
decode,real,5533,7251574333037874747,0,0,0,0,1,1,8547,8547.000,0,0,0,0,6.125
decode,real,5534,7251574333037874747,0,0,0,0,1,1,8548,8548.000,0,0,0,0,6.075
decode,real,5535,7251574333037874747,0,0,0,0,1,1,8549,8549.000,0,0,0,0,6.128
decode,real,5536,7251574333037874747,0,0,0,0,1,1,8550,8550.000,0,0,0,0,6.092
decode,real,5537,7251574333037874747,0,0,0,0,1,1,8551,8551.000,0,0,0,0,6.101
decode,real,5538,7251574333037874747,0,0,0,0,1,1,8552,8552.000,0,0,0,0,6.133
decode,real,5539,7251574333037874747,0,0,0,0,1,1,8553,8553.000,0,0,0,0,6.107
decode,real,5540,7251574333037874747,0,0,0,0,1,1,8554,8554.000,0,0,0,0,6.102
decode,real,5541,7251574333037874747,0,0,0,0,1,1,8555,8555.000,0,0,0,0,6.105
decode,real,5542,7251574333037874747,0,0,0,0,1,1,8556,8556.000,0,0,0,0,6.086
decode,real,5543,7251574333037874747,0,0,0,0,1,1,8557,8557.000,0,0,0,0,6.113
decode,real,5544,7251574333037874747,0,0,0,0,1,1,8558,8558.000,0,0,0,0,6.118
decode,real,5545,7251574333037874747,0,0,0,0,1,1,8559,8559.000,0,0,0,0,6.100
decode,real,5546,7251574333037874747,0,0,0,0,1,1,8560,8560.000,0,0,0,0,6.104
decode,real,5547,7251574333037874747,0,0,0,0,1,1,8561,8561.000,0,0,0,0,6.114
decode,real,5548,7251574333037874747,0,0,0,0,1,1,8562,8562.000,0,0,0,0,6.094
decode,real,5549,7251574333037874747,0,0,0,0,1,1,8563,8563.000,0,0,0,0,6.111
decode,real,5550,7251574333037874747,0,0,0,0,1,1,8564,8564.000,0,0,0,0,6.118
decode,real,5551,7251574333037874747,0,0,0,0,1,1,8565,8565.000,0,0,0,0,6.113
decode,real,5552,7251574333037874747,0,0,0,0,1,1,8566,8566.000,0,0,0,0,6.087
decode,real,5553,7251574333037874747,0,0,0,0,1,1,8567,8567.000,0,0,0,0,6.115
decode,real,5554,7251574333037874747,0,0,0,0,1,1,8568,8568.000,0,0,0,0,6.111
decode,real,5555,7251574333037874747,0,0,0,0,1,1,8569,8569.000,0,0,0,0,6.108
decode,real,5556,7251574333037874747,0,0,0,0,1,1,8570,8570.000,0,0,0,0,6.107
decode,real,5557,7251574333037874747,0,0,0,0,1,1,8571,8571.000,0,0,0,0,6.085
decode,real,5558,7251574333037874747,0,0,0,0,1,1,8572,8572.000,0,0,0,0,6.138
decode,real,5559,7251574333037874747,0,0,0,0,1,1,8573,8573.000,0,0,0,0,6.094
decode,real,5560,7251574333037874747,0,0,0,0,1,1,8574,8574.000,0,0,0,0,6.124
decode,real,5561,7251574333037874747,0,0,0,0,1,1,8575,8575.000,0,0,0,0,6.084
decode,real,5562,7251574333037874747,0,0,0,0,1,1,8576,8576.000,0,0,0,0,6.096
decode,real,5563,7251574333037874747,0,0,0,0,1,1,8577,8577.000,0,0,0,0,6.104
decode,real,5564,7251574333037874747,0,0,0,0,1,1,8578,8578.000,0,0,0,0,6.097
decode,real,5565,7251574333037874747,0,0,0,0,1,1,8579,8579.000,0,0,0,0,6.116
decode,real,5566,7251574333037874747,0,0,0,0,1,1,8580,8580.000,0,0,0,0,6.115
decode,real,5567,7251574333037874747,0,0,0,0,1,1,8581,8581.000,0,0,0,0,6.108
decode,real,5568,7251574333037874747,0,0,0,0,1,1,8582,8582.000,0,0,0,0,6.104
decode,real,5569,7251574333037874747,0,0,0,0,1,1,8583,8583.000,0,0,0,0,6.113
decode,real,5570,7251574333037874747,0,0,0,0,1,1,8584,8584.000,0,0,0,0,6.107
decode,real,5571,7251574333037874747,0,0,0,0,1,1,8585,8585.000,0,0,0,0,6.113
decode,real,5572,7251574333037874747,0,0,0,0,1,1,8586,8586.000,0,0,0,0,6.092
decode,real,5573,7251574333037874747,0,0,0,0,1,1,8587,8587.000,0,0,0,0,6.111
decode,real,5574,7251574333037874747,0,0,0,0,1,1,8588,8588.000,0,0,0,0,6.105
decode,real,5575,7251574333037874747,0,0,0,0,1,1,8589,8589.000,0,0,0,0,6.117
decode,real,5576,7251574333037874747,0,0,0,0,1,1,8590,8590.000,0,0,0,0,6.128
decode,real,5577,7251574333037874747,0,0,0,0,1,1,8591,8591.000,0,0,0,0,6.105
decode,real,5578,7251574333037874747,0,0,0,0,1,1,8592,8592.000,0,0,0,0,6.085
decode,real,5579,7251574333037874747,0,0,0,0,1,1,8593,8593.000,0,0,0,0,6.104
decode,real,5580,7251574333037874747,0,0,0,0,1,1,8594,8594.000,0,0,0,0,6.130
decode,real,5581,7251574333037874747,0,0,0,0,1,1,8595,8595.000,0,0,0,0,6.118
decode,real,5582,7251574333037874747,0,0,0,0,1,1,8596,8596.000,0,0,0,0,6.113
decode,real,5583,7251574333037874747,0,0,0,0,1,1,8597,8597.000,0,0,0,0,6.100
decode,real,5584,7251574333037874747,0,0,0,0,1,1,8598,8598.000,0,0,0,0,6.095
decode,real,5585,7251574333037874747,0,0,0,0,1,1,8599,8599.000,0,0,0,0,6.110
decode,real,5586,7251574333037874747,0,0,0,0,1,1,8600,8600.000,0,0,0,0,6.118
decode,real,5587,7251574333037874747,0,0,0,0,1,1,8601,8601.000,0,0,0,0,6.101
decode,real,5588,7251574333037874747,0,0,0,0,1,1,8602,8602.000,0,0,0,0,6.126
decode,real,5589,7251574333037874747,0,0,0,0,1,1,8603,8603.000,0,0,0,0,6.098
decode,real,5590,7251574333037874747,0,0,0,0,1,1,8604,8604.000,0,0,0,0,6.115
decode,real,5591,7251574333037874747,0,0,0,0,1,1,8605,8605.000,0,0,0,0,6.094
decode,real,5592,7251574333037874747,0,0,0,0,1,1,8606,8606.000,0,0,0,0,6.136
decode,real,5593,7251574333037874747,0,0,0,0,1,1,8607,8607.000,0,0,0,0,6.107
decode,real,5594,7251574333037874747,0,0,0,0,1,1,8608,8608.000,0,0,0,0,6.089
decode,real,5595,7251574333037874747,0,0,0,0,1,1,8609,8609.000,0,0,0,0,6.101
decode,real,5596,7251574333037874747,0,0,0,0,1,1,8610,8610.000,0,0,0,0,6.118
decode,real,5597,7251574333037874747,0,0,0,0,1,1,8611,8611.000,0,0,0,0,6.124
decode,real,5598,7251574333037874747,0,0,0,0,1,1,8612,8612.000,0,0,0,0,6.103
decode,real,5599,7251574333037874747,0,0,0,0,1,1,8613,8613.000,0,0,0,0,6.117
decode,real,5600,7251574333037874747,0,0,0,0,1,1,8614,8614.000,0,0,0,0,6.105
decode,real,5601,7251574333037874747,0,0,0,0,1,1,8615,8615.000,0,0,0,0,6.103
decode,real,5602,7251574333037874747,0,0,0,0,1,1,8616,8616.000,0,0,0,0,6.120
decode,real,5603,7251574333037874747,0,0,0,0,1,1,8617,8617.000,0,0,0,0,6.095
decode,real,5604,7251574333037874747,0,0,0,0,1,1,8618,8618.000,0,0,0,0,6.128
decode,real,5605,7251574333037874747,0,0,0,0,1,1,8619,8619.000,0,0,0,0,6.099
decode,real,5606,7251574333037874747,0,0,0,0,1,1,8620,8620.000,0,0,0,0,6.104
decode,real,5607,7251574333037874747,0,0,0,0,1,1,8621,8621.000,0,0,0,0,6.106
decode,real,5608,7251574333037874747,0,0,0,0,1,1,8622,8622.000,0,0,0,0,6.136
decode,real,5609,7251574333037874747,0,0,0,0,1,1,8623,8623.000,0,0,0,0,6.095
decode,real,5610,7251574333037874747,0,0,0,0,1,1,8624,8624.000,0,0,0,0,6.099
decode,real,5611,7251574333037874747,0,0,0,0,1,1,8625,8625.000,0,0,0,0,6.116
decode,real,5612,7251574333037874747,0,0,0,0,1,1,8626,8626.000,0,0,0,0,6.092
decode,real,5613,7251574333037874747,0,0,0,0,1,1,8627,8627.000,0,0,0,0,6.123
decode,real,5614,7251574333037874747,0,0,0,0,1,1,8628,8628.000,0,0,0,0,6.118
decode,real,5615,7251574333037874747,0,0,0,0,1,1,8629,8629.000,0,0,0,0,6.131
decode,real,5616,7251574333037874747,0,0,0,0,1,1,8630,8630.000,0,0,0,0,6.072
decode,real,5617,7251574333037874747,0,0,0,0,1,1,8631,8631.000,0,0,0,0,6.124
decode,real,5618,7251574333037874747,0,0,0,0,1,1,8632,8632.000,0,0,0,0,6.122
decode,real,5619,7251574333037874747,0,0,0,0,1,1,8633,8633.000,0,0,0,0,6.097
decode,real,5620,7251574333037874747,0,0,0,0,1,1,8634,8634.000,0,0,0,0,6.117
decode,real,5621,7251574333037874747,0,0,0,0,1,1,8635,8635.000,0,0,0,0,6.093
decode,real,5622,7251574333037874747,0,0,0,0,1,1,8636,8636.000,0,0,0,0,6.123
decode,real,5623,7251574333037874747,0,0,0,0,1,1,8637,8637.000,0,0,0,0,6.116
decode,real,5624,7251574333037874747,0,0,0,0,1,1,8638,8638.000,0,0,0,0,6.132
decode,real,5625,7251574333037874747,0,0,0,0,1,1,8639,8639.000,0,0,0,0,6.067
decode,real,5626,7251574333037874747,0,0,0,0,1,1,8640,8640.000,0,0,0,0,6.110
decode,real,5627,7251574333037874747,0,0,0,0,1,1,8641,8641.000,0,0,0,0,6.148
decode,real,5628,7251574333037874747,0,0,0,0,1,1,8642,8642.000,0,0,0,0,6.074
decode,real,5629,7251574333037874747,0,0,0,0,1,1,8643,8643.000,0,0,0,0,6.097
decode,real,5630,7251574333037874747,0,0,0,0,1,1,8644,8644.000,0,0,0,0,6.116
decode,real,5631,7251574333037874747,0,0,0,0,1,1,8645,8645.000,0,0,0,0,6.115
decode,real,5632,7251574333037874747,0,0,0,0,1,1,8646,8646.000,0,0,0,0,6.112
decode,real,5633,7251574333037874747,0,0,0,0,1,1,8647,8647.000,0,0,0,0,6.129
decode,real,5634,7251574333037874747,0,0,0,0,1,1,8648,8648.000,0,0,0,0,6.109
decode,real,5635,7251574333037874747,0,0,0,0,1,1,8649,8649.000,0,0,0,0,6.096
decode,real,5636,7251574333037874747,0,0,0,0,1,1,8650,8650.000,0,0,0,0,6.109
decode,real,5637,7251574333037874747,0,0,0,0,1,1,8651,8651.000,0,0,0,0,6.121
decode,real,5638,7251574333037874747,0,0,0,0,1,1,8652,8652.000,0,0,0,0,6.099
decode,real,5639,7251574333037874747,0,0,0,0,1,1,8653,8653.000,0,0,0,0,6.106
decode,real,5640,7251574333037874747,0,0,0,0,1,1,8654,8654.000,0,0,0,0,6.137
decode,real,5641,7251574333037874747,0,0,0,0,1,1,8655,8655.000,0,0,0,0,6.171
decode,real,5642,7251574333037874747,0,0,0,0,1,1,8656,8656.000,0,0,0,0,6.043
decode,real,5643,7251574333037874747,0,0,0,0,1,1,8657,8657.000,0,0,0,0,6.091
decode,real,5644,7251574333037874747,0,0,0,0,1,1,8658,8658.000,0,0,0,0,6.123
decode,real,5645,7251574333037874747,0,0,0,0,1,1,8659,8659.000,0,0,0,0,6.085
decode,real,5646,7251574333037874747,0,0,0,0,1,1,8660,8660.000,0,0,0,0,6.111
decode,real,5647,7251574333037874747,0,0,0,0,1,1,8661,8661.000,0,0,0,0,6.118
decode,real,5648,7251574333037874747,0,0,0,0,1,1,8662,8662.000,0,0,0,0,6.102
decode,real,5649,7251574333037874747,0,0,0,0,1,1,8663,8663.000,0,0,0,0,6.121
decode,real,5650,7251574333037874747,0,0,0,0,1,1,8664,8664.000,0,0,0,0,6.108
decode,real,5651,7251574333037874747,0,0,0,0,1,1,8665,8665.000,0,0,0,0,6.112
decode,real,5652,7251574333037874747,0,0,0,0,1,1,8666,8666.000,0,0,0,0,6.107
decode,real,5653,7251574333037874747,0,0,0,0,1,1,8667,8667.000,0,0,0,0,6.092
decode,real,5654,7251574333037874747,0,0,0,0,1,1,8668,8668.000,0,0,0,0,6.117
decode,real,5655,7251574333037874747,0,0,0,0,1,1,8669,8669.000,0,0,0,0,6.103
decode,real,5656,7251574333037874747,0,0,0,0,1,1,8670,8670.000,0,0,0,0,6.141
decode,real,5657,7251574333037874747,0,0,0,0,1,1,8671,8671.000,0,0,0,0,6.089
decode,real,5658,7251574333037874747,0,0,0,0,1,1,8672,8672.000,0,0,0,0,6.099
decode,real,5659,7251574333037874747,0,0,0,0,1,1,8673,8673.000,0,0,0,0,6.090
decode,real,5660,7251574333037874747,0,0,0,0,1,1,8674,8674.000,0,0,0,0,6.118
decode,real,5661,7251574333037874747,0,0,0,0,1,1,8675,8675.000,0,0,0,0,6.114
decode,real,5662,7251574333037874747,0,0,0,0,1,1,8676,8676.000,0,0,0,0,6.118
decode,real,5663,7251574333037874747,0,0,0,0,1,1,8677,8677.000,0,0,0,0,6.103
decode,real,5664,7251574333037874747,0,0,0,0,1,1,8678,8678.000,0,0,0,0,6.111
decode,real,5665,7251574333037874747,0,0,0,0,1,1,8679,8679.000,0,0,0,0,6.107
decode,real,5666,7251574333037874747,0,0,0,0,1,1,8680,8680.000,0,0,0,0,6.122
decode,real,5667,7251574333037874747,0,0,0,0,1,1,8681,8681.000,0,0,0,0,6.100
decode,real,5668,7251574333037874747,0,0,0,0,1,1,8682,8682.000,0,0,0,0,6.096
decode,real,5669,7251574333037874747,0,0,0,0,1,1,8683,8683.000,0,0,0,0,6.161
decode,real,5670,7251574333037874747,0,0,0,0,1,1,8684,8684.000,0,0,0,0,6.066
decode,real,5671,7251574333037874747,0,0,0,0,1,1,8685,8685.000,0,0,0,0,6.123
decode,real,5672,7251574333037874747,0,0,0,0,1,1,8686,8686.000,0,0,0,0,6.130
decode,real,5673,7251574333037874747,0,0,0,0,1,1,8687,8687.000,0,0,0,0,6.075
decode,real,5674,7251574333037874747,0,0,0,0,1,1,8688,8688.000,0,0,0,0,6.114
decode,real,5675,7251574333037874747,0,0,0,0,1,1,8689,8689.000,0,0,0,0,6.122
decode,real,5676,7251574333037874747,0,0,0,0,1,1,8690,8690.000,0,0,0,0,6.112
decode,real,5677,7251574333037874747,0,0,0,0,1,1,8691,8691.000,0,0,0,0,6.101
decode,real,5678,7251574333037874747,0,0,0,0,1,1,8692,8692.000,0,0,0,0,6.102
decode,real,5679,7251574333037874747,0,0,0,0,1,1,8693,8693.000,0,0,0,0,6.115
decode,real,5680,7251574333037874747,0,0,0,0,1,1,8694,8694.000,0,0,0,0,6.095
decode,real,5681,7251574333037874747,0,0,0,0,1,1,8695,8695.000,0,0,0,0,6.112
decode,real,5682,7251574333037874747,0,0,0,0,1,1,8696,8696.000,0,0,0,0,6.129
decode,real,5683,7251574333037874747,0,0,0,0,1,1,8697,8697.000,0,0,0,0,6.117
decode,real,5684,7251574333037874747,0,0,0,0,1,1,8698,8698.000,0,0,0,0,6.106
decode,real,5685,7251574333037874747,0,0,0,0,1,1,8699,8699.000,0,0,0,0,6.095
decode,real,5686,7251574333037874747,0,0,0,0,1,1,8700,8700.000,0,0,0,0,6.121
decode,real,5687,7251574333037874747,0,0,0,0,1,1,8701,8701.000,0,0,0,0,6.104
decode,real,5688,7251574333037874747,0,0,0,0,1,1,8702,8702.000,0,0,0,0,6.140
decode,real,5689,7251574333037874747,0,0,0,0,1,1,8703,8703.000,0,0,0,0,6.090
decode,real,5690,7251574333037874747,0,0,0,0,1,1,8704,8704.000,0,0,0,0,6.097
decode,real,5691,7251574333037874747,0,0,0,0,1,1,8705,8705.000,0,0,0,0,6.107
decode,real,5692,7251574333037874747,0,0,0,0,1,1,8706,8706.000,0,0,0,0,6.134
decode,real,5693,7251574333037874747,0,0,0,0,1,1,8707,8707.000,0,0,0,0,6.088
decode,real,5694,7251574333037874747,0,0,0,0,1,1,8708,8708.000,0,0,0,0,6.129
decode,real,5695,7251574333037874747,0,0,0,0,1,1,8709,8709.000,0,0,0,0,6.094
decode,real,5696,7251574333037874747,0,0,0,0,1,1,8710,8710.000,0,0,0,0,6.107
decode,real,5697,7251574333037874747,0,0,0,0,1,1,8711,8711.000,0,0,0,0,6.097
decode,real,5698,7251574333037874747,0,0,0,0,1,1,8712,8712.000,0,0,0,0,6.126
decode,real,5699,7251574333037874747,0,0,0,0,1,1,8713,8713.000,0,0,0,0,6.093
decode,real,5700,7251574333037874747,0,0,0,0,1,1,8714,8714.000,0,0,0,0,6.117
decode,real,5701,7251574333037874747,0,0,0,0,1,1,8715,8715.000,0,0,0,0,6.125
decode,real,5702,7251574333037874747,0,0,0,0,1,1,8716,8716.000,0,0,0,0,6.098
decode,real,5703,7251574333037874747,0,0,0,0,1,1,8717,8717.000,0,0,0,0,6.111
decode,real,5704,7251574333037874747,0,0,0,0,1,1,8718,8718.000,0,0,0,0,6.111
decode,real,5705,7251574333037874747,0,0,0,0,1,1,8719,8719.000,0,0,0,0,6.097
decode,real,5706,7251574333037874747,0,0,0,0,1,1,8720,8720.000,0,0,0,0,6.108
decode,real,5707,7251574333037874747,0,0,0,0,1,1,8721,8721.000,0,0,0,0,6.109
decode,real,5708,7251574333037874747,0,0,0,0,1,1,8722,8722.000,0,0,0,0,6.105
decode,real,5709,7251574333037874747,0,0,0,0,1,1,8723,8723.000,0,0,0,0,6.114
decode,real,5710,7251574333037874747,0,0,0,0,1,1,8724,8724.000,0,0,0,0,6.098
decode,real,5711,7251574333037874747,0,0,0,0,1,1,8725,8725.000,0,0,0,0,6.102
decode,real,5712,7251574333037874747,0,0,0,0,1,1,8726,8726.000,0,0,0,0,6.122
decode,real,5713,7251574333037874747,0,0,0,0,1,1,8727,8727.000,0,0,0,0,6.078
decode,real,5714,7251574333037874747,0,0,0,0,1,1,8728,8728.000,0,0,0,0,6.115
decode,real,5715,7251574333037874747,0,0,0,0,1,1,8729,8729.000,0,0,0,0,6.117
decode,real,5716,7251574333037874747,0,0,0,0,1,1,8730,8730.000,0,0,0,0,6.098
decode,real,5717,7251574333037874747,0,0,0,0,1,1,8731,8731.000,0,0,0,0,6.116
decode,real,5718,7251574333037874747,0,0,0,0,1,1,8732,8732.000,0,0,0,0,6.112
decode,real,5719,7251574333037874747,0,0,0,0,1,1,8733,8733.000,0,0,0,0,6.103
decode,real,5720,7251574333037874747,0,0,0,0,1,1,8734,8734.000,0,0,0,0,6.121
decode,real,5721,7251574333037874747,0,0,0,0,1,1,8735,8735.000,0,0,0,0,6.085
decode,real,5722,7251574333037874747,0,0,0,0,1,1,8736,8736.000,0,0,0,0,6.126
decode,real,5723,7251574333037874747,0,0,0,0,1,1,8737,8737.000,0,0,0,0,6.102
decode,real,5724,7251574333037874747,0,0,0,0,1,1,8738,8738.000,0,0,0,0,6.085
decode,real,5725,7251574333037874747,0,0,0,0,1,1,8739,8739.000,0,0,0,0,6.134
decode,real,5726,7251574333037874747,0,0,0,0,1,1,8740,8740.000,0,0,0,0,6.091
decode,real,5727,7251574333037874747,0,0,0,0,1,1,8741,8741.000,0,0,0,0,6.113
decode,real,5728,7251574333037874747,0,0,0,0,1,1,8742,8742.000,0,0,0,0,6.102
decode,real,5729,7251574333037874747,0,0,0,0,1,1,8743,8743.000,0,0,0,0,6.098
decode,real,5730,7251574333037874747,0,0,0,0,1,1,8744,8744.000,0,0,0,0,6.120
decode,real,5731,7251574333037874747,0,0,0,0,1,1,8745,8745.000,0,0,0,0,6.108
decode,real,5732,7251574333037874747,0,0,0,0,1,1,8746,8746.000,0,0,0,0,6.121
decode,real,5733,7251574333037874747,0,0,0,0,1,1,8747,8747.000,0,0,0,0,6.119
decode,real,5734,7251574333037874747,0,0,0,0,1,1,8748,8748.000,0,0,0,0,6.104
decode,real,5735,7251574333037874747,0,0,0,0,1,1,8749,8749.000,0,0,0,0,6.091
decode,real,5736,7251574333037874747,0,0,0,0,1,1,8750,8750.000,0,0,0,0,6.118
decode,real,5737,7251574333037874747,0,0,0,0,1,1,8751,8751.000,0,0,0,0,6.094
decode,real,5738,7251574333037874747,0,0,0,0,1,1,8752,8752.000,0,0,0,0,6.130
decode,real,5739,7251574333037874747,0,0,0,0,1,1,8753,8753.000,0,0,0,0,6.107
decode,real,5740,7251574333037874747,0,0,0,0,1,1,8754,8754.000,0,0,0,0,6.103
decode,real,5741,7251574333037874747,0,0,0,0,1,1,8755,8755.000,0,0,0,0,6.116
decode,real,5742,7251574333037874747,0,0,0,0,1,1,8756,8756.000,0,0,0,0,6.105
decode,real,5743,7251574333037874747,0,0,0,0,1,1,8757,8757.000,0,0,0,0,6.119
decode,real,5744,7251574333037874747,0,0,0,0,1,1,8758,8758.000,0,0,0,0,6.114
decode,real,5745,7251574333037874747,0,0,0,0,1,1,8759,8759.000,0,0,0,0,6.107
decode,real,5746,7251574333037874747,0,0,0,0,1,1,8760,8760.000,0,0,0,0,6.102
decode,real,5747,7251574333037874747,0,0,0,0,1,1,8761,8761.000,0,0,0,0,6.121
decode,real,5748,7251574333037874747,0,0,0,0,1,1,8762,8762.000,0,0,0,0,6.111
decode,real,5749,7251574333037874747,0,0,0,0,1,1,8763,8763.000,0,0,0,0,6.099
decode,real,5750,7251574333037874747,0,0,0,0,1,1,8764,8764.000,0,0,0,0,6.122
decode,real,5751,7251574333037874747,0,0,0,0,1,1,8765,8765.000,0,0,0,0,6.119
decode,real,5752,7251574333037874747,0,0,0,0,1,1,8766,8766.000,0,0,0,0,6.110
decode,real,5753,7251574333037874747,0,0,0,0,1,1,8767,8767.000,0,0,0,0,6.081
decode,real,5754,7251574333037874747,0,0,0,0,1,1,8768,8768.000,0,0,0,0,6.121
decode,real,5755,7251574333037874747,0,0,0,0,1,1,8769,8769.000,0,0,0,0,6.112
decode,real,5756,7251574333037874747,0,0,0,0,1,1,8770,8770.000,0,0,0,0,6.096
decode,real,5757,7251574333037874747,0,0,0,0,1,1,8771,8771.000,0,0,0,0,6.138
decode,real,5758,7251574333037874747,0,0,0,0,1,1,8772,8772.000,0,0,0,0,6.113
decode,real,5759,7251574333037874747,0,0,0,0,1,1,8773,8773.000,0,0,0,0,6.107
decode,real,5760,7251574333037874747,0,0,0,0,1,1,8774,8774.000,0,0,0,0,6.106
decode,real,5761,7251574333037874747,0,0,0,0,1,1,8775,8775.000,0,0,0,0,6.105
decode,real,5762,7251574333037874747,0,0,0,0,1,1,8776,8776.000,0,0,0,0,6.115
decode,real,5763,7251574333037874747,0,0,0,0,1,1,8777,8777.000,0,0,0,0,6.103
decode,real,5764,7251574333037874747,0,0,0,0,1,1,8778,8778.000,0,0,0,0,6.116
decode,real,5765,7251574333037874747,0,0,0,0,1,1,8779,8779.000,0,0,0,0,6.105
decode,real,5766,7251574333037874747,0,0,0,0,1,1,8780,8780.000,0,0,0,0,6.126
decode,real,5767,7251574333037874747,0,0,0,0,1,1,8781,8781.000,0,0,0,0,6.094
decode,real,5768,7251574333037874747,0,0,0,0,1,1,8782,8782.000,0,0,0,0,6.091
decode,real,5769,7251574333037874747,0,0,0,0,1,1,8783,8783.000,0,0,0,0,6.130
decode,real,5770,7251574333037874747,0,0,0,0,1,1,8784,8784.000,0,0,0,0,6.090
decode,real,5771,7251574333037874747,0,0,0,0,1,1,8785,8785.000,0,0,0,0,6.108
decode,real,5772,7251574333037874747,0,0,0,0,1,1,8786,8786.000,0,0,0,0,6.092
decode,real,5773,7251574333037874747,0,0,0,0,1,1,8787,8787.000,0,0,0,0,6.115
decode,real,5774,7251574333037874747,0,0,0,0,1,1,8788,8788.000,0,0,0,0,6.119
decode,real,5775,7251574333037874747,0,0,0,0,1,1,8789,8789.000,0,0,0,0,6.110
decode,real,5776,7251574333037874747,0,0,0,0,1,1,8790,8790.000,0,0,0,0,6.108
decode,real,5777,7251574333037874747,0,0,0,0,1,1,8791,8791.000,0,0,0,0,6.117
decode,real,5778,7251574333037874747,0,0,0,0,1,1,8792,8792.000,0,0,0,0,6.117
decode,real,5779,7251574333037874747,0,0,0,0,1,1,8793,8793.000,0,0,0,0,6.089
decode,real,5780,7251574333037874747,0,0,0,0,1,1,8794,8794.000,0,0,0,0,6.140
decode,real,5781,7251574333037874747,0,0,0,0,1,1,8795,8795.000,0,0,0,0,6.078
decode,real,5782,7251574333037874747,0,0,0,0,1,1,8796,8796.000,0,0,0,0,6.129
decode,real,5783,7251574333037874747,0,0,0,0,1,1,8797,8797.000,0,0,0,0,6.111
decode,real,5784,7251574333037874747,0,0,0,0,1,1,8798,8798.000,0,0,0,0,6.115
decode,real,5785,7251574333037874747,0,0,0,0,1,1,8799,8799.000,0,0,0,0,6.088
decode,real,5786,7251574333037874747,0,0,0,0,1,1,8800,8800.000,0,0,0,0,6.107
decode,real,5787,7251574333037874747,0,0,0,0,1,1,8801,8801.000,0,0,0,0,6.120
decode,real,5788,7251574333037874747,0,0,0,0,1,1,8802,8802.000,0,0,0,0,6.101
decode,real,5789,7251574333037874747,0,0,0,0,1,1,8803,8803.000,0,0,0,0,6.120
decode,real,5790,7251574333037874747,0,0,0,0,1,1,8804,8804.000,0,0,0,0,6.112
decode,real,5791,7251574333037874747,0,0,0,0,1,1,8805,8805.000,0,0,0,0,6.104
decode,real,5792,7251574333037874747,0,0,0,0,1,1,8806,8806.000,0,0,0,0,6.102
decode,real,5793,7251574333037874747,0,0,0,0,1,1,8807,8807.000,0,0,0,0,6.096
decode,real,5794,7251574333037874747,0,0,0,0,1,1,8808,8808.000,0,0,0,0,6.106
decode,real,5795,7251574333037874747,0,0,0,0,1,1,8809,8809.000,0,0,0,0,6.111
decode,real,5796,7251574333037874747,0,0,0,0,1,1,8810,8810.000,0,0,0,0,6.118
decode,real,5797,7251574333037874747,0,0,0,0,1,1,8811,8811.000,0,0,0,0,6.118
decode,real,5798,7251574333037874747,0,0,0,0,1,1,8812,8812.000,0,0,0,0,6.110
decode,real,5799,7251574333037874747,0,0,0,0,1,1,8813,8813.000,0,0,0,0,6.107
decode,real,5800,7251574333037874747,0,0,0,0,1,1,8814,8814.000,0,0,0,0,6.127
decode,real,5801,7251574333037874747,0,0,0,0,1,1,8815,8815.000,0,0,0,0,6.080
decode,real,5802,7251574333037874747,0,0,0,0,1,1,8816,8816.000,0,0,0,0,6.130
decode,real,5803,7251574333037874747,0,0,0,0,1,1,8817,8817.000,0,0,0,0,6.079
decode,real,5804,7251574333037874747,0,0,0,0,1,1,8818,8818.000,0,0,0,0,6.133
decode,real,5805,7251574333037874747,0,0,0,0,1,1,8819,8819.000,0,0,0,0,6.097
decode,real,5806,7251574333037874747,0,0,0,0,1,1,8820,8820.000,0,0,0,0,6.115
decode,real,5807,7251574333037874747,0,0,0,0,1,1,8821,8821.000,0,0,0,0,6.117
decode,real,5808,7251574333037874747,0,0,0,0,1,1,8822,8822.000,0,0,0,0,6.100
decode,real,5809,7251574333037874747,0,0,0,0,1,1,8823,8823.000,0,0,0,0,6.129
decode,real,5810,7251574333037874747,0,0,0,0,1,1,8824,8824.000,0,0,0,0,6.084
decode,real,5811,7251574333037874747,0,0,0,0,1,1,8825,8825.000,0,0,0,0,6.114
decode,real,5812,7251574333037874747,0,0,0,0,1,1,8826,8826.000,0,0,0,0,6.103
decode,real,5813,7251574333037874747,0,0,0,0,1,1,8827,8827.000,0,0,0,0,6.132
decode,real,5814,7251574333037874747,0,0,0,0,1,1,8828,8828.000,0,0,0,0,6.104
decode,real,5815,7251574333037874747,0,0,0,0,1,1,8829,8829.000,0,0,0,0,6.097
decode,real,5816,7251574333037874747,0,0,0,0,1,1,8830,8830.000,0,0,0,0,6.161
decode,real,5817,7251574333037874747,0,0,0,0,1,1,8831,8831.000,0,0,0,0,6.088
decode,real,5818,7251574333037874747,0,0,0,0,1,1,8832,8832.000,0,0,0,0,6.113
decode,real,5819,7251574333037874747,0,0,0,0,1,1,8833,8833.000,0,0,0,0,6.097
decode,real,5820,7251574333037874747,0,0,0,0,1,1,8834,8834.000,0,0,0,0,6.109
decode,real,5821,7251574333037874747,0,0,0,0,1,1,8835,8835.000,0,0,0,0,6.129
decode,real,5822,7251574333037874747,0,0,0,0,1,1,8836,8836.000,0,0,0,0,6.140
decode,real,5823,7251574333037874747,0,0,0,0,1,1,8837,8837.000,0,0,0,0,6.084
decode,real,5824,7251574333037874747,0,0,0,0,1,1,8838,8838.000,0,0,0,0,6.145
decode,real,5825,7251574333037874747,0,0,0,0,1,1,8839,8839.000,0,0,0,0,6.115
decode,real,5826,7251574333037874747,0,0,0,0,1,1,8840,8840.000,0,0,0,0,6.100
decode,real,5827,7251574333037874747,0,0,0,0,1,1,8841,8841.000,0,0,0,0,6.110
decode,real,5828,7251574333037874747,0,0,0,0,1,1,8842,8842.000,0,0,0,0,6.100
decode,real,5829,7251574333037874747,0,0,0,0,1,1,8843,8843.000,0,0,0,0,6.119
decode,real,5830,7251574333037874747,0,0,0,0,1,1,8844,8844.000,0,0,0,0,6.129
decode,real,5831,7251574333037874747,0,0,0,0,1,1,8845,8845.000,0,0,0,0,6.097
decode,real,5832,7251574333037874747,0,0,0,0,1,1,8846,8846.000,0,0,0,0,6.132
decode,real,5833,7251574333037874747,0,0,0,0,1,1,8847,8847.000,0,0,0,0,6.118
decode,real,5834,7251574333037874747,0,0,0,0,1,1,8848,8848.000,0,0,0,0,6.120
decode,real,5835,7251574333037874747,0,0,0,0,1,1,8849,8849.000,0,0,0,0,6.105
decode,real,5836,7251574333037874747,0,0,0,0,1,1,8850,8850.000,0,0,0,0,6.120
decode,real,5837,7251574333037874747,0,0,0,0,1,1,8851,8851.000,0,0,0,0,6.118
decode,real,5838,7251574333037874747,0,0,0,0,1,1,8852,8852.000,0,0,0,0,6.099
decode,real,5839,7251574333037874747,0,0,0,0,1,1,8853,8853.000,0,0,0,0,6.114
decode,real,5840,7251574333037874747,0,0,0,0,1,1,8854,8854.000,0,0,0,0,6.098
decode,real,5841,7251574333037874747,0,0,0,0,1,1,8855,8855.000,0,0,0,0,6.141
decode,real,5842,7251574333037874747,0,0,0,0,1,1,8856,8856.000,0,0,0,0,6.097
decode,real,5843,7251574333037874747,0,0,0,0,1,1,8857,8857.000,0,0,0,0,6.122
decode,real,5844,7251574333037874747,0,0,0,0,1,1,8858,8858.000,0,0,0,0,6.116
decode,real,5845,7251574333037874747,0,0,0,0,1,1,8859,8859.000,0,0,0,0,6.123
decode,real,5846,7251574333037874747,0,0,0,0,1,1,8860,8860.000,0,0,0,0,6.114
decode,real,5847,7251574333037874747,0,0,0,0,1,1,8861,8861.000,0,0,0,0,6.118
decode,real,5848,7251574333037874747,0,0,0,0,1,1,8862,8862.000,0,0,0,0,6.122
decode,real,5849,7251574333037874747,0,0,0,0,1,1,8863,8863.000,0,0,0,0,6.112
decode,real,5850,7251574333037874747,0,0,0,0,1,1,8864,8864.000,0,0,0,0,6.110
decode,real,5851,7251574333037874747,0,0,0,0,1,1,8865,8865.000,0,0,0,0,6.108
decode,real,5852,7251574333037874747,0,0,0,0,1,1,8866,8866.000,0,0,0,0,6.111
decode,real,5853,7251574333037874747,0,0,0,0,1,1,8867,8867.000,0,0,0,0,6.101
decode,real,5854,7251574333037874747,0,0,0,0,1,1,8868,8868.000,0,0,0,0,6.140
decode,real,5855,7251574333037874747,0,0,0,0,1,1,8869,8869.000,0,0,0,0,6.101
decode,real,5856,7251574333037874747,0,0,0,0,1,1,8870,8870.000,0,0,0,0,6.106
decode,real,5857,7251574333037874747,0,0,0,0,1,1,8871,8871.000,0,0,0,0,6.119
decode,real,5858,7251574333037874747,0,0,0,0,1,1,8872,8872.000,0,0,0,0,6.126
decode,real,5859,7251574333037874747,0,0,0,0,1,1,8873,8873.000,0,0,0,0,6.106
decode,real,5860,7251574333037874747,0,0,0,0,1,1,8874,8874.000,0,0,0,0,6.111
decode,real,5861,7251574333037874747,0,0,0,0,1,1,8875,8875.000,0,0,0,0,6.377
decode,real,5862,7251574333037874747,0,0,0,0,1,1,8876,8876.000,0,0,0,0,5.874
decode,real,5863,7251574333037874747,0,0,0,0,1,1,8877,8877.000,0,0,0,0,6.121
decode,real,5864,7251574333037874747,0,0,0,0,1,1,8878,8878.000,0,0,0,0,6.117
decode,real,5865,7251574333037874747,0,0,0,0,1,1,8879,8879.000,0,0,0,0,6.106
decode,real,5866,7251574333037874747,0,0,0,0,1,1,8880,8880.000,0,0,0,0,6.102
decode,real,5867,7251574333037874747,0,0,0,0,1,1,8881,8881.000,0,0,0,0,6.120
decode,real,5868,7251574333037874747,0,0,0,0,1,1,8882,8882.000,0,0,0,0,6.115
decode,real,5869,7251574333037874747,0,0,0,0,1,1,8883,8883.000,0,0,0,0,6.110
decode,real,5870,7251574333037874747,0,0,0,0,1,1,8884,8884.000,0,0,0,0,6.106
decode,real,5871,7251574333037874747,0,0,0,0,1,1,8885,8885.000,0,0,0,0,6.122
decode,real,5872,7251574333037874747,0,0,0,0,1,1,8886,8886.000,0,0,0,0,6.131
decode,real,5873,7251574333037874747,0,0,0,0,1,1,8887,8887.000,0,0,0,0,6.109
decode,real,5874,7251574333037874747,0,0,0,0,1,1,8888,8888.000,0,0,0,0,6.137
decode,real,5875,7251574333037874747,0,0,0,0,1,1,8889,8889.000,0,0,0,0,6.092
decode,real,5876,7251574333037874747,0,0,0,0,1,1,8890,8890.000,0,0,0,0,6.128
decode,real,5877,7251574333037874747,0,0,0,0,1,1,8891,8891.000,0,0,0,0,6.132
decode,real,5878,7251574333037874747,0,0,0,0,1,1,8892,8892.000,0,0,0,0,6.102
decode,real,5879,7251574333037874747,0,0,0,0,1,1,8893,8893.000,0,0,0,0,6.118
decode,real,5880,7251574333037874747,0,0,0,0,1,1,8894,8894.000,0,0,0,0,6.152
decode,real,5881,7251574333037874747,0,0,0,0,1,1,8895,8895.000,0,0,0,0,6.095
decode,real,5882,7251574333037874747,0,0,0,0,1,1,8896,8896.000,0,0,0,0,6.099
decode,real,5883,7251574333037874747,0,0,0,0,1,1,8897,8897.000,0,0,0,0,6.116
decode,real,5884,7251574333037874747,0,0,0,0,1,1,8898,8898.000,0,0,0,0,6.118
decode,real,5885,7251574333037874747,0,0,0,0,1,1,8899,8899.000,0,0,0,0,6.108
decode,real,5886,7251574333037874747,0,0,0,0,1,1,8900,8900.000,0,0,0,0,6.126
decode,real,5887,7251574333037874747,0,0,0,0,1,1,8901,8901.000,0,0,0,0,6.112
decode,real,5888,7251574333037874747,0,0,0,0,1,1,8902,8902.000,0,0,0,0,6.137
decode,real,5889,7251574333037874747,0,0,0,0,1,1,8903,8903.000,0,0,0,0,6.104
decode,real,5890,7251574333037874747,0,0,0,0,1,1,8904,8904.000,0,0,0,0,6.117
decode,real,5891,7251574333037874747,0,0,0,0,1,1,8905,8905.000,0,0,0,0,6.125
decode,real,5892,7251574333037874747,0,0,0,0,1,1,8906,8906.000,0,0,0,0,6.097
decode,real,5893,7251574333037874747,0,0,0,0,1,1,8907,8907.000,0,0,0,0,6.195
decode,real,5894,7251574333037874747,0,0,0,0,1,1,8908,8908.000,0,0,0,0,6.074
decode,real,5895,7251574333037874747,0,0,0,0,1,1,8909,8909.000,0,0,0,0,6.110
decode,real,5896,7251574333037874747,0,0,0,0,1,1,8910,8910.000,0,0,0,0,6.119
decode,real,5897,7251574333037874747,0,0,0,0,1,1,8911,8911.000,0,0,0,0,6.108
decode,real,5898,7251574333037874747,0,0,0,0,1,1,8912,8912.000,0,0,0,0,6.113
decode,real,5899,7251574333037874747,0,0,0,0,1,1,8913,8913.000,0,0,0,0,6.118
decode,real,5900,7251574333037874747,0,0,0,0,1,1,8914,8914.000,0,0,0,0,6.111
decode,real,5901,7251574333037874747,0,0,0,0,1,1,8915,8915.000,0,0,0,0,6.110
decode,real,5902,7251574333037874747,0,0,0,0,1,1,8916,8916.000,0,0,0,0,6.135
decode,real,5903,7251574333037874747,0,0,0,0,1,1,8917,8917.000,0,0,0,0,6.112
decode,real,5904,7251574333037874747,0,0,0,0,1,1,8918,8918.000,0,0,0,0,6.108
decode,real,5905,7251574333037874747,0,0,0,0,1,1,8919,8919.000,0,0,0,0,6.089
decode,real,5906,7251574333037874747,0,0,0,0,1,1,8920,8920.000,0,0,0,0,6.136
decode,real,5907,7251574333037874747,0,0,0,0,1,1,8921,8921.000,0,0,0,0,6.110
decode,real,5908,7251574333037874747,0,0,0,0,1,1,8922,8922.000,0,0,0,0,6.114
decode,real,5909,7251574333037874747,0,0,0,0,1,1,8923,8923.000,0,0,0,0,6.120
decode,real,5910,7251574333037874747,0,0,0,0,1,1,8924,8924.000,0,0,0,0,6.096
decode,real,5911,7251574333037874747,0,0,0,0,1,1,8925,8925.000,0,0,0,0,6.113
decode,real,5912,7251574333037874747,0,0,0,0,1,1,8926,8926.000,0,0,0,0,6.134
decode,real,5913,7251574333037874747,0,0,0,0,1,1,8927,8927.000,0,0,0,0,6.092
decode,real,5914,7251574333037874747,0,0,0,0,1,1,8928,8928.000,0,0,0,0,6.111
decode,real,5915,7251574333037874747,0,0,0,0,1,1,8929,8929.000,0,0,0,0,6.117
decode,real,5916,7251574333037874747,0,0,0,0,1,1,8930,8930.000,0,0,0,0,6.109
decode,real,5917,7251574333037874747,0,0,0,0,1,1,8931,8931.000,0,0,0,0,6.098
decode,real,5918,7251574333037874747,0,0,0,0,1,1,8932,8932.000,0,0,0,0,6.136
decode,real,5919,7251574333037874747,0,0,0,0,1,1,8933,8933.000,0,0,0,0,6.113
decode,real,5920,7251574333037874747,0,0,0,0,1,1,8934,8934.000,0,0,0,0,6.107
decode,real,5921,7251574333037874747,0,0,0,0,1,1,8935,8935.000,0,0,0,0,6.119
decode,real,5922,7251574333037874747,0,0,0,0,1,1,8936,8936.000,0,0,0,0,6.138
decode,real,5923,7251574333037874747,0,0,0,0,1,1,8937,8937.000,0,0,0,0,6.116
decode,real,5924,7251574333037874747,0,0,0,0,1,1,8938,8938.000,0,0,0,0,6.095
decode,real,5925,7251574333037874747,0,0,0,0,1,1,8939,8939.000,0,0,0,0,6.136
decode,real,5926,7251574333037874747,0,0,0,0,1,1,8940,8940.000,0,0,0,0,6.086
decode,real,5927,7251574333037874747,0,0,0,0,1,1,8941,8941.000,0,0,0,0,6.131
decode,real,5928,7251574333037874747,0,0,0,0,1,1,8942,8942.000,0,0,0,0,6.126
decode,real,5929,7251574333037874747,0,0,0,0,1,1,8943,8943.000,0,0,0,0,6.113
decode,real,5930,7251574333037874747,0,0,0,0,1,1,8944,8944.000,0,0,0,0,6.099
decode,real,5931,7251574333037874747,0,0,0,0,1,1,8945,8945.000,0,0,0,0,6.117
decode,real,5932,7251574333037874747,0,0,0,0,1,1,8946,8946.000,0,0,0,0,6.128
decode,real,5933,7251574333037874747,0,0,0,0,1,1,8947,8947.000,0,0,0,0,6.110
decode,real,5934,7251574333037874747,0,0,0,0,1,1,8948,8948.000,0,0,0,0,6.126
decode,real,5935,7251574333037874747,0,0,0,0,1,1,8949,8949.000,0,0,0,0,6.122
decode,real,5936,7251574333037874747,0,0,0,0,1,1,8950,8950.000,0,0,0,0,6.111
decode,real,5937,7251574333037874747,0,0,0,0,1,1,8951,8951.000,0,0,0,0,6.117
decode,real,5938,7251574333037874747,0,0,0,0,1,1,8952,8952.000,0,0,0,0,6.129
decode,real,5939,7251574333037874747,0,0,0,0,1,1,8953,8953.000,0,0,0,0,6.115
decode,real,5940,7251574333037874747,0,0,0,0,1,1,8954,8954.000,0,0,0,0,6.126
decode,real,5941,7251574333037874747,0,0,0,0,1,1,8955,8955.000,0,0,0,0,6.100
decode,real,5942,7251574333037874747,0,0,0,0,1,1,8956,8956.000,0,0,0,0,6.129
decode,real,5943,7251574333037874747,0,0,0,0,1,1,8957,8957.000,0,0,0,0,6.111
decode,real,5944,7251574333037874747,0,0,0,0,1,1,8958,8958.000,0,0,0,0,6.140
decode,real,5945,7251574333037874747,0,0,0,0,1,1,8959,8959.000,0,0,0,0,6.082
decode,real,5946,7251574333037874747,0,0,0,0,1,1,8960,8960.000,0,0,0,0,6.126
decode,real,5947,7251574333037874747,0,0,0,0,1,1,8961,8961.000,0,0,0,0,6.108
decode,real,5948,7251574333037874747,0,0,0,0,1,1,8962,8962.000,0,0,0,0,6.134
decode,real,5949,7251574333037874747,0,0,0,0,1,1,8963,8963.000,0,0,0,0,6.119
decode,real,5950,7251574333037874747,0,0,0,0,1,1,8964,8964.000,0,0,0,0,6.124
decode,real,5951,7251574333037874747,0,0,0,0,1,1,8965,8965.000,0,0,0,0,6.108
decode,real,5952,7251574333037874747,0,0,0,0,1,1,8966,8966.000,0,0,0,0,6.098
decode,real,5953,7251574333037874747,0,0,0,0,1,1,8967,8967.000,0,0,0,0,6.113
decode,real,5954,7251574333037874747,0,0,0,0,1,1,8968,8968.000,0,0,0,0,6.117
decode,real,5955,7251574333037874747,0,0,0,0,1,1,8969,8969.000,0,0,0,0,6.124
decode,real,5956,7251574333037874747,0,0,0,0,1,1,8970,8970.000,0,0,0,0,6.102
decode,real,5957,7251574333037874747,0,0,0,0,1,1,8971,8971.000,0,0,0,0,6.096
decode,real,5958,7251574333037874747,0,0,0,0,1,1,8972,8972.000,0,0,0,0,6.139
decode,real,5959,7251574333037874747,0,0,0,0,1,1,8973,8973.000,0,0,0,0,6.090
decode,real,5960,7251574333037874747,0,0,0,0,1,1,8974,8974.000,0,0,0,0,6.134
decode,real,5961,7251574333037874747,0,0,0,0,1,1,8975,8975.000,0,0,0,0,6.088
decode,real,5962,7251574333037874747,0,0,0,0,1,1,8976,8976.000,0,0,0,0,6.130
decode,real,5963,7251574333037874747,0,0,0,0,1,1,8977,8977.000,0,0,0,0,6.130
decode,real,5964,7251574333037874747,0,0,0,0,1,1,8978,8978.000,0,0,0,0,6.112
decode,real,5965,7251574333037874747,0,0,0,0,1,1,8979,8979.000,0,0,0,0,6.119
decode,real,5966,7251574333037874747,0,0,0,0,1,1,8980,8980.000,0,0,0,0,6.132
decode,real,5967,7251574333037874747,0,0,0,0,1,1,8981,8981.000,0,0,0,0,6.096
decode,real,5968,7251574333037874747,0,0,0,0,1,1,8982,8982.000,0,0,0,0,6.128
decode,real,5969,7251574333037874747,0,0,0,0,1,1,8983,8983.000,0,0,0,0,6.108
decode,real,5970,7251574333037874747,0,0,0,0,1,1,8984,8984.000,0,0,0,0,6.113
decode,real,5971,7251574333037874747,0,0,0,0,1,1,8985,8985.000,0,0,0,0,6.140
decode,real,5972,7251574333037874747,0,0,0,0,1,1,8986,8986.000,0,0,0,0,6.114
decode,real,5973,7251574333037874747,0,0,0,0,1,1,8987,8987.000,0,0,0,0,6.108
decode,real,5974,7251574333037874747,0,0,0,0,1,1,8988,8988.000,0,0,0,0,6.122
decode,real,5975,7251574333037874747,0,0,0,0,1,1,8989,8989.000,0,0,0,0,6.128
decode,real,5976,7251574333037874747,0,0,0,0,1,1,8990,8990.000,0,0,0,0,6.117
decode,real,5977,7251574333037874747,0,0,0,0,1,1,8991,8991.000,0,0,0,0,6.118
decode,real,5978,7251574333037874747,0,0,0,0,1,1,8992,8992.000,0,0,0,0,6.099
decode,real,5979,7251574333037874747,0,0,0,0,1,1,8993,8993.000,0,0,0,0,6.111
decode,real,5980,7251574333037874747,0,0,0,0,1,1,8994,8994.000,0,0,0,0,6.126
decode,real,5981,7251574333037874747,0,0,0,0,1,1,8995,8995.000,0,0,0,0,6.125
decode,real,5982,7251574333037874747,0,0,0,0,1,1,8996,8996.000,0,0,0,0,6.117
decode,real,5983,7251574333037874747,0,0,0,0,1,1,8997,8997.000,0,0,0,0,6.101
decode,real,5984,7251574333037874747,0,0,0,0,1,1,8998,8998.000,0,0,0,0,6.136
decode,real,5985,7251574333037874747,0,0,0,0,1,1,8999,8999.000,0,0,0,0,6.093
decode,real,5986,7251574333037874747,0,0,0,0,1,1,9000,9000.000,0,0,0,0,6.127
decode,real,5987,7251574333037874747,0,0,0,0,1,1,9001,9001.000,0,0,0,0,6.130
decode,real,5988,7251574333037874747,0,0,0,0,1,1,9002,9002.000,0,0,0,0,6.127
decode,real,5989,7251574333037874747,0,0,0,0,1,1,9003,9003.000,0,0,0,0,6.126
decode,real,5990,7251574333037874747,0,0,0,0,1,1,9004,9004.000,0,0,0,0,6.114
decode,real,5991,7251574333037874747,0,0,0,0,1,1,9005,9005.000,0,0,0,0,6.105
decode,real,5992,7251574333037874747,0,0,0,0,1,1,9006,9006.000,0,0,0,0,6.161
decode,real,5993,7251574333037874747,0,0,0,0,1,1,9007,9007.000,0,0,0,0,6.075
decode,real,5994,7251574333037874747,0,0,0,0,1,1,9008,9008.000,0,0,0,0,6.125
decode,real,5995,7251574333037874747,0,0,0,0,1,1,9009,9009.000,0,0,0,0,6.133
decode,real,5996,7251574333037874747,0,0,0,0,1,1,9010,9010.000,0,0,0,0,6.108
decode,real,5997,7251574333037874747,0,0,0,0,1,1,9011,9011.000,0,0,0,0,6.128
decode,real,5998,7251574333037874747,0,0,0,0,1,1,9012,9012.000,0,0,0,0,6.106
decode,real,5999,7251574333037874747,0,0,0,0,1,1,9013,9013.000,0,0,0,0,6.127
decode,real,6000,7251574333037874747,0,0,0,0,1,1,9014,9014.000,0,0,0,0,6.121
decode,real,6001,7251574333037874747,0,0,0,0,1,1,9015,9015.000,0,0,0,0,6.096
decode,real,6002,7251574333037874747,0,0,0,0,1,1,9016,9016.000,0,0,0,0,6.118
decode,real,6003,7251574333037874747,0,0,0,0,1,1,9017,9017.000,0,0,0,0,6.129
decode,real,6004,7251574333037874747,0,0,0,0,1,1,9018,9018.000,0,0,0,0,6.095
decode,real,6005,7251574333037874747,0,0,0,0,1,1,9019,9019.000,0,0,0,0,6.122
decode,real,6006,7251574333037874747,0,0,0,0,1,1,9020,9020.000,0,0,0,0,6.117
decode,real,6007,7251574333037874747,0,0,0,0,1,1,9021,9021.000,0,0,0,0,6.113
decode,real,6008,7251574333037874747,0,0,0,0,1,1,9022,9022.000,0,0,0,0,6.137
decode,real,6009,7251574333037874747,0,0,0,0,1,1,9023,9023.000,0,0,0,0,6.121
decode,real,6010,7251574333037874747,0,0,0,0,1,1,9024,9024.000,0,0,0,0,6.107
decode,real,6011,7251574333037874747,0,0,0,0,1,1,9025,9025.000,0,0,0,0,6.130
decode,real,6012,7251574333037874747,0,0,0,0,1,1,9026,9026.000,0,0,0,0,6.127
decode,real,6013,7251574333037874747,0,0,0,0,1,1,9027,9027.000,0,0,0,0,6.126
decode,real,6014,7251574333037874747,0,0,0,0,1,1,9028,9028.000,0,0,0,0,6.122
decode,real,6015,7251574333037874747,0,0,0,0,1,1,9029,9029.000,0,0,0,0,6.109
decode,real,6016,7251574333037874747,0,0,0,0,1,1,9030,9030.000,0,0,0,0,6.133
decode,real,6017,7251574333037874747,0,0,0,0,1,1,9031,9031.000,0,0,0,0,6.132
decode,real,6018,7251574333037874747,0,0,0,0,1,1,9032,9032.000,0,0,0,0,6.117
decode,real,6019,7251574333037874747,0,0,0,0,1,1,9033,9033.000,0,0,0,0,6.108
decode,real,6020,7251574333037874747,0,0,0,0,1,1,9034,9034.000,0,0,0,0,6.112
decode,real,6021,7251574333037874747,0,0,0,0,1,1,9035,9035.000,0,0,0,0,6.118
decode,real,6022,7251574333037874747,0,0,0,0,1,1,9036,9036.000,0,0,0,0,6.114
decode,real,6023,7251574333037874747,0,0,0,0,1,1,9037,9037.000,0,0,0,0,6.111
decode,real,6024,7251574333037874747,0,0,0,0,1,1,9038,9038.000,0,0,0,0,6.136
decode,real,6025,7251574333037874747,0,0,0,0,1,1,9039,9039.000,0,0,0,0,6.123
decode,real,6026,7251574333037874747,0,0,0,0,1,1,9040,9040.000,0,0,0,0,6.111
decode,real,6027,7251574333037874747,0,0,0,0,1,1,9041,9041.000,0,0,0,0,6.127
decode,real,6028,7251574333037874747,0,0,0,0,1,1,9042,9042.000,0,0,0,0,6.119
decode,real,6029,7251574333037874747,0,0,0,0,1,1,9043,9043.000,0,0,0,0,6.128
decode,real,6030,7251574333037874747,0,0,0,0,1,1,9044,9044.000,0,0,0,0,6.130
decode,real,6031,7251574333037874747,0,0,0,0,1,1,9045,9045.000,0,0,0,0,6.106
decode,real,6032,7251574333037874747,0,0,0,0,1,1,9046,9046.000,0,0,0,0,6.106
decode,real,6033,7251574333037874747,0,0,0,0,1,1,9047,9047.000,0,0,0,0,6.116
decode,real,6034,7251574333037874747,0,0,0,0,1,1,9048,9048.000,0,0,0,0,6.143
decode,real,6035,7251574333037874747,0,0,0,0,1,1,9049,9049.000,0,0,0,0,6.093
decode,real,6036,7251574333037874747,0,0,0,0,1,1,9050,9050.000,0,0,0,0,6.123
decode,real,6037,7251574333037874747,0,0,0,0,1,1,9051,9051.000,0,0,0,0,6.121
decode,real,6038,7251574333037874747,0,0,0,0,1,1,9052,9052.000,0,0,0,0,6.117
decode,real,6039,7251574333037874747,0,0,0,0,1,1,9053,9053.000,0,0,0,0,6.111
decode,real,6040,7251574333037874747,0,0,0,0,1,1,9054,9054.000,0,0,0,0,6.151
decode,real,6041,7251574333037874747,0,0,0,0,1,1,9055,9055.000,0,0,0,0,6.089
decode,real,6042,7251574333037874747,0,0,0,0,1,1,9056,9056.000,0,0,0,0,6.114
decode,real,6043,7251574333037874747,0,0,0,0,1,1,9057,9057.000,0,0,0,0,6.125
decode,real,6044,7251574333037874747,0,0,0,0,1,1,9058,9058.000,0,0,0,0,6.130
decode,real,6045,7251574333037874747,0,0,0,0,1,1,9059,9059.000,0,0,0,0,6.118
decode,real,6046,7251574333037874747,0,0,0,0,1,1,9060,9060.000,0,0,0,0,6.121
decode,real,6047,7251574333037874747,0,0,0,0,1,1,9061,9061.000,0,0,0,0,6.130
decode,real,6048,7251574333037874747,0,0,0,0,1,1,9062,9062.000,0,0,0,0,6.115
decode,real,6049,7251574333037874747,0,0,0,0,1,1,9063,9063.000,0,0,0,0,6.115
decode,real,6050,7251574333037874747,0,0,0,0,1,1,9064,9064.000,0,0,0,0,6.150
decode,real,6051,7251574333037874747,0,0,0,0,1,1,9065,9065.000,0,0,0,0,6.107
decode,real,6052,7251574333037874747,0,0,0,0,1,1,9066,9066.000,0,0,0,0,6.117
decode,real,6053,7251574333037874747,0,0,0,0,1,1,9067,9067.000,0,0,0,0,6.119
decode,real,6054,7251574333037874747,0,0,0,0,1,1,9068,9068.000,0,0,0,0,6.125
decode,real,6055,7251574333037874747,0,0,0,0,1,1,9069,9069.000,0,0,0,0,6.125
decode,real,6056,7251574333037874747,0,0,0,0,1,1,9070,9070.000,0,0,0,0,6.134
decode,real,6057,7251574333037874747,0,0,0,0,1,1,9071,9071.000,0,0,0,0,6.102
decode,real,6058,7251574333037874747,0,0,0,0,1,1,9072,9072.000,0,0,0,0,6.119
decode,real,6059,7251574333037874747,0,0,0,0,1,1,9073,9073.000,0,0,0,0,6.097
decode,real,6060,7251574333037874747,0,0,0,0,1,1,9074,9074.000,0,0,0,0,6.133
decode,real,6061,7251574333037874747,0,0,0,0,1,1,9075,9075.000,0,0,0,0,6.122
decode,real,6062,7251574333037874747,0,0,0,0,1,1,9076,9076.000,0,0,0,0,6.122
decode,real,6063,7251574333037874747,0,0,0,0,1,1,9077,9077.000,0,0,0,0,6.094
decode,real,6064,7251574333037874747,0,0,0,0,1,1,9078,9078.000,0,0,0,0,6.161
decode,real,6065,7251574333037874747,0,0,0,0,1,1,9079,9079.000,0,0,0,0,6.094
decode,real,6066,7251574333037874747,0,0,0,0,1,1,9080,9080.000,0,0,0,0,6.116
decode,real,6067,7251574333037874747,0,0,0,0,1,1,9081,9081.000,0,0,0,0,6.104
decode,real,6068,7251574333037874747,0,0,0,0,1,1,9082,9082.000,0,0,0,0,6.139
decode,real,6069,7251574333037874747,0,0,0,0,1,1,9083,9083.000,0,0,0,0,6.103
decode,real,6070,7251574333037874747,0,0,0,0,1,1,9084,9084.000,0,0,0,0,6.106
decode,real,6071,7251574333037874747,0,0,0,0,1,1,9085,9085.000,0,0,0,0,6.131
decode,real,6072,7251574333037874747,0,0,0,0,1,1,9086,9086.000,0,0,0,0,6.146
decode,real,6073,7251574333037874747,0,0,0,0,1,1,9087,9087.000,0,0,0,0,6.100
decode,real,6074,7251574333037874747,0,0,0,0,1,1,9088,9088.000,0,0,0,0,6.107
decode,real,6075,7251574333037874747,0,0,0,0,1,1,9089,9089.000,0,0,0,0,6.114
decode,real,6076,7251574333037874747,0,0,0,0,1,1,9090,9090.000,0,0,0,0,6.138
decode,real,6077,7251574333037874747,0,0,0,0,1,1,9091,9091.000,0,0,0,0,6.106
decode,real,6078,7251574333037874747,0,0,0,0,1,1,9092,9092.000,0,0,0,0,6.116
decode,real,6079,7251574333037874747,0,0,0,0,1,1,9093,9093.000,0,0,0,0,6.120
decode,real,6080,7251574333037874747,0,0,0,0,1,1,9094,9094.000,0,0,0,0,6.112
decode,real,6081,7251574333037874747,0,0,0,0,1,1,9095,9095.000,0,0,0,0,6.122
decode,real,6082,7251574333037874747,0,0,0,0,1,1,9096,9096.000,0,0,0,0,6.114
decode,real,6083,7251574333037874747,0,0,0,0,1,1,9097,9097.000,0,0,0,0,6.117
decode,real,6084,7251574333037874747,0,0,0,0,1,1,9098,9098.000,0,0,0,0,6.108
decode,real,6085,7251574333037874747,0,0,0,0,1,1,9099,9099.000,0,0,0,0,6.106
decode,real,6086,7251574333037874747,0,0,0,0,1,1,9100,9100.000,0,0,0,0,6.115
decode,real,6087,7251574333037874747,0,0,0,0,1,1,9101,9101.000,0,0,0,0,6.100
decode,real,6088,7251574333037874747,0,0,0,0,1,1,9102,9102.000,0,0,0,0,6.131
decode,real,6089,7251574333037874747,0,0,0,0,1,1,9103,9103.000,0,0,0,0,6.089
decode,real,6090,7251574333037874747,0,0,0,0,1,1,9104,9104.000,0,0,0,0,6.144
decode,real,6091,7251574333037874747,0,0,0,0,1,1,9105,9105.000,0,0,0,0,6.113
decode,real,6092,7251574333037874747,0,0,0,0,1,1,9106,9106.000,0,0,0,0,6.112
decode,real,6093,7251574333037874747,0,0,0,0,1,1,9107,9107.000,0,0,0,0,6.113
decode,real,6094,7251574333037874747,0,0,0,0,1,1,9108,9108.000,0,0,0,0,6.117
decode,real,6095,7251574333037874747,0,0,0,0,1,1,9109,9109.000,0,0,0,0,6.122
decode,real,6096,7251574333037874747,0,0,0,0,1,1,9110,9110.000,0,0,0,0,6.126
decode,real,6097,7251574333037874747,0,0,0,0,1,1,9111,9111.000,0,0,0,0,6.115
decode,real,6098,7251574333037874747,0,0,0,0,1,1,9112,9112.000,0,0,0,0,6.113
decode,real,6099,7251574333037874747,0,0,0,0,1,1,9113,9113.000,0,0,0,0,6.124
decode,real,6100,7251574333037874747,0,0,0,0,1,1,9114,9114.000,0,0,0,0,6.090
decode,real,6101,7251574333037874747,0,0,0,0,1,1,9115,9115.000,0,0,0,0,6.131
decode,real,6102,7251574333037874747,0,0,0,0,1,1,9116,9116.000,0,0,0,0,6.113
decode,real,6103,7251574333037874747,0,0,0,0,1,1,9117,9117.000,0,0,0,0,6.120
decode,real,6104,7251574333037874747,0,0,0,0,1,1,9118,9118.000,0,0,0,0,6.129
decode,real,6105,7251574333037874747,0,0,0,0,1,1,9119,9119.000,0,0,0,0,6.093
decode,real,6106,7251574333037874747,0,0,0,0,1,1,9120,9120.000,0,0,0,0,6.115
decode,real,6107,7251574333037874747,0,0,0,0,1,1,9121,9121.000,0,0,0,0,6.119
decode,real,6108,7251574333037874747,0,0,0,0,1,1,9122,9122.000,0,0,0,0,6.117
decode,real,6109,7251574333037874747,0,0,0,0,1,1,9123,9123.000,0,0,0,0,6.145
decode,real,6110,7251574333037874747,0,0,0,0,1,1,9124,9124.000,0,0,0,0,6.097
decode,real,6111,7251574333037874747,0,0,0,0,1,1,9125,9125.000,0,0,0,0,6.114
decode,real,6112,7251574333037874747,0,0,0,0,1,1,9126,9126.000,0,0,0,0,6.138
decode,real,6113,7251574333037874747,0,0,0,0,1,1,9127,9127.000,0,0,0,0,6.104
decode,real,6114,7251574333037874747,0,0,0,0,1,1,9128,9128.000,0,0,0,0,6.127
decode,real,6115,7251574333037874747,0,0,0,0,1,1,9129,9129.000,0,0,0,0,6.109
decode,real,6116,7251574333037874747,0,0,0,0,1,1,9130,9130.000,0,0,0,0,6.122
decode,real,6117,7251574333037874747,0,0,0,0,1,1,9131,9131.000,0,0,0,0,6.108
decode,real,6118,7251574333037874747,0,0,0,0,1,1,9132,9132.000,0,0,0,0,6.117
decode,real,6119,7251574333037874747,0,0,0,0,1,1,9133,9133.000,0,0,0,0,6.125
decode,real,6120,7251574333037874747,0,0,0,0,1,1,9134,9134.000,0,0,0,0,6.126
decode,real,6121,7251574333037874747,0,0,0,0,1,1,9135,9135.000,0,0,0,0,6.108
decode,real,6122,7251574333037874747,0,0,0,0,1,1,9136,9136.000,0,0,0,0,6.115
decode,real,6123,7251574333037874747,0,0,0,0,1,1,9137,9137.000,0,0,0,0,6.119
decode,real,6124,7251574333037874747,0,0,0,0,1,1,9138,9138.000,0,0,0,0,6.114
decode,real,6125,7251574333037874747,0,0,0,0,1,1,9139,9139.000,0,0,0,0,6.120
decode,real,6126,7251574333037874747,0,0,0,0,1,1,9140,9140.000,0,0,0,0,6.107
decode,real,6127,7251574333037874747,0,0,0,0,1,1,9141,9141.000,0,0,0,0,6.097
decode,real,6128,7251574333037874747,0,0,0,0,1,1,9142,9142.000,0,0,0,0,6.126
decode,real,6129,7251574333037874747,0,0,0,0,1,1,9143,9143.000,0,0,0,0,6.117
decode,real,6130,7251574333037874747,0,0,0,0,1,1,9144,9144.000,0,0,0,0,6.102
decode,real,6131,7251574333037874747,0,0,0,0,1,1,9145,9145.000,0,0,0,0,6.127
decode,real,6132,7251574333037874747,0,0,0,0,1,1,9146,9146.000,0,0,0,0,6.112
decode,real,6133,7251574333037874747,0,0,0,0,1,1,9147,9147.000,0,0,0,0,6.111
decode,real,6134,7251574333037874747,0,0,0,0,1,1,9148,9148.000,0,0,0,0,6.114
decode,real,6135,7251574333037874747,0,0,0,0,1,1,9149,9149.000,0,0,0,0,6.115
decode,real,6136,7251574333037874747,0,0,0,0,1,1,9150,9150.000,0,0,0,0,6.128
decode,real,6137,7251574333037874747,0,0,0,0,1,1,9151,9151.000,0,0,0,0,6.082
decode,real,6138,7251574333037874747,0,0,0,0,1,1,9152,9152.000,0,0,0,0,6.124
decode,real,6139,7251574333037874747,0,0,0,0,1,1,9153,9153.000,0,0,0,0,6.116
decode,real,6140,7251574333037874747,0,0,0,0,1,1,9154,9154.000,0,0,0,0,6.117
decode,real,6141,7251574333037874747,0,0,0,0,1,1,9155,9155.000,0,0,0,0,6.118
decode,real,6142,7251574333037874747,0,0,0,0,1,1,9156,9156.000,0,0,0,0,6.135
decode,real,6143,7251574333037874747,0,0,0,0,1,1,9157,9157.000,0,0,0,0,6.089
decode,real,6144,7251574333037874747,0,0,0,0,1,1,9158,9158.000,0,0,0,0,6.111
decode,real,6145,7251574333037874747,0,0,0,0,1,1,9159,9159.000,0,0,0,0,6.102
decode,real,6146,7251574333037874747,0,0,0,0,1,1,9160,9160.000,0,0,0,0,6.138
decode,real,6147,7251574333037874747,0,0,0,0,1,1,9161,9161.000,0,0,0,0,6.112
decode,real,6148,7251574333037874747,0,0,0,0,1,1,9162,9162.000,0,0,0,0,6.088
decode,real,6149,7251574333037874747,0,0,0,0,1,1,9163,9163.000,0,0,0,0,6.123
decode,real,6150,7251574333037874747,0,0,0,0,1,1,9164,9164.000,0,0,0,0,6.105
decode,real,6151,7251574333037874747,0,0,0,0,1,1,9165,9165.000,0,0,0,0,6.119
decode,real,6152,7251574333037874747,0,0,0,0,1,1,9166,9166.000,0,0,0,0,6.136
decode,real,6153,7251574333037874747,0,0,0,0,1,1,9167,9167.000,0,0,0,0,6.074
decode,real,6154,7251574333037874747,0,0,0,0,1,1,9168,9168.000,0,0,0,0,6.124
decode,real,6155,7251574333037874747,0,0,0,0,1,1,9169,9169.000,0,0,0,0,6.108
decode,real,6156,7251574333037874747,0,0,0,0,1,1,9170,9170.000,0,0,0,0,6.119
decode,real,6157,7251574333037874747,0,0,0,0,1,1,9171,9171.000,0,0,0,0,6.126
decode,real,6158,7251574333037874747,0,0,0,0,1,1,9172,9172.000,0,0,0,0,6.115
decode,real,6159,7251574333037874747,0,0,0,0,1,1,9173,9173.000,0,0,0,0,6.110
decode,real,6160,7251574333037874747,0,0,0,0,1,1,9174,9174.000,0,0,0,0,6.119
decode,real,6161,7251574333037874747,0,0,0,0,1,1,9175,9175.000,0,0,0,0,6.115
decode,real,6162,7251574333037874747,0,0,0,0,1,1,9176,9176.000,0,0,0,0,6.118
decode,real,6163,7251574333037874747,0,0,0,0,1,1,9177,9177.000,0,0,0,0,6.131
decode,real,6164,7251574333037874747,0,0,0,0,1,1,9178,9178.000,0,0,0,0,6.102
decode,real,6165,7251574333037874747,0,0,0,0,1,1,9179,9179.000,0,0,0,0,6.132
decode,real,6166,7251574333037874747,0,0,0,0,1,1,9180,9180.000,0,0,0,0,6.117
decode,real,6167,7251574333037874747,0,0,0,0,1,1,9181,9181.000,0,0,0,0,6.106
decode,real,6168,7251574333037874747,0,0,0,0,1,1,9182,9182.000,0,0,0,0,6.139
decode,real,6169,7251574333037874747,0,0,0,0,1,1,9183,9183.000,0,0,0,0,6.113
decode,real,6170,7251574333037874747,0,0,0,0,1,1,9184,9184.000,0,0,0,0,6.087
decode,real,6171,7251574333037874747,0,0,0,0,1,1,9185,9185.000,0,0,0,0,6.132
decode,real,6172,7251574333037874747,0,0,0,0,1,1,9186,9186.000,0,0,0,0,6.118
decode,real,6173,7251574333037874747,0,0,0,0,1,1,9187,9187.000,0,0,0,0,6.116
decode,real,6174,7251574333037874747,0,0,0,0,1,1,9188,9188.000,0,0,0,0,6.117
decode,real,6175,7251574333037874747,0,0,0,0,1,1,9189,9189.000,0,0,0,0,6.100
decode,real,6176,7251574333037874747,0,0,0,0,1,1,9190,9190.000,0,0,0,0,6.120
decode,real,6177,7251574333037874747,0,0,0,0,1,1,9191,9191.000,0,0,0,0,6.149
decode,real,6178,7251574333037874747,0,0,0,0,1,1,9192,9192.000,0,0,0,0,6.092
decode,real,6179,7251574333037874747,0,0,0,0,1,1,9193,9193.000,0,0,0,0,6.126
decode,real,6180,7251574333037874747,0,0,0,0,1,1,9194,9194.000,0,0,0,0,6.122
decode,real,6181,7251574333037874747,0,0,0,0,1,1,9195,9195.000,0,0,0,0,6.096
decode,real,6182,7251574333037874747,0,0,0,0,1,1,9196,9196.000,0,0,0,0,6.138
decode,real,6183,7251574333037874747,0,0,0,0,1,1,9197,9197.000,0,0,0,0,6.123
decode,real,6184,7251574333037874747,0,0,0,0,1,1,9198,9198.000,0,0,0,0,6.109
decode,real,6185,7251574333037874747,0,0,0,0,1,1,9199,9199.000,0,0,0,0,6.122
decode,real,6186,7251574333037874747,0,0,0,0,1,1,9200,9200.000,0,0,0,0,6.113
decode,real,6187,7251574333037874747,0,0,0,0,1,1,9201,9201.000,0,0,0,0,6.113
decode,real,6188,7251574333037874747,0,0,0,0,1,1,9202,9202.000,0,0,0,0,6.117
decode,real,6189,7251574333037874747,0,0,0,0,1,1,9203,9203.000,0,0,0,0,6.115
decode,real,6190,7251574333037874747,0,0,0,0,1,1,9204,9204.000,0,0,0,0,6.107
decode,real,6191,7251574333037874747,0,0,0,0,1,1,9205,9205.000,0,0,0,0,6.102
decode,real,6192,7251574333037874747,0,0,0,0,1,1,9206,9206.000,0,0,0,0,6.102
decode,real,6193,7251574333037874747,0,0,0,0,1,1,9207,9207.000,0,0,0,0,6.128
decode,real,6194,7251574333037874747,0,0,0,0,1,1,9208,9208.000,0,0,0,0,6.110
decode,real,6195,7251574333037874747,0,0,0,0,1,1,9209,9209.000,0,0,0,0,6.134
decode,real,6196,7251574333037874747,0,0,0,0,1,1,9210,9210.000,0,0,0,0,6.108
decode,real,6197,7251574333037874747,0,0,0,0,1,1,9211,9211.000,0,0,0,0,6.095
decode,real,6198,7251574333037874747,0,0,0,0,1,1,9212,9212.000,0,0,0,0,6.110
decode,real,6199,7251574333037874747,0,0,0,0,1,1,9213,9213.000,0,0,0,0,6.105
decode,real,6200,7251574333037874747,0,0,0,0,1,1,9214,9214.000,0,0,0,0,6.174
context,real,6201,7251574333037874747,0,2048,1,0,0,0,0,0.000,0,0,0,0,48.262
context,real,6202,7251574333037874747,0,2048,1,2048,0,0,0,0.000,0,0,0,0,46.969
context,real,6203,7251574333037874747,0,2048,1,4096,0,0,0,0.000,0,0,0,0,48.665
context,real,6204,7251574333037874747,0,2048,1,6144,0,0,0,0.000,0,0,0,0,50.336
decode,real,6205,7251574333037874747,0,0,0,0,1,1,8192,8192.000,0,0,0,0,6.182
decode,real,6206,7251574333037874747,0,0,0,0,1,1,8193,8193.000,0,0,0,0,6.169
decode,real,6207,7251574333037874747,0,0,0,0,1,1,8194,8194.000,0,0,0,0,6.192
decode,real,6208,7251574333037874747,0,0,0,0,1,1,8195,8195.000,0,0,0,0,6.199
decode,real,6209,7251574333037874747,0,0,0,0,1,1,8196,8196.000,0,0,0,0,6.195
decode,real,6210,7251574333037874747,0,0,0,0,1,1,8197,8197.000,0,0,0,0,6.205
decode,real,6211,7251574333037874747,0,0,0,0,1,1,8198,8198.000,0,0,0,0,6.178
decode,real,6212,7251574333037874747,0,0,0,0,1,1,8199,8199.000,0,0,0,0,6.181
decode,real,6213,7251574333037874747,0,0,0,0,1,1,8200,8200.000,0,0,0,0,6.180
decode,real,6214,7251574333037874747,0,0,0,0,1,1,8201,8201.000,0,0,0,0,6.211
decode,real,6215,7251574333037874747,0,0,0,0,1,1,8202,8202.000,0,0,0,0,6.169
decode,real,6216,7251574333037874747,0,0,0,0,1,1,8203,8203.000,0,0,0,0,6.178
decode,real,6217,7251574333037874747,0,0,0,0,1,1,8204,8204.000,0,0,0,0,6.205
decode,real,6218,7251574333037874747,0,0,0,0,1,1,8205,8205.000,0,0,0,0,6.178
decode,real,6219,7251574333037874747,0,0,0,0,1,1,8206,8206.000,0,0,0,0,6.213
decode,real,6220,7251574333037874747,0,0,0,0,1,1,8207,8207.000,0,0,0,0,6.175
decode,real,6221,7251574333037874747,0,0,0,0,1,1,8208,8208.000,0,0,0,0,6.196
decode,real,6222,7251574333037874747,0,0,0,0,1,1,8209,8209.000,0,0,0,0,6.198
decode,real,6223,7251574333037874747,0,0,0,0,1,1,8210,8210.000,0,0,0,0,6.165
decode,real,6224,7251574333037874747,0,0,0,0,1,1,8211,8211.000,0,0,0,0,6.199
decode,real,6225,7251574333037874747,0,0,0,0,1,1,8212,8212.000,0,0,0,0,6.161
decode,real,6226,7251574333037874747,0,0,0,0,1,1,8213,8213.000,0,0,0,0,6.201
decode,real,6227,7251574333037874747,0,0,0,0,1,1,8214,8214.000,0,0,0,0,6.160
decode,real,6228,7251574333037874747,0,0,0,0,1,1,8215,8215.000,0,0,0,0,6.177
decode,real,6229,7251574333037874747,0,0,0,0,1,1,8216,8216.000,0,0,0,0,6.138
decode,real,6230,7251574333037874747,0,0,0,0,1,1,8217,8217.000,0,0,0,0,6.162
decode,real,6231,7251574333037874747,0,0,0,0,1,1,8218,8218.000,0,0,0,0,6.140
decode,real,6232,7251574333037874747,0,0,0,0,1,1,8219,8219.000,0,0,0,0,6.139
decode,real,6233,7251574333037874747,0,0,0,0,1,1,8220,8220.000,0,0,0,0,6.147
decode,real,6234,7251574333037874747,0,0,0,0,1,1,8221,8221.000,0,0,0,0,6.137
decode,real,6235,7251574333037874747,0,0,0,0,1,1,8222,8222.000,0,0,0,0,6.147
decode,real,6236,7251574333037874747,0,0,0,0,1,1,8223,8223.000,0,0,0,0,6.143
decode,real,6237,7251574333037874747,0,0,0,0,1,1,8224,8224.000,0,0,0,0,6.147
decode,real,6238,7251574333037874747,0,0,0,0,1,1,8225,8225.000,0,0,0,0,6.135
decode,real,6239,7251574333037874747,0,0,0,0,1,1,8226,8226.000,0,0,0,0,6.142
decode,real,6240,7251574333037874747,0,0,0,0,1,1,8227,8227.000,0,0,0,0,6.113
decode,real,6241,7251574333037874747,0,0,0,0,1,1,8228,8228.000,0,0,0,0,6.131
decode,real,6242,7251574333037874747,0,0,0,0,1,1,8229,8229.000,0,0,0,0,6.121
decode,real,6243,7251574333037874747,0,0,0,0,1,1,8230,8230.000,0,0,0,0,6.143
decode,real,6244,7251574333037874747,0,0,0,0,1,1,8231,8231.000,0,0,0,0,6.108
decode,real,6245,7251574333037874747,0,0,0,0,1,1,8232,8232.000,0,0,0,0,6.139
decode,real,6246,7251574333037874747,0,0,0,0,1,1,8233,8233.000,0,0,0,0,6.135
decode,real,6247,7251574333037874747,0,0,0,0,1,1,8234,8234.000,0,0,0,0,6.113
decode,real,6248,7251574333037874747,0,0,0,0,1,1,8235,8235.000,0,0,0,0,6.140
decode,real,6249,7251574333037874747,0,0,0,0,1,1,8236,8236.000,0,0,0,0,6.098
decode,real,6250,7251574333037874747,0,0,0,0,1,1,8237,8237.000,0,0,0,0,6.119
decode,real,6251,7251574333037874747,0,0,0,0,1,1,8238,8238.000,0,0,0,0,6.118
decode,real,6252,7251574333037874747,0,0,0,0,1,1,8239,8239.000,0,0,0,0,6.123
decode,real,6253,7251574333037874747,0,0,0,0,1,1,8240,8240.000,0,0,0,0,6.102
decode,real,6254,7251574333037874747,0,0,0,0,1,1,8241,8241.000,0,0,0,0,6.117
decode,real,6255,7251574333037874747,0,0,0,0,1,1,8242,8242.000,0,0,0,0,6.101
decode,real,6256,7251574333037874747,0,0,0,0,1,1,8243,8243.000,0,0,0,0,6.113
decode,real,6257,7251574333037874747,0,0,0,0,1,1,8244,8244.000,0,0,0,0,6.113
decode,real,6258,7251574333037874747,0,0,0,0,1,1,8245,8245.000,0,0,0,0,6.093
decode,real,6259,7251574333037874747,0,0,0,0,1,1,8246,8246.000,0,0,0,0,6.093
decode,real,6260,7251574333037874747,0,0,0,0,1,1,8247,8247.000,0,0,0,0,6.104
decode,real,6261,7251574333037874747,0,0,0,0,1,1,8248,8248.000,0,0,0,0,6.095
decode,real,6262,7251574333037874747,0,0,0,0,1,1,8249,8249.000,0,0,0,0,6.106
decode,real,6263,7251574333037874747,0,0,0,0,1,1,8250,8250.000,0,0,0,0,6.082
decode,real,6264,7251574333037874747,0,0,0,0,1,1,8251,8251.000,0,0,0,0,6.102
decode,real,6265,7251574333037874747,0,0,0,0,1,1,8252,8252.000,0,0,0,0,6.090
decode,real,6266,7251574333037874747,0,0,0,0,1,1,8253,8253.000,0,0,0,0,6.103
decode,real,6267,7251574333037874747,0,0,0,0,1,1,8254,8254.000,0,0,0,0,6.101
decode,real,6268,7251574333037874747,0,0,0,0,1,1,8255,8255.000,0,0,0,0,6.073
decode,real,6269,7251574333037874747,0,0,0,0,1,1,8256,8256.000,0,0,0,0,6.094
decode,real,6270,7251574333037874747,0,0,0,0,1,1,8257,8257.000,0,0,0,0,6.107
decode,real,6271,7251574333037874747,0,0,0,0,1,1,8258,8258.000,0,0,0,0,6.087
decode,real,6272,7251574333037874747,0,0,0,0,1,1,8259,8259.000,0,0,0,0,6.098
decode,real,6273,7251574333037874747,0,0,0,0,1,1,8260,8260.000,0,0,0,0,6.083
decode,real,6274,7251574333037874747,0,0,0,0,1,1,8261,8261.000,0,0,0,0,6.088
decode,real,6275,7251574333037874747,0,0,0,0,1,1,8262,8262.000,0,0,0,0,6.103
decode,real,6276,7251574333037874747,0,0,0,0,1,1,8263,8263.000,0,0,0,0,6.081
decode,real,6277,7251574333037874747,0,0,0,0,1,1,8264,8264.000,0,0,0,0,6.098
decode,real,6278,7251574333037874747,0,0,0,0,1,1,8265,8265.000,0,0,0,0,6.122
decode,real,6279,7251574333037874747,0,0,0,0,1,1,8266,8266.000,0,0,0,0,6.062
decode,real,6280,7251574333037874747,0,0,0,0,1,1,8267,8267.000,0,0,0,0,6.095
decode,real,6281,7251574333037874747,0,0,0,0,1,1,8268,8268.000,0,0,0,0,6.111
decode,real,6282,7251574333037874747,0,0,0,0,1,1,8269,8269.000,0,0,0,0,6.089
decode,real,6283,7251574333037874747,0,0,0,0,1,1,8270,8270.000,0,0,0,0,6.096
decode,real,6284,7251574333037874747,0,0,0,0,1,1,8271,8271.000,0,0,0,0,6.068
decode,real,6285,7251574333037874747,0,0,0,0,1,1,8272,8272.000,0,0,0,0,6.101
decode,real,6286,7251574333037874747,0,0,0,0,1,1,8273,8273.000,0,0,0,0,6.102
decode,real,6287,7251574333037874747,0,0,0,0,1,1,8274,8274.000,0,0,0,0,6.093
decode,real,6288,7251574333037874747,0,0,0,0,1,1,8275,8275.000,0,0,0,0,6.080
decode,real,6289,7251574333037874747,0,0,0,0,1,1,8276,8276.000,0,0,0,0,6.114
decode,real,6290,7251574333037874747,0,0,0,0,1,1,8277,8277.000,0,0,0,0,6.079
decode,real,6291,7251574333037874747,0,0,0,0,1,1,8278,8278.000,0,0,0,0,6.102
decode,real,6292,7251574333037874747,0,0,0,0,1,1,8279,8279.000,0,0,0,0,6.095
decode,real,6293,7251574333037874747,0,0,0,0,1,1,8280,8280.000,0,0,0,0,6.079
decode,real,6294,7251574333037874747,0,0,0,0,1,1,8281,8281.000,0,0,0,0,6.091
decode,real,6295,7251574333037874747,0,0,0,0,1,1,8282,8282.000,0,0,0,0,6.089
decode,real,6296,7251574333037874747,0,0,0,0,1,1,8283,8283.000,0,0,0,0,6.099
decode,real,6297,7251574333037874747,0,0,0,0,1,1,8284,8284.000,0,0,0,0,6.074
decode,real,6298,7251574333037874747,0,0,0,0,1,1,8285,8285.000,0,0,0,0,6.092
decode,real,6299,7251574333037874747,0,0,0,0,1,1,8286,8286.000,0,0,0,0,6.102
decode,real,6300,7251574333037874747,0,0,0,0,1,1,8287,8287.000,0,0,0,0,6.092
decode,real,6301,7251574333037874747,0,0,0,0,1,1,8288,8288.000,0,0,0,0,6.089
decode,real,6302,7251574333037874747,0,0,0,0,1,1,8289,8289.000,0,0,0,0,6.089
decode,real,6303,7251574333037874747,0,0,0,0,1,1,8290,8290.000,0,0,0,0,6.086
decode,real,6304,7251574333037874747,0,0,0,0,1,1,8291,8291.000,0,0,0,0,6.087
decode,real,6305,7251574333037874747,0,0,0,0,1,1,8292,8292.000,0,0,0,0,6.088
decode,real,6306,7251574333037874747,0,0,0,0,1,1,8293,8293.000,0,0,0,0,6.097
decode,real,6307,7251574333037874747,0,0,0,0,1,1,8294,8294.000,0,0,0,0,6.086
decode,real,6308,7251574333037874747,0,0,0,0,1,1,8295,8295.000,0,0,0,0,6.099
decode,real,6309,7251574333037874747,0,0,0,0,1,1,8296,8296.000,0,0,0,0,6.103
decode,real,6310,7251574333037874747,0,0,0,0,1,1,8297,8297.000,0,0,0,0,6.102
decode,real,6311,7251574333037874747,0,0,0,0,1,1,8298,8298.000,0,0,0,0,6.080
decode,real,6312,7251574333037874747,0,0,0,0,1,1,8299,8299.000,0,0,0,0,6.085
decode,real,6313,7251574333037874747,0,0,0,0,1,1,8300,8300.000,0,0,0,0,6.100
decode,real,6314,7251574333037874747,0,0,0,0,1,1,8301,8301.000,0,0,0,0,6.081
decode,real,6315,7251574333037874747,0,0,0,0,1,1,8302,8302.000,0,0,0,0,6.109
decode,real,6316,7251574333037874747,0,0,0,0,1,1,8303,8303.000,0,0,0,0,6.108
decode,real,6317,7251574333037874747,0,0,0,0,1,1,8304,8304.000,0,0,0,0,6.082
decode,real,6318,7251574333037874747,0,0,0,0,1,1,8305,8305.000,0,0,0,0,6.090
decode,real,6319,7251574333037874747,0,0,0,0,1,1,8306,8306.000,0,0,0,0,6.094
decode,real,6320,7251574333037874747,0,0,0,0,1,1,8307,8307.000,0,0,0,0,6.072
decode,real,6321,7251574333037874747,0,0,0,0,1,1,8308,8308.000,0,0,0,0,6.082
decode,real,6322,7251574333037874747,0,0,0,0,1,1,8309,8309.000,0,0,0,0,6.098
decode,real,6323,7251574333037874747,0,0,0,0,1,1,8310,8310.000,0,0,0,0,6.092
decode,real,6324,7251574333037874747,0,0,0,0,1,1,8311,8311.000,0,0,0,0,6.103
decode,real,6325,7251574333037874747,0,0,0,0,1,1,8312,8312.000,0,0,0,0,6.082
decode,real,6326,7251574333037874747,0,0,0,0,1,1,8313,8313.000,0,0,0,0,6.090
decode,real,6327,7251574333037874747,0,0,0,0,1,1,8314,8314.000,0,0,0,0,6.080
decode,real,6328,7251574333037874747,0,0,0,0,1,1,8315,8315.000,0,0,0,0,6.097
decode,real,6329,7251574333037874747,0,0,0,0,1,1,8316,8316.000,0,0,0,0,6.095
decode,real,6330,7251574333037874747,0,0,0,0,1,1,8317,8317.000,0,0,0,0,6.084
decode,real,6331,7251574333037874747,0,0,0,0,1,1,8318,8318.000,0,0,0,0,6.117
decode,real,6332,7251574333037874747,0,0,0,0,1,1,8319,8319.000,0,0,0,0,6.063
decode,real,6333,7251574333037874747,0,0,0,0,1,1,8320,8320.000,0,0,0,0,6.098
decode,real,6334,7251574333037874747,0,0,0,0,1,1,8321,8321.000,0,0,0,0,6.090
decode,real,6335,7251574333037874747,0,0,0,0,1,1,8322,8322.000,0,0,0,0,6.072
decode,real,6336,7251574333037874747,0,0,0,0,1,1,8323,8323.000,0,0,0,0,6.087
decode,real,6337,7251574333037874747,0,0,0,0,1,1,8324,8324.000,0,0,0,0,6.105
decode,real,6338,7251574333037874747,0,0,0,0,1,1,8325,8325.000,0,0,0,0,6.083
decode,real,6339,7251574333037874747,0,0,0,0,1,1,8326,8326.000,0,0,0,0,6.075
decode,real,6340,7251574333037874747,0,0,0,0,1,1,8327,8327.000,0,0,0,0,6.090
decode,real,6341,7251574333037874747,0,0,0,0,1,1,8328,8328.000,0,0,0,0,6.092
decode,real,6342,7251574333037874747,0,0,0,0,1,1,8329,8329.000,0,0,0,0,6.075
decode,real,6343,7251574333037874747,0,0,0,0,1,1,8330,8330.000,0,0,0,0,6.076
decode,real,6344,7251574333037874747,0,0,0,0,1,1,8331,8331.000,0,0,0,0,6.090
decode,real,6345,7251574333037874747,0,0,0,0,1,1,8332,8332.000,0,0,0,0,6.087
decode,real,6346,7251574333037874747,0,0,0,0,1,1,8333,8333.000,0,0,0,0,6.095
decode,real,6347,7251574333037874747,0,0,0,0,1,1,8334,8334.000,0,0,0,0,6.100
decode,real,6348,7251574333037874747,0,0,0,0,1,1,8335,8335.000,0,0,0,0,6.074
decode,real,6349,7251574333037874747,0,0,0,0,1,1,8336,8336.000,0,0,0,0,6.086
decode,real,6350,7251574333037874747,0,0,0,0,1,1,8337,8337.000,0,0,0,0,6.100
decode,real,6351,7251574333037874747,0,0,0,0,1,1,8338,8338.000,0,0,0,0,6.096
decode,real,6352,7251574333037874747,0,0,0,0,1,1,8339,8339.000,0,0,0,0,6.090
decode,real,6353,7251574333037874747,0,0,0,0,1,1,8340,8340.000,0,0,0,0,6.090
decode,real,6354,7251574333037874747,0,0,0,0,1,1,8341,8341.000,0,0,0,0,6.085
decode,real,6355,7251574333037874747,0,0,0,0,1,1,8342,8342.000,0,0,0,0,6.111
decode,real,6356,7251574333037874747,0,0,0,0,1,1,8343,8343.000,0,0,0,0,6.093
decode,real,6357,7251574333037874747,0,0,0,0,1,1,8344,8344.000,0,0,0,0,6.086
decode,real,6358,7251574333037874747,0,0,0,0,1,1,8345,8345.000,0,0,0,0,6.088
decode,real,6359,7251574333037874747,0,0,0,0,1,1,8346,8346.000,0,0,0,0,6.096
decode,real,6360,7251574333037874747,0,0,0,0,1,1,8347,8347.000,0,0,0,0,6.075
decode,real,6361,7251574333037874747,0,0,0,0,1,1,8348,8348.000,0,0,0,0,6.108
decode,real,6362,7251574333037874747,0,0,0,0,1,1,8349,8349.000,0,0,0,0,6.084
decode,real,6363,7251574333037874747,0,0,0,0,1,1,8350,8350.000,0,0,0,0,6.099
decode,real,6364,7251574333037874747,0,0,0,0,1,1,8351,8351.000,0,0,0,0,6.075
decode,real,6365,7251574333037874747,0,0,0,0,1,1,8352,8352.000,0,0,0,0,6.092
decode,real,6366,7251574333037874747,0,0,0,0,1,1,8353,8353.000,0,0,0,0,6.109
decode,real,6367,7251574333037874747,0,0,0,0,1,1,8354,8354.000,0,0,0,0,6.082
decode,real,6368,7251574333037874747,0,0,0,0,1,1,8355,8355.000,0,0,0,0,6.100
decode,real,6369,7251574333037874747,0,0,0,0,1,1,8356,8356.000,0,0,0,0,6.081
decode,real,6370,7251574333037874747,0,0,0,0,1,1,8357,8357.000,0,0,0,0,6.143
decode,real,6371,7251574333037874747,0,0,0,0,1,1,8358,8358.000,0,0,0,0,6.059
decode,real,6372,7251574333037874747,0,0,0,0,1,1,8359,8359.000,0,0,0,0,6.091
decode,real,6373,7251574333037874747,0,0,0,0,1,1,8360,8360.000,0,0,0,0,6.073
decode,real,6374,7251574333037874747,0,0,0,0,1,1,8361,8361.000,0,0,0,0,6.102
decode,real,6375,7251574333037874747,0,0,0,0,1,1,8362,8362.000,0,0,0,0,6.093
decode,real,6376,7251574333037874747,0,0,0,0,1,1,8363,8363.000,0,0,0,0,6.103
decode,real,6377,7251574333037874747,0,0,0,0,1,1,8364,8364.000,0,0,0,0,6.085
decode,real,6378,7251574333037874747,0,0,0,0,1,1,8365,8365.000,0,0,0,0,6.090
decode,real,6379,7251574333037874747,0,0,0,0,1,1,8366,8366.000,0,0,0,0,6.113
decode,real,6380,7251574333037874747,0,0,0,0,1,1,8367,8367.000,0,0,0,0,6.067
decode,real,6381,7251574333037874747,0,0,0,0,1,1,8368,8368.000,0,0,0,0,6.109
decode,real,6382,7251574333037874747,0,0,0,0,1,1,8369,8369.000,0,0,0,0,6.081
decode,real,6383,7251574333037874747,0,0,0,0,1,1,8370,8370.000,0,0,0,0,6.087
decode,real,6384,7251574333037874747,0,0,0,0,1,1,8371,8371.000,0,0,0,0,6.072
decode,real,6385,7251574333037874747,0,0,0,0,1,1,8372,8372.000,0,0,0,0,6.090
decode,real,6386,7251574333037874747,0,0,0,0,1,1,8373,8373.000,0,0,0,0,6.100
decode,real,6387,7251574333037874747,0,0,0,0,1,1,8374,8374.000,0,0,0,0,6.090
decode,real,6388,7251574333037874747,0,0,0,0,1,1,8375,8375.000,0,0,0,0,6.101
decode,real,6389,7251574333037874747,0,0,0,0,1,1,8376,8376.000,0,0,0,0,6.070
decode,real,6390,7251574333037874747,0,0,0,0,1,1,8377,8377.000,0,0,0,0,6.090
decode,real,6391,7251574333037874747,0,0,0,0,1,1,8378,8378.000,0,0,0,0,6.089
decode,real,6392,7251574333037874747,0,0,0,0,1,1,8379,8379.000,0,0,0,0,6.102
decode,real,6393,7251574333037874747,0,0,0,0,1,1,8380,8380.000,0,0,0,0,6.095
decode,real,6394,7251574333037874747,0,0,0,0,1,1,8381,8381.000,0,0,0,0,6.070
decode,real,6395,7251574333037874747,0,0,0,0,1,1,8382,8382.000,0,0,0,0,6.114
decode,real,6396,7251574333037874747,0,0,0,0,1,1,8383,8383.000,0,0,0,0,6.063
decode,real,6397,7251574333037874747,0,0,0,0,1,1,8384,8384.000,0,0,0,0,6.078
decode,real,6398,7251574333037874747,0,0,0,0,1,1,8385,8385.000,0,0,0,0,6.100
decode,real,6399,7251574333037874747,0,0,0,0,1,1,8386,8386.000,0,0,0,0,6.101
decode,real,6400,7251574333037874747,0,0,0,0,1,1,8387,8387.000,0,0,0,0,6.090
decode,real,6401,7251574333037874747,0,0,0,0,1,1,8388,8388.000,0,0,0,0,6.095
decode,real,6402,7251574333037874747,0,0,0,0,1,1,8389,8389.000,0,0,0,0,6.086
decode,real,6403,7251574333037874747,0,0,0,0,1,1,8390,8390.000,0,0,0,0,6.073
decode,real,6404,7251574333037874747,0,0,0,0,1,1,8391,8391.000,0,0,0,0,6.111
decode,real,6405,7251574333037874747,0,0,0,0,1,1,8392,8392.000,0,0,0,0,6.088
decode,real,6406,7251574333037874747,0,0,0,0,1,1,8393,8393.000,0,0,0,0,6.102
decode,real,6407,7251574333037874747,0,0,0,0,1,1,8394,8394.000,0,0,0,0,6.067
decode,real,6408,7251574333037874747,0,0,0,0,1,1,8395,8395.000,0,0,0,0,6.092
decode,real,6409,7251574333037874747,0,0,0,0,1,1,8396,8396.000,0,0,0,0,6.106
decode,real,6410,7251574333037874747,0,0,0,0,1,1,8397,8397.000,0,0,0,0,6.095
decode,real,6411,7251574333037874747,0,0,0,0,1,1,8398,8398.000,0,0,0,0,6.101
decode,real,6412,7251574333037874747,0,0,0,0,1,1,8399,8399.000,0,0,0,0,6.076
decode,real,6413,7251574333037874747,0,0,0,0,1,1,8400,8400.000,0,0,0,0,6.088
decode,real,6414,7251574333037874747,0,0,0,0,1,1,8401,8401.000,0,0,0,0,6.084
decode,real,6415,7251574333037874747,0,0,0,0,1,1,8402,8402.000,0,0,0,0,6.110
decode,real,6416,7251574333037874747,0,0,0,0,1,1,8403,8403.000,0,0,0,0,6.071
decode,real,6417,7251574333037874747,0,0,0,0,1,1,8404,8404.000,0,0,0,0,6.097
decode,real,6418,7251574333037874747,0,0,0,0,1,1,8405,8405.000,0,0,0,0,6.101
decode,real,6419,7251574333037874747,0,0,0,0,1,1,8406,8406.000,0,0,0,0,6.094
decode,real,6420,7251574333037874747,0,0,0,0,1,1,8407,8407.000,0,0,0,0,6.108
decode,real,6421,7251574333037874747,0,0,0,0,1,1,8408,8408.000,0,0,0,0,6.100
decode,real,6422,7251574333037874747,0,0,0,0,1,1,8409,8409.000,0,0,0,0,6.075
decode,real,6423,7251574333037874747,0,0,0,0,1,1,8410,8410.000,0,0,0,0,6.093
decode,real,6424,7251574333037874747,0,0,0,0,1,1,8411,8411.000,0,0,0,0,6.102
decode,real,6425,7251574333037874747,0,0,0,0,1,1,8412,8412.000,0,0,0,0,6.098
decode,real,6426,7251574333037874747,0,0,0,0,1,1,8413,8413.000,0,0,0,0,6.070
decode,real,6427,7251574333037874747,0,0,0,0,1,1,8414,8414.000,0,0,0,0,6.130
decode,real,6428,7251574333037874747,0,0,0,0,1,1,8415,8415.000,0,0,0,0,6.057
decode,real,6429,7251574333037874747,0,0,0,0,1,1,8416,8416.000,0,0,0,0,6.094
decode,real,6430,7251574333037874747,0,0,0,0,1,1,8417,8417.000,0,0,0,0,6.096
decode,real,6431,7251574333037874747,0,0,0,0,1,1,8418,8418.000,0,0,0,0,6.083
decode,real,6432,7251574333037874747,0,0,0,0,1,1,8419,8419.000,0,0,0,0,6.108
decode,real,6433,7251574333037874747,0,0,0,0,1,1,8420,8420.000,0,0,0,0,6.082
decode,real,6434,7251574333037874747,0,0,0,0,1,1,8421,8421.000,0,0,0,0,6.087
decode,real,6435,7251574333037874747,0,0,0,0,1,1,8422,8422.000,0,0,0,0,6.090
decode,real,6436,7251574333037874747,0,0,0,0,1,1,8423,8423.000,0,0,0,0,6.085
decode,real,6437,7251574333037874747,0,0,0,0,1,1,8424,8424.000,0,0,0,0,6.114
decode,real,6438,7251574333037874747,0,0,0,0,1,1,8425,8425.000,0,0,0,0,6.089
decode,real,6439,7251574333037874747,0,0,0,0,1,1,8426,8426.000,0,0,0,0,6.091
decode,real,6440,7251574333037874747,0,0,0,0,1,1,8427,8427.000,0,0,0,0,6.092
decode,real,6441,7251574333037874747,0,0,0,0,1,1,8428,8428.000,0,0,0,0,6.075
decode,real,6442,7251574333037874747,0,0,0,0,1,1,8429,8429.000,0,0,0,0,6.115
decode,real,6443,7251574333037874747,0,0,0,0,1,1,8430,8430.000,0,0,0,0,6.107
decode,real,6444,7251574333037874747,0,0,0,0,1,1,8431,8431.000,0,0,0,0,6.056
decode,real,6445,7251574333037874747,0,0,0,0,1,1,8432,8432.000,0,0,0,0,6.108
decode,real,6446,7251574333037874747,0,0,0,0,1,1,8433,8433.000,0,0,0,0,6.078
decode,real,6447,7251574333037874747,0,0,0,0,1,1,8434,8434.000,0,0,0,0,6.092
decode,real,6448,7251574333037874747,0,0,0,0,1,1,8435,8435.000,0,0,0,0,6.080
decode,real,6449,7251574333037874747,0,0,0,0,1,1,8436,8436.000,0,0,0,0,6.102
decode,real,6450,7251574333037874747,0,0,0,0,1,1,8437,8437.000,0,0,0,0,6.086
decode,real,6451,7251574333037874747,0,0,0,0,1,1,8438,8438.000,0,0,0,0,6.091
decode,real,6452,7251574333037874747,0,0,0,0,1,1,8439,8439.000,0,0,0,0,6.086
decode,real,6453,7251574333037874747,0,0,0,0,1,1,8440,8440.000,0,0,0,0,6.096
decode,real,6454,7251574333037874747,0,0,0,0,1,1,8441,8441.000,0,0,0,0,6.097
decode,real,6455,7251574333037874747,0,0,0,0,1,1,8442,8442.000,0,0,0,0,6.093
decode,real,6456,7251574333037874747,0,0,0,0,1,1,8443,8443.000,0,0,0,0,6.090
decode,real,6457,7251574333037874747,0,0,0,0,1,1,8444,8444.000,0,0,0,0,6.081
decode,real,6458,7251574333037874747,0,0,0,0,1,1,8445,8445.000,0,0,0,0,6.104
decode,real,6459,7251574333037874747,0,0,0,0,1,1,8446,8446.000,0,0,0,0,6.088
decode,real,6460,7251574333037874747,0,0,0,0,1,1,8447,8447.000,0,0,0,0,6.074
decode,real,6461,7251574333037874747,0,0,0,0,1,1,8448,8448.000,0,0,0,0,6.116
decode,real,6462,7251574333037874747,0,0,0,0,1,1,8449,8449.000,0,0,0,0,6.110
decode,real,6463,7251574333037874747,0,0,0,0,1,1,8450,8450.000,0,0,0,0,6.128
decode,real,6464,7251574333037874747,0,0,0,0,1,1,8451,8451.000,0,0,0,0,6.109
decode,real,6465,7251574333037874747,0,0,0,0,1,1,8452,8452.000,0,0,0,0,6.105
decode,real,6466,7251574333037874747,0,0,0,0,1,1,8453,8453.000,0,0,0,0,6.120
decode,real,6467,7251574333037874747,0,0,0,0,1,1,8454,8454.000,0,0,0,0,6.103
decode,real,6468,7251574333037874747,0,0,0,0,1,1,8455,8455.000,0,0,0,0,6.098
decode,real,6469,7251574333037874747,0,0,0,0,1,1,8456,8456.000,0,0,0,0,6.122
decode,real,6470,7251574333037874747,0,0,0,0,1,1,8457,8457.000,0,0,0,0,6.107
decode,real,6471,7251574333037874747,0,0,0,0,1,1,8458,8458.000,0,0,0,0,6.102
decode,real,6472,7251574333037874747,0,0,0,0,1,1,8459,8459.000,0,0,0,0,6.121
decode,real,6473,7251574333037874747,0,0,0,0,1,1,8460,8460.000,0,0,0,0,6.133
decode,real,6474,7251574333037874747,0,0,0,0,1,1,8461,8461.000,0,0,0,0,6.084
decode,real,6475,7251574333037874747,0,0,0,0,1,1,8462,8462.000,0,0,0,0,6.128
decode,real,6476,7251574333037874747,0,0,0,0,1,1,8463,8463.000,0,0,0,0,6.100
decode,real,6477,7251574333037874747,0,0,0,0,1,1,8464,8464.000,0,0,0,0,6.105
decode,real,6478,7251574333037874747,0,0,0,0,1,1,8465,8465.000,0,0,0,0,6.098
decode,real,6479,7251574333037874747,0,0,0,0,1,1,8466,8466.000,0,0,0,0,6.117
decode,real,6480,7251574333037874747,0,0,0,0,1,1,8467,8467.000,0,0,0,0,6.097
decode,real,6481,7251574333037874747,0,0,0,0,1,1,8468,8468.000,0,0,0,0,6.117
decode,real,6482,7251574333037874747,0,0,0,0,1,1,8469,8469.000,0,0,0,0,6.127
decode,real,6483,7251574333037874747,0,0,0,0,1,1,8470,8470.000,0,0,0,0,6.092
decode,real,6484,7251574333037874747,0,0,0,0,1,1,8471,8471.000,0,0,0,0,6.091
decode,real,6485,7251574333037874747,0,0,0,0,1,1,8472,8472.000,0,0,0,0,6.139
decode,real,6486,7251574333037874747,0,0,0,0,1,1,8473,8473.000,0,0,0,0,6.094
decode,real,6487,7251574333037874747,0,0,0,0,1,1,8474,8474.000,0,0,0,0,6.106
decode,real,6488,7251574333037874747,0,0,0,0,1,1,8475,8475.000,0,0,0,0,6.126
decode,real,6489,7251574333037874747,0,0,0,0,1,1,8476,8476.000,0,0,0,0,6.102
decode,real,6490,7251574333037874747,0,0,0,0,1,1,8477,8477.000,0,0,0,0,6.091
decode,real,6491,7251574333037874747,0,0,0,0,1,1,8478,8478.000,0,0,0,0,6.135
decode,real,6492,7251574333037874747,0,0,0,0,1,1,8479,8479.000,0,0,0,0,6.102
decode,real,6493,7251574333037874747,0,0,0,0,1,1,8480,8480.000,0,0,0,0,6.094
decode,real,6494,7251574333037874747,0,0,0,0,1,1,8481,8481.000,0,0,0,0,6.120
decode,real,6495,7251574333037874747,0,0,0,0,1,1,8482,8482.000,0,0,0,0,6.114
decode,real,6496,7251574333037874747,0,0,0,0,1,1,8483,8483.000,0,0,0,0,6.096
decode,real,6497,7251574333037874747,0,0,0,0,1,1,8484,8484.000,0,0,0,0,6.100
decode,real,6498,7251574333037874747,0,0,0,0,1,1,8485,8485.000,0,0,0,0,6.124
decode,real,6499,7251574333037874747,0,0,0,0,1,1,8486,8486.000,0,0,0,0,6.105
decode,real,6500,7251574333037874747,0,0,0,0,1,1,8487,8487.000,0,0,0,0,6.109
decode,real,6501,7251574333037874747,0,0,0,0,1,1,8488,8488.000,0,0,0,0,6.103
decode,real,6502,7251574333037874747,0,0,0,0,1,1,8489,8489.000,0,0,0,0,6.109
decode,real,6503,7251574333037874747,0,0,0,0,1,1,8490,8490.000,0,0,0,0,6.099
decode,real,6504,7251574333037874747,0,0,0,0,1,1,8491,8491.000,0,0,0,0,6.120
decode,real,6505,7251574333037874747,0,0,0,0,1,1,8492,8492.000,0,0,0,0,6.104
decode,real,6506,7251574333037874747,0,0,0,0,1,1,8493,8493.000,0,0,0,0,6.120
decode,real,6507,7251574333037874747,0,0,0,0,1,1,8494,8494.000,0,0,0,0,6.127
decode,real,6508,7251574333037874747,0,0,0,0,1,1,8495,8495.000,0,0,0,0,6.094
decode,real,6509,7251574333037874747,0,0,0,0,1,1,8496,8496.000,0,0,0,0,6.103
decode,real,6510,7251574333037874747,0,0,0,0,1,1,8497,8497.000,0,0,0,0,6.126
decode,real,6511,7251574333037874747,0,0,0,0,1,1,8498,8498.000,0,0,0,0,6.099
decode,real,6512,7251574333037874747,0,0,0,0,1,1,8499,8499.000,0,0,0,0,6.112
decode,real,6513,7251574333037874747,0,0,0,0,1,1,8500,8500.000,0,0,0,0,6.092
decode,real,6514,7251574333037874747,0,0,0,0,1,1,8501,8501.000,0,0,0,0,6.125
decode,real,6515,7251574333037874747,0,0,0,0,1,1,8502,8502.000,0,0,0,0,6.105
decode,real,6516,7251574333037874747,0,0,0,0,1,1,8503,8503.000,0,0,0,0,6.123
decode,real,6517,7251574333037874747,0,0,0,0,1,1,8504,8504.000,0,0,0,0,6.110
decode,real,6518,7251574333037874747,0,0,0,0,1,1,8505,8505.000,0,0,0,0,6.102
decode,real,6519,7251574333037874747,0,0,0,0,1,1,8506,8506.000,0,0,0,0,6.124
decode,real,6520,7251574333037874747,0,0,0,0,1,1,8507,8507.000,0,0,0,0,6.086
decode,real,6521,7251574333037874747,0,0,0,0,1,1,8508,8508.000,0,0,0,0,6.112
decode,real,6522,7251574333037874747,0,0,0,0,1,1,8509,8509.000,0,0,0,0,6.126
decode,real,6523,7251574333037874747,0,0,0,0,1,1,8510,8510.000,0,0,0,0,6.113
decode,real,6524,7251574333037874747,0,0,0,0,1,1,8511,8511.000,0,0,0,0,6.118
decode,real,6525,7251574333037874747,0,0,0,0,1,1,8512,8512.000,0,0,0,0,6.100
decode,real,6526,7251574333037874747,0,0,0,0,1,1,8513,8513.000,0,0,0,0,6.118
decode,real,6527,7251574333037874747,0,0,0,0,1,1,8514,8514.000,0,0,0,0,6.108
decode,real,6528,7251574333037874747,0,0,0,0,1,1,8515,8515.000,0,0,0,0,6.106
decode,real,6529,7251574333037874747,0,0,0,0,1,1,8516,8516.000,0,0,0,0,6.099
decode,real,6530,7251574333037874747,0,0,0,0,1,1,8517,8517.000,0,0,0,0,6.126
decode,real,6531,7251574333037874747,0,0,0,0,1,1,8518,8518.000,0,0,0,0,6.098
decode,real,6532,7251574333037874747,0,0,0,0,1,1,8519,8519.000,0,0,0,0,6.100
decode,real,6533,7251574333037874747,0,0,0,0,1,1,8520,8520.000,0,0,0,0,6.116
decode,real,6534,7251574333037874747,0,0,0,0,1,1,8521,8521.000,0,0,0,0,6.094
decode,real,6535,7251574333037874747,0,0,0,0,1,1,8522,8522.000,0,0,0,0,6.125
decode,real,6536,7251574333037874747,0,0,0,0,1,1,8523,8523.000,0,0,0,0,6.108
decode,real,6537,7251574333037874747,0,0,0,0,1,1,8524,8524.000,0,0,0,0,6.125
decode,real,6538,7251574333037874747,0,0,0,0,1,1,8525,8525.000,0,0,0,0,6.080
decode,real,6539,7251574333037874747,0,0,0,0,1,1,8526,8526.000,0,0,0,0,6.138
decode,real,6540,7251574333037874747,0,0,0,0,1,1,8527,8527.000,0,0,0,0,6.085
decode,real,6541,7251574333037874747,0,0,0,0,1,1,8528,8528.000,0,0,0,0,6.129
decode,real,6542,7251574333037874747,0,0,0,0,1,1,8529,8529.000,0,0,0,0,6.098
decode,real,6543,7251574333037874747,0,0,0,0,1,1,8530,8530.000,0,0,0,0,6.108
decode,real,6544,7251574333037874747,0,0,0,0,1,1,8531,8531.000,0,0,0,0,6.101
decode,real,6545,7251574333037874747,0,0,0,0,1,1,8532,8532.000,0,0,0,0,6.114
decode,real,6546,7251574333037874747,0,0,0,0,1,1,8533,8533.000,0,0,0,0,6.118
decode,real,6547,7251574333037874747,0,0,0,0,1,1,8534,8534.000,0,0,0,0,6.109
decode,real,6548,7251574333037874747,0,0,0,0,1,1,8535,8535.000,0,0,0,0,6.100
decode,real,6549,7251574333037874747,0,0,0,0,1,1,8536,8536.000,0,0,0,0,6.109
decode,real,6550,7251574333037874747,0,0,0,0,1,1,8537,8537.000,0,0,0,0,6.112
decode,real,6551,7251574333037874747,0,0,0,0,1,1,8538,8538.000,0,0,0,0,6.118
decode,real,6552,7251574333037874747,0,0,0,0,1,1,8539,8539.000,0,0,0,0,6.107
decode,real,6553,7251574333037874747,0,0,0,0,1,1,8540,8540.000,0,0,0,0,6.106
decode,real,6554,7251574333037874747,0,0,0,0,1,1,8541,8541.000,0,0,0,0,6.106
decode,real,6555,7251574333037874747,0,0,0,0,1,1,8542,8542.000,0,0,0,0,6.130
decode,real,6556,7251574333037874747,0,0,0,0,1,1,8543,8543.000,0,0,0,0,6.097
decode,real,6557,7251574333037874747,0,0,0,0,1,1,8544,8544.000,0,0,0,0,6.094
decode,real,6558,7251574333037874747,0,0,0,0,1,1,8545,8545.000,0,0,0,0,6.108
decode,real,6559,7251574333037874747,0,0,0,0,1,1,8546,8546.000,0,0,0,0,6.123
decode,real,6560,7251574333037874747,0,0,0,0,1,1,8547,8547.000,0,0,0,0,6.096
decode,real,6561,7251574333037874747,0,0,0,0,1,1,8548,8548.000,0,0,0,0,6.134
decode,real,6562,7251574333037874747,0,0,0,0,1,1,8549,8549.000,0,0,0,0,6.078
decode,real,6563,7251574333037874747,0,0,0,0,1,1,8550,8550.000,0,0,0,0,6.113
decode,real,6564,7251574333037874747,0,0,0,0,1,1,8551,8551.000,0,0,0,0,6.114
decode,real,6565,7251574333037874747,0,0,0,0,1,1,8552,8552.000,0,0,0,0,6.112
decode,real,6566,7251574333037874747,0,0,0,0,1,1,8553,8553.000,0,0,0,0,6.093
decode,real,6567,7251574333037874747,0,0,0,0,1,1,8554,8554.000,0,0,0,0,6.137
decode,real,6568,7251574333037874747,0,0,0,0,1,1,8555,8555.000,0,0,0,0,6.105
decode,real,6569,7251574333037874747,0,0,0,0,1,1,8556,8556.000,0,0,0,0,6.106
decode,real,6570,7251574333037874747,0,0,0,0,1,1,8557,8557.000,0,0,0,0,6.123
decode,real,6571,7251574333037874747,0,0,0,0,1,1,8558,8558.000,0,0,0,0,6.106
decode,real,6572,7251574333037874747,0,0,0,0,1,1,8559,8559.000,0,0,0,0,6.082
decode,real,6573,7251574333037874747,0,0,0,0,1,1,8560,8560.000,0,0,0,0,6.132
decode,real,6574,7251574333037874747,0,0,0,0,1,1,8561,8561.000,0,0,0,0,6.085
decode,real,6575,7251574333037874747,0,0,0,0,1,1,8562,8562.000,0,0,0,0,6.115
decode,real,6576,7251574333037874747,0,0,0,0,1,1,8563,8563.000,0,0,0,0,6.130
decode,real,6577,7251574333037874747,0,0,0,0,1,1,8564,8564.000,0,0,0,0,6.107
decode,real,6578,7251574333037874747,0,0,0,0,1,1,8565,8565.000,0,0,0,0,6.095
decode,real,6579,7251574333037874747,0,0,0,0,1,1,8566,8566.000,0,0,0,0,6.126
decode,real,6580,7251574333037874747,0,0,0,0,1,1,8567,8567.000,0,0,0,0,6.105
decode,real,6581,7251574333037874747,0,0,0,0,1,1,8568,8568.000,0,0,0,0,6.103
decode,real,6582,7251574333037874747,0,0,0,0,1,1,8569,8569.000,0,0,0,0,6.107
decode,real,6583,7251574333037874747,0,0,0,0,1,1,8570,8570.000,0,0,0,0,6.105
decode,real,6584,7251574333037874747,0,0,0,0,1,1,8571,8571.000,0,0,0,0,6.121
decode,real,6585,7251574333037874747,0,0,0,0,1,1,8572,8572.000,0,0,0,0,6.108
decode,real,6586,7251574333037874747,0,0,0,0,1,1,8573,8573.000,0,0,0,0,6.098
decode,real,6587,7251574333037874747,0,0,0,0,1,1,8574,8574.000,0,0,0,0,6.138
decode,real,6588,7251574333037874747,0,0,0,0,1,1,8575,8575.000,0,0,0,0,6.082
decode,real,6589,7251574333037874747,0,0,0,0,1,1,8576,8576.000,0,0,0,0,6.132
decode,real,6590,7251574333037874747,0,0,0,0,1,1,8577,8577.000,0,0,0,0,6.098
decode,real,6591,7251574333037874747,0,0,0,0,1,1,8578,8578.000,0,0,0,0,6.105
decode,real,6592,7251574333037874747,0,0,0,0,1,1,8579,8579.000,0,0,0,0,6.116
decode,real,6593,7251574333037874747,0,0,0,0,1,1,8580,8580.000,0,0,0,0,6.109
decode,real,6594,7251574333037874747,0,0,0,0,1,1,8581,8581.000,0,0,0,0,6.099
decode,real,6595,7251574333037874747,0,0,0,0,1,1,8582,8582.000,0,0,0,0,6.102
decode,real,6596,7251574333037874747,0,0,0,0,1,1,8583,8583.000,0,0,0,0,6.123
decode,real,6597,7251574333037874747,0,0,0,0,1,1,8584,8584.000,0,0,0,0,6.118
decode,real,6598,7251574333037874747,0,0,0,0,1,1,8585,8585.000,0,0,0,0,6.098
decode,real,6599,7251574333037874747,0,0,0,0,1,1,8586,8586.000,0,0,0,0,6.112
decode,real,6600,7251574333037874747,0,0,0,0,1,1,8587,8587.000,0,0,0,0,6.099
decode,real,6601,7251574333037874747,0,0,0,0,1,1,8588,8588.000,0,0,0,0,6.129
decode,real,6602,7251574333037874747,0,0,0,0,1,1,8589,8589.000,0,0,0,0,6.092
decode,real,6603,7251574333037874747,0,0,0,0,1,1,8590,8590.000,0,0,0,0,6.118
decode,real,6604,7251574333037874747,0,0,0,0,1,1,8591,8591.000,0,0,0,0,6.104
decode,real,6605,7251574333037874747,0,0,0,0,1,1,8592,8592.000,0,0,0,0,6.108
decode,real,6606,7251574333037874747,0,0,0,0,1,1,8593,8593.000,0,0,0,0,6.112
decode,real,6607,7251574333037874747,0,0,0,0,1,1,8594,8594.000,0,0,0,0,6.097
decode,real,6608,7251574333037874747,0,0,0,0,1,1,8595,8595.000,0,0,0,0,6.115
decode,real,6609,7251574333037874747,0,0,0,0,1,1,8596,8596.000,0,0,0,0,6.120
decode,real,6610,7251574333037874747,0,0,0,0,1,1,8597,8597.000,0,0,0,0,6.106
decode,real,6611,7251574333037874747,0,0,0,0,1,1,8598,8598.000,0,0,0,0,6.096
decode,real,6612,7251574333037874747,0,0,0,0,1,1,8599,8599.000,0,0,0,0,6.118
decode,real,6613,7251574333037874747,0,0,0,0,1,1,8600,8600.000,0,0,0,0,6.099
decode,real,6614,7251574333037874747,0,0,0,0,1,1,8601,8601.000,0,0,0,0,6.126
decode,real,6615,7251574333037874747,0,0,0,0,1,1,8602,8602.000,0,0,0,0,6.080
decode,real,6616,7251574333037874747,0,0,0,0,1,1,8603,8603.000,0,0,0,0,6.120
decode,real,6617,7251574333037874747,0,0,0,0,1,1,8604,8604.000,0,0,0,0,6.106
decode,real,6618,7251574333037874747,0,0,0,0,1,1,8605,8605.000,0,0,0,0,6.137
decode,real,6619,7251574333037874747,0,0,0,0,1,1,8606,8606.000,0,0,0,0,6.105
decode,real,6620,7251574333037874747,0,0,0,0,1,1,8607,8607.000,0,0,0,0,6.077
decode,real,6621,7251574333037874747,0,0,0,0,1,1,8608,8608.000,0,0,0,0,6.141
decode,real,6622,7251574333037874747,0,0,0,0,1,1,8609,8609.000,0,0,0,0,6.097
decode,real,6623,7251574333037874747,0,0,0,0,1,1,8610,8610.000,0,0,0,0,6.108
decode,real,6624,7251574333037874747,0,0,0,0,1,1,8611,8611.000,0,0,0,0,6.107
decode,real,6625,7251574333037874747,0,0,0,0,1,1,8612,8612.000,0,0,0,0,6.105
decode,real,6626,7251574333037874747,0,0,0,0,1,1,8613,8613.000,0,0,0,0,6.129
decode,real,6627,7251574333037874747,0,0,0,0,1,1,8614,8614.000,0,0,0,0,6.093
decode,real,6628,7251574333037874747,0,0,0,0,1,1,8615,8615.000,0,0,0,0,6.107
decode,real,6629,7251574333037874747,0,0,0,0,1,1,8616,8616.000,0,0,0,0,6.120
decode,real,6630,7251574333037874747,0,0,0,0,1,1,8617,8617.000,0,0,0,0,6.091
decode,real,6631,7251574333037874747,0,0,0,0,1,1,8618,8618.000,0,0,0,0,6.114
decode,real,6632,7251574333037874747,0,0,0,0,1,1,8619,8619.000,0,0,0,0,6.117
decode,real,6633,7251574333037874747,0,0,0,0,1,1,8620,8620.000,0,0,0,0,6.116
decode,real,6634,7251574333037874747,0,0,0,0,1,1,8621,8621.000,0,0,0,0,6.093
decode,real,6635,7251574333037874747,0,0,0,0,1,1,8622,8622.000,0,0,0,0,6.131
decode,real,6636,7251574333037874747,0,0,0,0,1,1,8623,8623.000,0,0,0,0,6.108
decode,real,6637,7251574333037874747,0,0,0,0,1,1,8624,8624.000,0,0,0,0,6.113
decode,real,6638,7251574333037874747,0,0,0,0,1,1,8625,8625.000,0,0,0,0,6.115
decode,real,6639,7251574333037874747,0,0,0,0,1,1,8626,8626.000,0,0,0,0,6.091
decode,real,6640,7251574333037874747,0,0,0,0,1,1,8627,8627.000,0,0,0,0,6.117
decode,real,6641,7251574333037874747,0,0,0,0,1,1,8628,8628.000,0,0,0,0,6.110
decode,real,6642,7251574333037874747,0,0,0,0,1,1,8629,8629.000,0,0,0,0,6.117
decode,real,6643,7251574333037874747,0,0,0,0,1,1,8630,8630.000,0,0,0,0,6.096
decode,real,6644,7251574333037874747,0,0,0,0,1,1,8631,8631.000,0,0,0,0,6.133
decode,real,6645,7251574333037874747,0,0,0,0,1,1,8632,8632.000,0,0,0,0,6.098
decode,real,6646,7251574333037874747,0,0,0,0,1,1,8633,8633.000,0,0,0,0,6.121
decode,real,6647,7251574333037874747,0,0,0,0,1,1,8634,8634.000,0,0,0,0,6.116
decode,real,6648,7251574333037874747,0,0,0,0,1,1,8635,8635.000,0,0,0,0,6.113
decode,real,6649,7251574333037874747,0,0,0,0,1,1,8636,8636.000,0,0,0,0,6.086
decode,real,6650,7251574333037874747,0,0,0,0,1,1,8637,8637.000,0,0,0,0,6.115
decode,real,6651,7251574333037874747,0,0,0,0,1,1,8638,8638.000,0,0,0,0,6.122
decode,real,6652,7251574333037874747,0,0,0,0,1,1,8639,8639.000,0,0,0,0,6.094
decode,real,6653,7251574333037874747,0,0,0,0,1,1,8640,8640.000,0,0,0,0,6.121
decode,real,6654,7251574333037874747,0,0,0,0,1,1,8641,8641.000,0,0,0,0,6.103
decode,real,6655,7251574333037874747,0,0,0,0,1,1,8642,8642.000,0,0,0,0,6.143
decode,real,6656,7251574333037874747,0,0,0,0,1,1,8643,8643.000,0,0,0,0,6.099
decode,real,6657,7251574333037874747,0,0,0,0,1,1,8644,8644.000,0,0,0,0,6.100
decode,real,6658,7251574333037874747,0,0,0,0,1,1,8645,8645.000,0,0,0,0,6.131
decode,real,6659,7251574333037874747,0,0,0,0,1,1,8646,8646.000,0,0,0,0,6.094
decode,real,6660,7251574333037874747,0,0,0,0,1,1,8647,8647.000,0,0,0,0,6.114
decode,real,6661,7251574333037874747,0,0,0,0,1,1,8648,8648.000,0,0,0,0,6.127
decode,real,6662,7251574333037874747,0,0,0,0,1,1,8649,8649.000,0,0,0,0,6.111
decode,real,6663,7251574333037874747,0,0,0,0,1,1,8650,8650.000,0,0,0,0,6.110
decode,real,6664,7251574333037874747,0,0,0,0,1,1,8651,8651.000,0,0,0,0,6.108
decode,real,6665,7251574333037874747,0,0,0,0,1,1,8652,8652.000,0,0,0,0,6.131
decode,real,6666,7251574333037874747,0,0,0,0,1,1,8653,8653.000,0,0,0,0,6.116
decode,real,6667,7251574333037874747,0,0,0,0,1,1,8654,8654.000,0,0,0,0,6.127
decode,real,6668,7251574333037874747,0,0,0,0,1,1,8655,8655.000,0,0,0,0,6.097
decode,real,6669,7251574333037874747,0,0,0,0,1,1,8656,8656.000,0,0,0,0,6.107
decode,real,6670,7251574333037874747,0,0,0,0,1,1,8657,8657.000,0,0,0,0,6.111
decode,real,6671,7251574333037874747,0,0,0,0,1,1,8658,8658.000,0,0,0,0,6.096
decode,real,6672,7251574333037874747,0,0,0,0,1,1,8659,8659.000,0,0,0,0,6.128
decode,real,6673,7251574333037874747,0,0,0,0,1,1,8660,8660.000,0,0,0,0,6.085
decode,real,6674,7251574333037874747,0,0,0,0,1,1,8661,8661.000,0,0,0,0,6.123
decode,real,6675,7251574333037874747,0,0,0,0,1,1,8662,8662.000,0,0,0,0,6.090
decode,real,6676,7251574333037874747,0,0,0,0,1,1,8663,8663.000,0,0,0,0,6.114
decode,real,6677,7251574333037874747,0,0,0,0,1,1,8664,8664.000,0,0,0,0,6.117
decode,real,6678,7251574333037874747,0,0,0,0,1,1,8665,8665.000,0,0,0,0,6.091
decode,real,6679,7251574333037874747,0,0,0,0,1,1,8666,8666.000,0,0,0,0,6.107
decode,real,6680,7251574333037874747,0,0,0,0,1,1,8667,8667.000,0,0,0,0,6.110
decode,real,6681,7251574333037874747,0,0,0,0,1,1,8668,8668.000,0,0,0,0,6.138
decode,real,6682,7251574333037874747,0,0,0,0,1,1,8669,8669.000,0,0,0,0,6.094
decode,real,6683,7251574333037874747,0,0,0,0,1,1,8670,8670.000,0,0,0,0,6.131
decode,real,6684,7251574333037874747,0,0,0,0,1,1,8671,8671.000,0,0,0,0,6.101
decode,real,6685,7251574333037874747,0,0,0,0,1,1,8672,8672.000,0,0,0,0,6.105
decode,real,6686,7251574333037874747,0,0,0,0,1,1,8673,8673.000,0,0,0,0,6.100
decode,real,6687,7251574333037874747,0,0,0,0,1,1,8674,8674.000,0,0,0,0,6.107
decode,real,6688,7251574333037874747,0,0,0,0,1,1,8675,8675.000,0,0,0,0,6.107
decode,real,6689,7251574333037874747,0,0,0,0,1,1,8676,8676.000,0,0,0,0,6.127
decode,real,6690,7251574333037874747,0,0,0,0,1,1,8677,8677.000,0,0,0,0,6.096
decode,real,6691,7251574333037874747,0,0,0,0,1,1,8678,8678.000,0,0,0,0,6.112
decode,real,6692,7251574333037874747,0,0,0,0,1,1,8679,8679.000,0,0,0,0,6.117
decode,real,6693,7251574333037874747,0,0,0,0,1,1,8680,8680.000,0,0,0,0,6.091
decode,real,6694,7251574333037874747,0,0,0,0,1,1,8681,8681.000,0,0,0,0,6.119
decode,real,6695,7251574333037874747,0,0,0,0,1,1,8682,8682.000,0,0,0,0,6.099
decode,real,6696,7251574333037874747,0,0,0,0,1,1,8683,8683.000,0,0,0,0,6.122
decode,real,6697,7251574333037874747,0,0,0,0,1,1,8684,8684.000,0,0,0,0,6.088
decode,real,6698,7251574333037874747,0,0,0,0,1,1,8685,8685.000,0,0,0,0,6.121
decode,real,6699,7251574333037874747,0,0,0,0,1,1,8686,8686.000,0,0,0,0,6.115
decode,real,6700,7251574333037874747,0,0,0,0,1,1,8687,8687.000,0,0,0,0,6.109
decode,real,6701,7251574333037874747,0,0,0,0,1,1,8688,8688.000,0,0,0,0,6.109
decode,real,6702,7251574333037874747,0,0,0,0,1,1,8689,8689.000,0,0,0,0,6.125
decode,real,6703,7251574333037874747,0,0,0,0,1,1,8690,8690.000,0,0,0,0,6.106
decode,real,6704,7251574333037874747,0,0,0,0,1,1,8691,8691.000,0,0,0,0,6.113
decode,real,6705,7251574333037874747,0,0,0,0,1,1,8692,8692.000,0,0,0,0,6.104
decode,real,6706,7251574333037874747,0,0,0,0,1,1,8693,8693.000,0,0,0,0,6.101
decode,real,6707,7251574333037874747,0,0,0,0,1,1,8694,8694.000,0,0,0,0,6.107
decode,real,6708,7251574333037874747,0,0,0,0,1,1,8695,8695.000,0,0,0,0,6.112
decode,real,6709,7251574333037874747,0,0,0,0,1,1,8696,8696.000,0,0,0,0,6.088
decode,real,6710,7251574333037874747,0,0,0,0,1,1,8697,8697.000,0,0,0,0,6.134
decode,real,6711,7251574333037874747,0,0,0,0,1,1,8698,8698.000,0,0,0,0,6.111
decode,real,6712,7251574333037874747,0,0,0,0,1,1,8699,8699.000,0,0,0,0,6.105
decode,real,6713,7251574333037874747,0,0,0,0,1,1,8700,8700.000,0,0,0,0,6.123
decode,real,6714,7251574333037874747,0,0,0,0,1,1,8701,8701.000,0,0,0,0,6.087
decode,real,6715,7251574333037874747,0,0,0,0,1,1,8702,8702.000,0,0,0,0,6.125
decode,real,6716,7251574333037874747,0,0,0,0,1,1,8703,8703.000,0,0,0,0,6.111
decode,real,6717,7251574333037874747,0,0,0,0,1,1,8704,8704.000,0,0,0,0,6.095
decode,real,6718,7251574333037874747,0,0,0,0,1,1,8705,8705.000,0,0,0,0,6.138
decode,real,6719,7251574333037874747,0,0,0,0,1,1,8706,8706.000,0,0,0,0,6.101
decode,real,6720,7251574333037874747,0,0,0,0,1,1,8707,8707.000,0,0,0,0,6.097
decode,real,6721,7251574333037874747,0,0,0,0,1,1,8708,8708.000,0,0,0,0,6.113
decode,real,6722,7251574333037874747,0,0,0,0,1,1,8709,8709.000,0,0,0,0,6.110
decode,real,6723,7251574333037874747,0,0,0,0,1,1,8710,8710.000,0,0,0,0,6.115
decode,real,6724,7251574333037874747,0,0,0,0,1,1,8711,8711.000,0,0,0,0,6.101
decode,real,6725,7251574333037874747,0,0,0,0,1,1,8712,8712.000,0,0,0,0,6.109
decode,real,6726,7251574333037874747,0,0,0,0,1,1,8713,8713.000,0,0,0,0,6.114
decode,real,6727,7251574333037874747,0,0,0,0,1,1,8714,8714.000,0,0,0,0,6.101
decode,real,6728,7251574333037874747,0,0,0,0,1,1,8715,8715.000,0,0,0,0,6.120
decode,real,6729,7251574333037874747,0,0,0,0,1,1,8716,8716.000,0,0,0,0,6.093
decode,real,6730,7251574333037874747,0,0,0,0,1,1,8717,8717.000,0,0,0,0,6.107
decode,real,6731,7251574333037874747,0,0,0,0,1,1,8718,8718.000,0,0,0,0,6.142
decode,real,6732,7251574333037874747,0,0,0,0,1,1,8719,8719.000,0,0,0,0,6.090
decode,real,6733,7251574333037874747,0,0,0,0,1,1,8720,8720.000,0,0,0,0,6.112
decode,real,6734,7251574333037874747,0,0,0,0,1,1,8721,8721.000,0,0,0,0,6.091
decode,real,6735,7251574333037874747,0,0,0,0,1,1,8722,8722.000,0,0,0,0,6.106
decode,real,6736,7251574333037874747,0,0,0,0,1,1,8723,8723.000,0,0,0,0,6.112
decode,real,6737,7251574333037874747,0,0,0,0,1,1,8724,8724.000,0,0,0,0,6.091
decode,real,6738,7251574333037874747,0,0,0,0,1,1,8725,8725.000,0,0,0,0,6.125
decode,real,6739,7251574333037874747,0,0,0,0,1,1,8726,8726.000,0,0,0,0,6.092
decode,real,6740,7251574333037874747,0,0,0,0,1,1,8727,8727.000,0,0,0,0,6.135
decode,real,6741,7251574333037874747,0,0,0,0,1,1,8728,8728.000,0,0,0,0,6.095
decode,real,6742,7251574333037874747,0,0,0,0,1,1,8729,8729.000,0,0,0,0,6.117
decode,real,6743,7251574333037874747,0,0,0,0,1,1,8730,8730.000,0,0,0,0,6.093
decode,real,6744,7251574333037874747,0,0,0,0,1,1,8731,8731.000,0,0,0,0,6.110
decode,real,6745,7251574333037874747,0,0,0,0,1,1,8732,8732.000,0,0,0,0,6.105
decode,real,6746,7251574333037874747,0,0,0,0,1,1,8733,8733.000,0,0,0,0,6.108
decode,real,6747,7251574333037874747,0,0,0,0,1,1,8734,8734.000,0,0,0,0,6.140
decode,real,6748,7251574333037874747,0,0,0,0,1,1,8735,8735.000,0,0,0,0,6.086
decode,real,6749,7251574333037874747,0,0,0,0,1,1,8736,8736.000,0,0,0,0,6.123
decode,real,6750,7251574333037874747,0,0,0,0,1,1,8737,8737.000,0,0,0,0,6.095
decode,real,6751,7251574333037874747,0,0,0,0,1,1,8738,8738.000,0,0,0,0,6.106
decode,real,6752,7251574333037874747,0,0,0,0,1,1,8739,8739.000,0,0,0,0,6.111
decode,real,6753,7251574333037874747,0,0,0,0,1,1,8740,8740.000,0,0,0,0,6.101
decode,real,6754,7251574333037874747,0,0,0,0,1,1,8741,8741.000,0,0,0,0,6.120
decode,real,6755,7251574333037874747,0,0,0,0,1,1,8742,8742.000,0,0,0,0,6.129
decode,real,6756,7251574333037874747,0,0,0,0,1,1,8743,8743.000,0,0,0,0,6.112
decode,real,6757,7251574333037874747,0,0,0,0,1,1,8744,8744.000,0,0,0,0,6.090
decode,real,6758,7251574333037874747,0,0,0,0,1,1,8745,8745.000,0,0,0,0,6.103
decode,real,6759,7251574333037874747,0,0,0,0,1,1,8746,8746.000,0,0,0,0,6.125
decode,real,6760,7251574333037874747,0,0,0,0,1,1,8747,8747.000,0,0,0,0,6.102
decode,real,6761,7251574333037874747,0,0,0,0,1,1,8748,8748.000,0,0,0,0,6.099
decode,real,6762,7251574333037874747,0,0,0,0,1,1,8749,8749.000,0,0,0,0,6.114
decode,real,6763,7251574333037874747,0,0,0,0,1,1,8750,8750.000,0,0,0,0,6.106
decode,real,6764,7251574333037874747,0,0,0,0,1,1,8751,8751.000,0,0,0,0,6.087
decode,real,6765,7251574333037874747,0,0,0,0,1,1,8752,8752.000,0,0,0,0,6.142
decode,real,6766,7251574333037874747,0,0,0,0,1,1,8753,8753.000,0,0,0,0,6.091
decode,real,6767,7251574333037874747,0,0,0,0,1,1,8754,8754.000,0,0,0,0,6.136
decode,real,6768,7251574333037874747,0,0,0,0,1,1,8755,8755.000,0,0,0,0,6.100
decode,real,6769,7251574333037874747,0,0,0,0,1,1,8756,8756.000,0,0,0,0,6.103
decode,real,6770,7251574333037874747,0,0,0,0,1,1,8757,8757.000,0,0,0,0,6.105
decode,real,6771,7251574333037874747,0,0,0,0,1,1,8758,8758.000,0,0,0,0,6.124
decode,real,6772,7251574333037874747,0,0,0,0,1,1,8759,8759.000,0,0,0,0,6.104
decode,real,6773,7251574333037874747,0,0,0,0,1,1,8760,8760.000,0,0,0,0,6.117
decode,real,6774,7251574333037874747,0,0,0,0,1,1,8761,8761.000,0,0,0,0,6.135
decode,real,6775,7251574333037874747,0,0,0,0,1,1,8762,8762.000,0,0,0,0,6.071
decode,real,6776,7251574333037874747,0,0,0,0,1,1,8763,8763.000,0,0,0,0,6.110
decode,real,6777,7251574333037874747,0,0,0,0,1,1,8764,8764.000,0,0,0,0,6.116
decode,real,6778,7251574333037874747,0,0,0,0,1,1,8765,8765.000,0,0,0,0,6.127
decode,real,6779,7251574333037874747,0,0,0,0,1,1,8766,8766.000,0,0,0,0,6.100
decode,real,6780,7251574333037874747,0,0,0,0,1,1,8767,8767.000,0,0,0,0,6.083
decode,real,6781,7251574333037874747,0,0,0,0,1,1,8768,8768.000,0,0,0,0,6.143
decode,real,6782,7251574333037874747,0,0,0,0,1,1,8769,8769.000,0,0,0,0,6.109
decode,real,6783,7251574333037874747,0,0,0,0,1,1,8770,8770.000,0,0,0,0,6.092
decode,real,6784,7251574333037874747,0,0,0,0,1,1,8771,8771.000,0,0,0,0,6.105
decode,real,6785,7251574333037874747,0,0,0,0,1,1,8772,8772.000,0,0,0,0,6.089
decode,real,6786,7251574333037874747,0,0,0,0,1,1,8773,8773.000,0,0,0,0,6.124
decode,real,6787,7251574333037874747,0,0,0,0,1,1,8774,8774.000,0,0,0,0,6.111
decode,real,6788,7251574333037874747,0,0,0,0,1,1,8775,8775.000,0,0,0,0,6.091
decode,real,6789,7251574333037874747,0,0,0,0,1,1,8776,8776.000,0,0,0,0,6.136
decode,real,6790,7251574333037874747,0,0,0,0,1,1,8777,8777.000,0,0,0,0,6.086
decode,real,6791,7251574333037874747,0,0,0,0,1,1,8778,8778.000,0,0,0,0,6.115
decode,real,6792,7251574333037874747,0,0,0,0,1,1,8779,8779.000,0,0,0,0,6.135
decode,real,6793,7251574333037874747,0,0,0,0,1,1,8780,8780.000,0,0,0,0,6.120
decode,real,6794,7251574333037874747,0,0,0,0,1,1,8781,8781.000,0,0,0,0,6.079
decode,real,6795,7251574333037874747,0,0,0,0,1,1,8782,8782.000,0,0,0,0,6.119
decode,real,6796,7251574333037874747,0,0,0,0,1,1,8783,8783.000,0,0,0,0,6.114
decode,real,6797,7251574333037874747,0,0,0,0,1,1,8784,8784.000,0,0,0,0,6.088
decode,real,6798,7251574333037874747,0,0,0,0,1,1,8785,8785.000,0,0,0,0,6.123
decode,real,6799,7251574333037874747,0,0,0,0,1,1,8786,8786.000,0,0,0,0,6.107
decode,real,6800,7251574333037874747,0,0,0,0,1,1,8787,8787.000,0,0,0,0,6.120
decode,real,6801,7251574333037874747,0,0,0,0,1,1,8788,8788.000,0,0,0,0,6.103
decode,real,6802,7251574333037874747,0,0,0,0,1,1,8789,8789.000,0,0,0,0,6.110
decode,real,6803,7251574333037874747,0,0,0,0,1,1,8790,8790.000,0,0,0,0,6.107
decode,real,6804,7251574333037874747,0,0,0,0,1,1,8791,8791.000,0,0,0,0,6.095
decode,real,6805,7251574333037874747,0,0,0,0,1,1,8792,8792.000,0,0,0,0,6.121
decode,real,6806,7251574333037874747,0,0,0,0,1,1,8793,8793.000,0,0,0,0,6.079
decode,real,6807,7251574333037874747,0,0,0,0,1,1,8794,8794.000,0,0,0,0,6.122
decode,real,6808,7251574333037874747,0,0,0,0,1,1,8795,8795.000,0,0,0,0,6.098
decode,real,6809,7251574333037874747,0,0,0,0,1,1,8796,8796.000,0,0,0,0,6.103
decode,real,6810,7251574333037874747,0,0,0,0,1,1,8797,8797.000,0,0,0,0,6.132
decode,real,6811,7251574333037874747,0,0,0,0,1,1,8798,8798.000,0,0,0,0,6.122
decode,real,6812,7251574333037874747,0,0,0,0,1,1,8799,8799.000,0,0,0,0,6.091
decode,real,6813,7251574333037874747,0,0,0,0,1,1,8800,8800.000,0,0,0,0,6.103
decode,real,6814,7251574333037874747,0,0,0,0,1,1,8801,8801.000,0,0,0,0,6.114
decode,real,6815,7251574333037874747,0,0,0,0,1,1,8802,8802.000,0,0,0,0,6.100
decode,real,6816,7251574333037874747,0,0,0,0,1,1,8803,8803.000,0,0,0,0,6.114
decode,real,6817,7251574333037874747,0,0,0,0,1,1,8804,8804.000,0,0,0,0,6.095
decode,real,6818,7251574333037874747,0,0,0,0,1,1,8805,8805.000,0,0,0,0,6.122
decode,real,6819,7251574333037874747,0,0,0,0,1,1,8806,8806.000,0,0,0,0,6.108
decode,real,6820,7251574333037874747,0,0,0,0,1,1,8807,8807.000,0,0,0,0,6.104
decode,real,6821,7251574333037874747,0,0,0,0,1,1,8808,8808.000,0,0,0,0,6.116
decode,real,6822,7251574333037874747,0,0,0,0,1,1,8809,8809.000,0,0,0,0,6.109
decode,real,6823,7251574333037874747,0,0,0,0,1,1,8810,8810.000,0,0,0,0,6.078
decode,real,6824,7251574333037874747,0,0,0,0,1,1,8811,8811.000,0,0,0,0,6.121
decode,real,6825,7251574333037874747,0,0,0,0,1,1,8812,8812.000,0,0,0,0,6.119
decode,real,6826,7251574333037874747,0,0,0,0,1,1,8813,8813.000,0,0,0,0,6.112
decode,real,6827,7251574333037874747,0,0,0,0,1,1,8814,8814.000,0,0,0,0,6.116
decode,real,6828,7251574333037874747,0,0,0,0,1,1,8815,8815.000,0,0,0,0,6.108
decode,real,6829,7251574333037874747,0,0,0,0,1,1,8816,8816.000,0,0,0,0,6.113
decode,real,6830,7251574333037874747,0,0,0,0,1,1,8817,8817.000,0,0,0,0,6.106
decode,real,6831,7251574333037874747,0,0,0,0,1,1,8818,8818.000,0,0,0,0,6.120
decode,real,6832,7251574333037874747,0,0,0,0,1,1,8819,8819.000,0,0,0,0,6.115
decode,real,6833,7251574333037874747,0,0,0,0,1,1,8820,8820.000,0,0,0,0,6.114
decode,real,6834,7251574333037874747,0,0,0,0,1,1,8821,8821.000,0,0,0,0,6.116
decode,real,6835,7251574333037874747,0,0,0,0,1,1,8822,8822.000,0,0,0,0,6.099
decode,real,6836,7251574333037874747,0,0,0,0,1,1,8823,8823.000,0,0,0,0,6.113
decode,real,6837,7251574333037874747,0,0,0,0,1,1,8824,8824.000,0,0,0,0,6.092
decode,real,6838,7251574333037874747,0,0,0,0,1,1,8825,8825.000,0,0,0,0,6.116
decode,real,6839,7251574333037874747,0,0,0,0,1,1,8826,8826.000,0,0,0,0,6.114
decode,real,6840,7251574333037874747,0,0,0,0,1,1,8827,8827.000,0,0,0,0,6.102
decode,real,6841,7251574333037874747,0,0,0,0,1,1,8828,8828.000,0,0,0,0,6.118
decode,real,6842,7251574333037874747,0,0,0,0,1,1,8829,8829.000,0,0,0,0,6.103
decode,real,6843,7251574333037874747,0,0,0,0,1,1,8830,8830.000,0,0,0,0,6.148
decode,real,6844,7251574333037874747,0,0,0,0,1,1,8831,8831.000,0,0,0,0,6.084
decode,real,6845,7251574333037874747,0,0,0,0,1,1,8832,8832.000,0,0,0,0,6.096
decode,real,6846,7251574333037874747,0,0,0,0,1,1,8833,8833.000,0,0,0,0,6.134
decode,real,6847,7251574333037874747,0,0,0,0,1,1,8834,8834.000,0,0,0,0,6.129
decode,real,6848,7251574333037874747,0,0,0,0,1,1,8835,8835.000,0,0,0,0,6.084
decode,real,6849,7251574333037874747,0,0,0,0,1,1,8836,8836.000,0,0,0,0,6.119
decode,real,6850,7251574333037874747,0,0,0,0,1,1,8837,8837.000,0,0,0,0,6.108
decode,real,6851,7251574333037874747,0,0,0,0,1,1,8838,8838.000,0,0,0,0,6.110
decode,real,6852,7251574333037874747,0,0,0,0,1,1,8839,8839.000,0,0,0,0,6.137
decode,real,6853,7251574333037874747,0,0,0,0,1,1,8840,8840.000,0,0,0,0,6.101
decode,real,6854,7251574333037874747,0,0,0,0,1,1,8841,8841.000,0,0,0,0,6.132
decode,real,6855,7251574333037874747,0,0,0,0,1,1,8842,8842.000,0,0,0,0,6.112
decode,real,6856,7251574333037874747,0,0,0,0,1,1,8843,8843.000,0,0,0,0,6.108
decode,real,6857,7251574333037874747,0,0,0,0,1,1,8844,8844.000,0,0,0,0,6.102
decode,real,6858,7251574333037874747,0,0,0,0,1,1,8845,8845.000,0,0,0,0,6.133
decode,real,6859,7251574333037874747,0,0,0,0,1,1,8846,8846.000,0,0,0,0,6.111
decode,real,6860,7251574333037874747,0,0,0,0,1,1,8847,8847.000,0,0,0,0,6.132
decode,real,6861,7251574333037874747,0,0,0,0,1,1,8848,8848.000,0,0,0,0,6.089
decode,real,6862,7251574333037874747,0,0,0,0,1,1,8849,8849.000,0,0,0,0,6.146
decode,real,6863,7251574333037874747,0,0,0,0,1,1,8850,8850.000,0,0,0,0,6.101
decode,real,6864,7251574333037874747,0,0,0,0,1,1,8851,8851.000,0,0,0,0,6.085
decode,real,6865,7251574333037874747,0,0,0,0,1,1,8852,8852.000,0,0,0,0,6.122
decode,real,6866,7251574333037874747,0,0,0,0,1,1,8853,8853.000,0,0,0,0,6.101
decode,real,6867,7251574333037874747,0,0,0,0,1,1,8854,8854.000,0,0,0,0,6.139
decode,real,6868,7251574333037874747,0,0,0,0,1,1,8855,8855.000,0,0,0,0,6.101
decode,real,6869,7251574333037874747,0,0,0,0,1,1,8856,8856.000,0,0,0,0,6.124
decode,real,6870,7251574333037874747,0,0,0,0,1,1,8857,8857.000,0,0,0,0,6.102
decode,real,6871,7251574333037874747,0,0,0,0,1,1,8858,8858.000,0,0,0,0,6.113
decode,real,6872,7251574333037874747,0,0,0,0,1,1,8859,8859.000,0,0,0,0,6.122
decode,real,6873,7251574333037874747,0,0,0,0,1,1,8860,8860.000,0,0,0,0,6.109
decode,real,6874,7251574333037874747,0,0,0,0,1,1,8861,8861.000,0,0,0,0,6.112
decode,real,6875,7251574333037874747,0,0,0,0,1,1,8862,8862.000,0,0,0,0,6.126
decode,real,6876,7251574333037874747,0,0,0,0,1,1,8863,8863.000,0,0,0,0,6.093
decode,real,6877,7251574333037874747,0,0,0,0,1,1,8864,8864.000,0,0,0,0,6.127
decode,real,6878,7251574333037874747,0,0,0,0,1,1,8865,8865.000,0,0,0,0,6.117
decode,real,6879,7251574333037874747,0,0,0,0,1,1,8866,8866.000,0,0,0,0,6.094
decode,real,6880,7251574333037874747,0,0,0,0,1,1,8867,8867.000,0,0,0,0,6.123
decode,real,6881,7251574333037874747,0,0,0,0,1,1,8868,8868.000,0,0,0,0,6.111
decode,real,6882,7251574333037874747,0,0,0,0,1,1,8869,8869.000,0,0,0,0,6.119
decode,real,6883,7251574333037874747,0,0,0,0,1,1,8870,8870.000,0,0,0,0,6.123
decode,real,6884,7251574333037874747,0,0,0,0,1,1,8871,8871.000,0,0,0,0,6.104
decode,real,6885,7251574333037874747,0,0,0,0,1,1,8872,8872.000,0,0,0,0,6.111
decode,real,6886,7251574333037874747,0,0,0,0,1,1,8873,8873.000,0,0,0,0,6.128
decode,real,6887,7251574333037874747,0,0,0,0,1,1,8874,8874.000,0,0,0,0,6.095
decode,real,6888,7251574333037874747,0,0,0,0,1,1,8875,8875.000,0,0,0,0,6.104
decode,real,6889,7251574333037874747,0,0,0,0,1,1,8876,8876.000,0,0,0,0,6.119
decode,real,6890,7251574333037874747,0,0,0,0,1,1,8877,8877.000,0,0,0,0,6.110
decode,real,6891,7251574333037874747,0,0,0,0,1,1,8878,8878.000,0,0,0,0,6.152
decode,real,6892,7251574333037874747,0,0,0,0,1,1,8879,8879.000,0,0,0,0,6.079
decode,real,6893,7251574333037874747,0,0,0,0,1,1,8880,8880.000,0,0,0,0,6.134
decode,real,6894,7251574333037874747,0,0,0,0,1,1,8881,8881.000,0,0,0,0,6.108
decode,real,6895,7251574333037874747,0,0,0,0,1,1,8882,8882.000,0,0,0,0,6.112
decode,real,6896,7251574333037874747,0,0,0,0,1,1,8883,8883.000,0,0,0,0,6.112
decode,real,6897,7251574333037874747,0,0,0,0,1,1,8884,8884.000,0,0,0,0,6.131
decode,real,6898,7251574333037874747,0,0,0,0,1,1,8885,8885.000,0,0,0,0,6.113
decode,real,6899,7251574333037874747,0,0,0,0,1,1,8886,8886.000,0,0,0,0,6.113
decode,real,6900,7251574333037874747,0,0,0,0,1,1,8887,8887.000,0,0,0,0,6.121
decode,real,6901,7251574333037874747,0,0,0,0,1,1,8888,8888.000,0,0,0,0,6.111
decode,real,6902,7251574333037874747,0,0,0,0,1,1,8889,8889.000,0,0,0,0,6.128
decode,real,6903,7251574333037874747,0,0,0,0,1,1,8890,8890.000,0,0,0,0,6.115
decode,real,6904,7251574333037874747,0,0,0,0,1,1,8891,8891.000,0,0,0,0,6.104
decode,real,6905,7251574333037874747,0,0,0,0,1,1,8892,8892.000,0,0,0,0,6.107
decode,real,6906,7251574333037874747,0,0,0,0,1,1,8893,8893.000,0,0,0,0,6.118
decode,real,6907,7251574333037874747,0,0,0,0,1,1,8894,8894.000,0,0,0,0,6.127
decode,real,6908,7251574333037874747,0,0,0,0,1,1,8895,8895.000,0,0,0,0,6.092
decode,real,6909,7251574333037874747,0,0,0,0,1,1,8896,8896.000,0,0,0,0,6.146
decode,real,6910,7251574333037874747,0,0,0,0,1,1,8897,8897.000,0,0,0,0,6.122
decode,real,6911,7251574333037874747,0,0,0,0,1,1,8898,8898.000,0,0,0,0,6.106
decode,real,6912,7251574333037874747,0,0,0,0,1,1,8899,8899.000,0,0,0,0,6.116
decode,real,6913,7251574333037874747,0,0,0,0,1,1,8900,8900.000,0,0,0,0,6.141
decode,real,6914,7251574333037874747,0,0,0,0,1,1,8901,8901.000,0,0,0,0,6.090
decode,real,6915,7251574333037874747,0,0,0,0,1,1,8902,8902.000,0,0,0,0,6.129
decode,real,6916,7251574333037874747,0,0,0,0,1,1,8903,8903.000,0,0,0,0,6.099
decode,real,6917,7251574333037874747,0,0,0,0,1,1,8904,8904.000,0,0,0,0,6.135
decode,real,6918,7251574333037874747,0,0,0,0,1,1,8905,8905.000,0,0,0,0,6.106
decode,real,6919,7251574333037874747,0,0,0,0,1,1,8906,8906.000,0,0,0,0,6.120
decode,real,6920,7251574333037874747,0,0,0,0,1,1,8907,8907.000,0,0,0,0,6.124
decode,real,6921,7251574333037874747,0,0,0,0,1,1,8908,8908.000,0,0,0,0,6.104
decode,real,6922,7251574333037874747,0,0,0,0,1,1,8909,8909.000,0,0,0,0,6.114
decode,real,6923,7251574333037874747,0,0,0,0,1,1,8910,8910.000,0,0,0,0,6.132
decode,real,6924,7251574333037874747,0,0,0,0,1,1,8911,8911.000,0,0,0,0,6.123
decode,real,6925,7251574333037874747,0,0,0,0,1,1,8912,8912.000,0,0,0,0,6.095
decode,real,6926,7251574333037874747,0,0,0,0,1,1,8913,8913.000,0,0,0,0,6.152
decode,real,6927,7251574333037874747,0,0,0,0,1,1,8914,8914.000,0,0,0,0,6.085
decode,real,6928,7251574333037874747,0,0,0,0,1,1,8915,8915.000,0,0,0,0,6.118
decode,real,6929,7251574333037874747,0,0,0,0,1,1,8916,8916.000,0,0,0,0,6.122
decode,real,6930,7251574333037874747,0,0,0,0,1,1,8917,8917.000,0,0,0,0,6.110
decode,real,6931,7251574333037874747,0,0,0,0,1,1,8918,8918.000,0,0,0,0,6.100
decode,real,6932,7251574333037874747,0,0,0,0,1,1,8919,8919.000,0,0,0,0,6.100
decode,real,6933,7251574333037874747,0,0,0,0,1,1,8920,8920.000,0,0,0,0,6.117
decode,real,6934,7251574333037874747,0,0,0,0,1,1,8921,8921.000,0,0,0,0,6.132
decode,real,6935,7251574333037874747,0,0,0,0,1,1,8922,8922.000,0,0,0,0,6.100
decode,real,6936,7251574333037874747,0,0,0,0,1,1,8923,8923.000,0,0,0,0,6.125
decode,real,6937,7251574333037874747,0,0,0,0,1,1,8924,8924.000,0,0,0,0,6.115
decode,real,6938,7251574333037874747,0,0,0,0,1,1,8925,8925.000,0,0,0,0,6.109
decode,real,6939,7251574333037874747,0,0,0,0,1,1,8926,8926.000,0,0,0,0,6.109
decode,real,6940,7251574333037874747,0,0,0,0,1,1,8927,8927.000,0,0,0,0,6.146
decode,real,6941,7251574333037874747,0,0,0,0,1,1,8928,8928.000,0,0,0,0,6.099
decode,real,6942,7251574333037874747,0,0,0,0,1,1,8929,8929.000,0,0,0,0,6.113
decode,real,6943,7251574333037874747,0,0,0,0,1,1,8930,8930.000,0,0,0,0,6.114
decode,real,6944,7251574333037874747,0,0,0,0,1,1,8931,8931.000,0,0,0,0,6.102
decode,real,6945,7251574333037874747,0,0,0,0,1,1,8932,8932.000,0,0,0,0,6.130
decode,real,6946,7251574333037874747,0,0,0,0,1,1,8933,8933.000,0,0,0,0,6.113
decode,real,6947,7251574333037874747,0,0,0,0,1,1,8934,8934.000,0,0,0,0,6.121
decode,real,6948,7251574333037874747,0,0,0,0,1,1,8935,8935.000,0,0,0,0,6.079
decode,real,6949,7251574333037874747,0,0,0,0,1,1,8936,8936.000,0,0,0,0,6.126
decode,real,6950,7251574333037874747,0,0,0,0,1,1,8937,8937.000,0,0,0,0,6.108
decode,real,6951,7251574333037874747,0,0,0,0,1,1,8938,8938.000,0,0,0,0,6.116
decode,real,6952,7251574333037874747,0,0,0,0,1,1,8939,8939.000,0,0,0,0,6.104
decode,real,6953,7251574333037874747,0,0,0,0,1,1,8940,8940.000,0,0,0,0,6.135
decode,real,6954,7251574333037874747,0,0,0,0,1,1,8941,8941.000,0,0,0,0,6.102
decode,real,6955,7251574333037874747,0,0,0,0,1,1,8942,8942.000,0,0,0,0,6.129
decode,real,6956,7251574333037874747,0,0,0,0,1,1,8943,8943.000,0,0,0,0,6.116
decode,real,6957,7251574333037874747,0,0,0,0,1,1,8944,8944.000,0,0,0,0,6.104
decode,real,6958,7251574333037874747,0,0,0,0,1,1,8945,8945.000,0,0,0,0,6.121
decode,real,6959,7251574333037874747,0,0,0,0,1,1,8946,8946.000,0,0,0,0,6.114
decode,real,6960,7251574333037874747,0,0,0,0,1,1,8947,8947.000,0,0,0,0,6.122
decode,real,6961,7251574333037874747,0,0,0,0,1,1,8948,8948.000,0,0,0,0,6.123
decode,real,6962,7251574333037874747,0,0,0,0,1,1,8949,8949.000,0,0,0,0,6.119
decode,real,6963,7251574333037874747,0,0,0,0,1,1,8950,8950.000,0,0,0,0,6.102
decode,real,6964,7251574333037874747,0,0,0,0,1,1,8951,8951.000,0,0,0,0,6.118
decode,real,6965,7251574333037874747,0,0,0,0,1,1,8952,8952.000,0,0,0,0,6.124
decode,real,6966,7251574333037874747,0,0,0,0,1,1,8953,8953.000,0,0,0,0,6.101
decode,real,6967,7251574333037874747,0,0,0,0,1,1,8954,8954.000,0,0,0,0,6.119
decode,real,6968,7251574333037874747,0,0,0,0,1,1,8955,8955.000,0,0,0,0,6.108
decode,real,6969,7251574333037874747,0,0,0,0,1,1,8956,8956.000,0,0,0,0,6.148
decode,real,6970,7251574333037874747,0,0,0,0,1,1,8957,8957.000,0,0,0,0,6.111
decode,real,6971,7251574333037874747,0,0,0,0,1,1,8958,8958.000,0,0,0,0,6.119
decode,real,6972,7251574333037874747,0,0,0,0,1,1,8959,8959.000,0,0,0,0,6.100
decode,real,6973,7251574333037874747,0,0,0,0,1,1,8960,8960.000,0,0,0,0,6.121
decode,real,6974,7251574333037874747,0,0,0,0,1,1,8961,8961.000,0,0,0,0,6.126
decode,real,6975,7251574333037874747,0,0,0,0,1,1,8962,8962.000,0,0,0,0,6.108
decode,real,6976,7251574333037874747,0,0,0,0,1,1,8963,8963.000,0,0,0,0,6.114
decode,real,6977,7251574333037874747,0,0,0,0,1,1,8964,8964.000,0,0,0,0,6.110
decode,real,6978,7251574333037874747,0,0,0,0,1,1,8965,8965.000,0,0,0,0,6.140
decode,real,6979,7251574333037874747,0,0,0,0,1,1,8966,8966.000,0,0,0,0,6.100
decode,real,6980,7251574333037874747,0,0,0,0,1,1,8967,8967.000,0,0,0,0,6.110
decode,real,6981,7251574333037874747,0,0,0,0,1,1,8968,8968.000,0,0,0,0,6.116
decode,real,6982,7251574333037874747,0,0,0,0,1,1,8969,8969.000,0,0,0,0,6.105
decode,real,6983,7251574333037874747,0,0,0,0,1,1,8970,8970.000,0,0,0,0,6.117
decode,real,6984,7251574333037874747,0,0,0,0,1,1,8971,8971.000,0,0,0,0,6.113
decode,real,6985,7251574333037874747,0,0,0,0,1,1,8972,8972.000,0,0,0,0,6.120
decode,real,6986,7251574333037874747,0,0,0,0,1,1,8973,8973.000,0,0,0,0,6.103
decode,real,6987,7251574333037874747,0,0,0,0,1,1,8974,8974.000,0,0,0,0,6.135
decode,real,6988,7251574333037874747,0,0,0,0,1,1,8975,8975.000,0,0,0,0,6.096
decode,real,6989,7251574333037874747,0,0,0,0,1,1,8976,8976.000,0,0,0,0,6.132
decode,real,6990,7251574333037874747,0,0,0,0,1,1,8977,8977.000,0,0,0,0,6.136
decode,real,6991,7251574333037874747,0,0,0,0,1,1,8978,8978.000,0,0,0,0,6.092
decode,real,6992,7251574333037874747,0,0,0,0,1,1,8979,8979.000,0,0,0,0,6.121
decode,real,6993,7251574333037874747,0,0,0,0,1,1,8980,8980.000,0,0,0,0,6.144
decode,real,6994,7251574333037874747,0,0,0,0,1,1,8981,8981.000,0,0,0,0,6.113
decode,real,6995,7251574333037874747,0,0,0,0,1,1,8982,8982.000,0,0,0,0,6.115
decode,real,6996,7251574333037874747,0,0,0,0,1,1,8983,8983.000,0,0,0,0,6.125
decode,real,6997,7251574333037874747,0,0,0,0,1,1,8984,8984.000,0,0,0,0,6.126
decode,real,6998,7251574333037874747,0,0,0,0,1,1,8985,8985.000,0,0,0,0,6.097
decode,real,6999,7251574333037874747,0,0,0,0,1,1,8986,8986.000,0,0,0,0,6.129
decode,real,7000,7251574333037874747,0,0,0,0,1,1,8987,8987.000,0,0,0,0,6.127
decode,real,7001,7251574333037874747,0,0,0,0,1,1,8988,8988.000,0,0,0,0,6.134
decode,real,7002,7251574333037874747,0,0,0,0,1,1,8989,8989.000,0,0,0,0,6.088
decode,real,7003,7251574333037874747,0,0,0,0,1,1,8990,8990.000,0,0,0,0,6.157
decode,real,7004,7251574333037874747,0,0,0,0,1,1,8991,8991.000,0,0,0,0,6.087
decode,real,7005,7251574333037874747,0,0,0,0,1,1,8992,8992.000,0,0,0,0,6.141
decode,real,7006,7251574333037874747,0,0,0,0,1,1,8993,8993.000,0,0,0,0,6.114
decode,real,7007,7251574333037874747,0,0,0,0,1,1,8994,8994.000,0,0,0,0,6.110
decode,real,7008,7251574333037874747,0,0,0,0,1,1,8995,8995.000,0,0,0,0,6.114
decode,real,7009,7251574333037874747,0,0,0,0,1,1,8996,8996.000,0,0,0,0,6.150
decode,real,7010,7251574333037874747,0,0,0,0,1,1,8997,8997.000,0,0,0,0,6.113
decode,real,7011,7251574333037874747,0,0,0,0,1,1,8998,8998.000,0,0,0,0,6.146
decode,real,7012,7251574333037874747,0,0,0,0,1,1,8999,8999.000,0,0,0,0,6.088
decode,real,7013,7251574333037874747,0,0,0,0,1,1,9000,9000.000,0,0,0,0,6.115
decode,real,7014,7251574333037874747,0,0,0,0,1,1,9001,9001.000,0,0,0,0,6.115
decode,real,7015,7251574333037874747,0,0,0,0,1,1,9002,9002.000,0,0,0,0,6.125
decode,real,7016,7251574333037874747,0,0,0,0,1,1,9003,9003.000,0,0,0,0,6.121
decode,real,7017,7251574333037874747,0,0,0,0,1,1,9004,9004.000,0,0,0,0,6.119
decode,real,7018,7251574333037874747,0,0,0,0,1,1,9005,9005.000,0,0,0,0,6.124
decode,real,7019,7251574333037874747,0,0,0,0,1,1,9006,9006.000,0,0,0,0,6.125
decode,real,7020,7251574333037874747,0,0,0,0,1,1,9007,9007.000,0,0,0,0,6.130
decode,real,7021,7251574333037874747,0,0,0,0,1,1,9008,9008.000,0,0,0,0,6.124
decode,real,7022,7251574333037874747,0,0,0,0,1,1,9009,9009.000,0,0,0,0,6.076
decode,real,7023,7251574333037874747,0,0,0,0,1,1,9010,9010.000,0,0,0,0,6.124
decode,real,7024,7251574333037874747,0,0,0,0,1,1,9011,9011.000,0,0,0,0,6.137
decode,real,7025,7251574333037874747,0,0,0,0,1,1,9012,9012.000,0,0,0,0,6.121
decode,real,7026,7251574333037874747,0,0,0,0,1,1,9013,9013.000,0,0,0,0,6.116
decode,real,7027,7251574333037874747,0,0,0,0,1,1,9014,9014.000,0,0,0,0,6.116
decode,real,7028,7251574333037874747,0,0,0,0,1,1,9015,9015.000,0,0,0,0,6.126
decode,real,7029,7251574333037874747,0,0,0,0,1,1,9016,9016.000,0,0,0,0,6.106
decode,real,7030,7251574333037874747,0,0,0,0,1,1,9017,9017.000,0,0,0,0,6.093
decode,real,7031,7251574333037874747,0,0,0,0,1,1,9018,9018.000,0,0,0,0,6.129
decode,real,7032,7251574333037874747,0,0,0,0,1,1,9019,9019.000,0,0,0,0,6.105
decode,real,7033,7251574333037874747,0,0,0,0,1,1,9020,9020.000,0,0,0,0,6.121
decode,real,7034,7251574333037874747,0,0,0,0,1,1,9021,9021.000,0,0,0,0,6.137
decode,real,7035,7251574333037874747,0,0,0,0,1,1,9022,9022.000,0,0,0,0,6.115
decode,real,7036,7251574333037874747,0,0,0,0,1,1,9023,9023.000,0,0,0,0,6.110
decode,real,7037,7251574333037874747,0,0,0,0,1,1,9024,9024.000,0,0,0,0,6.140
decode,real,7038,7251574333037874747,0,0,0,0,1,1,9025,9025.000,0,0,0,0,6.108
decode,real,7039,7251574333037874747,0,0,0,0,1,1,9026,9026.000,0,0,0,0,6.100
decode,real,7040,7251574333037874747,0,0,0,0,1,1,9027,9027.000,0,0,0,0,6.140
decode,real,7041,7251574333037874747,0,0,0,0,1,1,9028,9028.000,0,0,0,0,6.105
decode,real,7042,7251574333037874747,0,0,0,0,1,1,9029,9029.000,0,0,0,0,6.115
decode,real,7043,7251574333037874747,0,0,0,0,1,1,9030,9030.000,0,0,0,0,6.117
decode,real,7044,7251574333037874747,0,0,0,0,1,1,9031,9031.000,0,0,0,0,6.131
decode,real,7045,7251574333037874747,0,0,0,0,1,1,9032,9032.000,0,0,0,0,6.089
decode,real,7046,7251574333037874747,0,0,0,0,1,1,9033,9033.000,0,0,0,0,6.150
decode,real,7047,7251574333037874747,0,0,0,0,1,1,9034,9034.000,0,0,0,0,6.095
decode,real,7048,7251574333037874747,0,0,0,0,1,1,9035,9035.000,0,0,0,0,6.117
decode,real,7049,7251574333037874747,0,0,0,0,1,1,9036,9036.000,0,0,0,0,6.118
decode,real,7050,7251574333037874747,0,0,0,0,1,1,9037,9037.000,0,0,0,0,6.126
decode,real,7051,7251574333037874747,0,0,0,0,1,1,9038,9038.000,0,0,0,0,6.132
decode,real,7052,7251574333037874747,0,0,0,0,1,1,9039,9039.000,0,0,0,0,6.099
decode,real,7053,7251574333037874747,0,0,0,0,1,1,9040,9040.000,0,0,0,0,6.143
decode,real,7054,7251574333037874747,0,0,0,0,1,1,9041,9041.000,0,0,0,0,6.115
decode,real,7055,7251574333037874747,0,0,0,0,1,1,9042,9042.000,0,0,0,0,6.097
decode,real,7056,7251574333037874747,0,0,0,0,1,1,9043,9043.000,0,0,0,0,6.133
decode,real,7057,7251574333037874747,0,0,0,0,1,1,9044,9044.000,0,0,0,0,6.122
decode,real,7058,7251574333037874747,0,0,0,0,1,1,9045,9045.000,0,0,0,0,6.132
decode,real,7059,7251574333037874747,0,0,0,0,1,1,9046,9046.000,0,0,0,0,6.107
decode,real,7060,7251574333037874747,0,0,0,0,1,1,9047,9047.000,0,0,0,0,6.127
decode,real,7061,7251574333037874747,0,0,0,0,1,1,9048,9048.000,0,0,0,0,6.124
decode,real,7062,7251574333037874747,0,0,0,0,1,1,9049,9049.000,0,0,0,0,6.129
decode,real,7063,7251574333037874747,0,0,0,0,1,1,9050,9050.000,0,0,0,0,6.084
decode,real,7064,7251574333037874747,0,0,0,0,1,1,9051,9051.000,0,0,0,0,6.136
decode,real,7065,7251574333037874747,0,0,0,0,1,1,9052,9052.000,0,0,0,0,6.114
decode,real,7066,7251574333037874747,0,0,0,0,1,1,9053,9053.000,0,0,0,0,6.110
decode,real,7067,7251574333037874747,0,0,0,0,1,1,9054,9054.000,0,0,0,0,6.133
decode,real,7068,7251574333037874747,0,0,0,0,1,1,9055,9055.000,0,0,0,0,6.106
decode,real,7069,7251574333037874747,0,0,0,0,1,1,9056,9056.000,0,0,0,0,6.124
decode,real,7070,7251574333037874747,0,0,0,0,1,1,9057,9057.000,0,0,0,0,6.119
decode,real,7071,7251574333037874747,0,0,0,0,1,1,9058,9058.000,0,0,0,0,6.111
decode,real,7072,7251574333037874747,0,0,0,0,1,1,9059,9059.000,0,0,0,0,6.141
decode,real,7073,7251574333037874747,0,0,0,0,1,1,9060,9060.000,0,0,0,0,6.121
decode,real,7074,7251574333037874747,0,0,0,0,1,1,9061,9061.000,0,0,0,0,6.118
decode,real,7075,7251574333037874747,0,0,0,0,1,1,9062,9062.000,0,0,0,0,6.116
decode,real,7076,7251574333037874747,0,0,0,0,1,1,9063,9063.000,0,0,0,0,6.111
decode,real,7077,7251574333037874747,0,0,0,0,1,1,9064,9064.000,0,0,0,0,6.128
decode,real,7078,7251574333037874747,0,0,0,0,1,1,9065,9065.000,0,0,0,0,6.114
decode,real,7079,7251574333037874747,0,0,0,0,1,1,9066,9066.000,0,0,0,0,6.142
decode,real,7080,7251574333037874747,0,0,0,0,1,1,9067,9067.000,0,0,0,0,6.105
decode,real,7081,7251574333037874747,0,0,0,0,1,1,9068,9068.000,0,0,0,0,6.135
decode,real,7082,7251574333037874747,0,0,0,0,1,1,9069,9069.000,0,0,0,0,6.095
decode,real,7083,7251574333037874747,0,0,0,0,1,1,9070,9070.000,0,0,0,0,6.156
decode,real,7084,7251574333037874747,0,0,0,0,1,1,9071,9071.000,0,0,0,0,6.103
decode,real,7085,7251574333037874747,0,0,0,0,1,1,9072,9072.000,0,0,0,0,6.136
decode,real,7086,7251574333037874747,0,0,0,0,1,1,9073,9073.000,0,0,0,0,6.114
decode,real,7087,7251574333037874747,0,0,0,0,1,1,9074,9074.000,0,0,0,0,6.101
decode,real,7088,7251574333037874747,0,0,0,0,1,1,9075,9075.000,0,0,0,0,6.121
decode,real,7089,7251574333037874747,0,0,0,0,1,1,9076,9076.000,0,0,0,0,6.097
decode,real,7090,7251574333037874747,0,0,0,0,1,1,9077,9077.000,0,0,0,0,6.135
decode,real,7091,7251574333037874747,0,0,0,0,1,1,9078,9078.000,0,0,0,0,6.109
decode,real,7092,7251574333037874747,0,0,0,0,1,1,9079,9079.000,0,0,0,0,6.138
decode,real,7093,7251574333037874747,0,0,0,0,1,1,9080,9080.000,0,0,0,0,6.099
decode,real,7094,7251574333037874747,0,0,0,0,1,1,9081,9081.000,0,0,0,0,6.124
decode,real,7095,7251574333037874747,0,0,0,0,1,1,9082,9082.000,0,0,0,0,6.106
decode,real,7096,7251574333037874747,0,0,0,0,1,1,9083,9083.000,0,0,0,0,6.135
decode,real,7097,7251574333037874747,0,0,0,0,1,1,9084,9084.000,0,0,0,0,6.137
decode,real,7098,7251574333037874747,0,0,0,0,1,1,9085,9085.000,0,0,0,0,6.086
decode,real,7099,7251574333037874747,0,0,0,0,1,1,9086,9086.000,0,0,0,0,6.144
decode,real,7100,7251574333037874747,0,0,0,0,1,1,9087,9087.000,0,0,0,0,6.102
decode,real,7101,7251574333037874747,0,0,0,0,1,1,9088,9088.000,0,0,0,0,6.115
decode,real,7102,7251574333037874747,0,0,0,0,1,1,9089,9089.000,0,0,0,0,6.106
decode,real,7103,7251574333037874747,0,0,0,0,1,1,9090,9090.000,0,0,0,0,6.107
decode,real,7104,7251574333037874747,0,0,0,0,1,1,9091,9091.000,0,0,0,0,6.101
decode,real,7105,7251574333037874747,0,0,0,0,1,1,9092,9092.000,0,0,0,0,6.129
decode,real,7106,7251574333037874747,0,0,0,0,1,1,9093,9093.000,0,0,0,0,6.091
decode,real,7107,7251574333037874747,0,0,0,0,1,1,9094,9094.000,0,0,0,0,6.125
decode,real,7108,7251574333037874747,0,0,0,0,1,1,9095,9095.000,0,0,0,0,6.124
decode,real,7109,7251574333037874747,0,0,0,0,1,1,9096,9096.000,0,0,0,0,6.106
decode,real,7110,7251574333037874747,0,0,0,0,1,1,9097,9097.000,0,0,0,0,6.106
decode,real,7111,7251574333037874747,0,0,0,0,1,1,9098,9098.000,0,0,0,0,6.120
decode,real,7112,7251574333037874747,0,0,0,0,1,1,9099,9099.000,0,0,0,0,6.123
decode,real,7113,7251574333037874747,0,0,0,0,1,1,9100,9100.000,0,0,0,0,6.101
decode,real,7114,7251574333037874747,0,0,0,0,1,1,9101,9101.000,0,0,0,0,6.109
decode,real,7115,7251574333037874747,0,0,0,0,1,1,9102,9102.000,0,0,0,0,6.131
decode,real,7116,7251574333037874747,0,0,0,0,1,1,9103,9103.000,0,0,0,0,6.098
decode,real,7117,7251574333037874747,0,0,0,0,1,1,9104,9104.000,0,0,0,0,6.120
decode,real,7118,7251574333037874747,0,0,0,0,1,1,9105,9105.000,0,0,0,0,6.126
decode,real,7119,7251574333037874747,0,0,0,0,1,1,9106,9106.000,0,0,0,0,6.133
decode,real,7120,7251574333037874747,0,0,0,0,1,1,9107,9107.000,0,0,0,0,6.100
decode,real,7121,7251574333037874747,0,0,0,0,1,1,9108,9108.000,0,0,0,0,6.119
decode,real,7122,7251574333037874747,0,0,0,0,1,1,9109,9109.000,0,0,0,0,6.133
decode,real,7123,7251574333037874747,0,0,0,0,1,1,9110,9110.000,0,0,0,0,6.124
decode,real,7124,7251574333037874747,0,0,0,0,1,1,9111,9111.000,0,0,0,0,6.081
decode,real,7125,7251574333037874747,0,0,0,0,1,1,9112,9112.000,0,0,0,0,6.139
decode,real,7126,7251574333037874747,0,0,0,0,1,1,9113,9113.000,0,0,0,0,6.099
decode,real,7127,7251574333037874747,0,0,0,0,1,1,9114,9114.000,0,0,0,0,6.135
decode,real,7128,7251574333037874747,0,0,0,0,1,1,9115,9115.000,0,0,0,0,6.116
decode,real,7129,7251574333037874747,0,0,0,0,1,1,9116,9116.000,0,0,0,0,6.148
decode,real,7130,7251574333037874747,0,0,0,0,1,1,9117,9117.000,0,0,0,0,6.092
decode,real,7131,7251574333037874747,0,0,0,0,1,1,9118,9118.000,0,0,0,0,6.149
decode,real,7132,7251574333037874747,0,0,0,0,1,1,9119,9119.000,0,0,0,0,6.113
decode,real,7133,7251574333037874747,0,0,0,0,1,1,9120,9120.000,0,0,0,0,6.110
decode,real,7134,7251574333037874747,0,0,0,0,1,1,9121,9121.000,0,0,0,0,6.100
decode,real,7135,7251574333037874747,0,0,0,0,1,1,9122,9122.000,0,0,0,0,6.135
decode,real,7136,7251574333037874747,0,0,0,0,1,1,9123,9123.000,0,0,0,0,6.099
decode,real,7137,7251574333037874747,0,0,0,0,1,1,9124,9124.000,0,0,0,0,6.132
decode,real,7138,7251574333037874747,0,0,0,0,1,1,9125,9125.000,0,0,0,0,6.110
decode,real,7139,7251574333037874747,0,0,0,0,1,1,9126,9126.000,0,0,0,0,6.128
decode,real,7140,7251574333037874747,0,0,0,0,1,1,9127,9127.000,0,0,0,0,6.105
decode,real,7141,7251574333037874747,0,0,0,0,1,1,9128,9128.000,0,0,0,0,6.122
decode,real,7142,7251574333037874747,0,0,0,0,1,1,9129,9129.000,0,0,0,0,6.115
decode,real,7143,7251574333037874747,0,0,0,0,1,1,9130,9130.000,0,0,0,0,6.119
decode,real,7144,7251574333037874747,0,0,0,0,1,1,9131,9131.000,0,0,0,0,6.100
decode,real,7145,7251574333037874747,0,0,0,0,1,1,9132,9132.000,0,0,0,0,6.127
decode,real,7146,7251574333037874747,0,0,0,0,1,1,9133,9133.000,0,0,0,0,6.119
decode,real,7147,7251574333037874747,0,0,0,0,1,1,9134,9134.000,0,0,0,0,6.129
decode,real,7148,7251574333037874747,0,0,0,0,1,1,9135,9135.000,0,0,0,0,6.112
decode,real,7149,7251574333037874747,0,0,0,0,1,1,9136,9136.000,0,0,0,0,6.132
decode,real,7150,7251574333037874747,0,0,0,0,1,1,9137,9137.000,0,0,0,0,6.094
decode,real,7151,7251574333037874747,0,0,0,0,1,1,9138,9138.000,0,0,0,0,6.119
decode,real,7152,7251574333037874747,0,0,0,0,1,1,9139,9139.000,0,0,0,0,6.147
decode,real,7153,7251574333037874747,0,0,0,0,1,1,9140,9140.000,0,0,0,0,6.094
decode,real,7154,7251574333037874747,0,0,0,0,1,1,9141,9141.000,0,0,0,0,6.111
decode,real,7155,7251574333037874747,0,0,0,0,1,1,9142,9142.000,0,0,0,0,6.124
decode,real,7156,7251574333037874747,0,0,0,0,1,1,9143,9143.000,0,0,0,0,6.110
decode,real,7157,7251574333037874747,0,0,0,0,1,1,9144,9144.000,0,0,0,0,6.111
decode,real,7158,7251574333037874747,0,0,0,0,1,1,9145,9145.000,0,0,0,0,6.118
decode,real,7159,7251574333037874747,0,0,0,0,1,1,9146,9146.000,0,0,0,0,6.112
decode,real,7160,7251574333037874747,0,0,0,0,1,1,9147,9147.000,0,0,0,0,6.121
decode,real,7161,7251574333037874747,0,0,0,0,1,1,9148,9148.000,0,0,0,0,6.112
decode,real,7162,7251574333037874747,0,0,0,0,1,1,9149,9149.000,0,0,0,0,6.103
decode,real,7163,7251574333037874747,0,0,0,0,1,1,9150,9150.000,0,0,0,0,6.143
decode,real,7164,7251574333037874747,0,0,0,0,1,1,9151,9151.000,0,0,0,0,6.110
decode,real,7165,7251574333037874747,0,0,0,0,1,1,9152,9152.000,0,0,0,0,6.104
decode,real,7166,7251574333037874747,0,0,0,0,1,1,9153,9153.000,0,0,0,0,6.118
decode,real,7167,7251574333037874747,0,0,0,0,1,1,9154,9154.000,0,0,0,0,6.113
decode,real,7168,7251574333037874747,0,0,0,0,1,1,9155,9155.000,0,0,0,0,6.114
decode,real,7169,7251574333037874747,0,0,0,0,1,1,9156,9156.000,0,0,0,0,6.106
decode,real,7170,7251574333037874747,0,0,0,0,1,1,9157,9157.000,0,0,0,0,6.131
decode,real,7171,7251574333037874747,0,0,0,0,1,1,9158,9158.000,0,0,0,0,6.111
decode,real,7172,7251574333037874747,0,0,0,0,1,1,9159,9159.000,0,0,0,0,6.117
decode,real,7173,7251574333037874747,0,0,0,0,1,1,9160,9160.000,0,0,0,0,6.141
decode,real,7174,7251574333037874747,0,0,0,0,1,1,9161,9161.000,0,0,0,0,6.102
decode,real,7175,7251574333037874747,0,0,0,0,1,1,9162,9162.000,0,0,0,0,6.110
decode,real,7176,7251574333037874747,0,0,0,0,1,1,9163,9163.000,0,0,0,0,6.113
decode,real,7177,7251574333037874747,0,0,0,0,1,1,9164,9164.000,0,0,0,0,6.108
decode,real,7178,7251574333037874747,0,0,0,0,1,1,9165,9165.000,0,0,0,0,6.126
decode,real,7179,7251574333037874747,0,0,0,0,1,1,9166,9166.000,0,0,0,0,6.105
decode,real,7180,7251574333037874747,0,0,0,0,1,1,9167,9167.000,0,0,0,0,6.125
decode,real,7181,7251574333037874747,0,0,0,0,1,1,9168,9168.000,0,0,0,0,6.119
decode,real,7182,7251574333037874747,0,0,0,0,1,1,9169,9169.000,0,0,0,0,6.124
decode,real,7183,7251574333037874747,0,0,0,0,1,1,9170,9170.000,0,0,0,0,6.106
decode,real,7184,7251574333037874747,0,0,0,0,1,1,9171,9171.000,0,0,0,0,6.130
decode,real,7185,7251574333037874747,0,0,0,0,1,1,9172,9172.000,0,0,0,0,6.114
decode,real,7186,7251574333037874747,0,0,0,0,1,1,9173,9173.000,0,0,0,0,6.097
decode,real,7187,7251574333037874747,0,0,0,0,1,1,9174,9174.000,0,0,0,0,6.127
decode,real,7188,7251574333037874747,0,0,0,0,1,1,9175,9175.000,0,0,0,0,6.126
decode,real,7189,7251574333037874747,0,0,0,0,1,1,9176,9176.000,0,0,0,0,6.111
decode,real,7190,7251574333037874747,0,0,0,0,1,1,9177,9177.000,0,0,0,0,6.099
decode,real,7191,7251574333037874747,0,0,0,0,1,1,9178,9178.000,0,0,0,0,6.123
decode,real,7192,7251574333037874747,0,0,0,0,1,1,9179,9179.000,0,0,0,0,6.125
decode,real,7193,7251574333037874747,0,0,0,0,1,1,9180,9180.000,0,0,0,0,6.105
decode,real,7194,7251574333037874747,0,0,0,0,1,1,9181,9181.000,0,0,0,0,6.140
decode,real,7195,7251574333037874747,0,0,0,0,1,1,9182,9182.000,0,0,0,0,6.116
decode,real,7196,7251574333037874747,0,0,0,0,1,1,9183,9183.000,0,0,0,0,6.118
decode,real,7197,7251574333037874747,0,0,0,0,1,1,9184,9184.000,0,0,0,0,6.106
decode,real,7198,7251574333037874747,0,0,0,0,1,1,9185,9185.000,0,0,0,0,6.129
decode,real,7199,7251574333037874747,0,0,0,0,1,1,9186,9186.000,0,0,0,0,6.129
decode,real,7200,7251574333037874747,0,0,0,0,1,1,9187,9187.000,0,0,0,0,6.111
decode,real,7201,7251574333037874747,0,0,0,0,1,1,9188,9188.000,0,0,0,0,6.117
decode,real,7202,7251574333037874747,0,0,0,0,1,1,9189,9189.000,0,0,0,0,6.100
decode,real,7203,7251574333037874747,0,0,0,0,1,1,9190,9190.000,0,0,0,0,6.105
decode,real,7204,7251574333037874747,0,0,0,0,1,1,9191,9191.000,0,0,0,0,6.133
decode,real,7205,7251574333037874747,0,0,0,0,1,1,9192,9192.000,0,0,0,0,6.120
decode,real,7206,7251574333037874747,0,0,0,0,1,1,9193,9193.000,0,0,0,0,6.115
decode,real,7207,7251574333037874747,0,0,0,0,1,1,9194,9194.000,0,0,0,0,6.151
decode,real,7208,7251574333037874747,0,0,0,0,1,1,9195,9195.000,0,0,0,0,6.089
decode,real,7209,7251574333037874747,0,0,0,0,1,1,9196,9196.000,0,0,0,0,6.136
decode,real,7210,7251574333037874747,0,0,0,0,1,1,9197,9197.000,0,0,0,0,6.106
decode,real,7211,7251574333037874747,0,0,0,0,1,1,9198,9198.000,0,0,0,0,6.123
decode,real,7212,7251574333037874747,0,0,0,0,1,1,9199,9199.000,0,0,0,0,6.107
decode,real,7213,7251574333037874747,0,0,0,0,1,1,9200,9200.000,0,0,0,0,6.112
decode,real,7214,7251574333037874747,0,0,0,0,1,1,9201,9201.000,0,0,0,0,6.115
decode,real,7215,7251574333037874747,0,0,0,0,1,1,9202,9202.000,0,0,0,0,6.119
decode,real,7216,7251574333037874747,0,0,0,0,1,1,9203,9203.000,0,0,0,0,6.113
decode,real,7217,7251574333037874747,0,0,0,0,1,1,9204,9204.000,0,0,0,0,6.084
decode,real,7218,7251574333037874747,0,0,0,0,1,1,9205,9205.000,0,0,0,0,6.115
decode,real,7219,7251574333037874747,0,0,0,0,1,1,9206,9206.000,0,0,0,0,6.120
decode,real,7220,7251574333037874747,0,0,0,0,1,1,9207,9207.000,0,0,0,0,6.114
decode,real,7221,7251574333037874747,0,0,0,0,1,1,9208,9208.000,0,0,0,0,6.132
decode,real,7222,7251574333037874747,0,0,0,0,1,1,9209,9209.000,0,0,0,0,6.106
decode,real,7223,7251574333037874747,0,0,0,0,1,1,9210,9210.000,0,0,0,0,6.113
decode,real,7224,7251574333037874747,0,0,0,0,1,1,9211,9211.000,0,0,0,0,6.131
decode,real,7225,7251574333037874747,0,0,0,0,1,1,9212,9212.000,0,0,0,0,6.107
decode,real,7226,7251574333037874747,0,0,0,0,1,1,9213,9213.000,0,0,0,0,6.110
decode,real,7227,7251574333037874747,0,0,0,0,1,1,9214,9214.000,0,0,0,0,6.178
