phase,workload_segment,counter_id,worker_id,dp_rank,ctx_tokens,ctx_requests,ctx_kv_tokens,decode_tokens,decode_requests,decode_kv_tokens,mean_decode_kv_tokens,queued_ctx_tokens,queued_ctx_requests,queued_decode_requests,queued_decode_kv_tokens,latency_ms
context,real,1069,13281538206002830254,0,2048,1,0,0,0,0,0.000,0,0,0,0,231.902
context,real,1070,13281538206002830254,0,2048,1,2048,0,0,0,0.000,8192,1,0,0,222.990
context,real,1071,13281538206002830254,0,2048,1,4096,0,0,0,0.000,8192,1,0,0,206.481
context,real,1072,13281538206002830254,0,2048,1,6144,0,0,0,0.000,0,0,0,0,214.201
mixed,real,1073,13281538206002830254,0,2047,1,0,1,1,8192,8192.000,0,0,0,0,220.149
mixed,real,1074,13281538206002830254,0,2047,1,2047,1,1,8193,8193.000,0,0,0,0,218.089
mixed,real,1075,13281538206002830254,0,2047,1,4094,1,1,8194,8194.000,0,0,0,0,216.407
mixed,real,1076,13281538206002830254,0,2047,1,6141,1,1,8195,8195.000,0,0,0,0,216.054
mixed,real,1077,13281538206002830254,0,2047,2,8188,1,1,8196,8196.000,0,0,0,0,219.063
mixed,real,1078,13281538206002830254,0,2046,1,2043,2,2,16389,8194.500,0,0,0,0,219.863
mixed,real,1079,13281538206002830254,0,2046,1,4089,2,2,16391,8195.500,0,0,0,0,220.807
mixed,real,1080,13281538206002830254,0,2046,1,6135,2,2,16393,8196.500,24576,3,0,0,212.811
mixed,real,1081,13281538206002830254,0,2046,2,8181,2,2,16395,8197.500,98304,12,0,0,185.109
mixed,real,1082,13281538206002830254,0,2045,1,2035,3,3,24589,8196.333,196608,24,0,0,169.182
mixed,real,1083,13281538206002830254,0,2045,1,4080,3,3,24592,8197.333,360448,44,0,0,144.491
mixed,real,1084,13281538206002830254,0,2045,1,6125,3,3,24595,8198.333,516096,63,0,0,110.323
mixed,real,1085,13281538206002830254,0,2045,2,8170,3,3,24598,8199.333,720896,88,0,0,67.645
mixed,real,1086,13281538206002830254,0,2044,1,2023,4,4,32793,8198.250,835584,102,0,0,50.301
mixed,real,1087,13281538206002830254,0,2044,1,4067,4,4,32797,8199.250,1007616,123,0,0,50.584
mixed,real,1088,13281538206002830254,0,2044,1,6111,4,4,32801,8200.250,999424,122,0,0,51.148
mixed,real,1089,13281538206002830254,0,2044,2,8155,4,4,32805,8201.250,999424,122,0,0,50.690
mixed,real,1090,13281538206002830254,0,2043,1,2007,5,5,41001,8200.200,999424,122,0,0,51.420
mixed,real,1091,13281538206002830254,0,2043,1,4050,5,5,41006,8201.200,999424,122,0,0,52.674
mixed,real,1092,13281538206002830254,0,2043,1,6093,5,5,41011,8202.200,991232,121,0,0,55.287
mixed,real,1093,13281538206002830254,0,2043,2,8136,5,5,41016,8203.200,991232,121,0,0,50.543
mixed,real,1094,13281538206002830254,0,2042,1,1987,6,6,49213,8202.167,991232,121,0,0,50.498
mixed,real,1095,13281538206002830254,0,2042,1,4029,6,6,49219,8203.167,991232,121,0,0,50.895
mixed,real,1096,13281538206002830254,0,2042,1,6071,6,6,49225,8204.167,983040,120,0,0,53.928
mixed,real,1097,13281538206002830254,0,2042,2,8113,6,6,49231,8205.167,983040,120,0,0,50.556
mixed,real,1098,13281538206002830254,0,2041,1,1963,7,7,57429,8204.143,983040,120,0,0,50.483
mixed,real,1099,13281538206002830254,0,2041,1,4004,7,7,57436,8205.143,983040,120,0,0,50.650
mixed,real,1100,13281538206002830254,0,2041,1,6045,7,7,57443,8206.143,974848,119,0,0,54.188
mixed,real,1101,13281538206002830254,0,2041,2,8086,7,7,57450,8207.143,974848,119,0,0,51.186
mixed,real,1102,13281538206002830254,0,2040,1,1935,8,8,65649,8206.125,974848,119,0,0,52.307
mixed,real,1103,13281538206002830254,0,2040,1,3975,8,8,65657,8207.125,974848,119,0,0,50.765
mixed,real,1104,13281538206002830254,0,2040,1,6015,8,8,65665,8208.125,966656,118,0,0,54.213
mixed,real,1105,13281538206002830254,0,2040,2,8055,8,8,65673,8209.125,966656,118,0,0,50.574
mixed,real,1106,13281538206002830254,0,2039,1,1903,9,9,73873,8208.111,966656,118,0,0,50.475
mixed,real,1107,13281538206002830254,0,2039,1,3942,9,9,73882,8209.111,966656,118,0,0,51.536
mixed,real,1108,13281538206002830254,0,2039,1,5981,9,9,73891,8210.111,958464,117,0,0,56.414
mixed,real,1109,13281538206002830254,0,2039,2,8020,9,9,73900,8211.111,958464,117,0,0,50.856
mixed,real,1110,13281538206002830254,0,2038,1,1867,10,10,82101,8210.100,958464,117,0,0,50.784
mixed,real,1111,13281538206002830254,0,2038,1,3905,10,10,82111,8211.100,958464,117,0,0,50.906
mixed,real,1112,13281538206002830254,0,2038,1,5943,10,10,82121,8212.100,950272,116,0,0,54.790
mixed,real,1113,13281538206002830254,0,2038,2,7981,10,10,82131,8213.100,950272,116,0,0,50.754
mixed,real,1114,13281538206002830254,0,2037,1,1827,11,11,90333,8212.091,950272,116,0,0,51.663
mixed,real,1115,13281538206002830254,0,2037,1,3864,11,11,90344,8213.091,950272,116,0,0,52.820
mixed,real,1116,13281538206002830254,0,2037,1,5901,11,11,90355,8214.091,942080,115,0,0,55.369
mixed,real,1117,13281538206002830254,0,2037,2,7938,11,11,90366,8215.091,942080,115,0,0,50.517
mixed,real,1118,13281538206002830254,0,2036,1,1783,12,12,98569,8214.083,942080,115,0,0,50.495
mixed,real,1119,13281538206002830254,0,2036,1,3819,12,12,98581,8215.083,942080,115,0,0,50.922
mixed,real,1120,13281538206002830254,0,2036,1,5855,12,12,98593,8216.083,933888,114,0,0,54.580
mixed,real,1121,13281538206002830254,0,2036,2,7891,12,12,98605,8217.083,933888,114,0,0,50.511
mixed,real,1122,13281538206002830254,0,2035,1,1735,13,13,106809,8216.077,933888,114,0,0,50.883
mixed,real,1123,13281538206002830254,0,2035,1,3770,13,13,106822,8217.077,933888,114,0,0,51.433
mixed,real,1124,13281538206002830254,0,2035,1,5805,13,13,106835,8218.077,925696,113,0,0,56.109
mixed,real,1125,13281538206002830254,0,2035,2,7840,13,13,106848,8219.077,925696,113,0,0,51.308
mixed,real,1126,13281538206002830254,0,2034,1,1683,14,14,115053,8218.071,925696,113,0,0,52.531
mixed,real,1127,13281538206002830254,0,2034,1,3717,14,14,115067,8219.071,925696,113,0,0,51.657
mixed,real,1128,13281538206002830254,0,2034,1,5751,14,14,115081,8220.071,917504,112,0,0,56.241
mixed,real,1129,13281538206002830254,0,2034,2,7785,14,14,115095,8221.071,917504,112,0,0,47.862
mixed,real,1130,13281538206002830254,0,2033,1,1627,15,15,123301,8220.067,917504,112,0,0,50.814
mixed,real,1131,13281538206002830254,0,2033,1,3660,15,15,123316,8221.067,917504,112,0,0,51.751
mixed,real,1132,13281538206002830254,0,2033,1,5693,15,15,123331,8222.067,909312,111,0,0,56.097
mixed,real,1133,13281538206002830254,0,2033,2,7726,15,15,123346,8223.067,909312,111,0,0,50.160
mixed,real,1134,13281538206002830254,0,2032,1,1567,16,16,131553,8222.062,909312,111,0,0,53.197
mixed,real,1135,13281538206002830254,0,2032,1,3599,16,16,131569,8223.062,909312,111,0,0,50.973
mixed,real,1136,13281538206002830254,0,2032,1,5631,16,16,131585,8224.062,901120,110,0,0,53.929
mixed,real,1137,13281538206002830254,0,2032,2,7663,16,16,131601,8225.062,901120,110,0,0,47.950
mixed,real,1138,13281538206002830254,0,2031,1,1503,17,17,139809,8224.059,901120,110,0,0,50.519
mixed,real,1139,13281538206002830254,0,2031,1,3534,17,17,139826,8225.059,901120,110,0,0,50.977
mixed,real,1140,13281538206002830254,0,2031,1,5565,17,17,139843,8226.059,892928,109,0,0,54.247
mixed,real,1141,13281538206002830254,0,2031,2,7596,17,17,139860,8227.059,892928,109,0,0,48.123
mixed,real,1142,13281538206002830254,0,2030,1,1435,18,18,148069,8226.056,892928,109,0,0,50.674
mixed,real,1143,13281538206002830254,0,2030,1,3465,18,18,148087,8227.056,892928,109,0,0,51.373
mixed,real,1144,13281538206002830254,0,2030,1,5495,18,18,148105,8228.056,884736,108,0,0,56.297
mixed,real,1145,13281538206002830254,0,2030,2,7525,18,18,148123,8229.056,884736,108,0,0,48.975
mixed,real,1146,13281538206002830254,0,2029,1,1363,19,19,156333,8228.053,884736,108,0,0,50.695
mixed,real,1147,13281538206002830254,0,2029,1,3392,19,19,156352,8229.053,884736,108,0,0,51.068
mixed,real,1148,13281538206002830254,0,2029,1,5421,19,19,156371,8230.053,876544,107,0,0,54.186
mixed,real,1149,13281538206002830254,0,2029,2,7450,19,19,156390,8231.053,876544,107,0,0,49.347
mixed,real,1150,13281538206002830254,0,2028,1,1287,20,20,164601,8230.050,876544,107,0,0,50.670
mixed,real,1151,13281538206002830254,0,2028,1,3315,20,20,164621,8231.050,876544,107,0,0,51.674
mixed,real,1152,13281538206002830254,0,2028,1,5343,20,20,164641,8232.050,868352,106,0,0,54.341
mixed,real,1153,13281538206002830254,0,2028,2,7371,20,20,164661,8233.050,868352,106,0,0,52.310
mixed,real,1154,13281538206002830254,0,2027,1,1207,21,21,172873,8232.048,868352,106,0,0,53.174
mixed,real,1155,13281538206002830254,0,2027,1,3234,21,21,172894,8233.048,868352,106,0,0,54.394
mixed,real,1156,13281538206002830254,0,2027,1,5261,21,21,172915,8234.048,860160,105,0,0,54.343
mixed,real,1157,13281538206002830254,0,2027,2,7288,21,21,172936,8235.048,860160,105,0,0,51.727
mixed,real,1158,13281538206002830254,0,2026,1,1123,22,22,181149,8234.045,860160,105,0,0,52.392
mixed,real,1159,13281538206002830254,0,2026,1,3149,22,22,181171,8235.045,860160,105,0,0,53.244
mixed,real,1160,13281538206002830254,0,2026,1,5175,22,22,181193,8236.045,851968,104,0,0,55.217
mixed,real,1161,13281538206002830254,0,2026,2,7201,22,22,181215,8237.045,851968,104,0,0,52.504
mixed,real,1162,13281538206002830254,0,2025,1,1035,23,23,189429,8236.043,851968,104,0,0,52.302
mixed,real,1163,13281538206002830254,0,2025,1,3060,23,23,189452,8237.043,851968,104,0,0,53.211
mixed,real,1164,13281538206002830254,0,2025,1,5085,23,23,189475,8238.043,843776,103,0,0,53.616
mixed,real,1165,13281538206002830254,0,2025,2,7110,23,23,189498,8239.043,843776,103,0,0,53.686
mixed,real,1166,13281538206002830254,0,2024,1,943,24,24,197713,8238.042,843776,103,0,0,53.760
mixed,real,1167,13281538206002830254,0,2024,1,2967,24,24,197737,8239.042,843776,103,0,0,52.650
mixed,real,1168,13281538206002830254,0,2024,1,4991,24,24,197761,8240.042,835584,102,0,0,54.456
mixed,real,1169,13281538206002830254,0,2024,2,7015,24,24,197785,8241.042,835584,102,0,0,53.345
mixed,real,1170,13281538206002830254,0,2023,1,847,25,25,206001,8240.040,835584,102,0,0,52.957
mixed,real,1171,13281538206002830254,0,2023,1,2870,25,25,206026,8241.040,835584,102,0,0,52.836
mixed,real,1172,13281538206002830254,0,2023,1,4893,25,25,206051,8242.040,827392,101,0,0,54.641
mixed,real,1173,13281538206002830254,0,2023,2,6916,25,25,206076,8243.040,827392,101,0,0,52.633
mixed,real,1174,13281538206002830254,0,2022,1,747,26,26,214293,8242.038,827392,101,0,0,52.183
mixed,real,1175,13281538206002830254,0,2022,1,2769,26,26,214319,8243.038,827392,101,0,0,52.176
mixed,real,1176,13281538206002830254,0,2022,1,4791,26,26,214345,8244.038,819200,100,0,0,54.051
mixed,real,1177,13281538206002830254,0,2022,2,6813,26,26,214371,8245.038,819200,100,0,0,52.997
mixed,real,1178,13281538206002830254,0,2021,1,643,27,27,222589,8244.037,819200,100,0,0,51.873
mixed,real,1179,13281538206002830254,0,2021,1,2664,27,27,222616,8245.037,819200,100,0,0,51.646
mixed,real,1180,13281538206002830254,0,2021,1,4685,27,27,222643,8246.037,811008,99,0,0,54.180
mixed,real,1181,13281538206002830254,0,2021,2,6706,27,27,222670,8247.037,811008,99,0,0,52.953
mixed,real,1182,13281538206002830254,0,2020,1,535,28,28,230889,8246.036,811008,99,0,0,52.712
mixed,real,1183,13281538206002830254,0,2020,1,2555,28,28,230917,8247.036,811008,99,0,0,52.494
mixed,real,1184,13281538206002830254,0,2020,1,4575,28,28,230945,8248.036,802816,98,0,0,53.921
mixed,real,1185,13281538206002830254,0,2020,2,6595,28,28,230973,8249.036,802816,98,0,0,52.735
mixed,real,1186,13281538206002830254,0,2019,1,423,29,29,239193,8248.034,802816,98,0,0,52.629
mixed,real,1187,13281538206002830254,0,2019,1,2442,29,29,239222,8249.034,802816,98,0,0,52.770
mixed,real,1188,13281538206002830254,0,2019,1,4461,29,29,239251,8250.034,794624,97,0,0,54.888
mixed,real,1189,13281538206002830254,0,2019,2,6480,29,29,239280,8251.034,794624,97,0,0,55.333
mixed,real,1190,13281538206002830254,0,2018,1,307,30,30,247501,8250.033,794624,97,0,0,50.585
mixed,real,1191,13281538206002830254,0,2018,1,2325,30,30,247531,8251.033,794624,97,0,0,50.965
mixed,real,1192,13281538206002830254,0,2018,1,4343,30,30,247561,8252.033,786432,96,0,0,52.967
mixed,real,1193,13281538206002830254,0,2018,2,6361,30,30,247591,8253.033,786432,96,0,0,55.716
mixed,real,1194,13281538206002830254,0,2017,1,187,31,31,255813,8252.032,786432,96,0,0,50.576
mixed,real,1195,13281538206002830254,0,2017,1,2204,31,31,255844,8253.032,786432,96,0,0,50.740
mixed,real,1196,13281538206002830254,0,2017,1,4221,31,31,255875,8254.032,778240,95,0,0,54.075
mixed,real,1197,13281538206002830254,0,2017,2,6238,31,31,255906,8255.032,778240,95,0,0,56.483
mixed,real,1198,13281538206002830254,0,2016,1,63,32,32,264129,8254.031,778240,95,0,0,53.879
mixed,real,1199,13281538206002830254,0,2016,1,2079,32,32,264161,8255.031,778240,95,0,0,51.060
mixed,real,1200,13281538206002830254,0,2016,1,4095,32,32,264193,8256.031,778240,95,0,0,52.901
mixed,real,1201,13281538206002830254,0,2016,1,6111,32,32,264225,8257.031,770048,94,0,0,55.473
mixed,real,1202,13281538206002830254,0,2016,2,8127,32,32,264257,8258.031,770048,94,0,0,50.799
mixed,real,1203,13281538206002830254,0,2015,1,1951,33,33,272481,8257.000,770048,94,0,0,51.631
mixed,real,1204,13281538206002830254,0,2015,1,3966,33,33,272514,8258.000,770048,94,0,0,53.852
mixed,real,1205,13281538206002830254,0,2015,1,5981,33,33,272547,8259.000,761856,93,0,0,55.262
mixed,real,1206,13281538206002830254,0,2015,2,7996,33,33,272580,8260.000,761856,93,0,0,50.893
mixed,real,1207,13281538206002830254,0,2014,1,1819,34,34,280805,8258.971,761856,93,0,0,51.285
mixed,real,1208,13281538206002830254,0,2014,1,3833,34,34,280839,8259.971,761856,93,0,0,53.118
mixed,real,1209,13281538206002830254,0,2014,1,5847,34,34,280873,8260.971,753664,92,0,0,56.092
mixed,real,1210,13281538206002830254,0,2014,2,7861,34,34,280907,8261.971,753664,92,0,0,50.878
mixed,real,1211,13281538206002830254,0,2013,1,1683,35,35,289133,8260.943,753664,92,0,0,51.435
mixed,real,1212,13281538206002830254,0,2013,1,3696,35,35,289168,8261.943,753664,92,0,0,53.074
mixed,real,1213,13281538206002830254,0,2013,1,5709,35,35,289203,8262.943,745472,91,0,0,56.074
mixed,real,1214,13281538206002830254,0,2013,2,7722,35,35,289238,8263.943,745472,91,0,0,49.837
mixed,real,1215,13281538206002830254,0,2012,1,1543,36,36,297465,8262.917,745472,91,0,0,51.211
mixed,real,1216,13281538206002830254,0,2012,1,3555,36,36,297501,8263.917,745472,91,0,0,53.135
mixed,real,1217,13281538206002830254,0,2012,1,5567,36,36,297537,8264.917,737280,90,0,0,55.458
mixed,real,1218,13281538206002830254,0,2012,2,7579,36,36,297573,8265.917,737280,90,0,0,53.584
mixed,real,1219,13281538206002830254,0,2011,1,1399,37,37,305801,8264.892,737280,90,0,0,52.880
mixed,real,1220,13281538206002830254,0,2011,1,3410,37,37,305838,8265.892,737280,90,0,0,53.203
mixed,real,1221,13281538206002830254,0,2011,1,5421,37,37,305875,8266.892,729088,89,0,0,55.270
mixed,real,1222,13281538206002830254,0,2011,2,7432,37,37,305912,8267.892,729088,89,0,0,52.554
mixed,real,1223,13281538206002830254,0,2010,1,1251,38,38,314141,8266.868,729088,89,0,0,52.474
mixed,real,1224,13281538206002830254,0,2010,1,3261,38,38,314179,8267.868,729088,89,0,0,52.627
mixed,real,1225,13281538206002830254,0,2010,1,5271,38,38,314217,8268.868,720896,88,0,0,55.600
mixed,real,1226,13281538206002830254,0,2010,2,7281,38,38,314255,8269.868,720896,88,0,0,53.365
mixed,real,1227,13281538206002830254,0,2009,1,1099,39,39,322485,8268.846,720896,88,0,0,52.823
mixed,real,1228,13281538206002830254,0,2009,1,3108,39,39,322524,8269.846,720896,88,0,0,53.164
mixed,real,1229,13281538206002830254,0,2009,1,5117,39,39,322563,8270.846,712704,87,0,0,54.522
mixed,real,1230,13281538206002830254,0,2009,2,7126,39,39,322602,8271.846,712704,87,0,0,54.089
mixed,real,1231,13281538206002830254,0,2008,1,943,40,40,330833,8270.825,712704,87,0,0,52.756
mixed,real,1232,13281538206002830254,0,2008,1,2951,40,40,330873,8271.825,712704,87,0,0,51.661
mixed,real,1233,13281538206002830254,0,2008,1,4959,40,40,330913,8272.825,704512,86,0,0,54.054
mixed,real,1234,13281538206002830254,0,2008,2,6967,40,40,330953,8273.825,704512,86,0,0,52.046
mixed,real,1235,13281538206002830254,0,2007,1,783,41,41,339185,8272.805,704512,86,0,0,53.359
mixed,real,1236,13281538206002830254,0,2007,1,2790,41,41,339226,8273.805,704512,86,0,0,52.490
mixed,real,1237,13281538206002830254,0,2007,1,4797,41,41,339267,8274.805,696320,85,0,0,55.123
mixed,real,1238,13281538206002830254,0,2007,2,6804,41,41,339308,8275.805,696320,85,0,0,52.713
mixed,real,1239,13281538206002830254,0,2006,1,619,42,42,347541,8274.786,696320,85,0,0,52.383
mixed,real,1240,13281538206002830254,0,2006,1,2625,42,42,347583,8275.786,696320,85,0,0,52.347
mixed,real,1241,13281538206002830254,0,2006,1,4631,42,42,347625,8276.786,688128,84,0,0,54.482
mixed,real,1242,13281538206002830254,0,2006,2,6637,42,42,347667,8277.786,688128,84,0,0,56.585
mixed,real,1243,13281538206002830254,0,2005,1,451,43,43,355901,8276.767,688128,84,0,0,50.836
mixed,real,1244,13281538206002830254,0,2005,1,2456,43,43,355944,8277.767,688128,84,0,0,53.006
mixed,real,1245,13281538206002830254,0,2005,1,4461,43,43,355987,8278.767,679936,83,0,0,53.853
mixed,real,1246,13281538206002830254,0,2005,2,6466,43,43,356030,8279.767,679936,83,0,0,55.859
mixed,real,1247,13281538206002830254,0,2004,1,279,44,44,364265,8278.750,679936,83,0,0,51.099
mixed,real,1248,13281538206002830254,0,2004,1,2283,44,44,364309,8279.750,679936,83,0,0,52.458
mixed,real,1249,13281538206002830254,0,2004,1,4287,44,44,364353,8280.750,671744,82,0,0,54.160
mixed,real,1250,13281538206002830254,0,2004,2,6291,44,44,364397,8281.750,671744,82,0,0,56.521
mixed,real,1251,13281538206002830254,0,2003,1,103,45,45,372633,8280.733,671744,82,0,0,52.032
mixed,real,1252,13281538206002830254,0,2003,1,2106,45,45,372678,8281.733,671744,82,0,0,53.182
mixed,real,1253,13281538206002830254,0,2003,1,4109,45,45,372723,8282.733,671744,82,0,0,54.254
mixed,real,1254,13281538206002830254,0,2003,1,6112,45,45,372768,8283.733,663552,81,0,0,56.522
mixed,real,1255,13281538206002830254,0,2003,2,8115,45,45,372813,8284.733,663552,81,0,0,51.272
mixed,real,1256,13281538206002830254,0,2002,1,1926,46,46,381050,8283.696,663552,81,0,0,52.390
mixed,real,1257,13281538206002830254,0,2002,1,3928,46,46,381096,8284.696,663552,81,0,0,54.085
mixed,real,1258,13281538206002830254,0,2002,1,5930,46,46,381142,8285.696,655360,80,0,0,56.857
mixed,real,1259,13281538206002830254,0,2002,2,7932,46,46,381188,8286.696,655360,80,0,0,51.694
mixed,real,1260,13281538206002830254,0,2001,1,1742,47,47,389426,8285.660,655360,80,0,0,52.796
mixed,real,1261,13281538206002830254,0,2001,1,3743,47,47,389473,8286.660,655360,80,0,0,53.381
mixed,real,1262,13281538206002830254,0,2001,1,5744,47,47,389520,8287.660,647168,79,0,0,57.057
mixed,real,1263,13281538206002830254,0,2001,2,7745,47,47,389567,8288.660,647168,79,0,0,54.268
mixed,real,1264,13281538206002830254,0,2000,1,1554,48,48,397806,8287.625,647168,79,0,0,55.390
mixed,real,1265,13281538206002830254,0,2000,1,3554,48,48,397854,8288.625,647168,79,0,0,53.621
mixed,real,1266,13281538206002830254,0,2000,1,5554,48,48,397902,8289.625,638976,78,0,0,55.422
mixed,real,1267,13281538206002830254,0,2000,2,7554,48,48,397950,8290.625,638976,78,0,0,54.029
mixed,real,1268,13281538206002830254,0,1999,1,1362,49,49,406190,8289.592,638976,78,0,0,53.159
mixed,real,1269,13281538206002830254,0,1999,1,3361,49,49,406239,8290.592,638976,78,0,0,53.263
mixed,real,1270,13281538206002830254,0,1999,1,5360,49,49,406288,8291.592,630784,77,0,0,55.362
mixed,real,1271,13281538206002830254,0,1999,2,7359,49,49,406337,8292.592,630784,77,0,0,52.990
mixed,real,1272,13281538206002830254,0,1998,1,1166,50,50,414578,8291.560,630784,77,0,0,52.510
mixed,real,1273,13281538206002830254,0,1998,1,3164,50,50,414628,8292.560,630784,77,0,0,53.276
mixed,real,1274,13281538206002830254,0,1998,1,5162,50,50,414678,8293.560,622592,76,0,0,56.126
mixed,real,1275,13281538206002830254,0,1998,2,7160,50,50,414728,8294.560,622592,76,0,0,53.073
mixed,real,1276,13281538206002830254,0,1997,1,966,51,51,422970,8293.529,622592,76,0,0,52.670
mixed,real,1277,13281538206002830254,0,1997,1,2963,51,51,423021,8294.529,622592,76,0,0,52.871
mixed,real,1278,13281538206002830254,0,1997,1,4960,51,51,423072,8295.529,614400,75,0,0,56.063
mixed,real,1279,13281538206002830254,0,1997,2,6957,51,51,423123,8296.529,614400,75,0,0,52.938
mixed,real,1280,13281538206002830254,0,1996,1,762,52,52,431366,8295.500,614400,75,0,0,53.229
mixed,real,1281,13281538206002830254,0,1996,1,2758,52,52,431418,8296.500,614400,75,0,0,53.284
mixed,real,1282,13281538206002830254,0,1996,1,4754,52,52,431470,8297.500,606208,74,0,0,55.027
mixed,real,1283,13281538206002830254,0,1996,2,6750,52,52,431522,8298.500,606208,74,0,0,57.124
mixed,real,1284,13281538206002830254,0,1995,1,554,53,53,439766,8297.472,606208,74,0,0,52.019
mixed,real,1285,13281538206002830254,0,1995,1,2549,53,53,439819,8298.472,606208,74,0,0,52.897
mixed,real,1286,13281538206002830254,0,1995,1,4544,53,53,439872,8299.472,598016,73,0,0,56.226
mixed,real,1287,13281538206002830254,0,1995,2,6539,53,53,439925,8300.472,598016,73,0,0,57.076
mixed,real,1288,13281538206002830254,0,1994,1,342,54,54,448170,8299.444,598016,73,0,0,52.225
mixed,real,1289,13281538206002830254,0,1994,1,2336,54,54,448224,8300.444,598016,73,0,0,52.889
mixed,real,1290,13281538206002830254,0,1994,1,4330,54,54,448278,8301.444,589824,72,0,0,54.046
mixed,real,1291,13281538206002830254,0,1994,2,6324,54,54,448332,8302.444,589824,72,0,0,56.751
mixed,real,1292,13281538206002830254,0,1993,1,126,55,55,456578,8301.418,589824,72,0,0,52.444
mixed,real,1293,13281538206002830254,0,1993,1,2119,55,55,456633,8302.418,589824,72,0,0,53.466
mixed,real,1294,13281538206002830254,0,1993,1,4112,55,55,456688,8303.418,589824,72,0,0,55.644
mixed,real,1295,13281538206002830254,0,1993,1,6105,55,55,456743,8304.418,581632,71,0,0,56.190
mixed,real,1296,13281538206002830254,0,1993,2,8098,55,55,456798,8305.418,581632,71,0,0,52.687
mixed,real,1297,13281538206002830254,0,1992,1,1899,56,56,465045,8304.375,581632,71,0,0,53.289
mixed,real,1298,13281538206002830254,0,1992,1,3891,56,56,465101,8305.375,581632,71,0,0,53.582
mixed,real,1299,13281538206002830254,0,1992,1,5883,56,56,465157,8306.375,573440,70,0,0,56.496
mixed,real,1300,13281538206002830254,0,1992,2,7875,56,56,465213,8307.375,573440,70,0,0,53.399
mixed,real,1301,13281538206002830254,0,1991,1,1675,57,57,473461,8306.333,573440,70,0,0,53.659
mixed,real,1302,13281538206002830254,0,1991,1,3666,57,57,473518,8307.333,573440,70,0,0,53.487
mixed,real,1303,13281538206002830254,0,1991,1,5657,57,57,473575,8308.333,565248,69,0,0,56.729
mixed,real,1304,13281538206002830254,0,1991,2,7648,57,57,473632,8309.333,565248,69,0,0,53.540
mixed,real,1305,13281538206002830254,0,1990,1,1447,58,58,481881,8308.293,565248,69,0,0,53.054
mixed,real,1306,13281538206002830254,0,1990,1,3437,58,58,481939,8309.293,565248,69,0,0,53.706
mixed,real,1307,13281538206002830254,0,1990,1,5427,58,58,481997,8310.293,557056,68,0,0,56.167
mixed,real,1308,13281538206002830254,0,1990,2,7417,58,58,482055,8311.293,557056,68,0,0,55.449
mixed,real,1309,13281538206002830254,0,1989,1,1215,59,59,490305,8310.254,557056,68,0,0,52.369
mixed,real,1310,13281538206002830254,0,1989,1,3204,59,59,490364,8311.254,557056,68,0,0,54.657
mixed,real,1311,13281538206002830254,0,1989,1,5193,59,59,490423,8312.254,548864,67,0,0,55.215
mixed,real,1312,13281538206002830254,0,1989,2,7182,59,59,490482,8313.254,548864,67,0,0,53.435
mixed,real,1313,13281538206002830254,0,1988,1,979,60,60,498733,8312.217,548864,67,0,0,53.097
mixed,real,1314,13281538206002830254,0,1988,1,2967,60,60,498793,8313.217,548864,67,0,0,53.220
mixed,real,1315,13281538206002830254,0,1988,1,4955,60,60,498853,8314.217,540672,66,0,0,55.365
mixed,real,1316,13281538206002830254,0,1988,2,6943,60,60,498913,8315.217,540672,66,0,0,57.440
mixed,real,1317,13281538206002830254,0,1987,1,739,61,61,507165,8314.180,540672,66,0,0,52.792
mixed,real,1318,13281538206002830254,0,1987,1,2726,61,61,507226,8315.180,540672,66,0,0,53.742
mixed,real,1319,13281538206002830254,0,1987,1,4713,61,61,507287,8316.180,532480,65,0,0,55.359
mixed,real,1320,13281538206002830254,0,1987,2,6700,61,61,507348,8317.180,532480,65,0,0,57.592
mixed,real,1321,13281538206002830254,0,1986,1,495,62,62,515601,8316.145,532480,65,0,0,51.987
mixed,real,1322,13281538206002830254,0,1986,1,2481,62,62,515663,8317.145,532480,65,0,0,52.930
mixed,real,1323,13281538206002830254,0,1986,1,4467,62,62,515725,8318.145,524288,64,0,0,54.924
mixed,real,1324,13281538206002830254,0,1986,2,6453,62,62,515787,8319.145,524288,64,0,0,56.917
mixed,real,1325,13281538206002830254,0,1985,1,247,63,63,524041,8318.111,524288,64,0,0,52.723
mixed,real,1326,13281538206002830254,0,1985,1,2232,63,63,524104,8319.111,524288,64,0,0,52.551
mixed,real,1327,13281538206002830254,0,1985,1,4217,63,63,524167,8320.111,524288,64,0,0,54.558
mixed,real,1328,13281538206002830254,0,1985,1,6202,63,63,524230,8321.111,516096,63,0,0,56.960
mixed,real,1329,13281538206002830254,0,1985,2,8187,63,63,524293,8322.111,516096,63,0,0,53.048
mixed,real,1330,13281538206002830254,0,1984,1,1980,64,64,532548,8321.062,516096,63,0,0,55.023
mixed,real,1331,13281538206002830254,0,1984,1,3964,64,64,532612,8322.062,516096,63,0,0,54.333
mixed,real,1332,13281538206002830254,0,1984,1,5948,64,64,532676,8323.062,507904,62,0,0,57.113
mixed,real,1333,13281538206002830254,0,1984,2,7932,64,64,532740,8324.062,507904,62,0,0,52.726
mixed,real,1334,13281538206002830254,0,1983,1,1724,65,65,540996,8323.015,507904,62,0,0,52.581
mixed,real,1335,13281538206002830254,0,1983,1,3707,65,65,541061,8324.015,507904,62,0,0,55.134
mixed,real,1336,13281538206002830254,0,1983,1,5690,65,65,541126,8325.015,499712,61,0,0,56.549
mixed,real,1337,13281538206002830254,0,1983,2,7673,65,65,541191,8326.015,499712,61,0,0,54.389
mixed,real,1338,13281538206002830254,0,1982,1,1464,66,66,549448,8324.970,499712,61,0,0,53.216
mixed,real,1339,13281538206002830254,0,1982,1,3446,66,66,549514,8325.970,499712,61,0,0,52.913
mixed,real,1340,13281538206002830254,0,1982,1,5428,66,66,549580,8326.970,491520,60,0,0,56.446
mixed,real,1341,13281538206002830254,0,1982,2,7410,66,66,549646,8327.970,491520,60,0,0,53.822
mixed,real,1342,13281538206002830254,0,1981,1,1200,67,67,557904,8326.925,491520,60,0,0,52.990
mixed,real,1343,13281538206002830254,0,1981,1,3181,67,67,557971,8327.925,491520,60,0,0,54.162
mixed,real,1344,13281538206002830254,0,1981,1,5162,67,67,558038,8328.925,483328,59,0,0,55.789
mixed,real,1345,13281538206002830254,0,1981,2,7143,67,67,558105,8329.925,483328,59,0,0,57.649
mixed,real,1346,13281538206002830254,0,1980,1,932,68,68,566364,8328.882,483328,59,0,0,52.916
mixed,real,1347,13281538206002830254,0,1980,1,2912,68,68,566432,8329.882,483328,59,0,0,53.425
mixed,real,1348,13281538206002830254,0,1980,1,4892,68,68,566500,8330.882,475136,58,0,0,55.823
mixed,real,1349,13281538206002830254,0,1980,2,6872,68,68,566568,8331.882,475136,58,0,0,58.096
mixed,real,1350,13281538206002830254,0,1979,1,660,69,69,574828,8330.841,475136,58,0,0,52.756
mixed,real,1351,13281538206002830254,0,1979,1,2639,69,69,574897,8331.841,475136,58,0,0,53.511
mixed,real,1352,13281538206002830254,0,1979,1,4618,69,69,574966,8332.841,466944,57,0,0,56.538
mixed,real,1353,13281538206002830254,0,1979,2,6597,69,69,575035,8333.841,466944,57,0,0,57.815
mixed,real,1354,13281538206002830254,0,1978,1,384,70,70,583296,8332.800,466944,57,0,0,52.559
mixed,real,1355,13281538206002830254,0,1978,1,2362,70,70,583366,8333.800,466944,57,0,0,53.297
mixed,real,1356,13281538206002830254,0,1978,1,4340,70,70,583436,8334.800,458752,56,0,0,55.061
mixed,real,1357,13281538206002830254,0,1978,2,6318,70,70,583506,8335.800,458752,56,0,0,57.501
mixed,real,1358,13281538206002830254,0,1977,1,104,71,71,591768,8334.761,458752,56,0,0,53.526
mixed,real,1359,13281538206002830254,0,1977,1,2081,71,71,591839,8335.761,458752,56,0,0,53.994
mixed,real,1360,13281538206002830254,0,1977,1,4058,71,71,591910,8336.761,458752,56,0,0,56.847
mixed,real,1361,13281538206002830254,0,1977,1,6035,71,71,591981,8337.761,450560,55,0,0,57.098
mixed,real,1362,13281538206002830254,0,1977,2,8012,71,71,592052,8338.761,450560,55,0,0,54.976
mixed,real,1363,13281538206002830254,0,1976,1,1797,72,72,600315,8337.708,450560,55,0,0,55.210
mixed,real,1364,13281538206002830254,0,1976,1,3773,72,72,600387,8338.708,450560,55,0,0,55.325
mixed,real,1365,13281538206002830254,0,1976,1,5749,72,72,600459,8339.708,442368,54,0,0,56.666
mixed,real,1366,13281538206002830254,0,1976,2,7725,72,72,600531,8340.708,442368,54,0,0,56.880
mixed,real,1367,13281538206002830254,0,1975,1,1509,73,73,608795,8339.658,442368,54,0,0,52.530
mixed,real,1368,13281538206002830254,0,1975,1,3484,73,73,608868,8340.658,442368,54,0,0,56.415
mixed,real,1369,13281538206002830254,0,1975,1,5459,73,73,608941,8341.658,434176,53,0,0,56.721
mixed,real,1370,13281538206002830254,0,1975,2,7434,73,73,609014,8342.658,434176,53,0,0,53.721
mixed,real,1371,13281538206002830254,0,1974,1,1217,74,74,617279,8341.608,434176,53,0,0,52.858
mixed,real,1372,13281538206002830254,0,1974,1,3191,74,74,617353,8342.608,434176,53,0,0,55.248
mixed,real,1373,13281538206002830254,0,1974,1,5165,74,74,617427,8343.608,425984,52,0,0,56.495
mixed,real,1374,13281538206002830254,0,1974,2,7139,74,74,617501,8344.608,425984,52,0,0,57.898
mixed,real,1375,13281538206002830254,0,1973,1,921,75,75,625767,8343.560,425984,52,0,0,52.664
mixed,real,1376,13281538206002830254,0,1973,1,2894,75,75,625842,8344.560,425984,52,0,0,54.868
mixed,real,1377,13281538206002830254,0,1973,1,4867,75,75,625917,8345.560,417792,51,0,0,56.533
mixed,real,1378,13281538206002830254,0,1973,2,6840,75,75,625992,8346.560,417792,51,0,0,58.476
mixed,real,1379,13281538206002830254,0,1972,1,621,76,76,634259,8345.513,417792,51,0,0,52.889
mixed,real,1380,13281538206002830254,0,1972,1,2593,76,76,634335,8346.513,417792,51,0,0,54.323
mixed,real,1381,13281538206002830254,0,1972,1,4565,76,76,634411,8347.513,409600,50,0,0,56.215
mixed,real,1382,13281538206002830254,0,1972,2,6537,76,76,634487,8348.513,409600,50,0,0,58.126
mixed,real,1383,13281538206002830254,0,1971,1,317,77,77,642755,8347.468,409600,50,0,0,52.916
mixed,real,1384,13281538206002830254,0,1971,1,2288,77,77,642832,8348.468,409600,50,0,0,55.752
mixed,real,1385,13281538206002830254,0,1971,1,4259,77,77,642909,8349.468,401408,49,0,0,56.327
mixed,real,1386,13281538206002830254,0,1971,2,6230,77,77,642986,8350.468,401408,49,0,0,57.639
mixed,real,1387,13281538206002830254,0,1970,1,9,78,78,651255,8349.423,401408,49,0,0,54.107
mixed,real,1388,13281538206002830254,0,1970,1,1979,78,78,651333,8350.423,401408,49,0,0,52.993
mixed,real,1389,13281538206002830254,0,1970,1,3949,78,78,651411,8351.423,401408,49,0,0,56.228
mixed,real,1390,13281538206002830254,0,1970,1,5919,78,78,651489,8352.423,393216,48,0,0,57.333
mixed,real,1391,13281538206002830254,0,1970,2,7889,78,78,651567,8353.423,393216,48,0,0,54.136
mixed,real,1392,13281538206002830254,0,1969,1,1667,79,79,659837,8352.367,393216,48,0,0,53.487
mixed,real,1393,13281538206002830254,0,1969,1,3636,79,79,659916,8353.367,393216,48,0,0,56.469
mixed,real,1394,13281538206002830254,0,1969,1,5605,79,79,659995,8354.367,385024,47,0,0,57.396
mixed,real,1395,13281538206002830254,0,1969,2,7574,79,79,660074,8355.367,385024,47,0,0,54.497
mixed,real,1396,13281538206002830254,0,1968,1,1351,80,80,668345,8354.312,385024,47,0,0,54.791
mixed,real,1397,13281538206002830254,0,1968,1,3319,80,80,668425,8355.312,385024,47,0,0,56.218
mixed,real,1398,13281538206002830254,0,1968,1,5287,80,80,668505,8356.312,376832,46,0,0,57.120
mixed,real,1399,13281538206002830254,0,1968,2,7255,80,80,668585,8357.312,376832,46,0,0,58.312
mixed,real,1400,13281538206002830254,0,1967,1,1031,81,81,676857,8356.259,376832,46,0,0,53.575
mixed,real,1401,13281538206002830254,0,1967,1,2998,81,81,676938,8357.259,376832,46,0,0,56.855
mixed,real,1402,13281538206002830254,0,1967,1,4965,81,81,677019,8358.259,368640,45,0,0,57.006
mixed,real,1403,13281538206002830254,0,1967,2,6932,81,81,677100,8359.259,368640,45,0,0,58.392
mixed,real,1404,13281538206002830254,0,1966,1,707,82,82,685373,8358.207,368640,45,0,0,53.808
mixed,real,1405,13281538206002830254,0,1966,1,2673,82,82,685455,8359.207,368640,45,0,0,54.773
mixed,real,1406,13281538206002830254,0,1966,1,4639,82,82,685537,8360.207,360448,44,0,0,56.704
mixed,real,1407,13281538206002830254,0,1966,2,6605,82,82,685619,8361.207,360448,44,0,0,58.542
mixed,real,1408,13281538206002830254,0,1965,1,379,83,83,693893,8360.157,360448,44,0,0,53.422
mixed,real,1409,13281538206002830254,0,1965,1,2344,83,83,693976,8361.157,360448,44,0,0,54.206
mixed,real,1410,13281538206002830254,0,1965,1,4309,83,83,694059,8362.157,352256,43,0,0,56.522
mixed,real,1411,13281538206002830254,0,1965,2,6274,83,83,694142,8363.157,352256,43,0,0,58.054
mixed,real,1412,13281538206002830254,0,1964,1,47,84,84,702417,8362.107,352256,43,0,0,53.582
mixed,real,1413,13281538206002830254,0,1964,1,2011,84,84,702501,8363.107,352256,43,0,0,54.119
mixed,real,1414,13281538206002830254,0,1964,1,3975,84,84,702585,8364.107,352256,43,0,0,56.431
mixed,real,1415,13281538206002830254,0,1964,1,5939,84,84,702669,8365.107,344064,42,0,0,57.908
mixed,real,1416,13281538206002830254,0,1964,2,7903,84,84,702753,8366.107,344064,42,0,0,54.116
mixed,real,1417,13281538206002830254,0,1963,1,1675,85,85,711029,8365.047,344064,42,0,0,54.136
mixed,real,1418,13281538206002830254,0,1963,1,3638,85,85,711114,8366.047,344064,42,0,0,56.231
mixed,real,1419,13281538206002830254,0,1963,1,5601,85,85,711199,8367.047,335872,41,0,0,57.847
mixed,real,1420,13281538206002830254,0,1963,2,7564,85,85,711284,8368.047,335872,41,0,0,54.122
mixed,real,1421,13281538206002830254,0,1962,1,1335,86,86,719561,8366.988,335872,41,0,0,53.981
mixed,real,1422,13281538206002830254,0,1962,1,3297,86,86,719647,8367.988,335872,41,0,0,56.092
mixed,real,1423,13281538206002830254,0,1962,1,5259,86,86,719733,8368.988,327680,40,0,0,57.555
mixed,real,1424,13281538206002830254,0,1962,2,7221,86,86,719819,8369.988,327680,40,0,0,58.820
mixed,real,1425,13281538206002830254,0,1961,1,991,87,87,728097,8368.931,327680,40,0,0,53.869
mixed,real,1426,13281538206002830254,0,1961,1,2952,87,87,728184,8369.931,327680,40,0,0,55.913
mixed,real,1427,13281538206002830254,0,1961,1,4913,87,87,728271,8370.931,319488,39,0,0,57.340
mixed,real,1428,13281538206002830254,0,1961,2,6874,87,87,728358,8371.931,319488,39,0,0,59.919
mixed,real,1429,13281538206002830254,0,1960,1,643,88,88,736637,8370.875,319488,39,0,0,54.915
mixed,real,1430,13281538206002830254,0,1960,1,2603,88,88,736725,8371.875,319488,39,0,0,54.792
mixed,real,1431,13281538206002830254,0,1960,1,4563,88,88,736813,8372.875,311296,38,0,0,57.156
mixed,real,1432,13281538206002830254,0,1960,2,6523,88,88,736901,8373.875,311296,38,0,0,59.290
mixed,real,1433,13281538206002830254,0,1959,1,291,89,89,745181,8372.820,311296,38,0,0,54.245
mixed,real,1434,13281538206002830254,0,1959,1,2250,89,89,745270,8373.820,311296,38,0,0,55.491
mixed,real,1435,13281538206002830254,0,1959,1,4209,89,89,745359,8374.820,311296,38,0,0,57.159
mixed,real,1436,13281538206002830254,0,1959,1,6168,89,89,745448,8375.820,303104,37,0,0,58.377
mixed,real,1437,13281538206002830254,0,1959,2,8127,89,89,745537,8376.820,303104,37,0,0,54.195
mixed,real,1438,13281538206002830254,0,1958,1,1894,90,90,753818,8375.756,303104,37,0,0,53.974
mixed,real,1439,13281538206002830254,0,1958,1,3852,90,90,753908,8376.756,303104,37,0,0,56.768
mixed,real,1440,13281538206002830254,0,1958,1,5810,90,90,753998,8377.756,294912,36,0,0,58.267
mixed,real,1441,13281538206002830254,0,1958,2,7768,90,90,754088,8378.756,294912,36,0,0,54.134
mixed,real,1442,13281538206002830254,0,1957,1,1534,91,91,762370,8377.692,294912,36,0,0,54.298
mixed,real,1443,13281538206002830254,0,1957,1,3491,91,91,762461,8378.692,294912,36,0,0,57.387
mixed,real,1444,13281538206002830254,0,1957,1,5448,91,91,762552,8379.692,286720,35,0,0,58.585
mixed,real,1445,13281538206002830254,0,1957,2,7405,91,91,762643,8380.692,286720,35,0,0,59.814
mixed,real,1446,13281538206002830254,0,1956,1,1170,92,92,770926,8379.630,286720,35,0,0,54.000
mixed,real,1447,13281538206002830254,0,1956,1,3126,92,92,771018,8380.630,286720,35,0,0,57.119
mixed,real,1448,13281538206002830254,0,1956,1,5082,92,92,771110,8381.630,278528,34,0,0,58.137
mixed,real,1449,13281538206002830254,0,1956,2,7038,92,92,771202,8382.630,278528,34,0,0,59.386
mixed,real,1450,13281538206002830254,0,1955,1,802,93,93,779486,8381.570,278528,34,0,0,54.648
mixed,real,1451,13281538206002830254,0,1955,1,2757,93,93,779579,8382.570,278528,34,0,0,55.096
mixed,real,1452,13281538206002830254,0,1955,1,4712,93,93,779672,8383.570,270336,33,0,0,57.666
mixed,real,1453,13281538206002830254,0,1955,2,6667,93,93,779765,8384.570,270336,33,0,0,59.292
mixed,real,1454,13281538206002830254,0,1954,1,430,94,94,788050,8383.511,270336,33,0,0,53.979
mixed,real,1455,13281538206002830254,0,1954,1,2384,94,94,788144,8384.511,270336,33,0,0,55.449
mixed,real,1456,13281538206002830254,0,1954,1,4338,94,94,788238,8385.511,262144,32,0,0,57.252
mixed,real,1457,13281538206002830254,0,1954,2,6292,94,94,788332,8386.511,262144,32,0,0,58.876
mixed,real,1458,13281538206002830254,0,1953,1,54,95,95,796618,8385.453,262144,32,0,0,54.270
mixed,real,1459,13281538206002830254,0,1953,1,2007,95,95,796713,8386.453,262144,32,0,0,55.061
mixed,real,1460,13281538206002830254,0,1953,1,3960,95,95,796808,8387.453,262144,32,0,0,57.231
mixed,real,1461,13281538206002830254,0,1953,1,5913,95,95,796903,8388.453,253952,31,0,0,58.989
mixed,real,1462,13281538206002830254,0,1953,2,7866,95,95,796998,8389.453,253952,31,0,0,54.861
mixed,real,1463,13281538206002830254,0,1952,1,1627,96,96,805285,8388.385,253952,31,0,0,55.107
mixed,real,1464,13281538206002830254,0,1952,1,3579,96,96,805381,8389.385,253952,31,0,0,57.095
mixed,real,1465,13281538206002830254,0,1952,1,5531,96,96,805477,8390.385,245760,30,0,0,58.714
mixed,real,1466,13281538206002830254,0,1952,2,7483,96,96,805573,8391.385,245760,30,0,0,59.802
mixed,real,1467,13281538206002830254,0,1951,1,1243,97,97,813861,8390.320,245760,30,0,0,54.237
mixed,real,1468,13281538206002830254,0,1951,1,3194,97,97,813958,8391.320,245760,30,0,0,56.864
mixed,real,1469,13281538206002830254,0,1951,1,5145,97,97,814055,8392.320,237568,29,0,0,58.251
mixed,real,1470,13281538206002830254,0,1951,2,7096,97,97,814152,8393.320,237568,29,0,0,59.674
mixed,real,1471,13281538206002830254,0,1950,1,855,98,98,822441,8392.255,237568,29,0,0,54.504
mixed,real,1472,13281538206002830254,0,1950,1,2805,98,98,822539,8393.255,237568,29,0,0,56.157
mixed,real,1473,13281538206002830254,0,1950,1,4755,98,98,822637,8394.255,229376,28,0,0,57.801
mixed,real,1474,13281538206002830254,0,1950,2,6705,98,98,822735,8395.255,229376,28,0,0,59.941
mixed,real,1475,13281538206002830254,0,1949,1,463,99,99,831025,8394.192,229376,28,0,0,54.429
mixed,real,1476,13281538206002830254,0,1949,1,2412,99,99,831124,8395.192,229376,28,0,0,55.824
mixed,real,1477,13281538206002830254,0,1949,1,4361,99,99,831223,8396.192,221184,27,0,0,57.854
mixed,real,1478,13281538206002830254,0,1949,2,6310,99,99,831322,8397.192,221184,27,0,0,59.448
mixed,real,1479,13281538206002830254,0,1948,1,67,100,100,839613,8396.130,221184,27,0,0,54.608
mixed,real,1480,13281538206002830254,0,1948,1,2015,100,100,839713,8397.130,221184,27,0,0,55.765
mixed,real,1481,13281538206002830254,0,1948,1,3963,100,100,839813,8398.130,221184,27,0,0,57.794
mixed,real,1482,13281538206002830254,0,1948,1,5911,100,100,839913,8399.130,212992,26,0,0,59.482
mixed,real,1483,13281538206002830254,0,1948,2,7859,100,100,840013,8400.130,212992,26,0,0,55.318
mixed,real,1484,13281538206002830254,0,1947,1,1615,101,101,848305,8399.059,212992,26,0,0,55.569
mixed,real,1485,13281538206002830254,0,1947,1,3562,101,101,848406,8400.059,212992,26,0,0,57.628
mixed,real,1486,13281538206002830254,0,1947,1,5509,101,101,848507,8401.059,204800,25,0,0,59.194
mixed,real,1487,13281538206002830254,0,1947,2,7456,101,101,848608,8402.059,204800,25,0,0,60.298
mixed,real,1488,13281538206002830254,0,1946,1,1211,102,102,856901,8400.990,204800,25,0,0,54.855
mixed,real,1489,13281538206002830254,0,1946,1,3157,102,102,857003,8401.990,204800,25,0,0,57.314
mixed,real,1490,13281538206002830254,0,1946,1,5103,102,102,857105,8402.990,196608,24,0,0,58.766
mixed,real,1491,13281538206002830254,0,1946,2,7049,102,102,857207,8403.990,196608,24,0,0,60.643
mixed,real,1492,13281538206002830254,0,1945,1,803,103,103,865501,8402.922,196608,24,0,0,54.824
mixed,real,1493,13281538206002830254,0,1945,1,2748,103,103,865604,8403.922,196608,24,0,0,56.815
mixed,real,1494,13281538206002830254,0,1945,1,4693,103,103,865707,8404.922,188416,23,0,0,58.432
mixed,real,1495,13281538206002830254,0,1945,2,6638,103,103,865810,8405.922,188416,23,0,0,60.370
mixed,real,1496,13281538206002830254,0,1944,1,391,104,104,874105,8404.856,188416,23,0,0,54.910
mixed,real,1497,13281538206002830254,0,1944,1,2335,104,104,874209,8405.856,188416,23,0,0,56.392
mixed,real,1498,13281538206002830254,0,1944,1,4279,104,104,874313,8406.856,188416,23,0,0,58.332
mixed,real,1499,13281538206002830254,0,1944,1,6223,104,104,874417,8407.856,180224,22,0,0,60.022
mixed,real,1500,13281538206002830254,0,1944,2,8167,104,104,874521,8408.856,180224,22,0,0,55.545
mixed,real,1501,13281538206002830254,0,1943,1,1919,105,105,882817,8407.781,180224,22,0,0,56.539
mixed,real,1502,13281538206002830254,0,1943,1,3862,105,105,882922,8408.781,180224,22,0,0,58.200
mixed,real,1503,13281538206002830254,0,1943,1,5805,105,105,883027,8409.781,172032,21,0,0,60.134
mixed,real,1504,13281538206002830254,0,1943,2,7748,105,105,883132,8410.781,172032,21,0,0,60.789
mixed,real,1505,13281538206002830254,0,1942,1,1499,106,106,891429,8409.708,172032,21,0,0,55.686
mixed,real,1506,13281538206002830254,0,1942,1,3441,106,106,891535,8410.708,172032,21,0,0,57.808
mixed,real,1507,13281538206002830254,0,1942,1,5383,106,106,891641,8411.708,163840,20,0,0,59.560
mixed,real,1508,13281538206002830254,0,1942,2,7325,106,106,891747,8412.708,163840,20,0,0,60.959
mixed,real,1509,13281538206002830254,0,1941,1,1075,107,107,900045,8411.636,163840,20,0,0,55.134
mixed,real,1510,13281538206002830254,0,1941,1,3016,107,107,900152,8412.636,163840,20,0,0,57.560
mixed,real,1511,13281538206002830254,0,1941,1,4957,107,107,900259,8413.636,155648,19,0,0,59.071
mixed,real,1512,13281538206002830254,0,1941,2,6898,107,107,900366,8414.636,155648,19,0,0,60.924
mixed,real,1513,13281538206002830254,0,1940,1,647,108,108,908665,8413.565,155648,19,0,0,55.203
mixed,real,1514,13281538206002830254,0,1940,1,2587,108,108,908773,8414.565,155648,19,0,0,57.012
mixed,real,1515,13281538206002830254,0,1940,1,4527,108,108,908881,8415.565,147456,18,0,0,58.896
mixed,real,1516,13281538206002830254,0,1940,2,6467,108,108,908989,8416.565,147456,18,0,0,60.278
mixed,real,1517,13281538206002830254,0,1939,1,215,109,109,917289,8415.495,147456,18,0,0,55.521
mixed,real,1518,13281538206002830254,0,1939,1,2154,109,109,917398,8416.495,147456,18,0,0,56.817
mixed,real,1519,13281538206002830254,0,1939,1,4093,109,109,917507,8417.495,147456,18,0,0,58.981
mixed,real,1520,13281538206002830254,0,1939,1,6032,109,109,917616,8418.495,139264,17,0,0,60.309
mixed,real,1521,13281538206002830254,0,1939,2,7971,109,109,917725,8419.495,139264,17,0,0,55.930
mixed,real,1522,13281538206002830254,0,1938,1,1718,110,110,926026,8418.418,139264,17,0,0,56.747
mixed,real,1523,13281538206002830254,0,1938,1,3656,110,110,926136,8419.418,139264,17,0,0,58.464
mixed,real,1524,13281538206002830254,0,1938,1,5594,110,110,926246,8420.418,131072,16,0,0,60.209
mixed,real,1525,13281538206002830254,0,1938,2,7532,110,110,926356,8421.418,131072,16,0,0,61.386
mixed,real,1526,13281538206002830254,0,1937,1,1278,111,111,934658,8420.342,131072,16,0,0,55.959
mixed,real,1527,13281538206002830254,0,1937,1,3215,111,111,934769,8421.342,131072,16,0,0,58.086
mixed,real,1528,13281538206002830254,0,1937,1,5152,111,111,934880,8422.342,122880,15,0,0,59.909
mixed,real,1529,13281538206002830254,0,1937,2,7089,111,111,934991,8423.342,122880,15,0,0,62.217
mixed,real,1530,13281538206002830254,0,1936,1,834,112,112,943294,8422.268,122880,15,0,0,54.878
mixed,real,1531,13281538206002830254,0,1936,1,2770,112,112,943406,8423.268,122880,15,0,0,57.705
mixed,real,1532,13281538206002830254,0,1936,1,4706,112,112,943518,8424.268,114688,14,0,0,59.335
mixed,real,1533,13281538206002830254,0,1936,2,6642,112,112,943630,8425.268,114688,14,0,0,61.452
mixed,real,1534,13281538206002830254,0,1935,1,386,113,113,951934,8424.195,114688,14,0,0,55.873
mixed,real,1535,13281538206002830254,0,1935,1,2321,113,113,952047,8425.195,114688,14,0,0,57.485
mixed,real,1536,13281538206002830254,0,1935,1,4256,113,113,952160,8426.195,114688,14,0,0,59.202
mixed,real,1537,13281538206002830254,0,1935,1,6191,113,113,952273,8427.195,106496,13,0,0,60.827
mixed,real,1538,13281538206002830254,0,1935,2,8126,113,113,952386,8428.195,106496,13,0,0,56.376
mixed,real,1539,13281538206002830254,0,1934,1,1869,114,114,960691,8427.114,106496,13,0,0,57.246
mixed,real,1540,13281538206002830254,0,1934,1,3803,114,114,960805,8428.114,106496,13,0,0,59.059
mixed,real,1541,13281538206002830254,0,1934,1,5737,114,114,960919,8429.114,98304,12,0,0,60.928
mixed,real,1542,13281538206002830254,0,1934,2,7671,114,114,961033,8430.114,98304,12,0,0,62.013
mixed,real,1543,13281538206002830254,0,1933,1,1413,115,115,969339,8429.035,98304,12,0,0,56.544
mixed,real,1544,13281538206002830254,0,1933,1,3346,115,115,969454,8430.035,98304,12,0,0,58.595
mixed,real,1545,13281538206002830254,0,1933,1,5279,115,115,969569,8431.035,90112,11,0,0,60.410
mixed,real,1546,13281538206002830254,0,1933,2,7212,115,115,969684,8432.035,90112,11,0,0,62.083
mixed,real,1547,13281538206002830254,0,1932,1,953,116,116,977991,8430.957,90112,11,0,0,56.403
mixed,real,1548,13281538206002830254,0,1932,1,2885,116,116,978107,8431.957,90112,11,0,0,58.346
mixed,real,1549,13281538206002830254,0,1932,1,4817,116,116,978223,8432.957,81920,10,0,0,60.205
mixed,real,1550,13281538206002830254,0,1932,2,6749,116,116,978339,8433.957,81920,10,0,0,62.056
mixed,real,1551,13281538206002830254,0,1931,1,489,117,117,986647,8432.880,81920,10,0,0,56.290
mixed,real,1552,13281538206002830254,0,1931,1,2420,117,117,986764,8433.880,81920,10,0,0,58.168
mixed,real,1553,13281538206002830254,0,1931,1,4351,117,117,986881,8434.880,73728,9,0,0,59.960
mixed,real,1554,13281538206002830254,0,1931,2,6282,117,117,986998,8435.880,73728,9,0,0,62.073
mixed,real,1555,13281538206002830254,0,1930,1,21,118,118,995307,8434.805,73728,9,0,0,56.233
mixed,real,1556,13281538206002830254,0,1930,1,1951,118,118,995425,8435.805,73728,9,0,0,57.934
mixed,real,1557,13281538206002830254,0,1930,1,3881,118,118,995543,8436.805,73728,9,0,0,60.044
mixed,real,1558,13281538206002830254,0,1930,1,5811,118,118,995661,8437.805,65536,8,0,0,61.604
mixed,real,1559,13281538206002830254,0,1930,2,7741,118,118,995779,8438.805,65536,8,0,0,62.331
mixed,real,1560,13281538206002830254,0,1929,1,1479,119,119,1004089,8437.723,65536,8,0,0,57.441
mixed,real,1561,13281538206002830254,0,1929,1,3408,119,119,1004208,8438.723,65536,8,0,0,59.133
mixed,real,1562,13281538206002830254,0,1929,1,5337,119,119,1004327,8439.723,57344,7,0,0,61.263
mixed,real,1563,13281538206002830254,0,1929,2,7266,119,119,1004446,8440.723,57344,7,0,0,62.459
mixed,real,1564,13281538206002830254,0,1928,1,1003,120,120,1012757,8439.642,57344,7,0,0,56.936
mixed,real,1565,13281538206002830254,0,1928,1,2931,120,120,1012877,8440.642,57344,7,0,0,59.035
mixed,real,1566,13281538206002830254,0,1928,1,4859,120,120,1012997,8441.642,49152,6,0,0,60.749
mixed,real,1567,13281538206002830254,0,1928,2,6787,120,120,1013117,8442.642,49152,6,0,0,62.389
mixed,real,1568,13281538206002830254,0,1927,1,523,121,121,1021429,8441.562,49152,6,0,0,56.831
mixed,real,1569,13281538206002830254,0,1927,1,2450,121,121,1021550,8442.562,49152,6,0,0,58.429
mixed,real,1570,13281538206002830254,0,1927,1,4377,121,121,1021671,8443.562,40960,5,0,0,60.281
mixed,real,1571,13281538206002830254,0,1927,2,6304,121,121,1021792,8444.562,40960,5,0,0,61.810
mixed,real,1572,13281538206002830254,0,1926,1,39,122,122,1030105,8443.484,40960,5,0,0,56.844
mixed,real,1573,13281538206002830254,0,1926,1,1965,122,122,1030227,8444.484,40960,5,0,0,58.640
mixed,real,1574,13281538206002830254,0,1926,1,3891,122,122,1030349,8445.484,40960,5,0,0,60.475
mixed,real,1575,13281538206002830254,0,1926,1,5817,122,122,1030471,8446.484,32768,4,0,0,62.020
mixed,real,1576,13281538206002830254,0,1926,2,7743,122,122,1030593,8447.484,32768,4,0,0,62.843
mixed,real,1577,13281538206002830254,0,1925,1,1477,123,123,1038907,8446.398,32768,4,0,0,57.767
mixed,real,1578,13281538206002830254,0,1925,1,3402,123,123,1039030,8447.398,32768,4,0,0,59.780
mixed,real,1579,13281538206002830254,0,1925,1,5327,123,123,1039153,8448.398,24576,3,0,0,61.458
mixed,real,1580,13281538206002830254,0,1925,2,7252,123,123,1039276,8449.398,24576,3,0,0,62.759
mixed,real,1581,13281538206002830254,0,1924,1,985,124,124,1047591,8448.315,24576,3,0,0,57.430
mixed,real,1582,13281538206002830254,0,1924,1,2909,124,124,1047715,8449.315,24576,3,0,0,59.378
mixed,real,1583,13281538206002830254,0,1924,1,4833,124,124,1047839,8450.315,16384,2,0,0,61.285
mixed,real,1584,13281538206002830254,0,1924,2,6757,124,124,1047963,8451.315,16384,2,0,0,63.370
mixed,real,1585,13281538206002830254,0,1923,1,489,125,125,1056279,8450.232,16384,2,0,0,57.339
mixed,real,1586,13281538206002830254,0,1923,1,2412,125,125,1056404,8451.232,16384,2,0,0,58.949
mixed,real,1587,13281538206002830254,0,1923,1,4335,125,125,1056529,8452.232,16384,2,0,0,60.642
mixed,real,1588,13281538206002830254,0,1923,1,6258,125,125,1056654,8453.232,8192,1,0,0,62.499
mixed,real,1589,13281538206002830254,0,1923,2,8181,125,125,1056779,8454.232,8192,1,0,0,57.556
mixed,real,1590,13281538206002830254,0,1922,1,1912,126,126,1065096,8453.143,8192,1,0,0,58.950
mixed,real,1591,13281538206002830254,0,1922,1,3834,126,126,1065222,8454.143,8192,1,0,0,60.757
mixed,real,1592,13281538206002830254,0,1922,1,5756,126,126,1065348,8455.143,0,0,0,0,62.282
mixed,real,1593,13281538206002830254,0,1922,2,7678,126,126,1065474,8456.143,0,0,0,0,63.299
mixed,real,1594,13281538206002830254,0,1921,1,1408,127,127,1073792,8455.055,0,0,0,0,58.237
mixed,real,1595,13281538206002830254,0,1921,1,3329,127,127,1073919,8456.055,0,0,0,0,60.381
mixed,real,1596,13281538206002830254,0,1921,1,5250,127,127,1074046,8457.055,0,0,0,0,62.129
mixed,real,1597,13281538206002830254,0,1021,1,7171,127,127,1074173,8458.055,0,0,0,0,50.881
decode,real,1598,13281538206002830254,0,0,0,0,128,128,1082492,8456.969,0,0,0,0,20.102
decode,real,1599,13281538206002830254,0,0,0,0,128,128,1082620,8457.969,0,0,0,0,19.938
decode,real,1600,13281538206002830254,0,0,0,0,128,128,1082748,8458.969,0,0,0,0,19.991
decode,real,1601,13281538206002830254,0,0,0,0,128,128,1082876,8459.969,0,0,0,0,19.973
decode,real,1602,13281538206002830254,0,0,0,0,128,128,1083004,8460.969,0,0,0,0,19.956
decode,real,1603,13281538206002830254,0,0,0,0,128,128,1083132,8461.969,0,0,0,0,20.006
decode,real,1604,13281538206002830254,0,0,0,0,128,128,1083260,8462.969,0,0,0,0,19.963
decode,real,1605,13281538206002830254,0,0,0,0,128,128,1083388,8463.969,0,0,0,0,20.006
decode,real,1606,13281538206002830254,0,0,0,0,128,128,1083516,8464.969,0,0,0,0,20.127
decode,real,1607,13281538206002830254,0,0,0,0,128,128,1083644,8465.969,0,0,0,0,19.976
decode,real,1608,13281538206002830254,0,0,0,0,128,128,1083772,8466.969,0,0,0,0,20.031
decode,real,1609,13281538206002830254,0,0,0,0,128,128,1083900,8467.969,0,0,0,0,20.094
decode,real,1610,13281538206002830254,0,0,0,0,128,128,1084028,8468.969,0,0,0,0,20.042
decode,real,1611,13281538206002830254,0,0,0,0,128,128,1084156,8469.969,0,0,0,0,20.108
decode,real,1612,13281538206002830254,0,0,0,0,128,128,1084284,8470.969,0,0,0,0,20.047
decode,real,1613,13281538206002830254,0,0,0,0,128,128,1084412,8471.969,0,0,0,0,19.962
decode,real,1614,13281538206002830254,0,0,0,0,128,128,1084540,8472.969,0,0,0,0,19.946
decode,real,1615,13281538206002830254,0,0,0,0,128,128,1084668,8473.969,0,0,0,0,20.018
decode,real,1616,13281538206002830254,0,0,0,0,128,128,1084796,8474.969,0,0,0,0,20.014
decode,real,1617,13281538206002830254,0,0,0,0,128,128,1084924,8475.969,0,0,0,0,19.970
decode,real,1618,13281538206002830254,0,0,0,0,128,128,1085052,8476.969,0,0,0,0,20.002
decode,real,1619,13281538206002830254,0,0,0,0,128,128,1085180,8477.969,0,0,0,0,19.992
decode,real,1620,13281538206002830254,0,0,0,0,128,128,1085308,8478.969,0,0,0,0,20.022
decode,real,1621,13281538206002830254,0,0,0,0,128,128,1085436,8479.969,0,0,0,0,19.979
decode,real,1622,13281538206002830254,0,0,0,0,128,128,1085564,8480.969,0,0,0,0,20.125
decode,real,1623,13281538206002830254,0,0,0,0,128,128,1085692,8481.969,0,0,0,0,19.992
decode,real,1624,13281538206002830254,0,0,0,0,128,128,1085820,8482.969,0,0,0,0,20.024
decode,real,1625,13281538206002830254,0,0,0,0,128,128,1085948,8483.969,0,0,0,0,19.989
decode,real,1626,13281538206002830254,0,0,0,0,128,128,1086076,8484.969,0,0,0,0,20.012
decode,real,1627,13281538206002830254,0,0,0,0,128,128,1086204,8485.969,0,0,0,0,19.992
decode,real,1628,13281538206002830254,0,0,0,0,128,128,1086332,8486.969,0,0,0,0,20.083
decode,real,1629,13281538206002830254,0,0,0,0,128,128,1086460,8487.969,0,0,0,0,19.979
decode,real,1630,13281538206002830254,0,0,0,0,128,128,1086588,8488.969,0,0,0,0,20.043
decode,real,1631,13281538206002830254,0,0,0,0,128,128,1086716,8489.969,0,0,0,0,19.971
decode,real,1632,13281538206002830254,0,0,0,0,128,128,1086844,8490.969,0,0,0,0,20.043
decode,real,1633,13281538206002830254,0,0,0,0,128,128,1086972,8491.969,0,0,0,0,20.197
decode,real,1634,13281538206002830254,0,0,0,0,128,128,1087100,8492.969,0,0,0,0,19.996
decode,real,1635,13281538206002830254,0,0,0,0,128,128,1087228,8493.969,0,0,0,0,20.015
decode,real,1636,13281538206002830254,0,0,0,0,128,128,1087356,8494.969,0,0,0,0,20.007
decode,real,1637,13281538206002830254,0,0,0,0,128,128,1087484,8495.969,0,0,0,0,20.088
decode,real,1638,13281538206002830254,0,0,0,0,128,128,1087612,8496.969,0,0,0,0,19.988
decode,real,1639,13281538206002830254,0,0,0,0,128,128,1087740,8497.969,0,0,0,0,20.028
decode,real,1640,13281538206002830254,0,0,0,0,128,128,1087868,8498.969,0,0,0,0,19.990
decode,real,1641,13281538206002830254,0,0,0,0,128,128,1087996,8499.969,0,0,0,0,20.174
decode,real,1642,13281538206002830254,0,0,0,0,128,128,1088124,8500.969,0,0,0,0,19.971
decode,real,1643,13281538206002830254,0,0,0,0,128,128,1088252,8501.969,0,0,0,0,20.108
decode,real,1644,13281538206002830254,0,0,0,0,128,128,1088380,8502.969,0,0,0,0,19.971
decode,real,1645,13281538206002830254,0,0,0,0,128,128,1088508,8503.969,0,0,0,0,20.055
decode,real,1646,13281538206002830254,0,0,0,0,128,128,1088636,8504.969,0,0,0,0,20.020
decode,real,1647,13281538206002830254,0,0,0,0,128,128,1088764,8505.969,0,0,0,0,20.202
decode,real,1648,13281538206002830254,0,0,0,0,128,128,1088892,8506.969,0,0,0,0,20.012
decode,real,1649,13281538206002830254,0,0,0,0,128,128,1089020,8507.969,0,0,0,0,19.995
decode,real,1650,13281538206002830254,0,0,0,0,128,128,1089148,8508.969,0,0,0,0,20.009
decode,real,1651,13281538206002830254,0,0,0,0,128,128,1089276,8509.969,0,0,0,0,20.039
decode,real,1652,13281538206002830254,0,0,0,0,128,128,1089404,8510.969,0,0,0,0,20.038
decode,real,1653,13281538206002830254,0,0,0,0,128,128,1089532,8511.969,0,0,0,0,20.040
decode,real,1654,13281538206002830254,0,0,0,0,128,128,1089660,8512.969,0,0,0,0,20.024
decode,real,1655,13281538206002830254,0,0,0,0,128,128,1089788,8513.969,0,0,0,0,20.020
decode,real,1656,13281538206002830254,0,0,0,0,128,128,1089916,8514.969,0,0,0,0,20.044
decode,real,1657,13281538206002830254,0,0,0,0,128,128,1090044,8515.969,0,0,0,0,20.044
decode,real,1658,13281538206002830254,0,0,0,0,128,128,1090172,8516.969,0,0,0,0,20.221
decode,real,1659,13281538206002830254,0,0,0,0,128,128,1090300,8517.969,0,0,0,0,20.094
decode,real,1660,13281538206002830254,0,0,0,0,128,128,1090428,8518.969,0,0,0,0,20.054
decode,real,1661,13281538206002830254,0,0,0,0,128,128,1090556,8519.969,0,0,0,0,20.015
decode,real,1662,13281538206002830254,0,0,0,0,128,128,1090684,8520.969,0,0,0,0,20.231
decode,real,1663,13281538206002830254,0,0,0,0,128,128,1090812,8521.969,0,0,0,0,20.055
decode,real,1664,13281538206002830254,0,0,0,0,128,128,1090940,8522.969,0,0,0,0,20.046
decode,real,1665,13281538206002830254,0,0,0,0,128,128,1091068,8523.969,0,0,0,0,20.047
decode,real,1666,13281538206002830254,0,0,0,0,128,128,1091196,8524.969,0,0,0,0,20.267
decode,real,1667,13281538206002830254,0,0,0,0,128,128,1091324,8525.969,0,0,0,0,20.001
decode,real,1668,13281538206002830254,0,0,0,0,128,128,1091452,8526.969,0,0,0,0,20.074
decode,real,1669,13281538206002830254,0,0,0,0,128,128,1091580,8527.969,0,0,0,0,20.202
decode,real,1670,13281538206002830254,0,0,0,0,128,128,1091708,8528.969,0,0,0,0,19.979
decode,real,1671,13281538206002830254,0,0,0,0,128,128,1091836,8529.969,0,0,0,0,20.103
decode,real,1672,13281538206002830254,0,0,0,0,128,128,1091964,8530.969,0,0,0,0,20.048
decode,real,1673,13281538206002830254,0,0,0,0,128,128,1092092,8531.969,0,0,0,0,20.066
decode,real,1674,13281538206002830254,0,0,0,0,128,128,1092220,8532.969,0,0,0,0,20.066
decode,real,1675,13281538206002830254,0,0,0,0,128,128,1092348,8533.969,0,0,0,0,20.005
decode,real,1676,13281538206002830254,0,0,0,0,128,128,1092476,8534.969,0,0,0,0,20.065
decode,real,1677,13281538206002830254,0,0,0,0,128,128,1092604,8535.969,0,0,0,0,20.025
decode,real,1678,13281538206002830254,0,0,0,0,128,128,1092732,8536.969,0,0,0,0,20.065
decode,real,1679,13281538206002830254,0,0,0,0,128,128,1092860,8537.969,0,0,0,0,20.030
decode,real,1680,13281538206002830254,0,0,0,0,128,128,1092988,8538.969,0,0,0,0,20.096
decode,real,1681,13281538206002830254,0,0,0,0,128,128,1093116,8539.969,0,0,0,0,20.044
decode,real,1682,13281538206002830254,0,0,0,0,128,128,1093244,8540.969,0,0,0,0,20.009
decode,real,1683,13281538206002830254,0,0,0,0,128,128,1093372,8541.969,0,0,0,0,20.073
decode,real,1684,13281538206002830254,0,0,0,0,128,128,1093500,8542.969,0,0,0,0,20.099
decode,real,1685,13281538206002830254,0,0,0,0,128,128,1093628,8543.969,0,0,0,0,20.064
decode,real,1686,13281538206002830254,0,0,0,0,128,128,1093756,8544.969,0,0,0,0,20.216
decode,real,1687,13281538206002830254,0,0,0,0,128,128,1093884,8545.969,0,0,0,0,20.023
decode,real,1688,13281538206002830254,0,0,0,0,128,128,1094012,8546.969,0,0,0,0,20.122
decode,real,1689,13281538206002830254,0,0,0,0,128,128,1094140,8547.969,0,0,0,0,20.058
decode,real,1690,13281538206002830254,0,0,0,0,128,128,1094268,8548.969,0,0,0,0,20.039
decode,real,1691,13281538206002830254,0,0,0,0,128,128,1094396,8549.969,0,0,0,0,20.071
decode,real,1692,13281538206002830254,0,0,0,0,128,128,1094524,8550.969,0,0,0,0,20.079
decode,real,1693,13281538206002830254,0,0,0,0,128,128,1094652,8551.969,0,0,0,0,20.029
decode,real,1694,13281538206002830254,0,0,0,0,128,128,1094780,8552.969,0,0,0,0,20.101
decode,real,1695,13281538206002830254,0,0,0,0,128,128,1094908,8553.969,0,0,0,0,20.055
decode,real,1696,13281538206002830254,0,0,0,0,128,128,1095036,8554.969,0,0,0,0,20.280
decode,real,1697,13281538206002830254,0,0,0,0,128,128,1095164,8555.969,0,0,0,0,20.073
decode,real,1698,13281538206002830254,0,0,0,0,128,128,1095292,8556.969,0,0,0,0,20.057
decode,real,1699,13281538206002830254,0,0,0,0,128,128,1095420,8557.969,0,0,0,0,20.227
decode,real,1700,13281538206002830254,0,0,0,0,128,128,1095548,8558.969,0,0,0,0,20.115
decode,real,1701,13281538206002830254,0,0,0,0,128,128,1095676,8559.969,0,0,0,0,20.253
decode,real,1702,13281538206002830254,0,0,0,0,128,128,1095804,8560.969,0,0,0,0,20.069
decode,real,1703,13281538206002830254,0,0,0,0,128,128,1095932,8561.969,0,0,0,0,20.095
decode,real,1704,13281538206002830254,0,0,0,0,128,128,1096060,8562.969,0,0,0,0,20.116
decode,real,1705,13281538206002830254,0,0,0,0,128,128,1096188,8563.969,0,0,0,0,20.059
decode,real,1706,13281538206002830254,0,0,0,0,128,128,1096316,8564.969,0,0,0,0,20.082
decode,real,1707,13281538206002830254,0,0,0,0,128,128,1096444,8565.969,0,0,0,0,20.092
decode,real,1708,13281538206002830254,0,0,0,0,128,128,1096572,8566.969,0,0,0,0,20.084
decode,real,1709,13281538206002830254,0,0,0,0,128,128,1096700,8567.969,0,0,0,0,20.104
decode,real,1710,13281538206002830254,0,0,0,0,128,128,1096828,8568.969,0,0,0,0,20.047
decode,real,1711,13281538206002830254,0,0,0,0,128,128,1096956,8569.969,0,0,0,0,20.140
decode,real,1712,13281538206002830254,0,0,0,0,128,128,1097084,8570.969,0,0,0,0,20.300
decode,real,1713,13281538206002830254,0,0,0,0,128,128,1097212,8571.969,0,0,0,0,20.260
decode,real,1714,13281538206002830254,0,0,0,0,128,128,1097340,8572.969,0,0,0,0,20.084
decode,real,1715,13281538206002830254,0,0,0,0,128,128,1097468,8573.969,0,0,0,0,20.148
decode,real,1716,13281538206002830254,0,0,0,0,128,128,1097596,8574.969,0,0,0,0,20.152
decode,real,1717,13281538206002830254,0,0,0,0,128,128,1097724,8575.969,0,0,0,0,20.041
decode,real,1718,13281538206002830254,0,0,0,0,128,128,1097852,8576.969,0,0,0,0,20.099
decode,real,1719,13281538206002830254,0,0,0,0,128,128,1097980,8577.969,0,0,0,0,20.132
decode,real,1720,13281538206002830254,0,0,0,0,128,128,1098108,8578.969,0,0,0,0,20.168
decode,real,1721,13281538206002830254,0,0,0,0,128,128,1098236,8579.969,0,0,0,0,20.113
decode,real,1722,13281538206002830254,0,0,0,0,128,128,1098364,8580.969,0,0,0,0,20.115
decode,real,1723,13281538206002830254,0,0,0,0,128,128,1098492,8581.969,0,0,0,0,20.123
decode,real,1724,13281538206002830254,0,0,0,0,128,128,1098620,8582.969,0,0,0,0,20.176
decode,real,1725,13281538206002830254,0,0,0,0,128,128,1098748,8583.969,0,0,0,0,20.097
decode,real,1726,13281538206002830254,0,0,0,0,128,128,1098876,8584.969,0,0,0,0,20.109
decode,real,1727,13281538206002830254,0,0,0,0,128,128,1099004,8585.969,0,0,0,0,20.333
decode,real,1728,13281538206002830254,0,0,0,0,128,128,1099132,8586.969,0,0,0,0,20.250
decode,real,1729,13281538206002830254,0,0,0,0,128,128,1099260,8587.969,0,0,0,0,20.279
decode,real,1730,13281538206002830254,0,0,0,0,128,128,1099388,8588.969,0,0,0,0,20.142
decode,real,1731,13281538206002830254,0,0,0,0,128,128,1099516,8589.969,0,0,0,0,20.119
decode,real,1732,13281538206002830254,0,0,0,0,128,128,1099644,8590.969,0,0,0,0,20.184
decode,real,1733,13281538206002830254,0,0,0,0,128,128,1099772,8591.969,0,0,0,0,20.138
decode,real,1734,13281538206002830254,0,0,0,0,128,128,1099900,8592.969,0,0,0,0,20.118
decode,real,1735,13281538206002830254,0,0,0,0,128,128,1100028,8593.969,0,0,0,0,20.147
decode,real,1736,13281538206002830254,0,0,0,0,128,128,1100156,8594.969,0,0,0,0,20.177
decode,real,1737,13281538206002830254,0,0,0,0,128,128,1100284,8595.969,0,0,0,0,20.140
decode,real,1738,13281538206002830254,0,0,0,0,128,128,1100412,8596.969,0,0,0,0,20.160
decode,real,1739,13281538206002830254,0,0,0,0,128,128,1100540,8597.969,0,0,0,0,20.182
decode,real,1740,13281538206002830254,0,0,0,0,128,128,1100668,8598.969,0,0,0,0,20.581
decode,real,1741,13281538206002830254,0,0,0,0,128,128,1100796,8599.969,0,0,0,0,19.770
decode,real,1742,13281538206002830254,0,0,0,0,128,128,1100924,8600.969,0,0,0,0,20.176
decode,real,1743,13281538206002830254,0,0,0,0,128,128,1101052,8601.969,0,0,0,0,20.179
decode,real,1744,13281538206002830254,0,0,0,0,128,128,1101180,8602.969,0,0,0,0,20.186
decode,real,1745,13281538206002830254,0,0,0,0,128,128,1101308,8603.969,0,0,0,0,20.196
decode,real,1746,13281538206002830254,0,0,0,0,128,128,1101436,8604.969,0,0,0,0,20.171
decode,real,1747,13281538206002830254,0,0,0,0,128,128,1101564,8605.969,0,0,0,0,20.192
decode,real,1748,13281538206002830254,0,0,0,0,128,128,1101692,8606.969,0,0,0,0,20.196
decode,real,1749,13281538206002830254,0,0,0,0,128,128,1101820,8607.969,0,0,0,0,20.270
decode,real,1750,13281538206002830254,0,0,0,0,128,128,1101948,8608.969,0,0,0,0,20.173
decode,real,1751,13281538206002830254,0,0,0,0,128,128,1102076,8609.969,0,0,0,0,20.169
decode,real,1752,13281538206002830254,0,0,0,0,128,128,1102204,8610.969,0,0,0,0,20.214
decode,real,1753,13281538206002830254,0,0,0,0,128,128,1102332,8611.969,0,0,0,0,20.147
decode,real,1754,13281538206002830254,0,0,0,0,128,128,1102460,8612.969,0,0,0,0,20.200
decode,real,1755,13281538206002830254,0,0,0,0,128,128,1102588,8613.969,0,0,0,0,20.181
decode,real,1756,13281538206002830254,0,0,0,0,128,128,1102716,8614.969,0,0,0,0,20.249
decode,real,1757,13281538206002830254,0,0,0,0,128,128,1102844,8615.969,0,0,0,0,20.145
decode,real,1758,13281538206002830254,0,0,0,0,128,128,1102972,8616.969,0,0,0,0,20.172
decode,real,1759,13281538206002830254,0,0,0,0,128,128,1103100,8617.969,0,0,0,0,20.198
decode,real,1760,13281538206002830254,0,0,0,0,128,128,1103228,8618.969,0,0,0,0,20.206
decode,real,1761,13281538206002830254,0,0,0,0,128,128,1103356,8619.969,0,0,0,0,20.211
decode,real,1762,13281538206002830254,0,0,0,0,128,128,1103484,8620.969,0,0,0,0,20.173
decode,real,1763,13281538206002830254,0,0,0,0,128,128,1103612,8621.969,0,0,0,0,20.201
decode,real,1764,13281538206002830254,0,0,0,0,128,128,1103740,8622.969,0,0,0,0,20.240
decode,real,1765,13281538206002830254,0,0,0,0,128,128,1103868,8623.969,0,0,0,0,20.208
decode,real,1766,13281538206002830254,0,0,0,0,128,128,1103996,8624.969,0,0,0,0,20.221
decode,real,1767,13281538206002830254,0,0,0,0,128,128,1104124,8625.969,0,0,0,0,20.177
decode,real,1768,13281538206002830254,0,0,0,0,128,128,1104252,8626.969,0,0,0,0,20.241
decode,real,1769,13281538206002830254,0,0,0,0,128,128,1104380,8627.969,0,0,0,0,20.198
decode,real,1770,13281538206002830254,0,0,0,0,128,128,1104508,8628.969,0,0,0,0,20.197
decode,real,1771,13281538206002830254,0,0,0,0,128,128,1104636,8629.969,0,0,0,0,20.191
decode,real,1772,13281538206002830254,0,0,0,0,128,128,1104764,8630.969,0,0,0,0,20.217
decode,real,1773,13281538206002830254,0,0,0,0,128,128,1104892,8631.969,0,0,0,0,20.404
decode,real,1774,13281538206002830254,0,0,0,0,128,128,1105020,8632.969,0,0,0,0,20.200
decode,real,1775,13281538206002830254,0,0,0,0,128,128,1105148,8633.969,0,0,0,0,20.398
decode,real,1776,13281538206002830254,0,0,0,0,128,128,1105276,8634.969,0,0,0,0,20.193
decode,real,1777,13281538206002830254,0,0,0,0,128,128,1105404,8635.969,0,0,0,0,20.208
decode,real,1778,13281538206002830254,0,0,0,0,128,128,1105532,8636.969,0,0,0,0,20.231
decode,real,1779,13281538206002830254,0,0,0,0,128,128,1105660,8637.969,0,0,0,0,20.151
decode,real,1780,13281538206002830254,0,0,0,0,128,128,1105788,8638.969,0,0,0,0,20.290
decode,real,1781,13281538206002830254,0,0,0,0,128,128,1105916,8639.969,0,0,0,0,20.212
decode,real,1782,13281538206002830254,0,0,0,0,128,128,1106044,8640.969,0,0,0,0,20.154
decode,real,1783,13281538206002830254,0,0,0,0,128,128,1106172,8641.969,0,0,0,0,20.189
decode,real,1784,13281538206002830254,0,0,0,0,128,128,1106300,8642.969,0,0,0,0,20.226
decode,real,1785,13281538206002830254,0,0,0,0,128,128,1106428,8643.969,0,0,0,0,20.213
decode,real,1786,13281538206002830254,0,0,0,0,128,128,1106556,8644.969,0,0,0,0,20.242
decode,real,1787,13281538206002830254,0,0,0,0,128,128,1106684,8645.969,0,0,0,0,20.158
decode,real,1788,13281538206002830254,0,0,0,0,128,128,1106812,8646.969,0,0,0,0,20.249
decode,real,1789,13281538206002830254,0,0,0,0,128,128,1106940,8647.969,0,0,0,0,20.173
decode,real,1790,13281538206002830254,0,0,0,0,128,128,1107068,8648.969,0,0,0,0,20.219
decode,real,1791,13281538206002830254,0,0,0,0,128,128,1107196,8649.969,0,0,0,0,20.251
decode,real,1792,13281538206002830254,0,0,0,0,128,128,1107324,8650.969,0,0,0,0,20.204
decode,real,1793,13281538206002830254,0,0,0,0,128,128,1107452,8651.969,0,0,0,0,20.406
decode,real,1794,13281538206002830254,0,0,0,0,128,128,1107580,8652.969,0,0,0,0,20.226
decode,real,1795,13281538206002830254,0,0,0,0,128,128,1107708,8653.969,0,0,0,0,20.224
decode,real,1796,13281538206002830254,0,0,0,0,128,128,1107836,8654.969,0,0,0,0,20.263
decode,real,1797,13281538206002830254,0,0,0,0,128,128,1107964,8655.969,0,0,0,0,20.186
decode,real,1798,13281538206002830254,0,0,0,0,128,128,1108092,8656.969,0,0,0,0,20.209
decode,real,1799,13281538206002830254,0,0,0,0,128,128,1108220,8657.969,0,0,0,0,20.250
decode,real,1800,13281538206002830254,0,0,0,0,128,128,1108348,8658.969,0,0,0,0,20.246
decode,real,1801,13281538206002830254,0,0,0,0,128,128,1108476,8659.969,0,0,0,0,20.174
decode,real,1802,13281538206002830254,0,0,0,0,128,128,1108604,8660.969,0,0,0,0,20.247
decode,real,1803,13281538206002830254,0,0,0,0,128,128,1108732,8661.969,0,0,0,0,20.197
decode,real,1804,13281538206002830254,0,0,0,0,128,128,1108860,8662.969,0,0,0,0,20.227
decode,real,1805,13281538206002830254,0,0,0,0,128,128,1108988,8663.969,0,0,0,0,20.188
decode,real,1806,13281538206002830254,0,0,0,0,128,128,1109116,8664.969,0,0,0,0,20.216
decode,real,1807,13281538206002830254,0,0,0,0,128,128,1109244,8665.969,0,0,0,0,20.245
decode,real,1808,13281538206002830254,0,0,0,0,128,128,1109372,8666.969,0,0,0,0,20.264
decode,real,1809,13281538206002830254,0,0,0,0,128,128,1109500,8667.969,0,0,0,0,20.226
decode,real,1810,13281538206002830254,0,0,0,0,128,128,1109628,8668.969,0,0,0,0,20.247
decode,real,1811,13281538206002830254,0,0,0,0,128,128,1109756,8669.969,0,0,0,0,20.153
decode,real,1812,13281538206002830254,0,0,0,0,128,128,1109884,8670.969,0,0,0,0,20.283
decode,real,1813,13281538206002830254,0,0,0,0,128,128,1110012,8671.969,0,0,0,0,20.219
decode,real,1814,13281538206002830254,0,0,0,0,128,128,1110140,8672.969,0,0,0,0,20.225
decode,real,1815,13281538206002830254,0,0,0,0,128,128,1110268,8673.969,0,0,0,0,20.220
decode,real,1816,13281538206002830254,0,0,0,0,128,128,1110396,8674.969,0,0,0,0,20.307
decode,real,1817,13281538206002830254,0,0,0,0,128,128,1110524,8675.969,0,0,0,0,20.246
decode,real,1818,13281538206002830254,0,0,0,0,128,128,1110652,8676.969,0,0,0,0,20.412
decode,real,1819,13281538206002830254,0,0,0,0,128,128,1110780,8677.969,0,0,0,0,20.219
decode,real,1820,13281538206002830254,0,0,0,0,128,128,1110908,8678.969,0,0,0,0,20.529
decode,real,1821,13281538206002830254,0,0,0,0,128,128,1111036,8679.969,0,0,0,0,20.196
decode,real,1822,13281538206002830254,0,0,0,0,128,128,1111164,8680.969,0,0,0,0,20.194
decode,real,1823,13281538206002830254,0,0,0,0,128,128,1111292,8681.969,0,0,0,0,20.277
decode,real,1824,13281538206002830254,0,0,0,0,128,128,1111420,8682.969,0,0,0,0,20.244
decode,real,1825,13281538206002830254,0,0,0,0,128,128,1111548,8683.969,0,0,0,0,20.260
decode,real,1826,13281538206002830254,0,0,0,0,128,128,1111676,8684.969,0,0,0,0,20.276
decode,real,1827,13281538206002830254,0,0,0,0,128,128,1111804,8685.969,0,0,0,0,20.261
decode,real,1828,13281538206002830254,0,0,0,0,128,128,1111932,8686.969,0,0,0,0,20.245
decode,real,1829,13281538206002830254,0,0,0,0,128,128,1112060,8687.969,0,0,0,0,20.205
decode,real,1830,13281538206002830254,0,0,0,0,128,128,1112188,8688.969,0,0,0,0,20.349
decode,real,1831,13281538206002830254,0,0,0,0,128,128,1112316,8689.969,0,0,0,0,20.184
decode,real,1832,13281538206002830254,0,0,0,0,128,128,1112444,8690.969,0,0,0,0,20.317
decode,real,1833,13281538206002830254,0,0,0,0,128,128,1112572,8691.969,0,0,0,0,20.201
decode,real,1834,13281538206002830254,0,0,0,0,128,128,1112700,8692.969,0,0,0,0,20.275
decode,real,1835,13281538206002830254,0,0,0,0,128,128,1112828,8693.969,0,0,0,0,20.307
decode,real,1836,13281538206002830254,0,0,0,0,128,128,1112956,8694.969,0,0,0,0,20.476
decode,real,1837,13281538206002830254,0,0,0,0,128,128,1113084,8695.969,0,0,0,0,20.483
decode,real,1838,13281538206002830254,0,0,0,0,128,128,1113212,8696.969,0,0,0,0,20.245
decode,real,1839,13281538206002830254,0,0,0,0,128,128,1113340,8697.969,0,0,0,0,20.288
decode,real,1840,13281538206002830254,0,0,0,0,128,128,1113468,8698.969,0,0,0,0,20.261
decode,real,1841,13281538206002830254,0,0,0,0,128,128,1113596,8699.969,0,0,0,0,20.280
decode,real,1842,13281538206002830254,0,0,0,0,128,128,1113724,8700.969,0,0,0,0,20.250
decode,real,1843,13281538206002830254,0,0,0,0,128,128,1113852,8701.969,0,0,0,0,20.470
decode,real,1844,13281538206002830254,0,0,0,0,128,128,1113980,8702.969,0,0,0,0,20.308
decode,real,1845,13281538206002830254,0,0,0,0,128,128,1114108,8703.969,0,0,0,0,20.280
decode,real,1846,13281538206002830254,0,0,0,0,128,128,1114236,8704.969,0,0,0,0,20.269
decode,real,1847,13281538206002830254,0,0,0,0,128,128,1114364,8705.969,0,0,0,0,20.447
decode,real,1848,13281538206002830254,0,0,0,0,128,128,1114492,8706.969,0,0,0,0,20.329
decode,real,1849,13281538206002830254,0,0,0,0,128,128,1114620,8707.969,0,0,0,0,20.278
decode,real,1850,13281538206002830254,0,0,0,0,128,128,1114748,8708.969,0,0,0,0,20.310
decode,real,1851,13281538206002830254,0,0,0,0,128,128,1114876,8709.969,0,0,0,0,20.488
decode,real,1852,13281538206002830254,0,0,0,0,128,128,1115004,8710.969,0,0,0,0,20.297
decode,real,1853,13281538206002830254,0,0,0,0,128,128,1115132,8711.969,0,0,0,0,20.267
decode,real,1854,13281538206002830254,0,0,0,0,128,128,1115260,8712.969,0,0,0,0,20.659
decode,real,1855,13281538206002830254,0,0,0,0,128,128,1115388,8713.969,0,0,0,0,19.944
decode,real,1856,13281538206002830254,0,0,0,0,128,128,1115516,8714.969,0,0,0,0,20.312
decode,real,1857,13281538206002830254,0,0,0,0,128,128,1115644,8715.969,0,0,0,0,20.342
decode,real,1858,13281538206002830254,0,0,0,0,128,128,1115772,8716.969,0,0,0,0,20.285
decode,real,1859,13281538206002830254,0,0,0,0,128,128,1115900,8717.969,0,0,0,0,20.319
decode,real,1860,13281538206002830254,0,0,0,0,128,128,1116028,8718.969,0,0,0,0,20.316
decode,real,1861,13281538206002830254,0,0,0,0,128,128,1116156,8719.969,0,0,0,0,20.321
decode,real,1862,13281538206002830254,0,0,0,0,128,128,1116284,8720.969,0,0,0,0,20.281
decode,real,1863,13281538206002830254,0,0,0,0,128,128,1116412,8721.969,0,0,0,0,20.328
decode,real,1864,13281538206002830254,0,0,0,0,128,128,1116540,8722.969,0,0,0,0,20.378
decode,real,1865,13281538206002830254,0,0,0,0,128,128,1116668,8723.969,0,0,0,0,20.267
decode,real,1866,13281538206002830254,0,0,0,0,128,128,1116796,8724.969,0,0,0,0,20.336
decode,real,1867,13281538206002830254,0,0,0,0,128,128,1116924,8725.969,0,0,0,0,20.317
decode,real,1868,13281538206002830254,0,0,0,0,128,128,1117052,8726.969,0,0,0,0,20.388
decode,real,1869,13281538206002830254,0,0,0,0,128,128,1117180,8727.969,0,0,0,0,20.352
decode,real,1870,13281538206002830254,0,0,0,0,128,128,1117308,8728.969,0,0,0,0,20.315
decode,real,1871,13281538206002830254,0,0,0,0,128,128,1117436,8729.969,0,0,0,0,20.341
decode,real,1872,13281538206002830254,0,0,0,0,128,128,1117564,8730.969,0,0,0,0,20.349
decode,real,1873,13281538206002830254,0,0,0,0,128,128,1117692,8731.969,0,0,0,0,20.346
decode,real,1874,13281538206002830254,0,0,0,0,128,128,1117820,8732.969,0,0,0,0,20.327
decode,real,1875,13281538206002830254,0,0,0,0,128,128,1117948,8733.969,0,0,0,0,20.412
decode,real,1876,13281538206002830254,0,0,0,0,128,128,1118076,8734.969,0,0,0,0,20.361
decode,real,1877,13281538206002830254,0,0,0,0,128,128,1118204,8735.969,0,0,0,0,20.499
decode,real,1878,13281538206002830254,0,0,0,0,128,128,1118332,8736.969,0,0,0,0,20.334
decode,real,1879,13281538206002830254,0,0,0,0,128,128,1118460,8737.969,0,0,0,0,20.383
decode,real,1880,13281538206002830254,0,0,0,0,128,128,1118588,8738.969,0,0,0,0,20.359
decode,real,1881,13281538206002830254,0,0,0,0,128,128,1118716,8739.969,0,0,0,0,20.319
decode,real,1882,13281538206002830254,0,0,0,0,128,128,1118844,8740.969,0,0,0,0,20.393
decode,real,1883,13281538206002830254,0,0,0,0,128,128,1118972,8741.969,0,0,0,0,20.375
decode,real,1884,13281538206002830254,0,0,0,0,128,128,1119100,8742.969,0,0,0,0,20.379
decode,real,1885,13281538206002830254,0,0,0,0,128,128,1119228,8743.969,0,0,0,0,20.347
decode,real,1886,13281538206002830254,0,0,0,0,128,128,1119356,8744.969,0,0,0,0,20.366
decode,real,1887,13281538206002830254,0,0,0,0,128,128,1119484,8745.969,0,0,0,0,20.345
decode,real,1888,13281538206002830254,0,0,0,0,128,128,1119612,8746.969,0,0,0,0,20.533
decode,real,1889,13281538206002830254,0,0,0,0,128,128,1119740,8747.969,0,0,0,0,20.354
decode,real,1890,13281538206002830254,0,0,0,0,128,128,1119868,8748.969,0,0,0,0,20.385
decode,real,1891,13281538206002830254,0,0,0,0,128,128,1119996,8749.969,0,0,0,0,20.384
decode,real,1892,13281538206002830254,0,0,0,0,128,128,1120124,8750.969,0,0,0,0,20.345
decode,real,1893,13281538206002830254,0,0,0,0,128,128,1120252,8751.969,0,0,0,0,20.392
decode,real,1894,13281538206002830254,0,0,0,0,128,128,1120380,8752.969,0,0,0,0,20.364
decode,real,1895,13281538206002830254,0,0,0,0,128,128,1120508,8753.969,0,0,0,0,20.378
decode,real,1896,13281538206002830254,0,0,0,0,128,128,1120636,8754.969,0,0,0,0,20.578
decode,real,1897,13281538206002830254,0,0,0,0,128,128,1120764,8755.969,0,0,0,0,20.342
decode,real,1898,13281538206002830254,0,0,0,0,128,128,1120892,8756.969,0,0,0,0,20.330
decode,real,1899,13281538206002830254,0,0,0,0,128,128,1121020,8757.969,0,0,0,0,20.393
decode,real,1900,13281538206002830254,0,0,0,0,128,128,1121148,8758.969,0,0,0,0,20.372
decode,real,1901,13281538206002830254,0,0,0,0,128,128,1121276,8759.969,0,0,0,0,20.378
decode,real,1902,13281538206002830254,0,0,0,0,128,128,1121404,8760.969,0,0,0,0,20.314
decode,real,1903,13281538206002830254,0,0,0,0,128,128,1121532,8761.969,0,0,0,0,20.383
decode,real,1904,13281538206002830254,0,0,0,0,128,128,1121660,8762.969,0,0,0,0,20.583
decode,real,1905,13281538206002830254,0,0,0,0,128,128,1121788,8763.969,0,0,0,0,20.556
decode,real,1906,13281538206002830254,0,0,0,0,128,128,1121916,8764.969,0,0,0,0,20.370
decode,real,1907,13281538206002830254,0,0,0,0,128,128,1122044,8765.969,0,0,0,0,20.380
decode,real,1908,13281538206002830254,0,0,0,0,128,128,1122172,8766.969,0,0,0,0,20.440
decode,real,1909,13281538206002830254,0,0,0,0,128,128,1122300,8767.969,0,0,0,0,20.361
decode,real,1910,13281538206002830254,0,0,0,0,128,128,1122428,8768.969,0,0,0,0,20.387
decode,real,1911,13281538206002830254,0,0,0,0,128,128,1122556,8769.969,0,0,0,0,20.532
decode,real,1912,13281538206002830254,0,0,0,0,128,128,1122684,8770.969,0,0,0,0,20.434
decode,real,1913,13281538206002830254,0,0,0,0,128,128,1122812,8771.969,0,0,0,0,20.385
decode,real,1914,13281538206002830254,0,0,0,0,128,128,1122940,8772.969,0,0,0,0,20.580
decode,real,1915,13281538206002830254,0,0,0,0,128,128,1123068,8773.969,0,0,0,0,20.386
decode,real,1916,13281538206002830254,0,0,0,0,128,128,1123196,8774.969,0,0,0,0,20.409
decode,real,1917,13281538206002830254,0,0,0,0,128,128,1123324,8775.969,0,0,0,0,20.574
decode,real,1918,13281538206002830254,0,0,0,0,128,128,1123452,8776.969,0,0,0,0,20.363
decode,real,1919,13281538206002830254,0,0,0,0,128,128,1123580,8777.969,0,0,0,0,20.402
decode,real,1920,13281538206002830254,0,0,0,0,128,128,1123708,8778.969,0,0,0,0,20.337
decode,real,1921,13281538206002830254,0,0,0,0,128,128,1123836,8779.969,0,0,0,0,20.418
decode,real,1922,13281538206002830254,0,0,0,0,128,128,1123964,8780.969,0,0,0,0,20.355
decode,real,1923,13281538206002830254,0,0,0,0,128,128,1124092,8781.969,0,0,0,0,20.410
decode,real,1924,13281538206002830254,0,0,0,0,128,128,1124220,8782.969,0,0,0,0,20.420
decode,real,1925,13281538206002830254,0,0,0,0,128,128,1124348,8783.969,0,0,0,0,20.421
decode,real,1926,13281538206002830254,0,0,0,0,128,128,1124476,8784.969,0,0,0,0,20.314
decode,real,1927,13281538206002830254,0,0,0,0,128,128,1124604,8785.969,0,0,0,0,20.431
decode,real,1928,13281538206002830254,0,0,0,0,128,128,1124732,8786.969,0,0,0,0,20.403
decode,real,1929,13281538206002830254,0,0,0,0,128,128,1124860,8787.969,0,0,0,0,20.365
decode,real,1930,13281538206002830254,0,0,0,0,128,128,1124988,8788.969,0,0,0,0,20.394
decode,real,1931,13281538206002830254,0,0,0,0,128,128,1125116,8789.969,0,0,0,0,20.501
decode,real,1932,13281538206002830254,0,0,0,0,128,128,1125244,8790.969,0,0,0,0,20.545
decode,real,1933,13281538206002830254,0,0,0,0,128,128,1125372,8791.969,0,0,0,0,20.359
decode,real,1934,13281538206002830254,0,0,0,0,128,128,1125500,8792.969,0,0,0,0,20.384
decode,real,1935,13281538206002830254,0,0,0,0,128,128,1125628,8793.969,0,0,0,0,20.437
decode,real,1936,13281538206002830254,0,0,0,0,128,128,1125756,8794.969,0,0,0,0,20.382
decode,real,1937,13281538206002830254,0,0,0,0,128,128,1125884,8795.969,0,0,0,0,20.381
decode,real,1938,13281538206002830254,0,0,0,0,128,128,1126012,8796.969,0,0,0,0,20.434
decode,real,1939,13281538206002830254,0,0,0,0,128,128,1126140,8797.969,0,0,0,0,20.394
decode,real,1940,13281538206002830254,0,0,0,0,128,128,1126268,8798.969,0,0,0,0,20.454
decode,real,1941,13281538206002830254,0,0,0,0,128,128,1126396,8799.969,0,0,0,0,20.336
decode,real,1942,13281538206002830254,0,0,0,0,128,128,1126524,8800.969,0,0,0,0,20.441
decode,real,1943,13281538206002830254,0,0,0,0,128,128,1126652,8801.969,0,0,0,0,20.621
decode,real,1944,13281538206002830254,0,0,0,0,128,128,1126780,8802.969,0,0,0,0,20.416
decode,real,1945,13281538206002830254,0,0,0,0,128,128,1126908,8803.969,0,0,0,0,20.584
decode,real,1946,13281538206002830254,0,0,0,0,128,128,1127036,8804.969,0,0,0,0,20.381
decode,real,1947,13281538206002830254,0,0,0,0,128,128,1127164,8805.969,0,0,0,0,20.447
decode,real,1948,13281538206002830254,0,0,0,0,128,128,1127292,8806.969,0,0,0,0,20.430
decode,real,1949,13281538206002830254,0,0,0,0,128,128,1127420,8807.969,0,0,0,0,20.610
decode,real,1950,13281538206002830254,0,0,0,0,128,128,1127548,8808.969,0,0,0,0,20.439
decode,real,1951,13281538206002830254,0,0,0,0,128,128,1127676,8809.969,0,0,0,0,20.410
decode,real,1952,13281538206002830254,0,0,0,0,128,128,1127804,8810.969,0,0,0,0,20.469
decode,real,1953,13281538206002830254,0,0,0,0,128,128,1127932,8811.969,0,0,0,0,20.442
decode,real,1954,13281538206002830254,0,0,0,0,128,128,1128060,8812.969,0,0,0,0,20.420
decode,real,1955,13281538206002830254,0,0,0,0,128,128,1128188,8813.969,0,0,0,0,20.370
decode,real,1956,13281538206002830254,0,0,0,0,128,128,1128316,8814.969,0,0,0,0,20.487
decode,real,1957,13281538206002830254,0,0,0,0,128,128,1128444,8815.969,0,0,0,0,20.616
decode,real,1958,13281538206002830254,0,0,0,0,128,128,1128572,8816.969,0,0,0,0,20.396
decode,real,1959,13281538206002830254,0,0,0,0,128,128,1128700,8817.969,0,0,0,0,20.594
decode,real,1960,13281538206002830254,0,0,0,0,128,128,1128828,8818.969,0,0,0,0,20.714
decode,real,1961,13281538206002830254,0,0,0,0,128,128,1128956,8819.969,0,0,0,0,20.399
decode,real,1962,13281538206002830254,0,0,0,0,128,128,1129084,8820.969,0,0,0,0,20.438
decode,real,1963,13281538206002830254,0,0,0,0,128,128,1129212,8821.969,0,0,0,0,20.655
decode,real,1964,13281538206002830254,0,0,0,0,128,128,1129340,8822.969,0,0,0,0,20.652
decode,real,1965,13281538206002830254,0,0,0,0,128,128,1129468,8823.969,0,0,0,0,20.374
decode,real,1966,13281538206002830254,0,0,0,0,128,128,1129596,8824.969,0,0,0,0,20.458
decode,real,1967,13281538206002830254,0,0,0,0,128,128,1129724,8825.969,0,0,0,0,20.443
decode,real,1968,13281538206002830254,0,0,0,0,128,128,1129852,8826.969,0,0,0,0,20.466
decode,real,1969,13281538206002830254,0,0,0,0,128,128,1129980,8827.969,0,0,0,0,20.452
decode,real,1970,13281538206002830254,0,0,0,0,128,128,1130108,8828.969,0,0,0,0,20.471
decode,real,1971,13281538206002830254,0,0,0,0,128,128,1130236,8829.969,0,0,0,0,20.429
decode,real,1972,13281538206002830254,0,0,0,0,128,128,1130364,8830.969,0,0,0,0,20.492
decode,real,1973,13281538206002830254,0,0,0,0,128,128,1130492,8831.969,0,0,0,0,20.437
decode,real,1974,13281538206002830254,0,0,0,0,128,128,1130620,8832.969,0,0,0,0,20.480
decode,real,1975,13281538206002830254,0,0,0,0,128,128,1130748,8833.969,0,0,0,0,20.460
decode,real,1976,13281538206002830254,0,0,0,0,128,128,1130876,8834.969,0,0,0,0,20.517
decode,real,1977,13281538206002830254,0,0,0,0,128,128,1131004,8835.969,0,0,0,0,20.461
decode,real,1978,13281538206002830254,0,0,0,0,128,128,1131132,8836.969,0,0,0,0,20.408
decode,real,1979,13281538206002830254,0,0,0,0,128,128,1131260,8837.969,0,0,0,0,20.446
decode,real,1980,13281538206002830254,0,0,0,0,128,128,1131388,8838.969,0,0,0,0,20.696
decode,real,1981,13281538206002830254,0,0,0,0,128,128,1131516,8839.969,0,0,0,0,20.441
decode,real,1982,13281538206002830254,0,0,0,0,128,128,1131644,8840.969,0,0,0,0,20.511
decode,real,1983,13281538206002830254,0,0,0,0,128,128,1131772,8841.969,0,0,0,0,20.614
decode,real,1984,13281538206002830254,0,0,0,0,128,128,1131900,8842.969,0,0,0,0,20.681
decode,real,1985,13281538206002830254,0,0,0,0,128,128,1132028,8843.969,0,0,0,0,20.304
decode,real,1986,13281538206002830254,0,0,0,0,128,128,1132156,8844.969,0,0,0,0,20.480
decode,real,1987,13281538206002830254,0,0,0,0,128,128,1132284,8845.969,0,0,0,0,20.464
decode,real,1988,13281538206002830254,0,0,0,0,128,128,1132412,8846.969,0,0,0,0,20.532
decode,real,1989,13281538206002830254,0,0,0,0,128,128,1132540,8847.969,0,0,0,0,20.480
decode,real,1990,13281538206002830254,0,0,0,0,128,128,1132668,8848.969,0,0,0,0,20.483
decode,real,1991,13281538206002830254,0,0,0,0,128,128,1132796,8849.969,0,0,0,0,20.477
decode,real,1992,13281538206002830254,0,0,0,0,128,128,1132924,8850.969,0,0,0,0,20.529
decode,real,1993,13281538206002830254,0,0,0,0,128,128,1133052,8851.969,0,0,0,0,20.503
decode,real,1994,13281538206002830254,0,0,0,0,128,128,1133180,8852.969,0,0,0,0,20.500
decode,real,1995,13281538206002830254,0,0,0,0,128,128,1133308,8853.969,0,0,0,0,20.629
decode,real,1996,13281538206002830254,0,0,0,0,128,128,1133436,8854.969,0,0,0,0,20.596
decode,real,1997,13281538206002830254,0,0,0,0,128,128,1133564,8855.969,0,0,0,0,20.503
decode,real,1998,13281538206002830254,0,0,0,0,128,128,1133692,8856.969,0,0,0,0,20.709
decode,real,1999,13281538206002830254,0,0,0,0,128,128,1133820,8857.969,0,0,0,0,20.703
decode,real,2000,13281538206002830254,0,0,0,0,128,128,1133948,8858.969,0,0,0,0,20.534
decode,real,2001,13281538206002830254,0,0,0,0,128,128,1134076,8859.969,0,0,0,0,20.519
decode,real,2002,13281538206002830254,0,0,0,0,128,128,1134204,8860.969,0,0,0,0,20.563
decode,real,2003,13281538206002830254,0,0,0,0,128,128,1134332,8861.969,0,0,0,0,20.493
decode,real,2004,13281538206002830254,0,0,0,0,128,128,1134460,8862.969,0,0,0,0,20.517
decode,real,2005,13281538206002830254,0,0,0,0,128,128,1134588,8863.969,0,0,0,0,20.517
decode,real,2006,13281538206002830254,0,0,0,0,128,128,1134716,8864.969,0,0,0,0,20.528
decode,real,2007,13281538206002830254,0,0,0,0,128,128,1134844,8865.969,0,0,0,0,20.535
decode,real,2008,13281538206002830254,0,0,0,0,128,128,1134972,8866.969,0,0,0,0,20.547
decode,real,2009,13281538206002830254,0,0,0,0,128,128,1135100,8867.969,0,0,0,0,20.535
decode,real,2010,13281538206002830254,0,0,0,0,128,128,1135228,8868.969,0,0,0,0,20.486
decode,real,2011,13281538206002830254,0,0,0,0,128,128,1135356,8869.969,0,0,0,0,20.578
decode,real,2012,13281538206002830254,0,0,0,0,128,128,1135484,8870.969,0,0,0,0,20.586
decode,real,2013,13281538206002830254,0,0,0,0,128,128,1135612,8871.969,0,0,0,0,20.490
decode,real,2014,13281538206002830254,0,0,0,0,128,128,1135740,8872.969,0,0,0,0,20.697
decode,real,2015,13281538206002830254,0,0,0,0,128,128,1135868,8873.969,0,0,0,0,20.541
decode,real,2016,13281538206002830254,0,0,0,0,128,128,1135996,8874.969,0,0,0,0,20.585
decode,real,2017,13281538206002830254,0,0,0,0,128,128,1136124,8875.969,0,0,0,0,20.502
decode,real,2018,13281538206002830254,0,0,0,0,128,128,1136252,8876.969,0,0,0,0,20.539
decode,real,2019,13281538206002830254,0,0,0,0,128,128,1136380,8877.969,0,0,0,0,20.567
decode,real,2020,13281538206002830254,0,0,0,0,128,128,1136508,8878.969,0,0,0,0,20.555
decode,real,2021,13281538206002830254,0,0,0,0,128,128,1136636,8879.969,0,0,0,0,20.532
decode,real,2022,13281538206002830254,0,0,0,0,128,128,1136764,8880.969,0,0,0,0,20.576
decode,real,2023,13281538206002830254,0,0,0,0,128,128,1136892,8881.969,0,0,0,0,20.561
decode,real,2024,13281538206002830254,0,0,0,0,128,128,1137020,8882.969,0,0,0,0,20.551
decode,real,2025,13281538206002830254,0,0,0,0,128,128,1137148,8883.969,0,0,0,0,20.717
decode,real,2026,13281538206002830254,0,0,0,0,128,128,1137276,8884.969,0,0,0,0,20.559
decode,real,2027,13281538206002830254,0,0,0,0,128,128,1137404,8885.969,0,0,0,0,20.529
decode,real,2028,13281538206002830254,0,0,0,0,128,128,1137532,8886.969,0,0,0,0,20.575
decode,real,2029,13281538206002830254,0,0,0,0,128,128,1137660,8887.969,0,0,0,0,20.536
decode,real,2030,13281538206002830254,0,0,0,0,128,128,1137788,8888.969,0,0,0,0,20.570
decode,real,2031,13281538206002830254,0,0,0,0,128,128,1137916,8889.969,0,0,0,0,20.557
decode,real,2032,13281538206002830254,0,0,0,0,128,128,1138044,8890.969,0,0,0,0,20.527
decode,real,2033,13281538206002830254,0,0,0,0,128,128,1138172,8891.969,0,0,0,0,20.555
decode,real,2034,13281538206002830254,0,0,0,0,128,128,1138300,8892.969,0,0,0,0,20.743
decode,real,2035,13281538206002830254,0,0,0,0,128,128,1138428,8893.969,0,0,0,0,20.801
decode,real,2036,13281538206002830254,0,0,0,0,128,128,1138556,8894.969,0,0,0,0,20.625
decode,real,2037,13281538206002830254,0,0,0,0,128,128,1138684,8895.969,0,0,0,0,20.479
decode,real,2038,13281538206002830254,0,0,0,0,128,128,1138812,8896.969,0,0,0,0,20.617
decode,real,2039,13281538206002830254,0,0,0,0,128,128,1138940,8897.969,0,0,0,0,20.522
decode,real,2040,13281538206002830254,0,0,0,0,128,128,1139068,8898.969,0,0,0,0,20.590
decode,real,2041,13281538206002830254,0,0,0,0,128,128,1139196,8899.969,0,0,0,0,20.518
decode,real,2042,13281538206002830254,0,0,0,0,128,128,1139324,8900.969,0,0,0,0,20.570
decode,real,2043,13281538206002830254,0,0,0,0,128,128,1139452,8901.969,0,0,0,0,20.523
decode,real,2044,13281538206002830254,0,0,0,0,128,128,1139580,8902.969,0,0,0,0,20.617
decode,real,2045,13281538206002830254,0,0,0,0,128,128,1139708,8903.969,0,0,0,0,20.551
decode,real,2046,13281538206002830254,0,0,0,0,128,128,1139836,8904.969,0,0,0,0,20.566
decode,real,2047,13281538206002830254,0,0,0,0,128,128,1139964,8905.969,0,0,0,0,20.582
decode,real,2048,13281538206002830254,0,0,0,0,128,128,1140092,8906.969,0,0,0,0,20.569
decode,real,2049,13281538206002830254,0,0,0,0,128,128,1140220,8907.969,0,0,0,0,20.604
decode,real,2050,13281538206002830254,0,0,0,0,128,128,1140348,8908.969,0,0,0,0,20.517
decode,real,2051,13281538206002830254,0,0,0,0,128,128,1140476,8909.969,0,0,0,0,20.612
decode,real,2052,13281538206002830254,0,0,0,0,128,128,1140604,8910.969,0,0,0,0,20.551
decode,real,2053,13281538206002830254,0,0,0,0,128,128,1140732,8911.969,0,0,0,0,20.574
decode,real,2054,13281538206002830254,0,0,0,0,128,128,1140860,8912.969,0,0,0,0,20.554
decode,real,2055,13281538206002830254,0,0,0,0,128,128,1140988,8913.969,0,0,0,0,20.570
decode,real,2056,13281538206002830254,0,0,0,0,128,128,1141116,8914.969,0,0,0,0,20.610
decode,real,2057,13281538206002830254,0,0,0,0,128,128,1141244,8915.969,0,0,0,0,20.535
decode,real,2058,13281538206002830254,0,0,0,0,128,128,1141372,8916.969,0,0,0,0,20.570
decode,real,2059,13281538206002830254,0,0,0,0,128,128,1141500,8917.969,0,0,0,0,20.782
decode,real,2060,13281538206002830254,0,0,0,0,128,128,1141628,8918.969,0,0,0,0,20.637
decode,real,2061,13281538206002830254,0,0,0,0,128,128,1141756,8919.969,0,0,0,0,20.556
decode,real,2062,13281538206002830254,0,0,0,0,128,128,1141884,8920.969,0,0,0,0,20.568
decode,real,2063,13281538206002830254,0,0,0,0,128,128,1142012,8921.969,0,0,0,0,20.555
decode,real,2064,13281538206002830254,0,0,0,0,128,128,1142140,8922.969,0,0,0,0,20.619
decode,real,2065,13281538206002830254,0,0,0,0,128,128,1142268,8923.969,0,0,0,0,20.550
decode,real,2066,13281538206002830254,0,0,0,0,128,128,1142396,8924.969,0,0,0,0,20.604
decode,real,2067,13281538206002830254,0,0,0,0,128,128,1142524,8925.969,0,0,0,0,20.552
decode,real,2068,13281538206002830254,0,0,0,0,128,128,1142652,8926.969,0,0,0,0,20.828
decode,real,2069,13281538206002830254,0,0,0,0,128,128,1142780,8927.969,0,0,0,0,20.568
decode,real,2070,13281538206002830254,0,0,0,0,128,128,1142908,8928.969,0,0,0,0,20.810
decode,real,2071,13281538206002830254,0,0,0,0,128,128,1143036,8929.969,0,0,0,0,20.561
decode,real,2072,13281538206002830254,0,0,0,0,128,128,1143164,8930.969,0,0,0,0,20.582
decode,real,2073,13281538206002830254,0,0,0,0,128,128,1143292,8931.969,0,0,0,0,20.539
decode,real,2074,13281538206002830254,0,0,0,0,128,128,1143420,8932.969,0,0,0,0,20.824
decode,real,2075,13281538206002830254,0,0,0,0,128,128,1143548,8933.969,0,0,0,0,20.578
decode,real,2076,13281538206002830254,0,0,0,0,128,128,1143676,8934.969,0,0,0,0,20.846
decode,real,2077,13281538206002830254,0,0,0,0,128,128,1143804,8935.969,0,0,0,0,20.807
decode,real,2078,13281538206002830254,0,0,0,0,128,128,1143932,8936.969,0,0,0,0,20.592
decode,real,2079,13281538206002830254,0,0,0,0,128,128,1144060,8937.969,0,0,0,0,20.594
decode,real,2080,13281538206002830254,0,0,0,0,128,128,1144188,8938.969,0,0,0,0,20.779
decode,real,2081,13281538206002830254,0,0,0,0,128,128,1144316,8939.969,0,0,0,0,20.586
decode,real,2082,13281538206002830254,0,0,0,0,128,128,1144444,8940.969,0,0,0,0,20.614
decode,real,2083,13281538206002830254,0,0,0,0,128,128,1144572,8941.969,0,0,0,0,20.803
decode,real,2084,13281538206002830254,0,0,0,0,128,128,1144700,8942.969,0,0,0,0,20.681
decode,real,2085,13281538206002830254,0,0,0,0,128,128,1144828,8943.969,0,0,0,0,20.562
decode,real,2086,13281538206002830254,0,0,0,0,128,128,1144956,8944.969,0,0,0,0,20.535
decode,real,2087,13281538206002830254,0,0,0,0,128,128,1145084,8945.969,0,0,0,0,20.794
decode,real,2088,13281538206002830254,0,0,0,0,128,128,1145212,8946.969,0,0,0,0,20.666
decode,real,2089,13281538206002830254,0,0,0,0,128,128,1145340,8947.969,0,0,0,0,20.559
decode,real,2090,13281538206002830254,0,0,0,0,128,128,1145468,8948.969,0,0,0,0,20.583
decode,real,2091,13281538206002830254,0,0,0,0,128,128,1145596,8949.969,0,0,0,0,20.851
decode,real,2092,13281538206002830254,0,0,0,0,128,128,1145724,8950.969,0,0,0,0,20.590
decode,real,2093,13281538206002830254,0,0,0,0,128,128,1145852,8951.969,0,0,0,0,20.626
decode,real,2094,13281538206002830254,0,0,0,0,128,128,1145980,8952.969,0,0,0,0,20.582
decode,real,2095,13281538206002830254,0,0,0,0,128,128,1146108,8953.969,0,0,0,0,21.269
decode,real,2096,13281538206002830254,0,0,0,0,127,127,1137021,8952.921,0,0,0,0,20.128
decode,real,2097,13281538206002830254,0,0,0,0,127,127,1137148,8953.921,0,0,0,0,26.357
mixed,real,2098,13281538206002830254,0,1921,1,0,127,127,1137275,8954.921,0,0,0,0,59.268
mixed,real,2099,13281538206002830254,0,1921,1,1921,127,127,1137402,8955.921,0,0,0,0,59.226
mixed,real,2100,13281538206002830254,0,1921,1,3842,127,127,1137529,8956.921,0,0,0,0,61.469
mixed,real,2101,13281538206002830254,0,1922,1,5763,126,126,1128441,8955.881,0,0,0,0,61.723
mixed,real,2102,13281538206002830254,0,507,1,7685,126,126,1128567,8956.881,0,0,0,0,41.177
mixed,real,2103,13281538206002830254,0,1921,1,0,127,127,1136885,8951.850,0,0,0,0,57.631
mixed,real,2104,13281538206002830254,0,1921,1,1921,127,127,1137012,8952.850,0,0,0,0,59.794
mixed,real,2105,13281538206002830254,0,1922,1,3842,126,126,1127924,8951.778,0,0,0,0,60.283
mixed,real,2106,13281538206002830254,0,1922,1,5764,126,126,1128050,8952.778,0,0,0,0,62.183
mixed,real,2107,13281538206002830254,0,1922,2,7686,126,126,1128176,8953.778,0,0,0,0,61.578
mixed,real,2108,13281538206002830254,0,1921,1,1416,127,127,1136494,8948.772,0,0,0,0,59.242
mixed,real,2109,13281538206002830254,0,1922,1,3337,126,126,1127406,8947.667,0,0,0,0,59.970
mixed,real,2110,13281538206002830254,0,1922,1,5259,126,126,1127532,8948.667,0,0,0,0,61.980
mixed,real,2111,13281538206002830254,0,1922,2,7181,126,126,1127658,8949.667,0,0,0,0,61.796
mixed,real,2112,13281538206002830254,0,1921,1,911,127,127,1135976,8944.693,0,0,0,0,59.840
mixed,real,2113,13281538206002830254,0,1922,1,2832,126,126,1126888,8943.556,0,0,0,0,60.876
mixed,real,2114,13281538206002830254,0,1922,1,4754,126,126,1127014,8944.556,0,0,0,0,62.279
mixed,real,2115,13281538206002830254,0,1922,2,6676,126,126,1127140,8945.556,0,0,0,0,62.165
mixed,real,2116,13281538206002830254,0,1921,1,406,127,127,1135458,8940.614,0,0,0,0,58.912
mixed,real,2117,13281538206002830254,0,1922,1,2327,126,126,1126370,8939.444,0,0,0,0,59.894
mixed,real,2118,13281538206002830254,0,1922,1,4249,126,126,1126496,8940.444,8192,1,0,0,61.618
mixed,real,2119,13281538206002830254,0,1922,1,6171,126,126,1126622,8941.444,0,0,0,0,62.994
mixed,real,2120,13281538206002830254,0,1922,2,8093,126,126,1126748,8942.444,0,0,0,0,63.389
mixed,real,2121,13281538206002830254,0,1922,1,1823,126,126,1125851,8935.325,0,0,0,0,58.609
mixed,real,2122,13281538206002830254,0,1922,1,3745,126,126,1125977,8936.325,8192,1,0,0,60.610
mixed,real,2123,13281538206002830254,0,1922,1,5667,126,126,1126103,8937.325,0,0,0,0,62.173
mixed,real,2124,13281538206002830254,0,1922,2,7589,126,126,1126229,8938.325,0,0,0,0,61.967
mixed,real,2125,13281538206002830254,0,1922,1,1319,126,126,1125332,8931.206,0,0,0,0,58.639
mixed,real,2126,13281538206002830254,0,1922,1,3241,126,126,1125458,8932.206,8192,1,0,0,60.403
mixed,real,2127,13281538206002830254,0,1922,1,5163,126,126,1125584,8933.206,0,0,0,0,62.263
mixed,real,2128,13281538206002830254,0,1922,2,7085,126,126,1125710,8934.206,0,0,0,0,62.197
mixed,real,2129,13281538206002830254,0,1922,1,815,126,126,1124813,8927.087,0,0,0,0,58.887
mixed,real,2130,13281538206002830254,0,1922,1,2737,126,126,1124939,8928.087,8192,1,0,0,60.678
mixed,real,2131,13281538206002830254,0,1922,1,4659,126,126,1125065,8929.087,0,0,0,0,62.047
mixed,real,2132,13281538206002830254,0,1922,2,6581,126,126,1125191,8930.087,0,0,0,0,62.775
mixed,real,2133,13281538206002830254,0,1922,1,311,126,126,1124294,8922.968,0,0,0,0,58.620
mixed,real,2134,13281538206002830254,0,1922,1,2233,126,126,1124420,8923.968,8192,1,0,0,60.159
mixed,real,2135,13281538206002830254,0,1922,1,4155,126,126,1124546,8924.968,8192,1,0,0,61.472
mixed,real,2136,13281538206002830254,0,1922,1,6077,126,126,1124672,8925.968,0,0,0,0,63.419
mixed,real,2137,13281538206002830254,0,1923,2,7999,125,125,1115583,8924.664,0,0,0,0,62.279
mixed,real,2138,13281538206002830254,0,1922,1,1730,126,126,1123900,8919.841,8192,1,0,0,59.032
mixed,real,2139,13281538206002830254,0,1922,1,3652,126,126,1124026,8920.841,8192,1,0,0,60.624
mixed,real,2140,13281538206002830254,0,1922,1,5574,126,126,1124152,8921.841,0,0,0,0,62.526
mixed,real,2141,13281538206002830254,0,1923,2,7496,125,125,1115063,8920.504,0,0,0,0,61.102
mixed,real,2142,13281538206002830254,0,1922,1,1227,126,126,1123380,8915.714,8192,1,0,0,58.905
mixed,real,2143,13281538206002830254,0,1922,1,3149,126,126,1123506,8916.714,8192,1,0,0,60.571
mixed,real,2144,13281538206002830254,0,1922,1,5071,126,126,1123632,8917.714,0,0,0,0,62.272
mixed,real,2145,13281538206002830254,0,1923,2,6993,125,125,1114543,8916.344,0,0,0,0,61.461
mixed,real,2146,13281538206002830254,0,1922,1,724,126,126,1122860,8911.587,8192,1,0,0,59.004
mixed,real,2147,13281538206002830254,0,1922,1,2646,126,126,1122986,8912.587,8192,1,0,0,60.288
mixed,real,2148,13281538206002830254,0,1922,1,4568,126,126,1123112,8913.587,0,0,0,0,62.390
mixed,real,2149,13281538206002830254,0,1923,2,6490,125,125,1114023,8912.184,0,0,0,0,62.034
mixed,real,2150,13281538206002830254,0,1922,1,221,126,126,1122340,8907.460,8192,1,0,0,59.134
mixed,real,2151,13281538206002830254,0,1922,1,2143,126,126,1122466,8908.460,8192,1,0,0,59.805
mixed,real,2152,13281538206002830254,0,1922,1,4065,126,126,1122592,8909.460,8192,1,0,0,61.725
mixed,real,2153,13281538206002830254,0,1923,1,5987,125,125,1113503,8908.024,0,0,0,0,62.621
mixed,real,2154,13281538206002830254,0,1923,2,7910,125,125,1113628,8909.024,8192,1,0,0,63.275
mixed,real,2155,13281538206002830254,0,1922,1,1641,126,126,1121945,8904.325,8192,1,0,0,58.861
mixed,real,2156,13281538206002830254,0,1922,1,3563,126,126,1122071,8905.325,8192,1,0,0,61.017
mixed,real,2157,13281538206002830254,0,1923,1,5485,125,125,1112982,8903.856,0,0,0,0,61.535
mixed,real,2158,13281538206002830254,0,1923,2,7408,125,125,1113107,8904.856,8192,1,0,0,61.256
mixed,real,2159,13281538206002830254,0,1922,1,1139,126,126,1121424,8900.190,8192,1,0,0,58.659
mixed,real,2160,13281538206002830254,0,1922,1,3061,126,126,1121550,8901.190,8192,1,0,0,60.535
mixed,real,2161,13281538206002830254,0,1923,1,4983,125,125,1112461,8899.688,0,0,0,0,61.396
mixed,real,2162,13281538206002830254,0,1923,2,6906,125,125,1112586,8900.688,8192,1,0,0,61.820
mixed,real,2163,13281538206002830254,0,1922,1,637,126,126,1120903,8896.056,8192,1,0,0,58.615
mixed,real,2164,13281538206002830254,0,1922,1,2559,126,126,1121029,8897.056,8192,1,0,0,60.418
mixed,real,2165,13281538206002830254,0,1923,1,4481,125,125,1111940,8895.520,0,0,0,0,61.343
mixed,real,2166,13281538206002830254,0,1923,2,6404,125,125,1112065,8896.520,8192,1,0,0,62.777
mixed,real,2167,13281538206002830254,0,1922,1,135,126,126,1120382,8891.921,8192,1,0,0,58.427
mixed,real,2168,13281538206002830254,0,1922,1,2057,126,126,1120508,8892.921,8192,1,0,0,60.079
mixed,real,2169,13281538206002830254,0,1923,1,3979,125,125,1111419,8891.352,8192,1,0,0,60.838
mixed,real,2170,13281538206002830254,0,1923,1,5902,125,125,1111544,8892.352,8192,1,0,0,62.691
mixed,real,2171,13281538206002830254,0,1923,2,7825,125,125,1111669,8893.352,8192,1,0,0,63.031
mixed,real,2172,13281538206002830254,0,1922,1,1556,126,126,1119986,8888.778,8192,1,0,0,59.139
mixed,real,2173,13281538206002830254,0,1923,1,3478,125,125,1110897,8887.176,8192,1,0,0,61.023
mixed,real,2174,13281538206002830254,0,1923,1,5401,125,125,1111022,8888.176,8192,1,0,0,62.084
mixed,real,2175,13281538206002830254,0,1923,2,7324,125,125,1111147,8889.176,8192,1,0,0,61.143
mixed,real,2176,13281538206002830254,0,1922,1,1055,126,126,1119464,8884.635,8192,1,0,0,58.779
mixed,real,2177,13281538206002830254,0,1923,1,2977,125,125,1110375,8883.000,8192,1,0,0,60.321
mixed,real,2178,13281538206002830254,0,1923,1,4900,125,125,1110500,8884.000,8192,1,0,0,62.030
mixed,real,2179,13281538206002830254,0,1923,2,6823,125,125,1110625,8885.000,8192,1,0,0,61.345
mixed,real,2180,13281538206002830254,0,1922,1,554,126,126,1118942,8880.492,8192,1,0,0,58.616
mixed,real,2181,13281538206002830254,0,1923,1,2476,125,125,1109853,8878.824,8192,1,0,0,59.704
mixed,real,2182,13281538206002830254,0,1923,1,4399,125,125,1109978,8879.824,8192,1,0,0,62.312
mixed,real,2183,13281538206002830254,0,1923,2,6322,125,125,1110103,8880.824,8192,1,0,0,62.271
mixed,real,2184,13281538206002830254,0,1922,1,53,126,126,1118420,8876.349,8192,1,0,0,58.657
mixed,real,2185,13281538206002830254,0,1923,1,1975,125,125,1109331,8874.648,8192,1,0,0,59.900
mixed,real,2186,13281538206002830254,0,1923,1,3898,125,125,1109456,8875.648,16384,2,0,0,62.529
mixed,real,2187,13281538206002830254,0,1923,1,5821,125,125,1109581,8876.648,8192,1,0,0,62.200
mixed,real,2188,13281538206002830254,0,1923,2,7744,125,125,1109706,8877.648,8192,1,0,0,62.579
mixed,real,2189,13281538206002830254,0,1923,1,1475,125,125,1108808,8870.464,8192,1,0,0,58.543
mixed,real,2190,13281538206002830254,0,1923,1,3398,125,125,1108933,8871.464,16384,2,0,0,61.022
mixed,real,2191,13281538206002830254,0,1923,1,5321,125,125,1109058,8872.464,8192,1,0,0,61.963
mixed,real,2192,13281538206002830254,0,1923,2,7244,125,125,1109183,8873.464,8192,1,0,0,61.983
mixed,real,2193,13281538206002830254,0,1923,1,975,125,125,1108285,8866.280,8192,1,0,0,58.289
mixed,real,2194,13281538206002830254,0,1923,1,2898,125,125,1108410,8867.280,16384,2,0,0,60.327
mixed,real,2195,13281538206002830254,0,1923,1,4821,125,125,1108535,8868.280,8192,1,0,0,61.817
mixed,real,2196,13281538206002830254,0,1923,2,6744,125,125,1108660,8869.280,8192,1,0,0,62.036
mixed,real,2197,13281538206002830254,0,1923,1,475,125,125,1107762,8862.096,8192,1,0,0,58.073
mixed,real,2198,13281538206002830254,0,1923,1,2398,125,125,1107887,8863.096,16384,2,0,0,60.027
mixed,real,2199,13281538206002830254,0,1923,1,4321,125,125,1108012,8864.096,16384,2,0,0,61.989
mixed,real,2200,13281538206002830254,0,1923,1,6244,125,125,1108137,8865.096,8192,1,0,0,62.483
mixed,real,2201,13281538206002830254,0,1924,2,8167,124,124,1099047,8863.282,8192,1,0,0,58.190
mixed,real,2202,13281538206002830254,0,1923,1,1899,125,125,1107363,8858.904,16384,2,0,0,59.706
mixed,real,2203,13281538206002830254,0,1923,1,3822,125,125,1107488,8859.904,16384,2,0,0,61.761
mixed,real,2204,13281538206002830254,0,1923,1,5745,125,125,1107613,8860.904,8192,1,0,0,62.313
mixed,real,2205,13281538206002830254,0,1924,2,7668,124,124,1098523,8859.056,8192,1,0,0,61.857
mixed,real,2206,13281538206002830254,0,1923,1,1400,125,125,1106839,8854.712,16384,2,0,0,58.406
mixed,real,2207,13281538206002830254,0,1923,1,3323,125,125,1106964,8855.712,16384,2,0,0,60.914
mixed,real,2208,13281538206002830254,0,1923,1,5246,125,125,1107089,8856.712,8192,1,0,0,62.005
mixed,real,2209,13281538206002830254,0,1924,2,7169,124,124,1097999,8854.831,8192,1,0,0,61.117
mixed,real,2210,13281538206002830254,0,1923,1,901,125,125,1106315,8850.520,16384,2,0,0,58.447
mixed,real,2211,13281538206002830254,0,1923,1,2824,125,125,1106440,8851.520,16384,2,0,0,60.260
mixed,real,2212,13281538206002830254,0,1923,1,4747,125,125,1106565,8852.520,8192,1,0,0,61.914
mixed,real,2213,13281538206002830254,0,1924,2,6670,124,124,1097475,8850.605,8192,1,0,0,61.578
mixed,real,2214,13281538206002830254,0,1923,1,402,125,125,1105791,8846.328,16384,2,0,0,58.681
mixed,real,2215,13281538206002830254,0,1923,1,2325,125,125,1105916,8847.328,16384,2,0,0,59.861
mixed,real,2216,13281538206002830254,0,1923,1,4248,125,125,1106041,8848.328,16384,2,0,0,62.083
mixed,real,2217,13281538206002830254,0,1924,1,6171,124,124,1096951,8846.379,8192,1,0,0,61.483
mixed,real,2218,13281538206002830254,0,1924,2,8095,124,124,1097075,8847.379,16384,2,0,0,58.384
mixed,real,2219,13281538206002830254,0,1923,1,1827,125,125,1105391,8843.128,16384,2,0,0,59.342
mixed,real,2220,13281538206002830254,0,1923,1,3750,125,125,1105516,8844.128,16384,2,0,0,61.547
mixed,real,2221,13281538206002830254,0,1924,1,5673,124,124,1096426,8842.145,8192,1,0,0,61.490
mixed,real,2222,13281538206002830254,0,1924,2,7597,124,124,1096550,8843.145,16384,2,0,0,61.989
mixed,real,2223,13281538206002830254,0,1923,1,1329,125,125,1104866,8838.928,16384,2,0,0,58.584
mixed,real,2224,13281538206002830254,0,1923,1,3252,125,125,1104991,8839.928,16384,2,0,0,60.482
mixed,real,2225,13281538206002830254,0,1923,1,5175,125,125,1105116,8840.928,8192,1,0,0,62.589
mixed,real,2226,13281538206002830254,0,1924,2,7098,124,124,1096026,8838.919,8192,1,0,0,62.925
mixed,real,2227,13281538206002830254,0,1923,1,830,125,125,1104342,8834.736,16384,2,0,0,59.358
mixed,real,2228,13281538206002830254,0,1923,1,2753,125,125,1104467,8835.736,16384,2,0,0,58.991
mixed,real,2229,13281538206002830254,0,1923,1,4676,125,125,1104592,8836.736,8192,1,0,0,62.428
mixed,real,2230,13281538206002830254,0,1924,2,6599,124,124,1095502,8834.694,8192,1,0,0,60.955
mixed,real,2231,13281538206002830254,0,1923,1,331,125,125,1103818,8830.544,16384,2,0,0,58.393
mixed,real,2232,13281538206002830254,0,1923,1,2254,125,125,1103943,8831.544,16384,2,0,0,59.772
mixed,real,2233,13281538206002830254,0,1923,1,4177,125,125,1104068,8832.544,16384,2,0,0,62.024
mixed,real,2234,13281538206002830254,0,1924,1,6100,124,124,1094978,8830.468,8192,1,0,0,61.049
mixed,real,2235,13281538206002830254,0,1924,2,8024,124,124,1095102,8831.468,16384,2,0,0,63.154
mixed,real,2236,13281538206002830254,0,1923,1,1756,125,125,1103418,8827.344,16384,2,0,0,58.930
mixed,real,2237,13281538206002830254,0,1923,1,3679,125,125,1103543,8828.344,16384,2,0,0,61.450
mixed,real,2238,13281538206002830254,0,1924,1,5602,124,124,1094453,8826.234,8192,1,0,0,61.139
mixed,real,2239,13281538206002830254,0,1924,2,7526,124,124,1094577,8827.234,16384,2,0,0,61.661
mixed,real,2240,13281538206002830254,0,1923,1,1258,125,125,1102893,8823.144,16384,2,0,0,58.564
mixed,real,2241,13281538206002830254,0,1923,1,3181,125,125,1103018,8824.144,16384,2,0,0,60.820
mixed,real,2242,13281538206002830254,0,1924,1,5104,124,124,1093928,8822.000,8192,1,0,0,60.779
mixed,real,2243,13281538206002830254,0,1924,2,7028,124,124,1094052,8823.000,16384,2,0,0,61.402
mixed,real,2244,13281538206002830254,0,1923,1,760,125,125,1102368,8818.944,16384,2,0,0,58.267
mixed,real,2245,13281538206002830254,0,1923,1,2683,125,125,1102493,8819.944,16384,2,0,0,60.206
mixed,real,2246,13281538206002830254,0,1924,1,4606,124,124,1093403,8817.766,8192,1,0,0,60.911
mixed,real,2247,13281538206002830254,0,1924,2,6530,124,124,1093527,8818.766,16384,2,0,0,61.888
mixed,real,2248,13281538206002830254,0,1923,1,262,125,125,1101843,8814.744,16384,2,0,0,58.071
mixed,real,2249,13281538206002830254,0,1923,1,2185,125,125,1101968,8815.744,16384,2,0,0,59.989
mixed,real,2250,13281538206002830254,0,1924,1,4108,124,124,1092878,8813.532,16384,2,0,0,61.485
mixed,real,2251,13281538206002830254,0,1924,1,6032,124,124,1093002,8814.532,16384,2,0,0,61.241
mixed,real,2252,13281538206002830254,0,1924,2,7956,124,124,1093126,8815.532,16384,2,0,0,62.717
mixed,real,2253,13281538206002830254,0,1923,1,1688,125,125,1101442,8811.536,16384,2,0,0,59.186
mixed,real,2254,13281538206002830254,0,1924,1,3611,124,124,1092352,8809.290,16384,2,0,0,60.757
mixed,real,2255,13281538206002830254,0,1924,1,5535,124,124,1092476,8810.290,16384,2,0,0,61.079
mixed,real,2256,13281538206002830254,0,1924,2,7459,124,124,1092600,8811.290,16384,2,0,0,61.849
mixed,real,2257,13281538206002830254,0,1923,1,1191,125,125,1100916,8807.328,16384,2,0,0,58.809
mixed,real,2258,13281538206002830254,0,1924,1,3114,124,124,1091826,8805.048,16384,2,0,0,60.133
mixed,real,2259,13281538206002830254,0,1924,1,5038,124,124,1091950,8806.048,16384,2,0,0,60.700
mixed,real,2260,13281538206002830254,0,1924,2,6962,124,124,1092074,8807.048,16384,2,0,0,61.473
mixed,real,2261,13281538206002830254,0,1923,1,694,125,125,1100390,8803.120,16384,2,0,0,58.485
mixed,real,2262,13281538206002830254,0,1924,1,2617,124,124,1091300,8800.806,16384,2,0,0,59.638
mixed,real,2263,13281538206002830254,0,1924,1,4541,124,124,1091424,8801.806,16384,2,0,0,60.824
mixed,real,2264,13281538206002830254,0,1924,2,6465,124,124,1091548,8802.806,16384,2,0,0,61.091
mixed,real,2265,13281538206002830254,0,1923,1,197,125,125,1099864,8798.912,16384,2,0,0,58.240
mixed,real,2266,13281538206002830254,0,1924,1,2120,124,124,1090774,8796.565,16384,2,0,0,59.270
mixed,real,2267,13281538206002830254,0,1924,1,4044,124,124,1090898,8797.565,24576,3,0,0,61.176
mixed,real,2268,13281538206002830254,0,1924,1,5968,124,124,1091022,8798.565,16384,2,0,0,61.556
mixed,real,2269,13281538206002830254,0,1924,2,7892,124,124,1091146,8799.565,16384,2,0,0,63.432
mixed,real,2270,13281538206002830254,0,1924,1,1624,124,124,1090247,8792.315,16384,2,0,0,58.215
mixed,real,2271,13281538206002830254,0,1924,1,3548,124,124,1090371,8793.315,24576,3,0,0,60.652
mixed,real,2272,13281538206002830254,0,1924,1,5472,124,124,1090495,8794.315,16384,2,0,0,60.856
mixed,real,2273,13281538206002830254,0,1924,2,7396,124,124,1090619,8795.315,16384,2,0,0,61.793
mixed,real,2274,13281538206002830254,0,1924,1,1128,124,124,1089720,8788.065,16384,2,0,0,58.191
mixed,real,2275,13281538206002830254,0,1924,1,3052,124,124,1089844,8789.065,24576,3,0,0,60.126
mixed,real,2276,13281538206002830254,0,1924,1,4976,124,124,1089968,8790.065,16384,2,0,0,60.804
mixed,real,2277,13281538206002830254,0,1924,2,6900,124,124,1090092,8791.065,16384,2,0,0,61.455
mixed,real,2278,13281538206002830254,0,1923,1,632,125,125,1098408,8787.264,16384,2,0,0,58.375
mixed,real,2279,13281538206002830254,0,1924,1,2555,124,124,1089318,8784.823,16384,2,0,0,59.454
mixed,real,2280,13281538206002830254,0,1924,1,4479,124,124,1089442,8785.823,16384,2,0,0,60.914
mixed,real,2281,13281538206002830254,0,1924,2,6403,124,124,1089566,8786.823,16384,2,0,0,60.785
mixed,real,2282,13281538206002830254,0,1923,1,135,125,125,1097882,8783.056,16384,2,0,0,58.421
mixed,real,2283,13281538206002830254,0,1924,1,2058,124,124,1088792,8780.581,16384,2,0,0,59.135
mixed,real,2284,13281538206002830254,0,1924,1,3982,124,124,1088916,8781.581,24576,3,0,0,61.283
mixed,real,2285,13281538206002830254,0,1924,1,5906,124,124,1089040,8782.581,16384,2,0,0,61.424
mixed,real,2286,13281538206002830254,0,1924,2,7830,124,124,1089164,8783.581,16384,2,0,0,63.315
mixed,real,2287,13281538206002830254,0,1924,1,1562,124,124,1088265,8776.331,16384,2,0,0,58.197
mixed,real,2288,13281538206002830254,0,1924,1,3486,124,124,1088389,8777.331,24576,3,0,0,60.356
mixed,real,2289,13281538206002830254,0,1924,1,5410,124,124,1088513,8778.331,16384,2,0,0,61.185
mixed,real,2290,13281538206002830254,0,1924,2,7334,124,124,1088637,8779.331,16384,2,0,0,62.276
mixed,real,2291,13281538206002830254,0,1924,1,1066,124,124,1087738,8772.081,16384,2,0,0,57.956
mixed,real,2292,13281538206002830254,0,1924,1,2990,124,124,1087862,8773.081,24576,3,0,0,60.171
mixed,real,2293,13281538206002830254,0,1924,1,4914,124,124,1087986,8774.081,16384,2,0,0,60.404
mixed,real,2294,13281538206002830254,0,1924,2,6838,124,124,1088110,8775.081,16384,2,0,0,61.745
mixed,real,2295,13281538206002830254,0,1924,1,570,124,124,1087211,8767.831,16384,2,0,0,57.682
mixed,real,2296,13281538206002830254,0,1924,1,2494,124,124,1087335,8768.831,24576,3,0,0,59.478
mixed,real,2297,13281538206002830254,0,1924,1,4418,124,124,1087459,8769.831,16384,2,0,0,60.690
mixed,real,2298,13281538206002830254,0,1924,2,6342,124,124,1087583,8770.831,16384,2,0,0,61.361
mixed,real,2299,13281538206002830254,0,1924,1,74,124,124,1086684,8763.581,16384,2,0,0,57.890
mixed,real,2300,13281538206002830254,0,1924,1,1998,124,124,1086808,8764.581,24576,3,0,0,59.365
mixed,real,2301,13281538206002830254,0,1924,1,3922,124,124,1086932,8765.581,24576,3,0,0,60.933
mixed,real,2302,13281538206002830254,0,1924,1,5846,124,124,1087056,8766.581,16384,2,0,0,61.801
mixed,real,2303,13281538206002830254,0,1925,2,7770,123,123,1077965,8763.943,16384,2,0,0,62.117
mixed,real,2304,13281538206002830254,0,1924,1,1503,124,124,1086280,8760.323,24576,3,0,0,58.646
mixed,real,2305,13281538206002830254,0,1924,1,3427,124,124,1086404,8761.323,24576,3,0,0,60.735
mixed,real,2306,13281538206002830254,0,1924,1,5351,124,124,1086528,8762.323,16384,2,0,0,61.198
mixed,real,2307,13281538206002830254,0,1925,2,7275,123,123,1077437,8759.650,16384,2,0,0,61.252
mixed,real,2308,13281538206002830254,0,1924,1,1008,124,124,1085752,8756.065,24576,3,0,0,58.443
mixed,real,2309,13281538206002830254,0,1924,1,2932,124,124,1085876,8757.065,24576,3,0,0,59.751
mixed,real,2310,13281538206002830254,0,1924,1,4856,124,124,1086000,8758.065,16384,2,0,0,61.025
mixed,real,2311,13281538206002830254,0,1925,2,6780,123,123,1076909,8755.358,16384,2,0,0,60.923
mixed,real,2312,13281538206002830254,0,1924,1,513,124,124,1085224,8751.806,24576,3,0,0,58.110
mixed,real,2313,13281538206002830254,0,1924,1,2437,124,124,1085348,8752.806,24576,3,0,0,59.417
mixed,real,2314,13281538206002830254,0,1924,1,4361,124,124,1085472,8753.806,16384,2,0,0,61.140
mixed,real,2315,13281538206002830254,0,1925,2,6285,123,123,1076381,8751.065,16384,2,0,0,60.583
mixed,real,2316,13281538206002830254,0,1924,1,18,124,124,1084696,8747.548,24576,3,0,0,58.202
mixed,real,2317,13281538206002830254,0,1924,1,1942,124,124,1084820,8748.548,24576,3,0,0,59.198
mixed,real,2318,13281538206002830254,0,1924,1,3866,124,124,1084944,8749.548,24576,3,0,0,60.788
mixed,real,2319,13281538206002830254,0,1924,1,5790,124,124,1085068,8750.548,16384,2,0,0,61.742
mixed,real,2320,13281538206002830254,0,1925,2,7714,123,123,1075977,8747.780,16384,2,0,0,61.633
mixed,real,2321,13281538206002830254,0,1924,1,1447,124,124,1084292,8744.290,24576,3,0,0,58.621
mixed,real,2322,13281538206002830254,0,1924,1,3371,124,124,1084416,8745.290,24576,3,0,0,60.745
mixed,real,2323,13281538206002830254,0,1924,1,5295,124,124,1084540,8746.290,16384,2,0,0,61.427
mixed,real,2324,13281538206002830254,0,1925,2,7219,123,123,1075449,8743.488,16384,2,0,0,61.141
mixed,real,2325,13281538206002830254,0,1924,1,952,124,124,1083764,8740.032,24576,3,0,0,58.229
mixed,real,2326,13281538206002830254,0,1924,1,2876,124,124,1083888,8741.032,24576,3,0,0,59.895
mixed,real,2327,13281538206002830254,0,1924,1,4800,124,124,1084012,8742.032,16384,2,0,0,61.008
mixed,real,2328,13281538206002830254,0,1925,2,6724,123,123,1074921,8739.195,16384,2,0,0,60.904
mixed,real,2329,13281538206002830254,0,1924,1,457,124,124,1083236,8735.774,24576,3,0,0,58.062
mixed,real,2330,13281538206002830254,0,1924,1,2381,124,124,1083360,8736.774,24576,3,0,0,59.334
mixed,real,2331,13281538206002830254,0,1924,1,4305,124,124,1083484,8737.774,24576,3,0,0,60.759
mixed,real,2332,13281538206002830254,0,1925,1,6229,123,123,1074393,8734.902,16384,2,0,0,60.852
mixed,real,2333,13281538206002830254,0,1925,2,8154,123,123,1074516,8735.902,24576,3,0,0,58.083
mixed,real,2334,13281538206002830254,0,1924,1,1887,124,124,1082831,8732.508,24576,3,0,0,58.913
mixed,real,2335,13281538206002830254,0,1924,1,3811,124,124,1082955,8733.508,24576,3,0,0,61.137
mixed,real,2336,13281538206002830254,0,1925,1,5735,123,123,1073864,8730.602,16384,2,0,0,61.075
mixed,real,2337,13281538206002830254,0,1925,2,7660,123,123,1073987,8731.602,24576,3,0,0,62.120
mixed,real,2338,13281538206002830254,0,1924,1,1393,124,124,1082302,8728.242,24576,3,0,0,58.507
mixed,real,2339,13281538206002830254,0,1924,1,3317,124,124,1082426,8729.242,24576,3,0,0,60.674
mixed,real,2340,13281538206002830254,0,1925,1,5241,123,123,1073335,8726.301,16384,2,0,0,61.094
mixed,real,2341,13281538206002830254,0,1925,2,7166,123,123,1073458,8727.301,24576,3,0,0,61.667
mixed,real,2342,13281538206002830254,0,1924,1,899,124,124,1081773,8723.976,24576,3,0,0,58.007
mixed,real,2343,13281538206002830254,0,1924,1,2823,124,124,1081897,8724.976,24576,3,0,0,60.091
mixed,real,2344,13281538206002830254,0,1925,1,4747,123,123,1072806,8722.000,16384,2,0,0,60.576
mixed,real,2345,13281538206002830254,0,1925,2,6672,123,123,1072929,8723.000,24576,3,0,0,61.555
mixed,real,2346,13281538206002830254,0,1924,1,405,124,124,1081244,8719.710,24576,3,0,0,57.784
mixed,real,2347,13281538206002830254,0,1924,1,2329,124,124,1081368,8720.710,24576,3,0,0,59.752
mixed,real,2348,13281538206002830254,0,1925,1,4253,123,123,1072277,8717.699,24576,3,0,0,60.803
mixed,real,2349,13281538206002830254,0,1925,1,6178,123,123,1072400,8718.699,24576,3,0,0,61.488
mixed,real,2350,13281538206002830254,0,1925,2,8103,123,123,1072523,8719.699,24576,3,0,0,57.817
mixed,real,2351,13281538206002830254,0,1924,1,1836,124,124,1080838,8716.435,24576,3,0,0,58.908
mixed,real,2352,13281538206002830254,0,1924,1,3760,124,124,1080962,8717.435,24576,3,0,0,61.282
mixed,real,2353,13281538206002830254,0,1925,1,5684,123,123,1071871,8714.398,16384,2,0,0,61.044
mixed,real,2354,13281538206002830254,0,1925,2,7609,123,123,1071994,8715.398,24576,3,0,0,62.022
mixed,real,2355,13281538206002830254,0,1924,1,1342,124,124,1080309,8712.169,24576,3,0,0,58.305
mixed,real,2356,13281538206002830254,0,1924,1,3266,124,124,1080433,8713.169,24576,3,0,0,60.557
mixed,real,2357,13281538206002830254,0,1925,1,5190,123,123,1071342,8710.098,16384,2,0,0,61.853
mixed,real,2358,13281538206002830254,0,1925,2,7115,123,123,1071465,8711.098,24576,3,0,0,60.950
mixed,real,2359,13281538206002830254,0,1924,1,848,124,124,1079780,8707.903,24576,3,0,0,57.850
mixed,real,2360,13281538206002830254,0,1924,1,2772,124,124,1079904,8708.903,24576,3,0,0,60.757
mixed,real,2361,13281538206002830254,0,1925,1,4696,123,123,1070813,8705.797,16384,2,0,0,59.792
mixed,real,2362,13281538206002830254,0,1925,2,6621,123,123,1070936,8706.797,24576,3,0,0,61.507
mixed,real,2363,13281538206002830254,0,1924,1,354,124,124,1079251,8703.637,24576,3,0,0,57.594
mixed,real,2364,13281538206002830254,0,1924,1,2278,124,124,1079375,8704.637,24576,3,0,0,59.736
mixed,real,2365,13281538206002830254,0,1925,1,4202,123,123,1070284,8701.496,24576,3,0,0,60.509
mixed,real,2366,13281538206002830254,0,1925,1,6127,123,123,1070407,8702.496,24576,3,0,0,61.197
mixed,real,2367,13281538206002830254,0,1925,2,8052,123,123,1070530,8703.496,24576,3,0,0,58.011
mixed,real,2368,13281538206002830254,0,1924,1,1785,124,124,1078845,8700.363,24576,3,0,0,59.577
mixed,real,2369,13281538206002830254,0,1925,1,3709,123,123,1069754,8697.187,24576,3,0,0,60.679
mixed,real,2370,13281538206002830254,0,1925,1,5634,123,123,1069877,8698.187,24576,3,0,0,61.420
mixed,real,2371,13281538206002830254,0,1925,2,7559,123,123,1070000,8699.187,24576,3,0,0,61.800
mixed,real,2372,13281538206002830254,0,1924,1,1292,124,124,1078315,8696.089,24576,3,0,0,58.667
mixed,real,2373,13281538206002830254,0,1925,1,3216,123,123,1069224,8692.878,24576,3,0,0,60.306
mixed,real,2374,13281538206002830254,0,1925,1,5141,123,123,1069347,8693.878,24576,3,0,0,60.962
mixed,real,2375,13281538206002830254,0,1925,2,7066,123,123,1069470,8694.878,24576,3,0,0,61.546
mixed,real,2376,13281538206002830254,0,1924,1,799,124,124,1077785,8691.815,24576,3,0,0,58.241
mixed,real,2377,13281538206002830254,0,1925,1,2723,123,123,1068694,8688.569,24576,3,0,0,59.616
mixed,real,2378,13281538206002830254,0,1925,1,4648,123,123,1068817,8689.569,24576,3,0,0,60.604
mixed,real,2379,13281538206002830254,0,1925,2,6573,123,123,1068940,8690.569,24576,3,0,0,61.527
mixed,real,2380,13281538206002830254,0,1924,1,306,124,124,1077255,8687.540,24576,3,0,0,57.810
mixed,real,2381,13281538206002830254,0,1925,1,2230,123,123,1068164,8684.260,24576,3,0,0,59.113
mixed,real,2382,13281538206002830254,0,1925,1,4155,123,123,1068287,8685.260,32768,4,0,0,60.471
mixed,real,2383,13281538206002830254,0,1925,1,6080,123,123,1068410,8686.260,24576,3,0,0,60.734
mixed,real,2384,13281538206002830254,0,1925,2,8005,123,123,1068533,8687.260,24576,3,0,0,62.979
mixed,real,2385,13281538206002830254,0,1924,1,1738,124,124,1076848,8684.258,24576,3,0,0,58.858
mixed,real,2386,13281538206002830254,0,1925,1,3662,123,123,1067757,8680.951,24576,3,0,0,60.496
mixed,real,2387,13281538206002830254,0,1925,1,5587,123,123,1067880,8681.951,24576,3,0,0,61.077
mixed,real,2388,13281538206002830254,0,1925,2,7512,123,123,1068003,8682.951,24576,3,0,0,61.948
mixed,real,2389,13281538206002830254,0,1924,1,1245,124,124,1076318,8679.984,24576,3,0,0,58.807
mixed,real,2390,13281538206002830254,0,1925,1,3169,123,123,1067227,8676.642,24576,3,0,0,60.044
mixed,real,2391,13281538206002830254,0,1925,1,5094,123,123,1067350,8677.642,24576,3,0,0,60.726
mixed,real,2392,13281538206002830254,0,1925,2,7019,123,123,1067473,8678.642,24576,3,0,0,62.157
mixed,real,2393,13281538206002830254,0,1924,1,752,124,124,1075788,8675.710,24576,3,0,0,58.178
mixed,real,2394,13281538206002830254,0,1925,1,2676,123,123,1066697,8672.333,24576,3,0,0,59.658
mixed,real,2395,13281538206002830254,0,1925,1,4601,123,123,1066820,8673.333,24576,3,0,0,60.576
mixed,real,2396,13281538206002830254,0,1925,2,6526,123,123,1066943,8674.333,24576,3,0,0,61.820
mixed,real,2397,13281538206002830254,0,1924,1,259,124,124,1075258,8671.435,24576,3,0,0,58.057
mixed,real,2398,13281538206002830254,0,1925,1,2183,123,123,1066167,8668.024,24576,3,0,0,59.298
mixed,real,2399,13281538206002830254,0,1925,1,4108,123,123,1066290,8669.024,32768,4,0,0,60.282
mixed,real,2400,13281538206002830254,0,1925,1,6033,123,123,1066413,8670.024,24576,3,0,0,61.259
mixed,real,2401,13281538206002830254,0,1925,2,7958,123,123,1066536,8671.024,24576,3,0,0,63.195
mixed,real,2402,13281538206002830254,0,1925,1,1691,123,123,1065636,8663.707,24576,3,0,0,58.458
mixed,real,2403,13281538206002830254,0,1925,1,3616,123,123,1065759,8664.707,32768,4,0,0,60.758
mixed,real,2404,13281538206002830254,0,1925,1,5541,123,123,1065882,8665.707,24576,3,0,0,61.334
mixed,real,2405,13281538206002830254,0,1925,2,7466,123,123,1066005,8666.707,24576,3,0,0,61.978
mixed,real,2406,13281538206002830254,0,1925,1,1199,123,123,1065105,8659.390,24576,3,0,0,58.529
mixed,real,2407,13281538206002830254,0,1925,1,3124,123,123,1065228,8660.390,32768,4,0,0,60.725
mixed,real,2408,13281538206002830254,0,1925,1,5049,123,123,1065351,8661.390,24576,3,0,0,60.896
mixed,real,2409,13281538206002830254,0,1925,2,6974,123,123,1065474,8662.390,24576,3,0,0,62.497
mixed,real,2410,13281538206002830254,0,1925,1,707,123,123,1064574,8655.073,24576,3,0,0,58.377
mixed,real,2411,13281538206002830254,0,1925,1,2632,123,123,1064697,8656.073,32768,4,0,0,60.513
mixed,real,2412,13281538206002830254,0,1925,1,4557,123,123,1064820,8657.073,24576,3,0,0,60.815
mixed,real,2413,13281538206002830254,0,1925,2,6482,123,123,1064943,8658.073,24576,3,0,0,61.283
mixed,real,2414,13281538206002830254,0,1924,1,215,124,124,1073258,8655.306,24576,3,0,0,58.115
mixed,real,2415,13281538206002830254,0,1925,1,2139,123,123,1064167,8651.764,24576,3,0,0,60.613
mixed,real,2416,13281538206002830254,0,1925,1,4064,123,123,1064290,8652.764,32768,4,0,0,60.803
mixed,real,2417,13281538206002830254,0,1925,1,5989,123,123,1064413,8653.764,24576,3,0,0,61.307
mixed,real,2418,13281538206002830254,0,1925,2,7914,123,123,1064536,8654.764,24576,3,0,0,63.455
mixed,real,2419,13281538206002830254,0,1925,1,1647,123,123,1063636,8647.447,24576,3,0,0,59.434
mixed,real,2420,13281538206002830254,0,1925,1,3572,123,123,1063759,8648.447,32768,4,0,0,60.695
mixed,real,2421,13281538206002830254,0,1925,1,5497,123,123,1063882,8649.447,24576,3,0,0,61.077
mixed,real,2422,13281538206002830254,0,1925,2,7422,123,123,1064005,8650.447,24576,3,0,0,61.833
mixed,real,2423,13281538206002830254,0,1925,1,1155,123,123,1063105,8643.130,24576,3,0,0,58.859
mixed,real,2424,13281538206002830254,0,1925,1,3080,123,123,1063228,8644.130,32768,4,0,0,60.501
mixed,real,2425,13281538206002830254,0,1925,1,5005,123,123,1063351,8645.130,24576,3,0,0,61.140
mixed,real,2426,13281538206002830254,0,1925,2,6930,123,123,1063474,8646.130,24576,3,0,0,62.309
mixed,real,2427,13281538206002830254,0,1925,1,663,123,123,1062574,8638.813,24576,3,0,0,58.631
mixed,real,2428,13281538206002830254,0,1925,1,2588,123,123,1062697,8639.813,32768,4,0,0,60.241
mixed,real,2429,13281538206002830254,0,1925,1,4513,123,123,1062820,8640.813,24576,3,0,0,60.759
mixed,real,2430,13281538206002830254,0,1925,2,6438,123,123,1062943,8641.813,24576,3,0,0,61.251
mixed,real,2431,13281538206002830254,0,1925,1,171,123,123,1062043,8634.496,24576,3,0,0,58.456
mixed,real,2432,13281538206002830254,0,1925,1,2096,123,123,1062166,8635.496,32768,4,0,0,60.422
mixed,real,2433,13281538206002830254,0,1925,1,4021,123,123,1062289,8636.496,32768,4,0,0,60.861
mixed,real,2434,13281538206002830254,0,1925,1,5946,123,123,1062412,8637.496,24576,3,0,0,61.776
mixed,real,2435,13281538206002830254,0,1926,2,7871,122,122,1053320,8633.770,24576,3,0,0,61.969
mixed,real,2436,13281538206002830254,0,1925,1,1605,123,123,1061634,8631.171,32768,4,0,0,59.879
mixed,real,2437,13281538206002830254,0,1925,1,3530,123,123,1061757,8632.171,32768,4,0,0,60.812
mixed,real,2438,13281538206002830254,0,1925,1,5455,123,123,1061880,8633.171,24576,3,0,0,61.310
mixed,real,2439,13281538206002830254,0,1925,2,7380,123,123,1062003,8634.171,24576,3,0,0,61.892
mixed,real,2440,13281538206002830254,0,1925,1,1113,123,123,1061103,8626.854,24576,3,0,0,59.129
mixed,real,2441,13281538206002830254,0,1925,1,3038,123,123,1061226,8627.854,32768,4,0,0,60.517
mixed,real,2442,13281538206002830254,0,1925,1,4963,123,123,1061349,8628.854,24576,3,0,0,61.279
mixed,real,2443,13281538206002830254,0,1925,2,6888,123,123,1061472,8629.854,24576,3,0,0,62.282
mixed,real,2444,13281538206002830254,0,1925,1,621,123,123,1060572,8622.537,24576,3,0,0,58.624
mixed,real,2445,13281538206002830254,0,1925,1,2546,123,123,1060695,8623.537,32768,4,0,0,60.553
mixed,real,2446,13281538206002830254,0,1925,1,4471,123,123,1060818,8624.537,24576,3,0,0,61.112
mixed,real,2447,13281538206002830254,0,1925,2,6396,123,123,1060941,8625.537,24576,3,0,0,61.864
mixed,real,2448,13281538206002830254,0,1925,1,129,123,123,1060041,8618.220,24576,3,0,0,58.660
mixed,real,2449,13281538206002830254,0,1925,1,2054,123,123,1060164,8619.220,32768,4,0,0,61.070
mixed,real,2450,13281538206002830254,0,1925,1,3979,123,123,1060287,8620.220,32768,4,0,0,61.065
mixed,real,2451,13281538206002830254,0,1925,1,5904,123,123,1060410,8621.220,24576,3,0,0,62.046
mixed,real,2452,13281538206002830254,0,1926,2,7829,122,122,1051318,8617.361,24576,3,0,0,61.641
mixed,real,2453,13281538206002830254,0,1925,1,1563,123,123,1059632,8614.894,32768,4,0,0,60.032
mixed,real,2454,13281538206002830254,0,1925,1,3488,123,123,1059755,8615.894,32768,4,0,0,60.889
mixed,real,2455,13281538206002830254,0,1925,1,5413,123,123,1059878,8616.894,24576,3,0,0,61.787
mixed,real,2456,13281538206002830254,0,1926,2,7338,122,122,1050786,8613.000,24576,3,0,0,62.287
mixed,real,2457,13281538206002830254,0,1925,1,1072,123,123,1059100,8610.569,32768,4,0,0,59.719
mixed,real,2458,13281538206002830254,0,1925,1,2997,123,123,1059223,8611.569,32768,4,0,0,60.755
mixed,real,2459,13281538206002830254,0,1925,1,4922,123,123,1059346,8612.569,24576,3,0,0,61.229
mixed,real,2460,13281538206002830254,0,1925,2,6847,123,123,1059469,8613.569,24576,3,0,0,62.500
mixed,real,2461,13281538206002830254,0,1925,1,580,123,123,1058569,8606.252,24576,3,0,0,58.920
mixed,real,2462,13281538206002830254,0,1925,1,2505,123,123,1058692,8607.252,32768,4,0,0,60.710
mixed,real,2463,13281538206002830254,0,1925,1,4430,123,123,1058815,8608.252,24576,3,0,0,61.292
mixed,real,2464,13281538206002830254,0,1925,2,6355,123,123,1058938,8609.252,24576,3,0,0,61.773
mixed,real,2465,13281538206002830254,0,1925,1,88,123,123,1058038,8601.935,24576,3,0,0,58.730
mixed,real,2466,13281538206002830254,0,1925,1,2013,123,123,1058161,8602.935,32768,4,0,0,60.852
mixed,real,2467,13281538206002830254,0,1925,1,3938,123,123,1058284,8603.935,32768,4,0,0,60.982
mixed,real,2468,13281538206002830254,0,1925,1,5863,123,123,1058407,8604.935,24576,3,0,0,61.969
mixed,real,2469,13281538206002830254,0,1926,2,7788,122,122,1049315,8600.943,24576,3,0,0,61.615
mixed,real,2470,13281538206002830254,0,1925,1,1522,123,123,1057629,8598.610,32768,4,0,0,60.101
mixed,real,2471,13281538206002830254,0,1925,1,3447,123,123,1057752,8599.610,32768,4,0,0,61.024
mixed,real,2472,13281538206002830254,0,1925,1,5372,123,123,1057875,8600.610,24576,3,0,0,62.065
mixed,real,2473,13281538206002830254,0,1926,2,7297,122,122,1048783,8596.582,24576,3,0,0,62.187
mixed,real,2474,13281538206002830254,0,1925,1,1031,123,123,1057097,8594.285,32768,4,0,0,59.736
mixed,real,2475,13281538206002830254,0,1925,1,2956,123,123,1057220,8595.285,32768,4,0,0,60.902
mixed,real,2476,13281538206002830254,0,1925,1,4881,123,123,1057343,8596.285,24576,3,0,0,61.516
mixed,real,2477,13281538206002830254,0,1926,2,6806,122,122,1048251,8592.221,24576,3,0,0,62.257
mixed,real,2478,13281538206002830254,0,1925,1,540,123,123,1056565,8589.959,32768,4,0,0,59.306
mixed,real,2479,13281538206002830254,0,1925,1,2465,123,123,1056688,8590.959,32768,4,0,0,60.840
mixed,real,2480,13281538206002830254,0,1925,1,4390,123,123,1056811,8591.959,24576,3,0,0,61.875
mixed,real,2481,13281538206002830254,0,1926,2,6315,122,122,1047719,8587.861,24576,3,0,0,61.671
mixed,real,2482,13281538206002830254,0,1925,1,49,123,123,1056033,8585.634,32768,4,0,0,59.306
mixed,real,2483,13281538206002830254,0,1925,1,1974,123,123,1056156,8586.634,32768,4,0,0,61.167
mixed,real,2484,13281538206002830254,0,1925,1,3899,123,123,1056279,8587.634,32768,4,0,0,61.392
mixed,real,2485,13281538206002830254,0,1925,1,5824,123,123,1056402,8588.634,24576,3,0,0,62.026
mixed,real,2486,13281538206002830254,0,1926,2,7749,122,122,1047310,8584.508,24576,3,0,0,62.033
mixed,real,2487,13281538206002830254,0,1925,1,1483,123,123,1055624,8582.309,32768,4,0,0,60.881
mixed,real,2488,13281538206002830254,0,1925,1,3408,123,123,1055747,8583.309,32768,4,0,0,61.195
mixed,real,2489,13281538206002830254,0,1925,1,5333,123,123,1055870,8584.309,24576,3,0,0,62.101
mixed,real,2490,13281538206002830254,0,1926,2,7258,122,122,1046778,8580.148,24576,3,0,0,62.165
mixed,real,2491,13281538206002830254,0,1925,1,992,123,123,1055092,8577.984,32768,4,0,0,60.916
mixed,real,2492,13281538206002830254,0,1925,1,2917,123,123,1055215,8578.984,32768,4,0,0,61.258
mixed,real,2493,13281538206002830254,0,1925,1,4842,123,123,1055338,8579.984,24576,3,0,0,61.914
mixed,real,2494,13281538206002830254,0,1926,2,6767,122,122,1046246,8575.787,24576,3,0,0,62.226
mixed,real,2495,13281538206002830254,0,1925,1,501,123,123,1054560,8573.659,32768,4,0,0,59.914
mixed,real,2496,13281538206002830254,0,1925,1,2426,123,123,1054683,8574.659,32768,4,0,0,61.257
mixed,real,2497,13281538206002830254,0,1925,1,4351,123,123,1054806,8575.659,24576,3,0,0,61.919
mixed,real,2498,13281538206002830254,0,1926,2,6276,122,122,1045714,8571.426,24576,3,0,0,61.612
mixed,real,2499,13281538206002830254,0,1925,1,10,123,123,1054028,8569.333,32768,4,0,0,59.401
mixed,real,2500,13281538206002830254,0,1925,1,1935,123,123,1054151,8570.333,32768,4,0,0,61.554
mixed,real,2501,13281538206002830254,0,1925,1,3860,123,123,1054274,8571.333,32768,4,0,0,62.021
mixed,real,2502,13281538206002830254,0,1926,1,5785,122,122,1045182,8567.066,24576,3,0,0,61.643
mixed,real,2503,13281538206002830254,0,1926,2,7711,122,122,1045304,8568.066,32768,4,0,0,62.036
mixed,real,2504,13281538206002830254,0,1925,1,1445,123,123,1053618,8566.000,32768,4,0,0,57.856
mixed,real,2505,13281538206002830254,0,1925,1,3370,123,123,1053741,8567.000,32768,4,0,0,59.926
mixed,real,2506,13281538206002830254,0,1925,1,5295,123,123,1053864,8568.000,24576,3,0,0,61.827
mixed,real,2507,13281538206002830254,0,1926,2,7220,122,122,1044772,8563.705,24576,3,0,0,62.916
mixed,real,2508,13281538206002830254,0,1925,1,954,123,123,1053086,8561.675,32768,4,0,0,61.498
mixed,real,2509,13281538206002830254,0,1925,1,2879,123,123,1053209,8562.675,32768,4,0,0,61.189
mixed,real,2510,13281538206002830254,0,1925,1,4804,123,123,1053332,8563.675,24576,3,0,0,62.336
mixed,real,2511,13281538206002830254,0,1926,2,6729,122,122,1044240,8559.344,24576,3,0,0,62.402
mixed,real,2512,13281538206002830254,0,1925,1,463,123,123,1052554,8557.350,32768,4,0,0,60.086
mixed,real,2513,13281538206002830254,0,1925,1,2388,123,123,1052677,8558.350,32768,4,0,0,61.437
mixed,real,2514,13281538206002830254,0,1925,1,4313,123,123,1052800,8559.350,32768,4,0,0,62.196
mixed,real,2515,13281538206002830254,0,1926,1,6238,122,122,1043708,8554.984,24576,3,0,0,61.850
mixed,real,2516,13281538206002830254,0,1926,2,8164,122,122,1043830,8555.984,32768,4,0,0,57.505
mixed,real,2517,13281538206002830254,0,1925,1,1898,123,123,1052144,8554.016,32768,4,0,0,58.480
mixed,real,2518,13281538206002830254,0,1925,1,3823,123,123,1052267,8555.016,32768,4,0,0,60.609
mixed,real,2519,13281538206002830254,0,1926,1,5748,122,122,1043175,8550.615,24576,3,0,0,62.353
mixed,real,2520,13281538206002830254,0,1926,2,7674,122,122,1043297,8551.615,32768,4,0,0,62.207
mixed,real,2521,13281538206002830254,0,1925,1,1408,123,123,1051611,8549.683,32768,4,0,0,57.774
mixed,real,2522,13281538206002830254,0,1925,1,3333,123,123,1051734,8550.683,32768,4,0,0,59.738
mixed,real,2523,13281538206002830254,0,1925,1,5258,123,123,1051857,8551.683,24576,3,0,0,62.351
mixed,real,2524,13281538206002830254,0,1926,2,7183,122,122,1042765,8547.254,24576,3,0,0,63.047
mixed,real,2525,13281538206002830254,0,1925,1,917,123,123,1051079,8545.358,32768,4,0,0,61.421
mixed,real,2526,13281538206002830254,0,1925,1,2842,123,123,1051202,8546.358,32768,4,0,0,61.852
mixed,real,2527,13281538206002830254,0,1925,1,4767,123,123,1051325,8547.358,24576,3,0,0,62.505
mixed,real,2528,13281538206002830254,0,1926,2,6692,122,122,1042233,8542.893,24576,3,0,0,62.927
mixed,real,2529,13281538206002830254,0,1925,1,426,123,123,1050547,8541.033,32768,4,0,0,61.203
mixed,real,2530,13281538206002830254,0,1925,1,2351,123,123,1050670,8542.033,32768,4,0,0,61.830
mixed,real,2531,13281538206002830254,0,1925,1,4276,123,123,1050793,8543.033,32768,4,0,0,62.613
mixed,real,2532,13281538206002830254,0,1926,1,6201,122,122,1041701,8538.533,24576,3,0,0,62.192
mixed,real,2533,13281538206002830254,0,1926,2,8127,122,122,1041823,8539.533,32768,4,0,0,57.144
mixed,real,2534,13281538206002830254,0,1925,1,1861,123,123,1050137,8537.699,32768,4,0,0,58.497
mixed,real,2535,13281538206002830254,0,1925,1,3786,123,123,1050260,8538.699,32768,4,0,0,60.640
mixed,real,2536,13281538206002830254,0,1926,1,5711,122,122,1041168,8534.164,24576,3,0,0,62.688
mixed,real,2537,13281538206002830254,0,1926,2,7637,122,122,1041290,8535.164,32768,4,0,0,62.613
mixed,real,2538,13281538206002830254,0,1925,1,1371,123,123,1049604,8533.366,32768,4,0,0,57.935
mixed,real,2539,13281538206002830254,0,1925,1,3296,123,123,1049727,8534.366,32768,4,0,0,60.329
mixed,real,2540,13281538206002830254,0,1926,1,5221,122,122,1040635,8529.795,24576,3,0,0,63.051
mixed,real,2541,13281538206002830254,0,1926,2,7147,122,122,1040757,8530.795,32768,4,0,0,63.274
mixed,real,2542,13281538206002830254,0,1925,1,881,123,123,1049071,8529.033,32768,4,0,0,57.482
mixed,real,2543,13281538206002830254,0,1925,1,2806,123,123,1049194,8530.033,32768,4,0,0,59.515
mixed,real,2544,13281538206002830254,0,1925,1,4731,123,123,1049317,8531.033,24576,3,0,0,61.578
mixed,real,2545,13281538206002830254,0,1926,2,6656,122,122,1040225,8526.434,24576,3,0,0,63.005
mixed,real,2546,13281538206002830254,0,1925,1,390,123,123,1048539,8524.707,32768,4,0,0,61.749
mixed,real,2547,13281538206002830254,0,1925,1,2315,123,123,1048662,8525.707,32768,4,0,0,62.011
mixed,real,2548,13281538206002830254,0,1925,1,4240,123,123,1048785,8526.707,32768,4,0,0,62.590
mixed,real,2549,13281538206002830254,0,1926,1,6165,122,122,1039693,8522.074,24576,3,0,0,62.563
mixed,real,2550,13281538206002830254,0,1926,2,8091,122,122,1039815,8523.074,32768,4,0,0,57.266
mixed,real,2551,13281538206002830254,0,1925,1,1825,123,123,1048129,8521.374,32768,4,0,0,58.586
mixed,real,2552,13281538206002830254,0,1925,1,3750,123,123,1048252,8522.374,32768,4,0,0,60.618
mixed,real,2553,13281538206002830254,0,1926,1,5675,122,122,1039160,8517.705,24576,3,0,0,62.878
mixed,real,2554,13281538206002830254,0,1926,2,7601,122,122,1039282,8518.705,32768,4,0,0,63.100
mixed,real,2555,13281538206002830254,0,1925,1,1335,123,123,1047596,8517.041,32768,4,0,0,57.912
mixed,real,2556,13281538206002830254,0,1925,1,3260,123,123,1047719,8518.041,32768,4,0,0,60.134
mixed,real,2557,13281538206002830254,0,1926,1,5185,122,122,1038627,8513.336,24576,3,0,0,63.367
mixed,real,2558,13281538206002830254,0,1926,2,7111,122,122,1038749,8514.336,32768,4,0,0,63.752
mixed,real,2559,13281538206002830254,0,1925,1,845,123,123,1047063,8512.707,32768,4,0,0,57.518
mixed,real,2560,13281538206002830254,0,1925,1,2770,123,123,1047186,8513.707,32768,4,0,0,59.669
mixed,real,2561,13281538206002830254,0,1925,1,4695,123,123,1047309,8514.707,24576,3,0,0,61.686
mixed,real,2562,13281538206002830254,0,1926,2,6620,122,122,1038217,8509.975,24576,3,0,0,62.876
mixed,real,2563,13281538206002830254,0,1925,1,354,123,123,1046531,8508.382,32768,4,0,0,62.418
mixed,real,2564,13281538206002830254,0,1925,1,2279,123,123,1046654,8509.382,32768,4,0,0,62.199
mixed,real,2565,13281538206002830254,0,1925,1,4204,123,123,1046777,8510.382,32768,4,0,0,63.087
mixed,real,2566,13281538206002830254,0,1926,1,6129,122,122,1037685,8505.615,24576,3,0,0,62.785
mixed,real,2567,13281538206002830254,0,1926,2,8055,122,122,1037807,8506.615,32768,4,0,0,57.162
mixed,real,2568,13281538206002830254,0,1925,1,1789,123,123,1046121,8505.049,32768,4,0,0,58.640
mixed,real,2569,13281538206002830254,0,1925,1,3714,123,123,1046244,8506.049,32768,4,0,0,60.653
mixed,real,2570,13281538206002830254,0,1926,1,5639,122,122,1037152,8501.246,24576,3,0,0,63.355
mixed,real,2571,13281538206002830254,0,1926,2,7565,122,122,1037274,8502.246,32768,4,0,0,63.577
mixed,real,2572,13281538206002830254,0,1925,1,1299,123,123,1045588,8500.715,32768,4,0,0,57.806
mixed,real,2573,13281538206002830254,0,1925,1,3224,123,123,1045711,8501.715,32768,4,0,0,60.084
mixed,real,2574,13281538206002830254,0,1926,1,5149,122,122,1036619,8496.877,24576,3,0,0,63.552
mixed,real,2575,13281538206002830254,0,1926,2,7075,122,122,1036741,8497.877,32768,4,0,0,63.657
mixed,real,2576,13281538206002830254,0,1925,1,809,123,123,1045055,8496.382,32768,4,0,0,57.263
mixed,real,2577,13281538206002830254,0,1925,1,2734,123,123,1045178,8497.382,32768,4,0,0,59.825
mixed,real,2578,13281538206002830254,0,1926,1,4659,122,122,1036086,8492.508,24576,3,0,0,63.998
mixed,real,2579,13281538206002830254,0,1926,2,6585,122,122,1036208,8493.508,32768,4,0,0,64.315
mixed,real,2580,13281538206002830254,0,1925,1,319,123,123,1044522,8492.049,32768,4,0,0,57.139
mixed,real,2581,13281538206002830254,0,1925,1,2244,123,123,1044645,8493.049,32768,4,0,0,59.047
mixed,real,2582,13281538206002830254,0,1925,1,4169,123,123,1044768,8494.049,32768,4,0,0,60.983
mixed,real,2583,13281538206002830254,0,1926,1,6094,122,122,1035676,8489.148,24576,3,0,0,63.757
mixed,real,2584,13281538206002830254,0,1926,2,8020,122,122,1035798,8490.148,32768,4,0,0,62.788
mixed,real,2585,13281538206002830254,0,1925,1,1754,123,123,1044112,8488.715,32768,4,0,0,57.986
mixed,real,2586,13281538206002830254,0,1925,1,3679,123,123,1044235,8489.715,32768,4,0,0,61.017
mixed,real,2587,13281538206002830254,0,1926,1,5604,122,122,1035143,8484.779,24576,3,0,0,63.797
mixed,real,2588,13281538206002830254,0,1926,2,7530,122,122,1035265,8485.779,32768,4,0,0,63.539
mixed,real,2589,13281538206002830254,0,1925,1,1264,123,123,1043579,8484.382,32768,4,0,0,57.754
mixed,real,2590,13281538206002830254,0,1925,1,3189,123,123,1043702,8485.382,32768,4,0,0,60.016
mixed,real,2591,13281538206002830254,0,1926,1,5114,122,122,1034610,8480.410,24576,3,0,0,63.809
mixed,real,2592,13281538206002830254,0,1926,2,7040,122,122,1034732,8481.410,32768,4,0,0,63.835
mixed,real,2593,13281538206002830254,0,1925,1,774,123,123,1043046,8480.049,32768,4,0,0,57.494
mixed,real,2594,13281538206002830254,0,1925,1,2699,123,123,1043169,8481.049,32768,4,0,0,59.760
mixed,real,2595,13281538206002830254,0,1926,1,4624,122,122,1034077,8476.041,24576,3,0,0,63.751
mixed,real,2596,13281538206002830254,0,1926,2,6550,122,122,1034199,8477.041,32768,4,0,0,64.152
mixed,real,2597,13281538206002830254,0,1925,1,284,123,123,1042513,8475.715,32768,4,0,0,57.008
mixed,real,2598,13281538206002830254,0,1925,1,2209,123,123,1042636,8476.715,32768,4,0,0,58.834
mixed,real,2599,13281538206002830254,0,1925,1,4134,123,123,1042759,8477.715,32768,4,0,0,61.207
mixed,real,2600,13281538206002830254,0,1926,1,6059,122,122,1033667,8472.680,24576,3,0,0,62.196
mixed,real,2601,13281538206002830254,0,1926,2,7985,122,122,1033789,8473.680,32768,4,0,0,62.367
mixed,real,2602,13281538206002830254,0,1925,1,1719,123,123,1042103,8472.382,32768,4,0,0,58.179
mixed,real,2603,13281538206002830254,0,1925,1,3644,123,123,1042226,8473.382,32768,4,0,0,60.583
mixed,real,2604,13281538206002830254,0,1926,1,5569,122,122,1033134,8468.311,24576,3,0,0,61.414
mixed,real,2605,13281538206002830254,0,1926,2,7495,122,122,1033256,8469.311,32768,4,0,0,61.690
mixed,real,2606,13281538206002830254,0,1925,1,1229,123,123,1041570,8468.049,32768,4,0,0,58.118
mixed,real,2607,13281538206002830254,0,1925,1,3154,123,123,1041693,8469.049,32768,4,0,0,60.536
mixed,real,2608,13281538206002830254,0,1926,1,5079,122,122,1032601,8463.943,24576,3,0,0,60.721
mixed,real,2609,13281538206002830254,0,1926,2,7005,122,122,1032723,8464.943,32768,4,0,0,60.970
mixed,real,2610,13281538206002830254,0,1925,1,739,123,123,1041037,8463.715,32768,4,0,0,57.864
mixed,real,2611,13281538206002830254,0,1925,1,2664,123,123,1041160,8464.715,32768,4,0,0,59.578
mixed,real,2612,13281538206002830254,0,1925,1,4589,123,123,1041283,8465.715,24576,3,0,0,61.627
mixed,real,2613,13281538206002830254,0,1926,2,6514,122,122,1032191,8460.582,24576,3,0,0,63.018
mixed,real,2614,13281538206002830254,0,1925,1,248,123,123,1040505,8459.390,32768,4,0,0,57.458
mixed,real,2615,13281538206002830254,0,1925,1,2173,123,123,1040628,8460.390,32768,4,0,0,59.100
mixed,real,2616,13281538206002830254,0,1925,1,4098,123,123,1040751,8461.390,32768,4,0,0,61.874
mixed,real,2617,13281538206002830254,0,1926,1,6023,122,122,1031659,8456.221,24576,3,0,0,61.156
mixed,real,2618,13281538206002830254,0,1926,2,7949,122,122,1031781,8457.221,32768,4,0,0,62.021
mixed,real,2619,13281538206002830254,0,1925,1,1683,123,123,1040095,8456.057,32768,4,0,0,58.248
mixed,real,2620,13281538206002830254,0,1925,1,3608,123,123,1040218,8457.057,32768,4,0,0,60.437
mixed,real,2621,13281538206002830254,0,1926,1,5533,122,122,1031126,8451.852,24576,3,0,0,61.253
mixed,real,2622,13281538206002830254,0,1926,2,7459,122,122,1031248,8452.852,32768,4,0,0,61.483
mixed,real,2623,13281538206002830254,0,1925,1,1193,123,123,1039562,8451.724,32768,4,0,0,57.924
mixed,real,2624,13281538206002830254,0,1925,1,3118,123,123,1039685,8452.724,32768,4,0,0,59.909
mixed,real,2625,13281538206002830254,0,1925,1,5043,123,123,1039808,8453.724,24576,3,0,0,61.550
mixed,real,2626,13281538206002830254,0,1925,2,6968,123,123,1039931,8454.724,24576,3,0,0,63.367
mixed,real,2627,13281538206002830254,0,1924,1,701,124,124,1048246,8453.597,24576,3,0,0,57.827
mixed,real,2628,13281538206002830254,0,1924,1,2625,124,124,1048370,8454.597,24576,3,0,0,59.664
mixed,real,2629,13281538206002830254,0,1924,1,4549,124,124,1048494,8455.597,16384,2,0,0,61.368
mixed,real,2630,13281538206002830254,0,1924,2,6473,124,124,1048618,8456.597,16384,2,0,0,62.356
mixed,real,2631,13281538206002830254,0,1923,1,205,125,125,1056934,8455.472,16384,2,0,0,57.738
mixed,real,2632,13281538206002830254,0,1923,1,2128,125,125,1057059,8456.472,16384,2,0,0,59.405
mixed,real,2633,13281538206002830254,0,1923,1,4051,125,125,1057184,8457.472,16384,2,0,0,61.220
mixed,real,2634,13281538206002830254,0,1923,1,5974,125,125,1057309,8458.472,8192,1,0,0,62.869
mixed,real,2635,13281538206002830254,0,1923,2,7897,125,125,1057434,8459.472,8192,1,0,0,63.417
mixed,real,2636,13281538206002830254,0,1922,1,1628,126,126,1065751,8458.341,8192,1,0,0,58.265
mixed,real,2637,13281538206002830254,0,1922,1,3550,126,126,1065877,8459.341,8192,1,0,0,60.804
mixed,real,2638,13281538206002830254,0,1922,1,5472,126,126,1066003,8460.341,0,0,0,0,62.105
mixed,real,2639,13281538206002830254,0,1922,2,7394,126,126,1066129,8461.341,0,0,0,0,63.446
mixed,real,2640,13281538206002830254,0,1921,1,1124,127,127,1074447,8460.213,0,0,0,0,58.515
mixed,real,2641,13281538206002830254,0,1921,1,3045,127,127,1074574,8461.213,0,0,0,0,60.237
mixed,real,2642,13281538206002830254,0,1921,1,4966,127,127,1074701,8462.213,0,0,0,0,61.879
mixed,real,2643,13281538206002830254,0,1305,1,6887,127,127,1074828,8463.213,0,0,0,0,56.329
decode,real,2644,13281538206002830254,0,0,0,0,128,128,1083147,8462.086,0,0,0,0,19.998
decode,real,2645,13281538206002830254,0,0,0,0,128,128,1083275,8463.086,0,0,0,0,20.159
decode,real,2646,13281538206002830254,0,0,0,0,128,128,1083403,8464.086,0,0,0,0,20.116
decode,real,2647,13281538206002830254,0,0,0,0,128,128,1083531,8465.086,0,0,0,0,19.995
decode,real,2648,13281538206002830254,0,0,0,0,128,128,1083659,8466.086,0,0,0,0,20.044
decode,real,2649,13281538206002830254,0,0,0,0,128,128,1083787,8467.086,0,0,0,0,19.918
decode,real,2650,13281538206002830254,0,0,0,0,128,128,1083915,8468.086,0,0,0,0,19.927
decode,real,2651,13281538206002830254,0,0,0,0,128,128,1084043,8469.086,0,0,0,0,19.961
decode,real,2652,13281538206002830254,0,0,0,0,128,128,1084171,8470.086,0,0,0,0,19.954
decode,real,2653,13281538206002830254,0,0,0,0,128,128,1084299,8471.086,0,0,0,0,19.961
decode,real,2654,13281538206002830254,0,0,0,0,128,128,1084427,8472.086,0,0,0,0,19.936
decode,real,2655,13281538206002830254,0,0,0,0,128,128,1084555,8473.086,0,0,0,0,19.949
decode,real,2656,13281538206002830254,0,0,0,0,128,128,1084683,8474.086,0,0,0,0,19.971
decode,real,2657,13281538206002830254,0,0,0,0,128,128,1084811,8475.086,0,0,0,0,19.963
decode,real,2658,13281538206002830254,0,0,0,0,128,128,1084939,8476.086,0,0,0,0,20.196
decode,real,2659,13281538206002830254,0,0,0,0,128,128,1085067,8477.086,0,0,0,0,19.966
decode,real,2660,13281538206002830254,0,0,0,0,128,128,1085195,8478.086,0,0,0,0,19.896
decode,real,2661,13281538206002830254,0,0,0,0,128,128,1085323,8479.086,0,0,0,0,19.953
decode,real,2662,13281538206002830254,0,0,0,0,128,128,1085451,8480.086,0,0,0,0,19.933
decode,real,2663,13281538206002830254,0,0,0,0,128,128,1085579,8481.086,0,0,0,0,19.959
decode,real,2664,13281538206002830254,0,0,0,0,128,128,1085707,8482.086,0,0,0,0,19.959
decode,real,2665,13281538206002830254,0,0,0,0,128,128,1085835,8483.086,0,0,0,0,19.960
decode,real,2666,13281538206002830254,0,0,0,0,128,128,1085963,8484.086,0,0,0,0,20.161
decode,real,2667,13281538206002830254,0,0,0,0,128,128,1086091,8485.086,0,0,0,0,19.925
decode,real,2668,13281538206002830254,0,0,0,0,128,128,1086219,8486.086,0,0,0,0,20.000
decode,real,2669,13281538206002830254,0,0,0,0,128,128,1086347,8487.086,0,0,0,0,19.968
decode,real,2670,13281538206002830254,0,0,0,0,128,128,1086475,8488.086,0,0,0,0,20.158
decode,real,2671,13281538206002830254,0,0,0,0,128,128,1086603,8489.086,0,0,0,0,19.945
decode,real,2672,13281538206002830254,0,0,0,0,128,128,1086731,8490.086,0,0,0,0,19.936
decode,real,2673,13281538206002830254,0,0,0,0,128,128,1086859,8491.086,0,0,0,0,19.993
decode,real,2674,13281538206002830254,0,0,0,0,128,128,1086987,8492.086,0,0,0,0,19.937
decode,real,2675,13281538206002830254,0,0,0,0,128,128,1087115,8493.086,0,0,0,0,20.157
decode,real,2676,13281538206002830254,0,0,0,0,128,128,1087243,8494.086,0,0,0,0,19.988
decode,real,2677,13281538206002830254,0,0,0,0,128,128,1087371,8495.086,0,0,0,0,19.964
decode,real,2678,13281538206002830254,0,0,0,0,128,128,1087499,8496.086,0,0,0,0,20.200
decode,real,2679,13281538206002830254,0,0,0,0,128,128,1087627,8497.086,0,0,0,0,20.208
decode,real,2680,13281538206002830254,0,0,0,0,128,128,1087755,8498.086,0,0,0,0,19.980
decode,real,2681,13281538206002830254,0,0,0,0,128,128,1087883,8499.086,0,0,0,0,19.993
decode,real,2682,13281538206002830254,0,0,0,0,128,128,1088011,8500.086,0,0,0,0,20.299
decode,real,2683,13281538206002830254,0,0,0,0,128,128,1088139,8501.086,0,0,0,0,20.007
decode,real,2684,13281538206002830254,0,0,0,0,128,128,1088267,8502.086,0,0,0,0,20.163
decode,real,2685,13281538206002830254,0,0,0,0,128,128,1088395,8503.086,0,0,0,0,19.986
decode,real,2686,13281538206002830254,0,0,0,0,128,128,1088523,8504.086,0,0,0,0,19.958
decode,real,2687,13281538206002830254,0,0,0,0,128,128,1088651,8505.086,0,0,0,0,19.922
decode,real,2688,13281538206002830254,0,0,0,0,128,128,1088779,8506.086,0,0,0,0,19.899
decode,real,2689,13281538206002830254,0,0,0,0,128,128,1088907,8507.086,0,0,0,0,20.256
decode,real,2690,13281538206002830254,0,0,0,0,128,128,1089035,8508.086,0,0,0,0,19.951
decode,real,2691,13281538206002830254,0,0,0,0,128,128,1089163,8509.086,0,0,0,0,19.976
decode,real,2692,13281538206002830254,0,0,0,0,128,128,1089291,8510.086,0,0,0,0,19.915
decode,real,2693,13281538206002830254,0,0,0,0,128,128,1089419,8511.086,0,0,0,0,20.045
decode,real,2694,13281538206002830254,0,0,0,0,128,128,1089547,8512.086,0,0,0,0,19.979
decode,real,2695,13281538206002830254,0,0,0,0,128,128,1089675,8513.086,0,0,0,0,19.984
decode,real,2696,13281538206002830254,0,0,0,0,128,128,1089803,8514.086,0,0,0,0,19.939
decode,real,2697,13281538206002830254,0,0,0,0,128,128,1089931,8515.086,0,0,0,0,20.030
decode,real,2698,13281538206002830254,0,0,0,0,128,128,1090059,8516.086,0,0,0,0,19.963
decode,real,2699,13281538206002830254,0,0,0,0,128,128,1090187,8517.086,0,0,0,0,20.222
decode,real,2700,13281538206002830254,0,0,0,0,128,128,1090315,8518.086,0,0,0,0,20.030
decode,real,2701,13281538206002830254,0,0,0,0,128,128,1090443,8519.086,0,0,0,0,19.948
decode,real,2702,13281538206002830254,0,0,0,0,128,128,1090571,8520.086,0,0,0,0,20.001
decode,real,2703,13281538206002830254,0,0,0,0,128,128,1090699,8521.086,0,0,0,0,20.186
decode,real,2704,13281538206002830254,0,0,0,0,128,128,1090827,8522.086,0,0,0,0,20.002
decode,real,2705,13281538206002830254,0,0,0,0,128,128,1090955,8523.086,0,0,0,0,19.952
decode,real,2706,13281538206002830254,0,0,0,0,128,128,1091083,8524.086,0,0,0,0,20.130
decode,real,2707,13281538206002830254,0,0,0,0,128,128,1091211,8525.086,0,0,0,0,19.912
decode,real,2708,13281538206002830254,0,0,0,0,128,128,1091339,8526.086,0,0,0,0,20.183
decode,real,2709,13281538206002830254,0,0,0,0,128,128,1091467,8527.086,0,0,0,0,19.990
decode,real,2710,13281538206002830254,0,0,0,0,128,128,1091595,8528.086,0,0,0,0,20.218
decode,real,2711,13281538206002830254,0,0,0,0,128,128,1091723,8529.086,0,0,0,0,20.029
decode,real,2712,13281538206002830254,0,0,0,0,128,128,1091851,8530.086,0,0,0,0,19.998
decode,real,2713,13281538206002830254,0,0,0,0,128,128,1091979,8531.086,0,0,0,0,20.024
decode,real,2714,13281538206002830254,0,0,0,0,128,128,1092107,8532.086,0,0,0,0,19.988
decode,real,2715,13281538206002830254,0,0,0,0,128,128,1092235,8533.086,0,0,0,0,20.204
decode,real,2716,13281538206002830254,0,0,0,0,128,128,1092363,8534.086,0,0,0,0,20.022
decode,real,2717,13281538206002830254,0,0,0,0,128,128,1092491,8535.086,0,0,0,0,20.025
decode,real,2718,13281538206002830254,0,0,0,0,128,128,1092619,8536.086,0,0,0,0,19.985
decode,real,2719,13281538206002830254,0,0,0,0,128,128,1092747,8537.086,0,0,0,0,20.027
decode,real,2720,13281538206002830254,0,0,0,0,128,128,1092875,8538.086,0,0,0,0,20.043
decode,real,2721,13281538206002830254,0,0,0,0,128,128,1093003,8539.086,0,0,0,0,19.974
decode,real,2722,13281538206002830254,0,0,0,0,128,128,1093131,8540.086,0,0,0,0,20.021
decode,real,2723,13281538206002830254,0,0,0,0,128,128,1093259,8541.086,0,0,0,0,20.027
decode,real,2724,13281538206002830254,0,0,0,0,128,128,1093387,8542.086,0,0,0,0,20.232
decode,real,2725,13281538206002830254,0,0,0,0,128,128,1093515,8543.086,0,0,0,0,20.154
decode,real,2726,13281538206002830254,0,0,0,0,128,128,1093643,8544.086,0,0,0,0,19.913
decode,real,2727,13281538206002830254,0,0,0,0,128,128,1093771,8545.086,0,0,0,0,20.230
decode,real,2728,13281538206002830254,0,0,0,0,128,128,1093899,8546.086,0,0,0,0,20.024
decode,real,2729,13281538206002830254,0,0,0,0,128,128,1094027,8547.086,0,0,0,0,19.983
decode,real,2730,13281538206002830254,0,0,0,0,128,128,1094155,8548.086,0,0,0,0,20.016
decode,real,2731,13281538206002830254,0,0,0,0,128,128,1094283,8549.086,0,0,0,0,20.016
decode,real,2732,13281538206002830254,0,0,0,0,128,128,1094411,8550.086,0,0,0,0,20.071
decode,real,2733,13281538206002830254,0,0,0,0,128,128,1094539,8551.086,0,0,0,0,20.004
decode,real,2734,13281538206002830254,0,0,0,0,128,128,1094667,8552.086,0,0,0,0,20.033
decode,real,2735,13281538206002830254,0,0,0,0,128,128,1094795,8553.086,0,0,0,0,20.249
decode,real,2736,13281538206002830254,0,0,0,0,128,128,1094923,8554.086,0,0,0,0,20.046
decode,real,2737,13281538206002830254,0,0,0,0,128,128,1095051,8555.086,0,0,0,0,20.052
decode,real,2738,13281538206002830254,0,0,0,0,128,128,1095179,8556.086,0,0,0,0,20.027
decode,real,2739,13281538206002830254,0,0,0,0,128,128,1095307,8557.086,0,0,0,0,20.037
decode,real,2740,13281538206002830254,0,0,0,0,128,128,1095435,8558.086,0,0,0,0,20.011
decode,real,2741,13281538206002830254,0,0,0,0,128,128,1095563,8559.086,0,0,0,0,20.275
decode,real,2742,13281538206002830254,0,0,0,0,128,128,1095691,8560.086,0,0,0,0,20.041
decode,real,2743,13281538206002830254,0,0,0,0,128,128,1095819,8561.086,0,0,0,0,20.078
decode,real,2744,13281538206002830254,0,0,0,0,128,128,1095947,8562.086,0,0,0,0,20.274
decode,real,2745,13281538206002830254,0,0,0,0,128,128,1096075,8563.086,0,0,0,0,20.035
decode,real,2746,13281538206002830254,0,0,0,0,128,128,1096203,8564.086,0,0,0,0,20.053
decode,real,2747,13281538206002830254,0,0,0,0,128,128,1096331,8565.086,0,0,0,0,20.064
decode,real,2748,13281538206002830254,0,0,0,0,128,128,1096459,8566.086,0,0,0,0,20.045
decode,real,2749,13281538206002830254,0,0,0,0,128,128,1096587,8567.086,0,0,0,0,20.049
decode,real,2750,13281538206002830254,0,0,0,0,128,128,1096715,8568.086,0,0,0,0,20.270
decode,real,2751,13281538206002830254,0,0,0,0,128,128,1096843,8569.086,0,0,0,0,20.034
decode,real,2752,13281538206002830254,0,0,0,0,128,128,1096971,8570.086,0,0,0,0,20.033
decode,real,2753,13281538206002830254,0,0,0,0,128,128,1097099,8571.086,0,0,0,0,20.079
decode,real,2754,13281538206002830254,0,0,0,0,128,128,1097227,8572.086,0,0,0,0,20.402
decode,real,2755,13281538206002830254,0,0,0,0,128,128,1097355,8573.086,0,0,0,0,20.123
decode,real,2756,13281538206002830254,0,0,0,0,128,128,1097483,8574.086,0,0,0,0,20.053
decode,real,2757,13281538206002830254,0,0,0,0,128,128,1097611,8575.086,0,0,0,0,19.981
decode,real,2758,13281538206002830254,0,0,0,0,128,128,1097739,8576.086,0,0,0,0,20.062
decode,real,2759,13281538206002830254,0,0,0,0,128,128,1097867,8577.086,0,0,0,0,20.081
decode,real,2760,13281538206002830254,0,0,0,0,128,128,1097995,8578.086,0,0,0,0,20.082
decode,real,2761,13281538206002830254,0,0,0,0,128,128,1098123,8579.086,0,0,0,0,20.071
decode,real,2762,13281538206002830254,0,0,0,0,128,128,1098251,8580.086,0,0,0,0,20.116
decode,real,2763,13281538206002830254,0,0,0,0,128,128,1098379,8581.086,0,0,0,0,20.065
decode,real,2764,13281538206002830254,0,0,0,0,128,128,1098507,8582.086,0,0,0,0,20.120
decode,real,2765,13281538206002830254,0,0,0,0,128,128,1098635,8583.086,0,0,0,0,20.095
decode,real,2766,13281538206002830254,0,0,0,0,128,128,1098763,8584.086,0,0,0,0,20.133
decode,real,2767,13281538206002830254,0,0,0,0,128,128,1098891,8585.086,0,0,0,0,20.062
decode,real,2768,13281538206002830254,0,0,0,0,128,128,1099019,8586.086,0,0,0,0,20.100
decode,real,2769,13281538206002830254,0,0,0,0,128,128,1099147,8587.086,0,0,0,0,20.334
decode,real,2770,13281538206002830254,0,0,0,0,128,128,1099275,8588.086,0,0,0,0,20.114
decode,real,2771,13281538206002830254,0,0,0,0,128,128,1099403,8589.086,0,0,0,0,20.079
decode,real,2772,13281538206002830254,0,0,0,0,128,128,1099531,8590.086,0,0,0,0,20.125
decode,real,2773,13281538206002830254,0,0,0,0,128,128,1099659,8591.086,0,0,0,0,20.140
decode,real,2774,13281538206002830254,0,0,0,0,128,128,1099787,8592.086,0,0,0,0,20.100
decode,real,2775,13281538206002830254,0,0,0,0,128,128,1099915,8593.086,0,0,0,0,20.101
decode,real,2776,13281538206002830254,0,0,0,0,128,128,1100043,8594.086,0,0,0,0,20.305
decode,real,2777,13281538206002830254,0,0,0,0,128,128,1100171,8595.086,0,0,0,0,20.125
decode,real,2778,13281538206002830254,0,0,0,0,128,128,1100299,8596.086,0,0,0,0,20.335
decode,real,2779,13281538206002830254,0,0,0,0,128,128,1100427,8597.086,0,0,0,0,20.114
decode,real,2780,13281538206002830254,0,0,0,0,128,128,1100555,8598.086,0,0,0,0,20.124
decode,real,2781,13281538206002830254,0,0,0,0,128,128,1100683,8599.086,0,0,0,0,20.122
decode,real,2782,13281538206002830254,0,0,0,0,128,128,1100811,8600.086,0,0,0,0,20.263
decode,real,2783,13281538206002830254,0,0,0,0,128,128,1100939,8601.086,0,0,0,0,20.128
decode,real,2784,13281538206002830254,0,0,0,0,128,128,1101067,8602.086,0,0,0,0,20.311
decode,real,2785,13281538206002830254,0,0,0,0,128,128,1101195,8603.086,0,0,0,0,20.173
decode,real,2786,13281538206002830254,0,0,0,0,128,128,1101323,8604.086,0,0,0,0,20.125
decode,real,2787,13281538206002830254,0,0,0,0,128,128,1101451,8605.086,0,0,0,0,20.124
decode,real,2788,13281538206002830254,0,0,0,0,128,128,1101579,8606.086,0,0,0,0,20.119
decode,real,2789,13281538206002830254,0,0,0,0,128,128,1101707,8607.086,0,0,0,0,20.178
decode,real,2790,13281538206002830254,0,0,0,0,128,128,1101835,8608.086,0,0,0,0,20.138
decode,real,2791,13281538206002830254,0,0,0,0,128,128,1101963,8609.086,0,0,0,0,20.120
decode,real,2792,13281538206002830254,0,0,0,0,128,128,1102091,8610.086,0,0,0,0,20.099
decode,real,2793,13281538206002830254,0,0,0,0,128,128,1102219,8611.086,0,0,0,0,20.156
decode,real,2794,13281538206002830254,0,0,0,0,128,128,1102347,8612.086,0,0,0,0,20.159
decode,real,2795,13281538206002830254,0,0,0,0,128,128,1102475,8613.086,0,0,0,0,20.105
decode,real,2796,13281538206002830254,0,0,0,0,128,128,1102603,8614.086,0,0,0,0,20.141
decode,real,2797,13281538206002830254,0,0,0,0,128,128,1102731,8615.086,0,0,0,0,20.160
decode,real,2798,13281538206002830254,0,0,0,0,128,128,1102859,8616.086,0,0,0,0,20.166
decode,real,2799,13281538206002830254,0,0,0,0,128,128,1102987,8617.086,0,0,0,0,20.077
decode,real,2800,13281538206002830254,0,0,0,0,128,128,1103115,8618.086,0,0,0,0,20.154
decode,real,2801,13281538206002830254,0,0,0,0,128,128,1103243,8619.086,0,0,0,0,20.134
decode,real,2802,13281538206002830254,0,0,0,0,128,128,1103371,8620.086,0,0,0,0,20.365
decode,real,2803,13281538206002830254,0,0,0,0,128,128,1103499,8621.086,0,0,0,0,20.334
decode,real,2804,13281538206002830254,0,0,0,0,128,128,1103627,8622.086,0,0,0,0,20.153
decode,real,2805,13281538206002830254,0,0,0,0,128,128,1103755,8623.086,0,0,0,0,20.211
decode,real,2806,13281538206002830254,0,0,0,0,128,128,1103883,8624.086,0,0,0,0,20.087
decode,real,2807,13281538206002830254,0,0,0,0,128,128,1104011,8625.086,0,0,0,0,20.144
decode,real,2808,13281538206002830254,0,0,0,0,128,128,1104139,8626.086,0,0,0,0,20.144
decode,real,2809,13281538206002830254,0,0,0,0,128,128,1104267,8627.086,0,0,0,0,20.163
decode,real,2810,13281538206002830254,0,0,0,0,128,128,1104395,8628.086,0,0,0,0,20.194
decode,real,2811,13281538206002830254,0,0,0,0,128,128,1104523,8629.086,0,0,0,0,20.119
decode,real,2812,13281538206002830254,0,0,0,0,128,128,1104651,8630.086,0,0,0,0,20.163
decode,real,2813,13281538206002830254,0,0,0,0,128,128,1104779,8631.086,0,0,0,0,20.166
decode,real,2814,13281538206002830254,0,0,0,0,128,128,1104907,8632.086,0,0,0,0,20.156
decode,real,2815,13281538206002830254,0,0,0,0,128,128,1105035,8633.086,0,0,0,0,20.124
decode,real,2816,13281538206002830254,0,0,0,0,128,128,1105163,8634.086,0,0,0,0,20.190
decode,real,2817,13281538206002830254,0,0,0,0,128,128,1105291,8635.086,0,0,0,0,20.177
decode,real,2818,13281538206002830254,0,0,0,0,128,128,1105419,8636.086,0,0,0,0,20.135
decode,real,2819,13281538206002830254,0,0,0,0,128,128,1105547,8637.086,0,0,0,0,20.182
decode,real,2820,13281538206002830254,0,0,0,0,128,128,1105675,8638.086,0,0,0,0,20.377
decode,real,2821,13281538206002830254,0,0,0,0,128,128,1105803,8639.086,0,0,0,0,20.177
decode,real,2822,13281538206002830254,0,0,0,0,128,128,1105931,8640.086,0,0,0,0,20.180
decode,real,2823,13281538206002830254,0,0,0,0,128,128,1106059,8641.086,0,0,0,0,20.337
decode,real,2824,13281538206002830254,0,0,0,0,128,128,1106187,8642.086,0,0,0,0,20.425
decode,real,2825,13281538206002830254,0,0,0,0,128,128,1106315,8643.086,0,0,0,0,20.411
decode,real,2826,13281538206002830254,0,0,0,0,128,128,1106443,8644.086,0,0,0,0,20.121
decode,real,2827,13281538206002830254,0,0,0,0,128,128,1106571,8645.086,0,0,0,0,20.195
decode,real,2828,13281538206002830254,0,0,0,0,128,128,1106699,8646.086,0,0,0,0,20.229
decode,real,2829,13281538206002830254,0,0,0,0,128,128,1106827,8647.086,0,0,0,0,20.150
decode,real,2830,13281538206002830254,0,0,0,0,128,128,1106955,8648.086,0,0,0,0,20.173
decode,real,2831,13281538206002830254,0,0,0,0,128,128,1107083,8649.086,0,0,0,0,20.167
decode,real,2832,13281538206002830254,0,0,0,0,128,128,1107211,8650.086,0,0,0,0,20.177
decode,real,2833,13281538206002830254,0,0,0,0,128,128,1107339,8651.086,0,0,0,0,20.137
decode,real,2834,13281538206002830254,0,0,0,0,128,128,1107467,8652.086,0,0,0,0,20.216
decode,real,2835,13281538206002830254,0,0,0,0,128,128,1107595,8653.086,0,0,0,0,20.173
decode,real,2836,13281538206002830254,0,0,0,0,128,128,1107723,8654.086,0,0,0,0,20.398
decode,real,2837,13281538206002830254,0,0,0,0,128,128,1107851,8655.086,0,0,0,0,20.197
decode,real,2838,13281538206002830254,0,0,0,0,128,128,1107979,8656.086,0,0,0,0,20.186
decode,real,2839,13281538206002830254,0,0,0,0,128,128,1108107,8657.086,0,0,0,0,20.166
decode,real,2840,13281538206002830254,0,0,0,0,128,128,1108235,8658.086,0,0,0,0,20.202
decode,real,2841,13281538206002830254,0,0,0,0,128,128,1108363,8659.086,0,0,0,0,20.417
decode,real,2842,13281538206002830254,0,0,0,0,128,128,1108491,8660.086,0,0,0,0,20.175
decode,real,2843,13281538206002830254,0,0,0,0,128,128,1108619,8661.086,0,0,0,0,20.154
decode,real,2844,13281538206002830254,0,0,0,0,128,128,1108747,8662.086,0,0,0,0,20.164
decode,real,2845,13281538206002830254,0,0,0,0,128,128,1108875,8663.086,0,0,0,0,20.463
decode,real,2846,13281538206002830254,0,0,0,0,128,128,1109003,8664.086,0,0,0,0,20.186
decode,real,2847,13281538206002830254,0,0,0,0,128,128,1109131,8665.086,0,0,0,0,20.195
decode,real,2848,13281538206002830254,0,0,0,0,128,128,1109259,8666.086,0,0,0,0,20.255
decode,real,2849,13281538206002830254,0,0,0,0,128,128,1109387,8667.086,0,0,0,0,20.117
decode,real,2850,13281538206002830254,0,0,0,0,128,128,1109515,8668.086,0,0,0,0,20.439
decode,real,2851,13281538206002830254,0,0,0,0,128,128,1109643,8669.086,0,0,0,0,20.183
decode,real,2852,13281538206002830254,0,0,0,0,128,128,1109771,8670.086,0,0,0,0,20.211
decode,real,2853,13281538206002830254,0,0,0,0,128,128,1109899,8671.086,0,0,0,0,20.196
decode,real,2854,13281538206002830254,0,0,0,0,128,128,1110027,8672.086,0,0,0,0,20.173
decode,real,2855,13281538206002830254,0,0,0,0,128,128,1110155,8673.086,0,0,0,0,20.217
decode,real,2856,13281538206002830254,0,0,0,0,128,128,1110283,8674.086,0,0,0,0,20.209
decode,real,2857,13281538206002830254,0,0,0,0,128,128,1110411,8675.086,0,0,0,0,20.174
decode,real,2858,13281538206002830254,0,0,0,0,128,128,1110539,8676.086,0,0,0,0,20.214
decode,real,2859,13281538206002830254,0,0,0,0,128,128,1110667,8677.086,0,0,0,0,20.219
decode,real,2860,13281538206002830254,0,0,0,0,128,128,1110795,8678.086,0,0,0,0,20.198
decode,real,2861,13281538206002830254,0,0,0,0,128,128,1110923,8679.086,0,0,0,0,20.192
decode,real,2862,13281538206002830254,0,0,0,0,128,128,1111051,8680.086,0,0,0,0,20.230
decode,real,2863,13281538206002830254,0,0,0,0,128,128,1111179,8681.086,0,0,0,0,20.193
decode,real,2864,13281538206002830254,0,0,0,0,128,128,1111307,8682.086,0,0,0,0,20.198
decode,real,2865,13281538206002830254,0,0,0,0,128,128,1111435,8683.086,0,0,0,0,20.204
decode,real,2866,13281538206002830254,0,0,0,0,128,128,1111563,8684.086,0,0,0,0,20.222
decode,real,2867,13281538206002830254,0,0,0,0,128,128,1111691,8685.086,0,0,0,0,20.213
decode,real,2868,13281538206002830254,0,0,0,0,128,128,1111819,8686.086,0,0,0,0,20.252
decode,real,2869,13281538206002830254,0,0,0,0,128,128,1111947,8687.086,0,0,0,0,20.208
decode,real,2870,13281538206002830254,0,0,0,0,128,128,1112075,8688.086,0,0,0,0,20.207
decode,real,2871,13281538206002830254,0,0,0,0,128,128,1112203,8689.086,0,0,0,0,20.216
decode,real,2872,13281538206002830254,0,0,0,0,128,128,1112331,8690.086,0,0,0,0,20.234
decode,real,2873,13281538206002830254,0,0,0,0,128,128,1112459,8691.086,0,0,0,0,20.217
decode,real,2874,13281538206002830254,0,0,0,0,128,128,1112587,8692.086,0,0,0,0,20.242
decode,real,2875,13281538206002830254,0,0,0,0,128,128,1112715,8693.086,0,0,0,0,20.195
decode,real,2876,13281538206002830254,0,0,0,0,128,128,1112843,8694.086,0,0,0,0,20.211
decode,real,2877,13281538206002830254,0,0,0,0,128,128,1112971,8695.086,0,0,0,0,20.270
decode,real,2878,13281538206002830254,0,0,0,0,128,128,1113099,8696.086,0,0,0,0,20.470
decode,real,2879,13281538206002830254,0,0,0,0,128,128,1113227,8697.086,0,0,0,0,20.426
decode,real,2880,13281538206002830254,0,0,0,0,128,128,1113355,8698.086,0,0,0,0,20.319
decode,real,2881,13281538206002830254,0,0,0,0,128,128,1113483,8699.086,0,0,0,0,20.175
decode,real,2882,13281538206002830254,0,0,0,0,128,128,1113611,8700.086,0,0,0,0,20.291
decode,real,2883,13281538206002830254,0,0,0,0,128,128,1113739,8701.086,0,0,0,0,20.223
decode,real,2884,13281538206002830254,0,0,0,0,128,128,1113867,8702.086,0,0,0,0,20.249
decode,real,2885,13281538206002830254,0,0,0,0,128,128,1113995,8703.086,0,0,0,0,20.247
decode,real,2886,13281538206002830254,0,0,0,0,128,128,1114123,8704.086,0,0,0,0,20.224
decode,real,2887,13281538206002830254,0,0,0,0,128,128,1114251,8705.086,0,0,0,0,20.254
decode,real,2888,13281538206002830254,0,0,0,0,128,128,1114379,8706.086,0,0,0,0,20.244
decode,real,2889,13281538206002830254,0,0,0,0,128,128,1114507,8707.086,0,0,0,0,20.326
decode,real,2890,13281538206002830254,0,0,0,0,128,128,1114635,8708.086,0,0,0,0,20.240
decode,real,2891,13281538206002830254,0,0,0,0,128,128,1114763,8709.086,0,0,0,0,20.495
decode,real,2892,13281538206002830254,0,0,0,0,128,128,1114891,8710.086,0,0,0,0,20.498
decode,real,2893,13281538206002830254,0,0,0,0,128,128,1115019,8711.086,0,0,0,0,20.458
decode,real,2894,13281538206002830254,0,0,0,0,128,128,1115147,8712.086,0,0,0,0,20.275
decode,real,2895,13281538206002830254,0,0,0,0,128,128,1115275,8713.086,0,0,0,0,20.289
decode,real,2896,13281538206002830254,0,0,0,0,128,128,1115403,8714.086,0,0,0,0,20.286
decode,real,2897,13281538206002830254,0,0,0,0,128,128,1115531,8715.086,0,0,0,0,20.319
decode,real,2898,13281538206002830254,0,0,0,0,128,128,1115659,8716.086,0,0,0,0,20.292
decode,real,2899,13281538206002830254,0,0,0,0,128,128,1115787,8717.086,0,0,0,0,20.252
decode,real,2900,13281538206002830254,0,0,0,0,128,128,1115915,8718.086,0,0,0,0,20.281
decode,real,2901,13281538206002830254,0,0,0,0,128,128,1116043,8719.086,0,0,0,0,20.336
decode,real,2902,13281538206002830254,0,0,0,0,128,128,1116171,8720.086,0,0,0,0,20.282
decode,real,2903,13281538206002830254,0,0,0,0,128,128,1116299,8721.086,0,0,0,0,20.295
decode,real,2904,13281538206002830254,0,0,0,0,128,128,1116427,8722.086,0,0,0,0,20.480
decode,real,2905,13281538206002830254,0,0,0,0,128,128,1116555,8723.086,0,0,0,0,20.295
decode,real,2906,13281538206002830254,0,0,0,0,128,128,1116683,8724.086,0,0,0,0,20.322
decode,real,2907,13281538206002830254,0,0,0,0,128,128,1116811,8725.086,0,0,0,0,20.289
decode,real,2908,13281538206002830254,0,0,0,0,128,128,1116939,8726.086,0,0,0,0,20.298
decode,real,2909,13281538206002830254,0,0,0,0,128,128,1117067,8727.086,0,0,0,0,20.338
decode,real,2910,13281538206002830254,0,0,0,0,128,128,1117195,8728.086,0,0,0,0,20.295
decode,real,2911,13281538206002830254,0,0,0,0,128,128,1117323,8729.086,0,0,0,0,20.304
decode,real,2912,13281538206002830254,0,0,0,0,128,128,1117451,8730.086,0,0,0,0,20.486
decode,real,2913,13281538206002830254,0,0,0,0,128,128,1117579,8731.086,0,0,0,0,20.315
decode,real,2914,13281538206002830254,0,0,0,0,128,128,1117707,8732.086,0,0,0,0,20.307
decode,real,2915,13281538206002830254,0,0,0,0,128,128,1117835,8733.086,0,0,0,0,20.310
decode,real,2916,13281538206002830254,0,0,0,0,128,128,1117963,8734.086,0,0,0,0,20.335
decode,real,2917,13281538206002830254,0,0,0,0,128,128,1118091,8735.086,0,0,0,0,20.288
decode,real,2918,13281538206002830254,0,0,0,0,128,128,1118219,8736.086,0,0,0,0,20.336
decode,real,2919,13281538206002830254,0,0,0,0,128,128,1118347,8737.086,0,0,0,0,20.303
decode,real,2920,13281538206002830254,0,0,0,0,128,128,1118475,8738.086,0,0,0,0,20.549
decode,real,2921,13281538206002830254,0,0,0,0,128,128,1118603,8739.086,0,0,0,0,20.316
decode,real,2922,13281538206002830254,0,0,0,0,128,128,1118731,8740.086,0,0,0,0,20.503
decode,real,2923,13281538206002830254,0,0,0,0,128,128,1118859,8741.086,0,0,0,0,20.523
decode,real,2924,13281538206002830254,0,0,0,0,128,128,1118987,8742.086,0,0,0,0,20.374
decode,real,2925,13281538206002830254,0,0,0,0,128,128,1119115,8743.086,0,0,0,0,20.262
decode,real,2926,13281538206002830254,0,0,0,0,128,128,1119243,8744.086,0,0,0,0,20.360
decode,real,2927,13281538206002830254,0,0,0,0,128,128,1119371,8745.086,0,0,0,0,20.309
decode,real,2928,13281538206002830254,0,0,0,0,128,128,1119499,8746.086,0,0,0,0,20.348
decode,real,2929,13281538206002830254,0,0,0,0,128,128,1119627,8747.086,0,0,0,0,20.420
decode,real,2930,13281538206002830254,0,0,0,0,128,128,1119755,8748.086,0,0,0,0,20.317
decode,real,2931,13281538206002830254,0,0,0,0,128,128,1119883,8749.086,0,0,0,0,20.225
decode,real,2932,13281538206002830254,0,0,0,0,128,128,1120011,8750.086,0,0,0,0,20.349
decode,real,2933,13281538206002830254,0,0,0,0,128,128,1120139,8751.086,0,0,0,0,20.332
decode,real,2934,13281538206002830254,0,0,0,0,128,128,1120267,8752.086,0,0,0,0,20.292
decode,real,2935,13281538206002830254,0,0,0,0,128,128,1120395,8753.086,0,0,0,0,20.391
decode,real,2936,13281538206002830254,0,0,0,0,128,128,1120523,8754.086,0,0,0,0,20.507
decode,real,2937,13281538206002830254,0,0,0,0,128,128,1120651,8755.086,0,0,0,0,20.338
decode,real,2938,13281538206002830254,0,0,0,0,128,128,1120779,8756.086,0,0,0,0,20.316
decode,real,2939,13281538206002830254,0,0,0,0,128,128,1120907,8757.086,0,0,0,0,20.329
decode,real,2940,13281538206002830254,0,0,0,0,128,128,1121035,8758.086,0,0,0,0,20.343
decode,real,2941,13281538206002830254,0,0,0,0,128,128,1121163,8759.086,0,0,0,0,20.355
decode,real,2942,13281538206002830254,0,0,0,0,128,128,1121291,8760.086,0,0,0,0,20.326
decode,real,2943,13281538206002830254,0,0,0,0,128,128,1121419,8761.086,0,0,0,0,20.317
decode,real,2944,13281538206002830254,0,0,0,0,128,128,1121547,8762.086,0,0,0,0,20.338
decode,real,2945,13281538206002830254,0,0,0,0,128,128,1121675,8763.086,0,0,0,0,20.336
decode,real,2946,13281538206002830254,0,0,0,0,128,128,1121803,8764.086,0,0,0,0,20.338
decode,real,2947,13281538206002830254,0,0,0,0,128,128,1121931,8765.086,0,0,0,0,20.519
decode,real,2948,13281538206002830254,0,0,0,0,128,128,1122059,8766.086,0,0,0,0,20.343
decode,real,2949,13281538206002830254,0,0,0,0,128,128,1122187,8767.086,0,0,0,0,20.563
decode,real,2950,13281538206002830254,0,0,0,0,128,128,1122315,8768.086,0,0,0,0,20.587
decode,real,2951,13281538206002830254,0,0,0,0,128,128,1122443,8769.086,0,0,0,0,20.613
decode,real,2952,13281538206002830254,0,0,0,0,128,128,1122571,8770.086,0,0,0,0,20.275
decode,real,2953,13281538206002830254,0,0,0,0,128,128,1122699,8771.086,0,0,0,0,20.577
decode,real,2954,13281538206002830254,0,0,0,0,128,128,1122827,8772.086,0,0,0,0,20.355
decode,real,2955,13281538206002830254,0,0,0,0,128,128,1122955,8773.086,0,0,0,0,20.335
decode,real,2956,13281538206002830254,0,0,0,0,128,128,1123083,8774.086,0,0,0,0,20.347
decode,real,2957,13281538206002830254,0,0,0,0,128,128,1123211,8775.086,0,0,0,0,20.348
decode,real,2958,13281538206002830254,0,0,0,0,128,128,1123339,8776.086,0,0,0,0,20.376
decode,real,2959,13281538206002830254,0,0,0,0,128,128,1123467,8777.086,0,0,0,0,20.313
decode,real,2960,13281538206002830254,0,0,0,0,128,128,1123595,8778.086,0,0,0,0,20.357
decode,real,2961,13281538206002830254,0,0,0,0,128,128,1123723,8779.086,0,0,0,0,20.401
decode,real,2962,13281538206002830254,0,0,0,0,128,128,1123851,8780.086,0,0,0,0,20.353
decode,real,2963,13281538206002830254,0,0,0,0,128,128,1123979,8781.086,0,0,0,0,20.323
decode,real,2964,13281538206002830254,0,0,0,0,128,128,1124107,8782.086,0,0,0,0,20.361
decode,real,2965,13281538206002830254,0,0,0,0,128,128,1124235,8783.086,0,0,0,0,20.368
decode,real,2966,13281538206002830254,0,0,0,0,128,128,1124363,8784.086,0,0,0,0,20.359
decode,real,2967,13281538206002830254,0,0,0,0,128,128,1124491,8785.086,0,0,0,0,20.371
decode,real,2968,13281538206002830254,0,0,0,0,128,128,1124619,8786.086,0,0,0,0,20.580
decode,real,2969,13281538206002830254,0,0,0,0,128,128,1124747,8787.086,0,0,0,0,20.387
decode,real,2970,13281538206002830254,0,0,0,0,128,128,1124875,8788.086,0,0,0,0,20.320
decode,real,2971,13281538206002830254,0,0,0,0,128,128,1125003,8789.086,0,0,0,0,20.383
decode,real,2972,13281538206002830254,0,0,0,0,128,128,1125131,8790.086,0,0,0,0,20.411
decode,real,2973,13281538206002830254,0,0,0,0,128,128,1125259,8791.086,0,0,0,0,20.336
decode,real,2974,13281538206002830254,0,0,0,0,128,128,1125387,8792.086,0,0,0,0,20.414
decode,real,2975,13281538206002830254,0,0,0,0,128,128,1125515,8793.086,0,0,0,0,20.342
decode,real,2976,13281538206002830254,0,0,0,0,128,128,1125643,8794.086,0,0,0,0,20.325
decode,real,2977,13281538206002830254,0,0,0,0,128,128,1125771,8795.086,0,0,0,0,20.437
decode,real,2978,13281538206002830254,0,0,0,0,128,128,1125899,8796.086,0,0,0,0,20.364
decode,real,2979,13281538206002830254,0,0,0,0,128,128,1126027,8797.086,0,0,0,0,20.393
decode,real,2980,13281538206002830254,0,0,0,0,128,128,1126155,8798.086,0,0,0,0,20.354
decode,real,2981,13281538206002830254,0,0,0,0,128,128,1126283,8799.086,0,0,0,0,20.398
decode,real,2982,13281538206002830254,0,0,0,0,128,128,1126411,8800.086,0,0,0,0,20.414
decode,real,2983,13281538206002830254,0,0,0,0,128,128,1126539,8801.086,0,0,0,0,20.427
decode,real,2984,13281538206002830254,0,0,0,0,128,128,1126667,8802.086,0,0,0,0,20.559
decode,real,2985,13281538206002830254,0,0,0,0,128,128,1126795,8803.086,0,0,0,0,20.610
decode,real,2986,13281538206002830254,0,0,0,0,128,128,1126923,8804.086,0,0,0,0,20.412
decode,real,2987,13281538206002830254,0,0,0,0,128,128,1127051,8805.086,0,0,0,0,20.526
decode,real,2988,13281538206002830254,0,0,0,0,128,128,1127179,8806.086,0,0,0,0,20.577
decode,real,2989,13281538206002830254,0,0,0,0,128,128,1127307,8807.086,0,0,0,0,20.355
decode,real,2990,13281538206002830254,0,0,0,0,128,128,1127435,8808.086,0,0,0,0,20.456
decode,real,2991,13281538206002830254,0,0,0,0,128,128,1127563,8809.086,0,0,0,0,20.374
decode,real,2992,13281538206002830254,0,0,0,0,128,128,1127691,8810.086,0,0,0,0,20.412
decode,real,2993,13281538206002830254,0,0,0,0,128,128,1127819,8811.086,0,0,0,0,20.387
decode,real,2994,13281538206002830254,0,0,0,0,128,128,1127947,8812.086,0,0,0,0,20.365
decode,real,2995,13281538206002830254,0,0,0,0,128,128,1128075,8813.086,0,0,0,0,20.400
decode,real,2996,13281538206002830254,0,0,0,0,128,128,1128203,8814.086,0,0,0,0,20.381
decode,real,2997,13281538206002830254,0,0,0,0,128,128,1128331,8815.086,0,0,0,0,20.391
decode,real,2998,13281538206002830254,0,0,0,0,128,128,1128459,8816.086,0,0,0,0,20.588
decode,real,2999,13281538206002830254,0,0,0,0,128,128,1128587,8817.086,0,0,0,0,20.394
decode,real,3000,13281538206002830254,0,0,0,0,128,128,1128715,8818.086,0,0,0,0,20.628
decode,real,3001,13281538206002830254,0,0,0,0,128,128,1128843,8819.086,0,0,0,0,20.384
decode,real,3002,13281538206002830254,0,0,0,0,128,128,1128971,8820.086,0,0,0,0,20.639
decode,real,3003,13281538206002830254,0,0,0,0,128,128,1129099,8821.086,0,0,0,0,20.359
decode,real,3004,13281538206002830254,0,0,0,0,128,128,1129227,8822.086,0,0,0,0,20.453
decode,real,3005,13281538206002830254,0,0,0,0,128,128,1129355,8823.086,0,0,0,0,20.423
decode,real,3006,13281538206002830254,0,0,0,0,128,128,1129483,8824.086,0,0,0,0,20.405
decode,real,3007,13281538206002830254,0,0,0,0,128,128,1129611,8825.086,0,0,0,0,20.405
decode,real,3008,13281538206002830254,0,0,0,0,128,128,1129739,8826.086,0,0,0,0,20.427
decode,real,3009,13281538206002830254,0,0,0,0,128,128,1129867,8827.086,0,0,0,0,20.434
decode,real,3010,13281538206002830254,0,0,0,0,128,128,1129995,8828.086,0,0,0,0,20.458
decode,real,3011,13281538206002830254,0,0,0,0,128,128,1130123,8829.086,0,0,0,0,20.424
decode,real,3012,13281538206002830254,0,0,0,0,128,128,1130251,8830.086,0,0,0,0,20.418
decode,real,3013,13281538206002830254,0,0,0,0,128,128,1130379,8831.086,0,0,0,0,20.478
decode,real,3014,13281538206002830254,0,0,0,0,128,128,1130507,8832.086,0,0,0,0,20.399
decode,real,3015,13281538206002830254,0,0,0,0,128,128,1130635,8833.086,0,0,0,0,20.454
decode,real,3016,13281538206002830254,0,0,0,0,128,128,1130763,8834.086,0,0,0,0,20.452
decode,real,3017,13281538206002830254,0,0,0,0,128,128,1130891,8835.086,0,0,0,0,20.427
decode,real,3018,13281538206002830254,0,0,0,0,128,128,1131019,8836.086,0,0,0,0,20.466
decode,real,3019,13281538206002830254,0,0,0,0,128,128,1131147,8837.086,0,0,0,0,20.449
decode,real,3020,13281538206002830254,0,0,0,0,128,128,1131275,8838.086,0,0,0,0,20.432
decode,real,3021,13281538206002830254,0,0,0,0,128,128,1131403,8839.086,0,0,0,0,20.466
decode,real,3022,13281538206002830254,0,0,0,0,128,128,1131531,8840.086,0,0,0,0,20.503
decode,real,3023,13281538206002830254,0,0,0,0,128,128,1131659,8841.086,0,0,0,0,20.437
decode,real,3024,13281538206002830254,0,0,0,0,128,128,1131787,8842.086,0,0,0,0,20.484
decode,real,3025,13281538206002830254,0,0,0,0,128,128,1131915,8843.086,0,0,0,0,20.430
decode,real,3026,13281538206002830254,0,0,0,0,128,128,1132043,8844.086,0,0,0,0,20.472
decode,real,3027,13281538206002830254,0,0,0,0,128,128,1132171,8845.086,0,0,0,0,20.484
decode,real,3028,13281538206002830254,0,0,0,0,128,128,1132299,8846.086,0,0,0,0,20.660
decode,real,3029,13281538206002830254,0,0,0,0,128,128,1132427,8847.086,0,0,0,0,20.441
decode,real,3030,13281538206002830254,0,0,0,0,128,128,1132555,8848.086,0,0,0,0,20.528
decode,real,3031,13281538206002830254,0,0,0,0,128,128,1132683,8849.086,0,0,0,0,20.470
decode,real,3032,13281538206002830254,0,0,0,0,128,128,1132811,8850.086,0,0,0,0,20.482
decode,real,3033,13281538206002830254,0,0,0,0,128,128,1132939,8851.086,0,0,0,0,20.447
decode,real,3034,13281538206002830254,0,0,0,0,128,128,1133067,8852.086,0,0,0,0,20.721
decode,real,3035,13281538206002830254,0,0,0,0,128,128,1133195,8853.086,0,0,0,0,20.490
decode,real,3036,13281538206002830254,0,0,0,0,128,128,1133323,8854.086,0,0,0,0,20.515
decode,real,3037,13281538206002830254,0,0,0,0,128,128,1133451,8855.086,0,0,0,0,20.635
decode,real,3038,13281538206002830254,0,0,0,0,128,128,1133579,8856.086,0,0,0,0,20.496
decode,real,3039,13281538206002830254,0,0,0,0,128,128,1133707,8857.086,0,0,0,0,20.494
decode,real,3040,13281538206002830254,0,0,0,0,128,128,1133835,8858.086,0,0,0,0,20.661
decode,real,3041,13281538206002830254,0,0,0,0,128,128,1133963,8859.086,0,0,0,0,20.523
decode,real,3042,13281538206002830254,0,0,0,0,128,128,1134091,8860.086,0,0,0,0,20.464
decode,real,3043,13281538206002830254,0,0,0,0,128,128,1134219,8861.086,0,0,0,0,20.522
decode,real,3044,13281538206002830254,0,0,0,0,128,128,1134347,8862.086,0,0,0,0,20.463
decode,real,3045,13281538206002830254,0,0,0,0,128,128,1134475,8863.086,0,0,0,0,20.718
decode,real,3046,13281538206002830254,0,0,0,0,128,128,1134603,8864.086,0,0,0,0,20.460
decode,real,3047,13281538206002830254,0,0,0,0,128,128,1134731,8865.086,0,0,0,0,20.541
decode,real,3048,13281538206002830254,0,0,0,0,128,128,1134859,8866.086,0,0,0,0,20.459
decode,real,3049,13281538206002830254,0,0,0,0,128,128,1134987,8867.086,0,0,0,0,20.512
decode,real,3050,13281538206002830254,0,0,0,0,128,128,1135115,8868.086,0,0,0,0,20.504
decode,real,3051,13281538206002830254,0,0,0,0,128,128,1135243,8869.086,0,0,0,0,20.516
decode,real,3052,13281538206002830254,0,0,0,0,128,128,1135371,8870.086,0,0,0,0,20.473
decode,real,3053,13281538206002830254,0,0,0,0,128,128,1135499,8871.086,0,0,0,0,20.508
decode,real,3054,13281538206002830254,0,0,0,0,128,128,1135627,8872.086,0,0,0,0,20.737
decode,real,3055,13281538206002830254,0,0,0,0,128,128,1135755,8873.086,0,0,0,0,20.642
decode,real,3056,13281538206002830254,0,0,0,0,128,128,1135883,8874.086,0,0,0,0,20.520
decode,real,3057,13281538206002830254,0,0,0,0,128,128,1136011,8875.086,0,0,0,0,20.486
decode,real,3058,13281538206002830254,0,0,0,0,128,128,1136139,8876.086,0,0,0,0,20.496
decode,real,3059,13281538206002830254,0,0,0,0,128,128,1136267,8877.086,0,0,0,0,20.515
decode,real,3060,13281538206002830254,0,0,0,0,128,128,1136395,8878.086,0,0,0,0,20.494
decode,real,3061,13281538206002830254,0,0,0,0,128,128,1136523,8879.086,0,0,0,0,20.503
decode,real,3062,13281538206002830254,0,0,0,0,128,128,1136651,8880.086,0,0,0,0,20.477
decode,real,3063,13281538206002830254,0,0,0,0,128,128,1136779,8881.086,0,0,0,0,20.715
decode,real,3064,13281538206002830254,0,0,0,0,128,128,1136907,8882.086,0,0,0,0,20.473
decode,real,3065,13281538206002830254,0,0,0,0,128,128,1137035,8883.086,0,0,0,0,20.779
decode,real,3066,13281538206002830254,0,0,0,0,128,128,1137163,8884.086,0,0,0,0,20.493
decode,real,3067,13281538206002830254,0,0,0,0,128,128,1137291,8885.086,0,0,0,0,20.513
decode,real,3068,13281538206002830254,0,0,0,0,128,128,1137419,8886.086,0,0,0,0,20.508
decode,real,3069,13281538206002830254,0,0,0,0,128,128,1137547,8887.086,0,0,0,0,20.538
decode,real,3070,13281538206002830254,0,0,0,0,128,128,1137675,8888.086,0,0,0,0,20.488
decode,real,3071,13281538206002830254,0,0,0,0,128,128,1137803,8889.086,0,0,0,0,20.531
decode,real,3072,13281538206002830254,0,0,0,0,128,128,1137931,8890.086,0,0,0,0,20.498
decode,real,3073,13281538206002830254,0,0,0,0,128,128,1138059,8891.086,0,0,0,0,20.652
decode,real,3074,13281538206002830254,0,0,0,0,128,128,1138187,8892.086,0,0,0,0,20.562
decode,real,3075,13281538206002830254,0,0,0,0,128,128,1138315,8893.086,0,0,0,0,20.446
decode,real,3076,13281538206002830254,0,0,0,0,128,128,1138443,8894.086,0,0,0,0,20.627
decode,real,3077,13281538206002830254,0,0,0,0,128,128,1138571,8895.086,0,0,0,0,20.570
decode,real,3078,13281538206002830254,0,0,0,0,128,128,1138699,8896.086,0,0,0,0,20.484
decode,real,3079,13281538206002830254,0,0,0,0,128,128,1138827,8897.086,0,0,0,0,20.523
decode,real,3080,13281538206002830254,0,0,0,0,128,128,1138955,8898.086,0,0,0,0,20.556
decode,real,3081,13281538206002830254,0,0,0,0,128,128,1139083,8899.086,0,0,0,0,20.481
decode,real,3082,13281538206002830254,0,0,0,0,128,128,1139211,8900.086,0,0,0,0,20.508
decode,real,3083,13281538206002830254,0,0,0,0,128,128,1139339,8901.086,0,0,0,0,20.549
decode,real,3084,13281538206002830254,0,0,0,0,128,128,1139467,8902.086,0,0,0,0,20.753
decode,real,3085,13281538206002830254,0,0,0,0,128,128,1139595,8903.086,0,0,0,0,20.541
decode,real,3086,13281538206002830254,0,0,0,0,128,128,1139723,8904.086,0,0,0,0,20.540
decode,real,3087,13281538206002830254,0,0,0,0,128,128,1139851,8905.086,0,0,0,0,20.516
decode,real,3088,13281538206002830254,0,0,0,0,128,128,1139979,8906.086,0,0,0,0,20.543
decode,real,3089,13281538206002830254,0,0,0,0,128,128,1140107,8907.086,0,0,0,0,20.575
decode,real,3090,13281538206002830254,0,0,0,0,128,128,1140235,8908.086,0,0,0,0,20.703
decode,real,3091,13281538206002830254,0,0,0,0,128,128,1140363,8909.086,0,0,0,0,20.533
decode,real,3092,13281538206002830254,0,0,0,0,128,128,1140491,8910.086,0,0,0,0,20.505
decode,real,3093,13281538206002830254,0,0,0,0,128,128,1140619,8911.086,0,0,0,0,20.549
decode,real,3094,13281538206002830254,0,0,0,0,128,128,1140747,8912.086,0,0,0,0,20.759
decode,real,3095,13281538206002830254,0,0,0,0,128,128,1140875,8913.086,0,0,0,0,20.536
decode,real,3096,13281538206002830254,0,0,0,0,128,128,1141003,8914.086,0,0,0,0,20.763
decode,real,3097,13281538206002830254,0,0,0,0,128,128,1141131,8915.086,0,0,0,0,20.761
decode,real,3098,13281538206002830254,0,0,0,0,128,128,1141259,8916.086,0,0,0,0,20.516
decode,real,3099,13281538206002830254,0,0,0,0,128,128,1141387,8917.086,0,0,0,0,20.537
decode,real,3100,13281538206002830254,0,0,0,0,128,128,1141515,8918.086,0,0,0,0,20.579
decode,real,3101,13281538206002830254,0,0,0,0,128,128,1141643,8919.086,0,0,0,0,20.541
decode,real,3102,13281538206002830254,0,0,0,0,128,128,1141771,8920.086,0,0,0,0,20.534
decode,real,3103,13281538206002830254,0,0,0,0,128,128,1141899,8921.086,0,0,0,0,20.511
decode,real,3104,13281538206002830254,0,0,0,0,128,128,1142027,8922.086,0,0,0,0,20.575
decode,real,3105,13281538206002830254,0,0,0,0,128,128,1142155,8923.086,0,0,0,0,20.532
decode,real,3106,13281538206002830254,0,0,0,0,128,128,1142283,8924.086,0,0,0,0,20.625
decode,real,3107,13281538206002830254,0,0,0,0,128,128,1142411,8925.086,0,0,0,0,20.701
decode,real,3108,13281538206002830254,0,0,0,0,128,128,1142539,8926.086,0,0,0,0,20.577
decode,real,3109,13281538206002830254,0,0,0,0,128,128,1142667,8927.086,0,0,0,0,20.788
decode,real,3110,13281538206002830254,0,0,0,0,128,128,1142795,8928.086,0,0,0,0,20.744
decode,real,3111,13281538206002830254,0,0,0,0,128,128,1142923,8929.086,0,0,0,0,20.584
decode,real,3112,13281538206002830254,0,0,0,0,128,128,1143051,8930.086,0,0,0,0,20.528
decode,real,3113,13281538206002830254,0,0,0,0,128,128,1143179,8931.086,0,0,0,0,20.802
decode,real,3114,13281538206002830254,0,0,0,0,128,128,1143307,8932.086,0,0,0,0,20.541
decode,real,3115,13281538206002830254,0,0,0,0,128,128,1143435,8933.086,0,0,0,0,20.556
decode,real,3116,13281538206002830254,0,0,0,0,128,128,1143563,8934.086,0,0,0,0,20.536
decode,real,3117,13281538206002830254,0,0,0,0,128,128,1143691,8935.086,0,0,0,0,20.617
decode,real,3118,13281538206002830254,0,0,0,0,128,128,1143819,8936.086,0,0,0,0,20.747
decode,real,3119,13281538206002830254,0,0,0,0,128,128,1143947,8937.086,0,0,0,0,20.626
decode,real,3120,13281538206002830254,0,0,0,0,128,128,1144075,8938.086,0,0,0,0,20.534
decode,real,3121,13281538206002830254,0,0,0,0,128,128,1144203,8939.086,0,0,0,0,20.815
decode,real,3122,13281538206002830254,0,0,0,0,128,128,1144331,8940.086,0,0,0,0,20.589
decode,real,3123,13281538206002830254,0,0,0,0,128,128,1144459,8941.086,0,0,0,0,20.524
decode,real,3124,13281538206002830254,0,0,0,0,128,128,1144587,8942.086,0,0,0,0,20.584
decode,real,3125,13281538206002830254,0,0,0,0,128,128,1144715,8943.086,0,0,0,0,20.965
decode,real,3126,13281538206002830254,0,0,0,0,127,127,1135628,8941.953,0,0,0,0,20.337
decode,real,3127,13281538206002830254,0,0,0,0,127,127,1135755,8942.953,0,0,0,0,20.514
decode,real,3128,13281538206002830254,0,0,0,0,127,127,1135882,8943.953,0,0,0,0,20.513
decode,real,3129,13281538206002830254,0,0,0,0,127,127,1136009,8944.953,0,0,0,0,20.499
decode,real,3130,13281538206002830254,0,0,0,0,127,127,1136136,8945.953,0,0,0,0,21.132
decode,real,3131,13281538206002830254,0,0,0,0,126,126,1127048,8944.825,0,0,0,0,20.094
decode,real,3132,13281538206002830254,0,0,0,0,126,126,1127174,8945.825,0,0,0,0,20.484
decode,real,3133,13281538206002830254,0,0,0,0,126,126,1127300,8946.825,0,0,0,0,20.422
decode,real,3134,13281538206002830254,0,0,0,0,126,126,1127426,8947.825,0,0,0,0,20.758
decode,real,3135,13281538206002830254,0,0,0,0,125,125,1118337,8946.696,0,0,0,0,20.134
decode,real,3136,13281538206002830254,0,0,0,0,125,125,1118462,8947.696,0,0,0,0,20.399
decode,real,3137,13281538206002830254,0,0,0,0,125,125,1118587,8948.696,0,0,0,0,20.384
decode,real,3138,13281538206002830254,0,0,0,0,125,125,1118712,8949.696,0,0,0,0,21.008
decode,real,3139,13281538206002830254,0,0,0,0,124,124,1109622,8948.565,0,0,0,0,20.245
decode,real,3140,13281538206002830254,0,0,0,0,124,124,1109746,8949.565,0,0,0,0,20.549
decode,real,3141,13281538206002830254,0,0,0,0,124,124,1109870,8950.565,0,0,0,0,20.554
decode,real,3142,13281538206002830254,0,0,0,0,124,124,1109994,8951.565,0,0,0,0,20.564
decode,real,3143,13281538206002830254,0,0,0,0,124,124,1110118,8952.565,0,0,0,0,20.940
decode,real,3144,13281538206002830254,0,0,0,0,123,123,1101027,8951.439,0,0,0,0,20.027
decode,real,3145,13281538206002830254,0,0,0,0,123,123,1101150,8952.439,0,0,0,0,20.274
decode,real,3146,13281538206002830254,0,0,0,0,123,123,1101273,8953.439,0,0,0,0,20.284
decode,real,3147,13281538206002830254,0,0,0,0,123,123,1101396,8954.439,0,0,0,0,20.620
decode,real,3148,13281538206002830254,0,0,0,0,122,122,1092304,8953.311,0,0,0,0,20.002
decode,real,3149,13281538206002830254,0,0,0,0,122,122,1092426,8954.311,0,0,0,0,20.219
decode,real,3150,13281538206002830254,0,0,0,0,122,122,1092548,8955.311,0,0,0,0,20.262
decode,real,3151,13281538206002830254,0,0,0,0,122,122,1092670,8956.311,0,0,0,0,20.574
decode,real,3152,13281538206002830254,0,0,0,0,121,121,1083577,8955.182,0,0,0,0,19.890
decode,real,3153,13281538206002830254,0,0,0,0,121,121,1083698,8956.182,0,0,0,0,20.413
decode,real,3154,13281538206002830254,0,0,0,0,121,121,1083819,8957.182,0,0,0,0,20.174
decode,real,3155,13281538206002830254,0,0,0,0,121,121,1083940,8958.182,0,0,0,0,20.566
decode,real,3156,13281538206002830254,0,0,0,0,120,120,1074846,8957.050,0,0,0,0,21.017
decode,real,3157,13281538206002830254,0,0,0,0,120,120,1074966,8958.050,0,0,0,0,21.294
decode,real,3158,13281538206002830254,0,0,0,0,120,120,1075086,8959.050,0,0,0,0,21.306
decode,real,3159,13281538206002830254,0,0,0,0,120,120,1075206,8960.050,0,0,0,0,21.320
decode,real,3160,13281538206002830254,0,0,0,0,120,120,1075326,8961.050,0,0,0,0,21.608
decode,real,3161,13281538206002830254,0,0,0,0,119,119,1066231,8959.924,0,0,0,0,20.709
decode,real,3162,13281538206002830254,0,0,0,0,119,119,1066350,8960.924,0,0,0,0,20.963
decode,real,3163,13281538206002830254,0,0,0,0,119,119,1066469,8961.924,0,0,0,0,21.074
decode,real,3164,13281538206002830254,0,0,0,0,119,119,1066588,8962.924,0,0,0,0,21.271
decode,real,3165,13281538206002830254,0,0,0,0,118,118,1057492,8961.797,0,0,0,0,20.640
decode,real,3166,13281538206002830254,0,0,0,0,118,118,1057610,8962.797,0,0,0,0,20.756
decode,real,3167,13281538206002830254,0,0,0,0,118,118,1057728,8963.797,0,0,0,0,20.889
decode,real,3168,13281538206002830254,0,0,0,0,118,118,1057846,8964.797,0,0,0,0,21.317
decode,real,3169,13281538206002830254,0,0,0,0,117,117,1048749,8963.667,0,0,0,0,21.046
decode,real,3170,13281538206002830254,0,0,0,0,117,117,1048866,8964.667,0,0,0,0,21.250
decode,real,3171,13281538206002830254,0,0,0,0,117,117,1048983,8965.667,0,0,0,0,21.397
decode,real,3172,13281538206002830254,0,0,0,0,117,117,1049100,8966.667,0,0,0,0,21.682
decode,real,3173,13281538206002830254,0,0,0,0,116,116,1040002,8965.534,0,0,0,0,20.957
decode,real,3174,13281538206002830254,0,0,0,0,116,116,1040118,8966.534,0,0,0,0,21.321
decode,real,3175,13281538206002830254,0,0,0,0,116,116,1040234,8967.534,0,0,0,0,21.313
decode,real,3176,13281538206002830254,0,0,0,0,116,116,1040350,8968.534,0,0,0,0,21.364
decode,real,3177,13281538206002830254,0,0,0,0,116,116,1040466,8969.534,0,0,0,0,21.658
decode,real,3178,13281538206002830254,0,0,0,0,115,115,1031367,8968.409,0,0,0,0,19.108
decode,real,3179,13281538206002830254,0,0,0,0,115,115,1031482,8969.409,0,0,0,0,19.327
decode,real,3180,13281538206002830254,0,0,0,0,115,115,1031597,8970.409,0,0,0,0,19.386
decode,real,3181,13281538206002830254,0,0,0,0,115,115,1031712,8971.409,0,0,0,0,19.681
decode,real,3182,13281538206002830254,0,0,0,0,114,114,1022612,8970.281,0,0,0,0,18.972
decode,real,3183,13281538206002830254,0,0,0,0,114,114,1022726,8971.281,0,0,0,0,19.254
decode,real,3184,13281538206002830254,0,0,0,0,114,114,1022840,8972.281,0,0,0,0,19.220
decode,real,3185,13281538206002830254,0,0,0,0,114,114,1022954,8973.281,0,0,0,0,19.566
decode,real,3186,13281538206002830254,0,0,0,0,113,113,1013853,8972.150,0,0,0,0,18.962
decode,real,3187,13281538206002830254,0,0,0,0,113,113,1013966,8973.150,0,0,0,0,19.130
decode,real,3188,13281538206002830254,0,0,0,0,113,113,1014079,8974.150,0,0,0,0,19.163
decode,real,3189,13281538206002830254,0,0,0,0,113,113,1014192,8975.150,0,0,0,0,19.520
decode,real,3190,13281538206002830254,0,0,0,0,112,112,1005090,8974.018,0,0,0,0,18.730
decode,real,3191,13281538206002830254,0,0,0,0,112,112,1005202,8975.018,0,0,0,0,18.969
decode,real,3192,13281538206002830254,0,0,0,0,112,112,1005314,8976.018,0,0,0,0,19.000
decode,real,3193,13281538206002830254,0,0,0,0,112,112,1005426,8977.018,0,0,0,0,19.026
decode,real,3194,13281538206002830254,0,0,0,0,112,112,1005538,8978.018,0,0,0,0,19.282
decode,real,3195,13281538206002830254,0,0,0,0,111,111,996435,8976.892,0,0,0,0,18.614
decode,real,3196,13281538206002830254,0,0,0,0,111,111,996546,8977.892,0,0,0,0,18.898
decode,real,3197,13281538206002830254,0,0,0,0,111,111,996657,8978.892,0,0,0,0,18.951
decode,real,3198,13281538206002830254,0,0,0,0,111,111,996768,8979.892,0,0,0,0,19.220
decode,real,3199,13281538206002830254,0,0,0,0,110,110,987664,8978.764,0,0,0,0,18.495
decode,real,3200,13281538206002830254,0,0,0,0,110,110,987774,8979.764,0,0,0,0,18.768
decode,real,3201,13281538206002830254,0,0,0,0,110,110,987884,8980.764,0,0,0,0,18.875
decode,real,3202,13281538206002830254,0,0,0,0,110,110,987994,8981.764,0,0,0,0,19.137
decode,real,3203,13281538206002830254,0,0,0,0,109,109,978889,8980.633,0,0,0,0,18.441
decode,real,3204,13281538206002830254,0,0,0,0,109,109,978998,8981.633,0,0,0,0,18.712
decode,real,3205,13281538206002830254,0,0,0,0,109,109,979107,8982.633,0,0,0,0,18.791
decode,real,3206,13281538206002830254,0,0,0,0,109,109,979216,8983.633,0,0,0,0,19.062
decode,real,3207,13281538206002830254,0,0,0,0,108,108,970110,8982.500,0,0,0,0,18.454
decode,real,3208,13281538206002830254,0,0,0,0,108,108,970218,8983.500,0,0,0,0,18.680
decode,real,3209,13281538206002830254,0,0,0,0,108,108,970326,8984.500,0,0,0,0,18.743
decode,real,3210,13281538206002830254,0,0,0,0,108,108,970434,8985.500,0,0,0,0,18.732
decode,real,3211,13281538206002830254,0,0,0,0,108,108,970542,8986.500,0,0,0,0,19.028
decode,real,3212,13281538206002830254,0,0,0,0,107,107,961435,8985.374,0,0,0,0,18.414
decode,real,3213,13281538206002830254,0,0,0,0,107,107,961542,8986.374,0,0,0,0,18.727
decode,real,3214,13281538206002830254,0,0,0,0,107,107,961649,8987.374,0,0,0,0,18.769
decode,real,3215,13281538206002830254,0,0,0,0,107,107,961756,8988.374,0,0,0,0,19.009
decode,real,3216,13281538206002830254,0,0,0,0,106,106,952648,8987.245,0,0,0,0,18.429
decode,real,3217,13281538206002830254,0,0,0,0,106,106,952754,8988.245,0,0,0,0,18.685
decode,real,3218,13281538206002830254,0,0,0,0,106,106,952860,8989.245,0,0,0,0,18.679
decode,real,3219,13281538206002830254,0,0,0,0,106,106,952966,8990.245,0,0,0,0,19.024
decode,real,3220,13281538206002830254,0,0,0,0,105,105,943857,8989.114,0,0,0,0,18.377
decode,real,3221,13281538206002830254,0,0,0,0,105,105,943962,8990.114,0,0,0,0,18.670
decode,real,3222,13281538206002830254,0,0,0,0,105,105,944067,8991.114,0,0,0,0,18.678
decode,real,3223,13281538206002830254,0,0,0,0,105,105,944172,8992.114,0,0,0,0,18.663
decode,real,3224,13281538206002830254,0,0,0,0,105,105,944277,8993.114,0,0,0,0,19.066
decode,real,3225,13281538206002830254,0,0,0,0,104,104,935167,8991.990,0,0,0,0,18.302
decode,real,3226,13281538206002830254,0,0,0,0,104,104,935271,8992.990,0,0,0,0,18.586
decode,real,3227,13281538206002830254,0,0,0,0,104,104,935375,8993.990,0,0,0,0,18.623
decode,real,3228,13281538206002830254,0,0,0,0,104,104,935479,8994.990,0,0,0,0,18.994
decode,real,3229,13281538206002830254,0,0,0,0,103,103,926368,8993.864,0,0,0,0,18.307
decode,real,3230,13281538206002830254,0,0,0,0,103,103,926471,8994.864,0,0,0,0,18.557
decode,real,3231,13281538206002830254,0,0,0,0,103,103,926574,8995.864,0,0,0,0,18.595
decode,real,3232,13281538206002830254,0,0,0,0,103,103,926677,8996.864,0,0,0,0,18.894
decode,real,3233,13281538206002830254,0,0,0,0,102,102,917565,8995.735,0,0,0,0,18.322
decode,real,3234,13281538206002830254,0,0,0,0,102,102,917667,8996.735,0,0,0,0,18.488
decode,real,3235,13281538206002830254,0,0,0,0,102,102,917769,8997.735,0,0,0,0,18.592
decode,real,3236,13281538206002830254,0,0,0,0,102,102,917871,8998.735,0,0,0,0,18.818
decode,real,3237,13281538206002830254,0,0,0,0,101,101,908758,8997.604,0,0,0,0,18.322
decode,real,3238,13281538206002830254,0,0,0,0,101,101,908859,8998.604,0,0,0,0,18.529
decode,real,3239,13281538206002830254,0,0,0,0,101,101,908960,8999.604,0,0,0,0,18.562
decode,real,3240,13281538206002830254,0,0,0,0,101,101,909061,9000.604,0,0,0,0,18.504
decode,real,3241,13281538206002830254,0,0,0,0,101,101,909162,9001.604,0,0,0,0,18.866
decode,real,3242,13281538206002830254,0,0,0,0,100,100,900048,9000.480,0,0,0,0,18.183
decode,real,3243,13281538206002830254,0,0,0,0,100,100,900148,9001.480,0,0,0,0,18.381
decode,real,3244,13281538206002830254,0,0,0,0,100,100,900248,9002.480,0,0,0,0,18.494
decode,real,3245,13281538206002830254,0,0,0,0,100,100,900348,9003.480,0,0,0,0,18.748
decode,real,3246,13281538206002830254,0,0,0,0,99,99,891233,9002.354,0,0,0,0,18.185
decode,real,3247,13281538206002830254,0,0,0,0,99,99,891332,9003.354,0,0,0,0,18.424
decode,real,3248,13281538206002830254,0,0,0,0,99,99,891431,9004.354,0,0,0,0,18.434
decode,real,3249,13281538206002830254,0,0,0,0,99,99,891530,9005.354,0,0,0,0,18.830
decode,real,3250,13281538206002830254,0,0,0,0,98,98,882414,9004.224,0,0,0,0,18.081
decode,real,3251,13281538206002830254,0,0,0,0,98,98,882512,9005.224,0,0,0,0,18.368
decode,real,3252,13281538206002830254,0,0,0,0,98,98,882610,9006.224,0,0,0,0,18.370
decode,real,3253,13281538206002830254,0,0,0,0,98,98,882708,9007.224,0,0,0,0,18.748
decode,real,3254,13281538206002830254,0,0,0,0,97,97,873591,9006.093,0,0,0,0,18.022
decode,real,3255,13281538206002830254,0,0,0,0,97,97,873688,9007.093,0,0,0,0,18.386
decode,real,3256,13281538206002830254,0,0,0,0,97,97,873785,9008.093,0,0,0,0,18.347
decode,real,3257,13281538206002830254,0,0,0,0,97,97,873882,9009.093,0,0,0,0,18.347
decode,real,3258,13281538206002830254,0,0,0,0,97,97,873979,9010.093,0,0,0,0,18.638
decode,real,3259,13281538206002830254,0,0,0,0,96,96,864861,9008.969,0,0,0,0,17.842
decode,real,3260,13281538206002830254,0,0,0,0,96,96,864957,9009.969,0,0,0,0,18.054
decode,real,3261,13281538206002830254,0,0,0,0,96,96,865053,9010.969,0,0,0,0,18.025
decode,real,3262,13281538206002830254,0,0,0,0,96,96,865149,9011.969,0,0,0,0,18.380
decode,real,3263,13281538206002830254,0,0,0,0,95,95,856030,9010.842,0,0,0,0,17.754
decode,real,3264,13281538206002830254,0,0,0,0,95,95,856125,9011.842,0,0,0,0,17.926
decode,real,3265,13281538206002830254,0,0,0,0,95,95,856220,9012.842,0,0,0,0,17.784
decode,real,3266,13281538206002830254,0,0,0,0,95,95,856315,9013.842,0,0,0,0,18.262
decode,real,3267,13281538206002830254,0,0,0,0,94,94,847195,9012.713,0,0,0,0,17.516
decode,real,3268,13281538206002830254,0,0,0,0,94,94,847289,9013.713,0,0,0,0,17.826
decode,real,3269,13281538206002830254,0,0,0,0,94,94,847383,9014.713,0,0,0,0,17.657
decode,real,3270,13281538206002830254,0,0,0,0,94,94,847477,9015.713,0,0,0,0,18.144
decode,real,3271,13281538206002830254,0,0,0,0,93,93,838356,9014.581,0,0,0,0,17.286
decode,real,3272,13281538206002830254,0,0,0,0,93,93,838449,9015.581,0,0,0,0,17.734
decode,real,3273,13281538206002830254,0,0,0,0,93,93,838542,9016.581,0,0,0,0,17.861
decode,real,3274,13281538206002830254,0,0,0,0,93,93,838635,9017.581,0,0,0,0,17.675
decode,real,3275,13281538206002830254,0,0,0,0,93,93,838728,9018.581,0,0,0,0,18.048
decode,real,3276,13281538206002830254,0,0,0,0,92,92,829606,9017.457,0,0,0,0,17.143
decode,real,3277,13281538206002830254,0,0,0,0,92,92,829698,9018.457,0,0,0,0,17.395
decode,real,3278,13281538206002830254,0,0,0,0,92,92,829790,9019.457,0,0,0,0,17.501
decode,real,3279,13281538206002830254,0,0,0,0,92,92,829882,9020.457,0,0,0,0,17.722
decode,real,3280,13281538206002830254,0,0,0,0,91,91,820759,9019.330,0,0,0,0,17.337
decode,real,3281,13281538206002830254,0,0,0,0,91,91,820850,9020.330,0,0,0,0,17.475
decode,real,3282,13281538206002830254,0,0,0,0,91,91,820941,9021.330,0,0,0,0,17.543
decode,real,3283,13281538206002830254,0,0,0,0,91,91,821032,9022.330,0,0,0,0,17.833
decode,real,3284,13281538206002830254,0,0,0,0,90,90,811908,9021.200,0,0,0,0,17.131
decode,real,3285,13281538206002830254,0,0,0,0,90,90,811998,9022.200,0,0,0,0,17.436
decode,real,3286,13281538206002830254,0,0,0,0,90,90,812088,9023.200,0,0,0,0,17.412
decode,real,3287,13281538206002830254,0,0,0,0,90,90,812178,9024.200,0,0,0,0,17.754
decode,real,3288,13281538206002830254,0,0,0,0,89,89,803053,9023.067,0,0,0,0,16.960
decode,real,3289,13281538206002830254,0,0,0,0,89,89,803142,9024.067,0,0,0,0,17.310
decode,real,3290,13281538206002830254,0,0,0,0,89,89,803231,9025.067,0,0,0,0,17.314
decode,real,3291,13281538206002830254,0,0,0,0,89,89,803320,9026.067,0,0,0,0,17.081
decode,real,3292,13281538206002830254,0,0,0,0,89,89,803409,9027.067,0,0,0,0,17.608
decode,real,3293,13281538206002830254,0,0,0,0,88,88,794283,9025.943,0,0,0,0,16.788
decode,real,3294,13281538206002830254,0,0,0,0,88,88,794371,9026.943,0,0,0,0,17.052
decode,real,3295,13281538206002830254,0,0,0,0,88,88,794459,9027.943,0,0,0,0,17.013
decode,real,3296,13281538206002830254,0,0,0,0,88,88,794547,9028.943,0,0,0,0,17.408
decode,real,3297,13281538206002830254,0,0,0,0,87,87,785420,9027.816,0,0,0,0,16.616
decode,real,3298,13281538206002830254,0,0,0,0,87,87,785507,9028.816,0,0,0,0,16.921
decode,real,3299,13281538206002830254,0,0,0,0,87,87,785594,9029.816,0,0,0,0,16.938
decode,real,3300,13281538206002830254,0,0,0,0,87,87,785681,9030.816,0,0,0,0,17.251
decode,real,3301,13281538206002830254,0,0,0,0,86,86,776553,9029.686,0,0,0,0,16.492
decode,real,3302,13281538206002830254,0,0,0,0,86,86,776639,9030.686,0,0,0,0,16.735
decode,real,3303,13281538206002830254,0,0,0,0,86,86,776725,9031.686,0,0,0,0,16.773
decode,real,3304,13281538206002830254,0,0,0,0,86,86,776811,9032.686,0,0,0,0,17.099
decode,real,3305,13281538206002830254,0,0,0,0,85,85,767682,9031.553,0,0,0,0,16.422
decode,real,3306,13281538206002830254,0,0,0,0,85,85,767767,9032.553,0,0,0,0,16.658
decode,real,3307,13281538206002830254,0,0,0,0,85,85,767852,9033.553,0,0,0,0,16.687
decode,real,3308,13281538206002830254,0,0,0,0,85,85,767937,9034.553,0,0,0,0,16.705
decode,real,3309,13281538206002830254,0,0,0,0,85,85,768022,9035.553,0,0,0,0,17.023
decode,real,3310,13281538206002830254,0,0,0,0,84,84,758892,9034.429,0,0,0,0,16.406
decode,real,3311,13281538206002830254,0,0,0,0,84,84,758976,9035.429,0,0,0,0,16.641
decode,real,3312,13281538206002830254,0,0,0,0,84,84,759060,9036.429,0,0,0,0,16.663
decode,real,3313,13281538206002830254,0,0,0,0,84,84,759144,9037.429,0,0,0,0,16.991
decode,real,3314,13281538206002830254,0,0,0,0,83,83,750013,9036.301,0,0,0,0,16.343
decode,real,3315,13281538206002830254,0,0,0,0,83,83,750096,9037.301,0,0,0,0,16.693
decode,real,3316,13281538206002830254,0,0,0,0,83,83,750179,9038.301,0,0,0,0,16.635
decode,real,3317,13281538206002830254,0,0,0,0,83,83,750262,9039.301,0,0,0,0,17.017
decode,real,3318,13281538206002830254,0,0,0,0,82,82,741130,9038.171,0,0,0,0,16.341
decode,real,3319,13281538206002830254,0,0,0,0,82,82,741212,9039.171,0,0,0,0,16.604
decode,real,3320,13281538206002830254,0,0,0,0,82,82,741294,9040.171,0,0,0,0,16.646
decode,real,3321,13281538206002830254,0,0,0,0,82,82,741376,9041.171,0,0,0,0,16.959
decode,real,3322,13281538206002830254,0,0,0,0,81,81,732243,9040.037,0,0,0,0,16.389
decode,real,3323,13281538206002830254,0,0,0,0,81,81,732324,9041.037,0,0,0,0,16.585
decode,real,3324,13281538206002830254,0,0,0,0,81,81,732405,9042.037,0,0,0,0,16.646
decode,real,3325,13281538206002830254,0,0,0,0,81,81,732486,9043.037,0,0,0,0,16.635
decode,real,3326,13281538206002830254,0,0,0,0,81,81,732567,9044.037,0,0,0,0,16.974
decode,real,3327,13281538206002830254,0,0,0,0,80,80,723433,9042.913,0,0,0,0,16.377
decode,real,3328,13281538206002830254,0,0,0,0,80,80,723513,9043.913,0,0,0,0,16.583
decode,real,3329,13281538206002830254,0,0,0,0,80,80,723593,9044.913,0,0,0,0,16.639
decode,real,3330,13281538206002830254,0,0,0,0,80,80,723673,9045.913,0,0,0,0,16.968
decode,real,3331,13281538206002830254,0,0,0,0,79,79,714538,9044.785,0,0,0,0,16.267
decode,real,3332,13281538206002830254,0,0,0,0,79,79,714617,9045.785,0,0,0,0,16.616
decode,real,3333,13281538206002830254,0,0,0,0,79,79,714696,9046.785,0,0,0,0,16.566
decode,real,3334,13281538206002830254,0,0,0,0,79,79,714775,9047.785,0,0,0,0,16.932
decode,real,3335,13281538206002830254,0,0,0,0,78,78,705639,9046.654,0,0,0,0,16.350
decode,real,3336,13281538206002830254,0,0,0,0,78,78,705717,9047.654,0,0,0,0,16.565
decode,real,3337,13281538206002830254,0,0,0,0,78,78,705795,9048.654,0,0,0,0,16.630
decode,real,3338,13281538206002830254,0,0,0,0,78,78,705873,9049.654,0,0,0,0,16.855
decode,real,3339,13281538206002830254,0,0,0,0,77,77,696736,9048.519,0,0,0,0,16.343
decode,real,3340,13281538206002830254,0,0,0,0,77,77,696813,9049.519,0,0,0,0,16.563
decode,real,3341,13281538206002830254,0,0,0,0,77,77,696890,9050.519,0,0,0,0,16.573
decode,real,3342,13281538206002830254,0,0,0,0,77,77,696967,9051.519,0,0,0,0,16.605
decode,real,3343,13281538206002830254,0,0,0,0,77,77,697044,9052.519,0,0,0,0,16.864
decode,real,3344,13281538206002830254,0,0,0,0,76,76,687906,9051.395,0,0,0,0,16.276
decode,real,3345,13281538206002830254,0,0,0,0,76,76,687982,9052.395,0,0,0,0,16.500
decode,real,3346,13281538206002830254,0,0,0,0,76,76,688058,9053.395,0,0,0,0,16.566
decode,real,3347,13281538206002830254,0,0,0,0,76,76,688134,9054.395,0,0,0,0,16.832
decode,real,3348,13281538206002830254,0,0,0,0,75,75,678995,9053.267,0,0,0,0,16.279
decode,real,3349,13281538206002830254,0,0,0,0,75,75,679070,9054.267,0,0,0,0,16.497
decode,real,3350,13281538206002830254,0,0,0,0,75,75,679145,9055.267,0,0,0,0,16.559
decode,real,3351,13281538206002830254,0,0,0,0,75,75,679220,9056.267,0,0,0,0,16.880
decode,real,3352,13281538206002830254,0,0,0,0,74,74,670080,9055.135,0,0,0,0,16.216
decode,real,3353,13281538206002830254,0,0,0,0,74,74,670154,9056.135,0,0,0,0,16.524
decode,real,3354,13281538206002830254,0,0,0,0,74,74,670228,9057.135,0,0,0,0,16.529
decode,real,3355,13281538206002830254,0,0,0,0,74,74,670302,9058.135,0,0,0,0,16.513
decode,real,3356,13281538206002830254,0,0,0,0,74,74,670376,9059.135,0,0,0,0,16.868
decode,real,3357,13281538206002830254,0,0,0,0,73,73,661235,9058.014,0,0,0,0,16.257
decode,real,3358,13281538206002830254,0,0,0,0,73,73,661308,9059.014,0,0,0,0,16.464
decode,real,3359,13281538206002830254,0,0,0,0,73,73,661381,9060.014,0,0,0,0,16.483
decode,real,3360,13281538206002830254,0,0,0,0,73,73,661454,9061.014,0,0,0,0,16.849
decode,real,3361,13281538206002830254,0,0,0,0,72,72,652312,9059.889,0,0,0,0,16.106
decode,real,3362,13281538206002830254,0,0,0,0,72,72,652384,9060.889,0,0,0,0,16.380
decode,real,3363,13281538206002830254,0,0,0,0,72,72,652456,9061.889,0,0,0,0,16.433
decode,real,3364,13281538206002830254,0,0,0,0,72,72,652528,9062.889,0,0,0,0,16.691
decode,real,3365,13281538206002830254,0,0,0,0,71,71,643385,9061.761,0,0,0,0,16.102
decode,real,3366,13281538206002830254,0,0,0,0,71,71,643456,9062.761,0,0,0,0,16.396
decode,real,3367,13281538206002830254,0,0,0,0,71,71,643527,9063.761,0,0,0,0,16.395
decode,real,3368,13281538206002830254,0,0,0,0,71,71,643598,9064.761,0,0,0,0,16.687
decode,real,3369,13281538206002830254,0,0,0,0,70,70,634454,9063.629,0,0,0,0,16.097
decode,real,3370,13281538206002830254,0,0,0,0,70,70,634524,9064.629,0,0,0,0,16.361
decode,real,3371,13281538206002830254,0,0,0,0,70,70,634594,9065.629,0,0,0,0,16.392
decode,real,3372,13281538206002830254,0,0,0,0,70,70,634664,9066.629,0,0,0,0,16.356
decode,real,3373,13281538206002830254,0,0,0,0,70,70,634734,9067.629,0,0,0,0,16.767
decode,real,3374,13281538206002830254,0,0,0,0,69,69,625589,9066.507,0,0,0,0,16.086
decode,real,3375,13281538206002830254,0,0,0,0,69,69,625658,9067.507,0,0,0,0,16.329
decode,real,3376,13281538206002830254,0,0,0,0,69,69,625727,9068.507,0,0,0,0,16.402
decode,real,3377,13281538206002830254,0,0,0,0,69,69,625796,9069.507,0,0,0,0,16.648
decode,real,3378,13281538206002830254,0,0,0,0,68,68,616650,9068.382,0,0,0,0,16.044
decode,real,3379,13281538206002830254,0,0,0,0,68,68,616718,9069.382,0,0,0,0,16.358
decode,real,3380,13281538206002830254,0,0,0,0,68,68,616786,9070.382,0,0,0,0,16.371
decode,real,3381,13281538206002830254,0,0,0,0,68,68,616854,9071.382,0,0,0,0,16.682
decode,real,3382,13281538206002830254,0,0,0,0,67,67,607707,9070.254,0,0,0,0,16.045
decode,real,3383,13281538206002830254,0,0,0,0,67,67,607774,9071.254,0,0,0,0,16.279
decode,real,3384,13281538206002830254,0,0,0,0,67,67,607841,9072.254,0,0,0,0,16.337
decode,real,3385,13281538206002830254,0,0,0,0,67,67,607908,9073.254,0,0,0,0,16.599
decode,real,3386,13281538206002830254,0,0,0,0,66,66,598760,9072.121,0,0,0,0,13.849
decode,real,3387,13281538206002830254,0,0,0,0,66,66,598826,9073.121,0,0,0,0,14.113
decode,real,3388,13281538206002830254,0,0,0,0,66,66,598892,9074.121,0,0,0,0,14.051
decode,real,3389,13281538206002830254,0,0,0,0,66,66,598958,9075.121,0,0,0,0,14.108
decode,real,3390,13281538206002830254,0,0,0,0,66,66,599024,9076.121,0,0,0,0,14.336
decode,real,3391,13281538206002830254,0,0,0,0,65,65,589875,9075.000,0,0,0,0,13.768
decode,real,3392,13281538206002830254,0,0,0,0,65,65,589940,9076.000,0,0,0,0,13.996
decode,real,3393,13281538206002830254,0,0,0,0,65,65,590005,9077.000,0,0,0,0,13.997
decode,real,3394,13281538206002830254,0,0,0,0,65,65,590070,9078.000,0,0,0,0,14.217
decode,real,3395,13281538206002830254,0,0,0,0,64,64,580920,9076.875,0,0,0,0,13.478
decode,real,3396,13281538206002830254,0,0,0,0,64,64,580984,9077.875,0,0,0,0,13.696
decode,real,3397,13281538206002830254,0,0,0,0,64,64,581048,9078.875,0,0,0,0,13.662
decode,real,3398,13281538206002830254,0,0,0,0,64,64,581112,9079.875,0,0,0,0,13.879
decode,real,3399,13281538206002830254,0,0,0,0,63,63,571961,9078.746,0,0,0,0,13.437
decode,real,3400,13281538206002830254,0,0,0,0,63,63,572024,9079.746,0,0,0,0,13.571
decode,real,3401,13281538206002830254,0,0,0,0,63,63,572087,9080.746,0,0,0,0,13.614
decode,real,3402,13281538206002830254,0,0,0,0,63,63,572150,9081.746,0,0,0,0,13.856
decode,real,3403,13281538206002830254,0,0,0,0,62,62,562998,9080.613,0,0,0,0,13.332
decode,real,3404,13281538206002830254,0,0,0,0,62,62,563060,9081.613,0,0,0,0,13.551
decode,real,3405,13281538206002830254,0,0,0,0,62,62,563122,9082.613,0,0,0,0,13.564
decode,real,3406,13281538206002830254,0,0,0,0,62,62,563184,9083.613,0,0,0,0,13.557
decode,real,3407,13281538206002830254,0,0,0,0,62,62,563246,9084.613,0,0,0,0,13.768
decode,real,3408,13281538206002830254,0,0,0,0,61,61,554093,9083.492,0,0,0,0,13.323
decode,real,3409,13281538206002830254,0,0,0,0,61,61,554154,9084.492,0,0,0,0,13.469
decode,real,3410,13281538206002830254,0,0,0,0,61,61,554215,9085.492,0,0,0,0,13.502
decode,real,3411,13281538206002830254,0,0,0,0,61,61,554276,9086.492,0,0,0,0,13.690
decode,real,3412,13281538206002830254,0,0,0,0,60,60,545122,9085.367,0,0,0,0,13.288
decode,real,3413,13281538206002830254,0,0,0,0,60,60,545182,9086.367,0,0,0,0,13.438
decode,real,3414,13281538206002830254,0,0,0,0,60,60,545242,9087.367,0,0,0,0,13.466
decode,real,3415,13281538206002830254,0,0,0,0,60,60,545302,9088.367,0,0,0,0,13.633
decode,real,3416,13281538206002830254,0,0,0,0,59,59,536147,9087.237,0,0,0,0,13.175
decode,real,3417,13281538206002830254,0,0,0,0,59,59,536206,9088.237,0,0,0,0,13.387
decode,real,3418,13281538206002830254,0,0,0,0,59,59,536265,9089.237,0,0,0,0,13.370
decode,real,3419,13281538206002830254,0,0,0,0,59,59,536324,9090.237,0,0,0,0,13.577
decode,real,3420,13281538206002830254,0,0,0,0,58,58,527168,9089.103,0,0,0,0,13.355
decode,real,3421,13281538206002830254,0,0,0,0,58,58,527226,9090.103,0,0,0,0,13.500
decode,real,3422,13281538206002830254,0,0,0,0,58,58,527284,9091.103,0,0,0,0,13.532
decode,real,3423,13281538206002830254,0,0,0,0,58,58,527342,9092.103,0,0,0,0,13.551
decode,real,3424,13281538206002830254,0,0,0,0,58,58,527400,9093.103,0,0,0,0,13.727
decode,real,3425,13281538206002830254,0,0,0,0,57,57,518243,9091.982,0,0,0,0,13.254
decode,real,3426,13281538206002830254,0,0,0,0,57,57,518300,9092.982,0,0,0,0,13.426
decode,real,3427,13281538206002830254,0,0,0,0,57,57,518357,9093.982,0,0,0,0,13.454
decode,real,3428,13281538206002830254,0,0,0,0,57,57,518414,9094.982,0,0,0,0,13.688
decode,real,3429,13281538206002830254,0,0,0,0,56,56,509256,9093.857,0,0,0,0,13.282
decode,real,3430,13281538206002830254,0,0,0,0,56,56,509312,9094.857,0,0,0,0,13.435
decode,real,3431,13281538206002830254,0,0,0,0,56,56,509368,9095.857,0,0,0,0,13.436
decode,real,3432,13281538206002830254,0,0,0,0,56,56,509424,9096.857,0,0,0,0,13.675
decode,real,3433,13281538206002830254,0,0,0,0,55,55,500265,9095.727,0,0,0,0,13.230
decode,real,3434,13281538206002830254,0,0,0,0,55,55,500320,9096.727,0,0,0,0,13.444
decode,real,3435,13281538206002830254,0,0,0,0,55,55,500375,9097.727,0,0,0,0,13.395
decode,real,3436,13281538206002830254,0,0,0,0,55,55,500430,9098.727,0,0,0,0,13.677
decode,real,3437,13281538206002830254,0,0,0,0,54,54,491270,9097.593,0,0,0,0,13.237
decode,real,3438,13281538206002830254,0,0,0,0,54,54,491324,9098.593,0,0,0,0,13.398
decode,real,3439,13281538206002830254,0,0,0,0,54,54,491378,9099.593,0,0,0,0,13.445
decode,real,3440,13281538206002830254,0,0,0,0,54,54,491432,9100.593,0,0,0,0,13.383
decode,real,3441,13281538206002830254,0,0,0,0,54,54,491486,9101.593,0,0,0,0,13.667
decode,real,3442,13281538206002830254,0,0,0,0,53,53,482325,9100.472,0,0,0,0,13.171
decode,real,3443,13281538206002830254,0,0,0,0,53,53,482378,9101.472,0,0,0,0,13.407
decode,real,3444,13281538206002830254,0,0,0,0,53,53,482431,9102.472,0,0,0,0,13.404
decode,real,3445,13281538206002830254,0,0,0,0,53,53,482484,9103.472,0,0,0,0,13.593
decode,real,3446,13281538206002830254,0,0,0,0,52,52,473322,9102.346,0,0,0,0,13.269
decode,real,3447,13281538206002830254,0,0,0,0,52,52,473374,9103.346,0,0,0,0,13.341
decode,real,3448,13281538206002830254,0,0,0,0,52,52,473426,9104.346,0,0,0,0,13.499
decode,real,3449,13281538206002830254,0,0,0,0,52,52,473478,9105.346,0,0,0,0,13.528
decode,real,3450,13281538206002830254,0,0,0,0,51,51,464315,9104.216,0,0,0,0,13.162
decode,real,3451,13281538206002830254,0,0,0,0,51,51,464366,9105.216,0,0,0,0,13.366
decode,real,3452,13281538206002830254,0,0,0,0,51,51,464417,9106.216,0,0,0,0,13.359
decode,real,3453,13281538206002830254,0,0,0,0,51,51,464468,9107.216,0,0,0,0,13.681
decode,real,3454,13281538206002830254,0,0,0,0,50,50,455304,9106.080,0,0,0,0,13.086
decode,real,3455,13281538206002830254,0,0,0,0,50,50,455354,9107.080,0,0,0,0,13.346
decode,real,3456,13281538206002830254,0,0,0,0,50,50,455404,9108.080,0,0,0,0,13.383
decode,real,3457,13281538206002830254,0,0,0,0,50,50,455454,9109.080,0,0,0,0,13.337
decode,real,3458,13281538206002830254,0,0,0,0,50,50,455504,9110.080,0,0,0,0,13.613
decode,real,3459,13281538206002830254,0,0,0,0,49,49,446339,9108.959,0,0,0,0,13.145
decode,real,3460,13281538206002830254,0,0,0,0,49,49,446388,9109.959,0,0,0,0,13.346
decode,real,3461,13281538206002830254,0,0,0,0,49,49,446437,9110.959,0,0,0,0,13.328
decode,real,3462,13281538206002830254,0,0,0,0,49,49,446486,9111.959,0,0,0,0,13.584
decode,real,3463,13281538206002830254,0,0,0,0,48,48,437320,9110.833,0,0,0,0,13.824
decode,real,3464,13281538206002830254,0,0,0,0,48,48,437368,9111.833,0,0,0,0,13.995
decode,real,3465,13281538206002830254,0,0,0,0,48,48,437416,9112.833,0,0,0,0,14.026
decode,real,3466,13281538206002830254,0,0,0,0,48,48,437464,9113.833,0,0,0,0,14.281
decode,real,3467,13281538206002830254,0,0,0,0,47,47,428297,9112.702,0,0,0,0,13.808
decode,real,3468,13281538206002830254,0,0,0,0,47,47,428344,9113.702,0,0,0,0,13.983
decode,real,3469,13281538206002830254,0,0,0,0,47,47,428391,9114.702,0,0,0,0,14.006
decode,real,3470,13281538206002830254,0,0,0,0,47,47,428438,9115.702,0,0,0,0,14.262
decode,real,3471,13281538206002830254,0,0,0,0,46,46,419270,9114.565,0,0,0,0,13.805
decode,real,3472,13281538206002830254,0,0,0,0,46,46,419316,9115.565,0,0,0,0,13.999
decode,real,3473,13281538206002830254,0,0,0,0,46,46,419362,9116.565,0,0,0,0,14.009
decode,real,3474,13281538206002830254,0,0,0,0,46,46,419408,9117.565,0,0,0,0,14.014
decode,real,3475,13281538206002830254,0,0,0,0,46,46,419454,9118.565,0,0,0,0,14.214
decode,real,3476,13281538206002830254,0,0,0,0,45,45,410285,9117.444,0,0,0,0,13.822
decode,real,3477,13281538206002830254,0,0,0,0,45,45,410330,9118.444,0,0,0,0,13.977
decode,real,3478,13281538206002830254,0,0,0,0,45,45,410375,9119.444,0,0,0,0,14.026
decode,real,3479,13281538206002830254,0,0,0,0,45,45,410420,9120.444,0,0,0,0,14.189
decode,real,3480,13281538206002830254,0,0,0,0,44,44,401250,9119.318,0,0,0,0,12.262
decode,real,3481,13281538206002830254,0,0,0,0,44,44,401294,9120.318,0,0,0,0,12.449
decode,real,3482,13281538206002830254,0,0,0,0,44,44,401338,9121.318,0,0,0,0,12.433
decode,real,3483,13281538206002830254,0,0,0,0,44,44,401382,9122.318,0,0,0,0,12.654
decode,real,3484,13281538206002830254,0,0,0,0,43,43,392211,9121.186,0,0,0,0,12.168
decode,real,3485,13281538206002830254,0,0,0,0,43,43,392254,9122.186,0,0,0,0,12.344
decode,real,3486,13281538206002830254,0,0,0,0,43,43,392297,9123.186,0,0,0,0,12.342
decode,real,3487,13281538206002830254,0,0,0,0,43,43,392340,9124.186,0,0,0,0,12.565
decode,real,3488,13281538206002830254,0,0,0,0,42,42,383168,9123.048,0,0,0,0,12.123
decode,real,3489,13281538206002830254,0,0,0,0,42,42,383210,9124.048,0,0,0,0,12.251
decode,real,3490,13281538206002830254,0,0,0,0,42,42,383252,9125.048,0,0,0,0,12.256
decode,real,3491,13281538206002830254,0,0,0,0,42,42,383294,9126.048,0,0,0,0,12.277
decode,real,3492,13281538206002830254,0,0,0,0,42,42,383336,9127.048,0,0,0,0,12.504
decode,real,3493,13281538206002830254,0,0,0,0,41,41,374163,9125.927,0,0,0,0,11.991
decode,real,3494,13281538206002830254,0,0,0,0,41,41,374204,9126.927,0,0,0,0,12.210
decode,real,3495,13281538206002830254,0,0,0,0,41,41,374245,9127.927,0,0,0,0,12.272
decode,real,3496,13281538206002830254,0,0,0,0,41,41,374286,9128.927,0,0,0,0,12.525
decode,real,3497,13281538206002830254,0,0,0,0,40,40,365112,9127.800,0,0,0,0,11.523
decode,real,3498,13281538206002830254,0,0,0,0,40,40,365152,9128.800,0,0,0,0,11.712
decode,real,3499,13281538206002830254,0,0,0,0,40,40,365192,9129.800,0,0,0,0,11.821
decode,real,3500,13281538206002830254,0,0,0,0,40,40,365232,9130.800,0,0,0,0,12.074
decode,real,3501,13281538206002830254,0,0,0,0,39,39,356057,9129.667,0,0,0,0,11.488
decode,real,3502,13281538206002830254,0,0,0,0,39,39,356096,9130.667,0,0,0,0,11.779
decode,real,3503,13281538206002830254,0,0,0,0,39,39,356135,9131.667,0,0,0,0,11.759
decode,real,3504,13281538206002830254,0,0,0,0,39,39,356174,9132.667,0,0,0,0,12.033
decode,real,3505,13281538206002830254,0,0,0,0,38,38,346998,9131.526,0,0,0,0,12.080
decode,real,3506,13281538206002830254,0,0,0,0,38,38,347036,9132.526,0,0,0,0,12.318
decode,real,3507,13281538206002830254,0,0,0,0,38,38,347074,9133.526,0,0,0,0,12.300
decode,real,3508,13281538206002830254,0,0,0,0,38,38,347112,9134.526,0,0,0,0,12.328
decode,real,3509,13281538206002830254,0,0,0,0,38,38,347150,9135.526,0,0,0,0,12.547
decode,real,3510,13281538206002830254,0,0,0,0,37,37,337973,9134.405,0,0,0,0,12.082
decode,real,3511,13281538206002830254,0,0,0,0,37,37,338010,9135.405,0,0,0,0,12.283
decode,real,3512,13281538206002830254,0,0,0,0,37,37,338047,9136.405,0,0,0,0,12.313
decode,real,3513,13281538206002830254,0,0,0,0,37,37,338084,9137.405,0,0,0,0,12.521
decode,real,3514,13281538206002830254,0,0,0,0,36,36,328906,9136.278,0,0,0,0,12.098
decode,real,3515,13281538206002830254,0,0,0,0,36,36,328942,9137.278,0,0,0,0,12.247
decode,real,3516,13281538206002830254,0,0,0,0,36,36,328978,9138.278,0,0,0,0,12.284
decode,real,3517,13281538206002830254,0,0,0,0,36,36,329014,9139.278,0,0,0,0,12.466
decode,real,3518,13281538206002830254,0,0,0,0,35,35,319835,9138.143,0,0,0,0,12.084
decode,real,3519,13281538206002830254,0,0,0,0,35,35,319870,9139.143,0,0,0,0,12.258
decode,real,3520,13281538206002830254,0,0,0,0,35,35,319905,9140.143,0,0,0,0,12.265
decode,real,3521,13281538206002830254,0,0,0,0,35,35,319940,9141.143,0,0,0,0,12.503
decode,real,3522,13281538206002830254,0,0,0,0,34,34,310760,9140.000,0,0,0,0,12.063
decode,real,3523,13281538206002830254,0,0,0,0,34,34,310794,9141.000,0,0,0,0,12.225
decode,real,3524,13281538206002830254,0,0,0,0,34,34,310828,9142.000,0,0,0,0,12.272
decode,real,3525,13281538206002830254,0,0,0,0,34,34,310862,9143.000,0,0,0,0,12.248
decode,real,3526,13281538206002830254,0,0,0,0,34,34,310896,9144.000,0,0,0,0,12.651
decode,real,3527,13281538206002830254,0,0,0,0,33,33,301715,9142.879,0,0,0,0,10.702
decode,real,3528,13281538206002830254,0,0,0,0,33,33,301748,9143.879,0,0,0,0,11.015
decode,real,3529,13281538206002830254,0,0,0,0,33,33,301781,9144.879,0,0,0,0,11.068
decode,real,3530,13281538206002830254,0,0,0,0,33,33,301814,9145.879,0,0,0,0,11.297
decode,real,3531,13281538206002830254,0,0,0,0,32,32,292632,9144.750,0,0,0,0,10.399
decode,real,3532,13281538206002830254,0,0,0,0,32,32,292664,9145.750,0,0,0,0,10.580
decode,real,3533,13281538206002830254,0,0,0,0,32,32,292696,9146.750,0,0,0,0,10.619
decode,real,3534,13281538206002830254,0,0,0,0,32,32,292728,9147.750,0,0,0,0,10.780
decode,real,3535,13281538206002830254,0,0,0,0,31,31,283545,9146.613,0,0,0,0,10.388
decode,real,3536,13281538206002830254,0,0,0,0,31,31,283576,9147.613,0,0,0,0,10.516
decode,real,3537,13281538206002830254,0,0,0,0,31,31,283607,9148.613,0,0,0,0,10.557
decode,real,3538,13281538206002830254,0,0,0,0,31,31,283638,9149.613,0,0,0,0,10.552
decode,real,3539,13281538206002830254,0,0,0,0,31,31,283669,9150.613,0,0,0,0,10.779
decode,real,3540,13281538206002830254,0,0,0,0,30,30,274485,9149.500,0,0,0,0,10.275
decode,real,3541,13281538206002830254,0,0,0,0,30,30,274515,9150.500,0,0,0,0,10.456
decode,real,3542,13281538206002830254,0,0,0,0,30,30,274545,9151.500,0,0,0,0,10.491
decode,real,3543,13281538206002830254,0,0,0,0,30,30,274575,9152.500,0,0,0,0,10.704
decode,real,3544,13281538206002830254,0,0,0,0,29,29,265390,9151.379,0,0,0,0,10.234
decode,real,3545,13281538206002830254,0,0,0,0,29,29,265419,9152.379,0,0,0,0,10.404
decode,real,3546,13281538206002830254,0,0,0,0,29,29,265448,9153.379,0,0,0,0,10.428
decode,real,3547,13281538206002830254,0,0,0,0,29,29,265477,9154.379,0,0,0,0,10.622
decode,real,3548,13281538206002830254,0,0,0,0,28,28,256291,9153.250,0,0,0,0,10.828
decode,real,3549,13281538206002830254,0,0,0,0,28,28,256319,9154.250,0,0,0,0,11.012
decode,real,3550,13281538206002830254,0,0,0,0,28,28,256347,9155.250,0,0,0,0,11.040
decode,real,3551,13281538206002830254,0,0,0,0,28,28,256375,9156.250,0,0,0,0,11.219
decode,real,3552,13281538206002830254,0,0,0,0,27,27,247188,9155.111,0,0,0,0,10.839
decode,real,3553,13281538206002830254,0,0,0,0,27,27,247215,9156.111,0,0,0,0,11.018
decode,real,3554,13281538206002830254,0,0,0,0,27,27,247242,9157.111,0,0,0,0,10.996
decode,real,3555,13281538206002830254,0,0,0,0,27,27,247269,9158.111,0,0,0,0,11.002
decode,real,3556,13281538206002830254,0,0,0,0,27,27,247296,9159.111,0,0,0,0,11.211
decode,real,3557,13281538206002830254,0,0,0,0,26,26,238108,9158.000,0,0,0,0,9.864
decode,real,3558,13281538206002830254,0,0,0,0,26,26,238134,9159.000,0,0,0,0,10.029
decode,real,3559,13281538206002830254,0,0,0,0,26,26,238160,9160.000,0,0,0,0,10.028
decode,real,3560,13281538206002830254,0,0,0,0,26,26,238186,9161.000,0,0,0,0,10.268
decode,real,3561,13281538206002830254,0,0,0,0,25,25,228997,9159.880,0,0,0,0,9.772
decode,real,3562,13281538206002830254,0,0,0,0,25,25,229022,9160.880,0,0,0,0,9.931
decode,real,3563,13281538206002830254,0,0,0,0,25,25,229047,9161.880,0,0,0,0,9.956
decode,real,3564,13281538206002830254,0,0,0,0,25,25,229072,9162.880,0,0,0,0,10.173
decode,real,3565,13281538206002830254,0,0,0,0,24,24,219882,9161.750,0,0,0,0,9.300
decode,real,3566,13281538206002830254,0,0,0,0,24,24,219906,9162.750,0,0,0,0,9.473
decode,real,3567,13281538206002830254,0,0,0,0,24,24,219930,9163.750,0,0,0,0,9.480
decode,real,3568,13281538206002830254,0,0,0,0,24,24,219954,9164.750,0,0,0,0,9.694
decode,real,3569,13281538206002830254,0,0,0,0,23,23,210763,9163.609,0,0,0,0,9.950
decode,real,3570,13281538206002830254,0,0,0,0,23,23,210786,9164.609,0,0,0,0,10.119
decode,real,3571,13281538206002830254,0,0,0,0,23,23,210809,9165.609,0,0,0,0,10.177
decode,real,3572,13281538206002830254,0,0,0,0,23,23,210832,9166.609,0,0,0,0,10.129
decode,real,3573,13281538206002830254,0,0,0,0,23,23,210855,9167.609,0,0,0,0,10.388
decode,real,3574,13281538206002830254,0,0,0,0,22,22,201663,9166.500,0,0,0,0,9.066
decode,real,3575,13281538206002830254,0,0,0,0,22,22,201685,9167.500,0,0,0,0,9.252
decode,real,3576,13281538206002830254,0,0,0,0,22,22,201707,9168.500,0,0,0,0,9.231
decode,real,3577,13281538206002830254,0,0,0,0,22,22,201729,9169.500,0,0,0,0,9.491
decode,real,3578,13281538206002830254,0,0,0,0,21,21,192536,9168.381,0,0,0,0,8.982
decode,real,3579,13281538206002830254,0,0,0,0,21,21,192557,9169.381,0,0,0,0,9.135
decode,real,3580,13281538206002830254,0,0,0,0,21,21,192578,9170.381,0,0,0,0,9.187
decode,real,3581,13281538206002830254,0,0,0,0,21,21,192599,9171.381,0,0,0,0,9.327
decode,real,3582,13281538206002830254,0,0,0,0,20,20,183405,9170.250,0,0,0,0,8.913
decode,real,3583,13281538206002830254,0,0,0,0,20,20,183425,9171.250,0,0,0,0,9.067
decode,real,3584,13281538206002830254,0,0,0,0,20,20,183445,9172.250,0,0,0,0,9.078
decode,real,3585,13281538206002830254,0,0,0,0,20,20,183465,9173.250,0,0,0,0,9.295
decode,real,3586,13281538206002830254,0,0,0,0,19,19,174270,9172.105,0,0,0,0,8.796
decode,real,3587,13281538206002830254,0,0,0,0,19,19,174289,9173.105,0,0,0,0,8.970
decode,real,3588,13281538206002830254,0,0,0,0,19,19,174308,9174.105,0,0,0,0,8.981
decode,real,3589,13281538206002830254,0,0,0,0,19,19,174327,9175.105,0,0,0,0,8.977
decode,real,3590,13281538206002830254,0,0,0,0,19,19,174346,9176.105,0,0,0,0,9.163
decode,real,3591,13281538206002830254,0,0,0,0,18,18,165150,9175.000,0,0,0,0,8.677
decode,real,3592,13281538206002830254,0,0,0,0,18,18,165168,9176.000,0,0,0,0,8.817
decode,real,3593,13281538206002830254,0,0,0,0,18,18,165186,9177.000,0,0,0,0,8.830
decode,real,3594,13281538206002830254,0,0,0,0,18,18,165204,9178.000,0,0,0,0,9.057
decode,real,3595,13281538206002830254,0,0,0,0,17,17,156007,9176.882,0,0,0,0,8.508
decode,real,3596,13281538206002830254,0,0,0,0,17,17,156024,9177.882,0,0,0,0,8.726
decode,real,3597,13281538206002830254,0,0,0,0,17,17,156041,9178.882,0,0,0,0,8.709
decode,real,3598,13281538206002830254,0,0,0,0,17,17,156058,9179.882,0,0,0,0,8.976
decode,real,3599,13281538206002830254,0,0,0,0,16,16,146860,9178.750,0,0,0,0,8.056
decode,real,3600,13281538206002830254,0,0,0,0,16,16,146876,9179.750,0,0,0,0,8.244
decode,real,3601,13281538206002830254,0,0,0,0,16,16,146892,9180.750,0,0,0,0,8.262
decode,real,3602,13281538206002830254,0,0,0,0,16,16,146908,9181.750,0,0,0,0,8.480
decode,real,3603,13281538206002830254,0,0,0,0,15,15,137709,9180.600,0,0,0,0,7.988
decode,real,3604,13281538206002830254,0,0,0,0,15,15,137724,9181.600,0,0,0,0,8.159
decode,real,3605,13281538206002830254,0,0,0,0,15,15,137739,9182.600,0,0,0,0,8.165
decode,real,3606,13281538206002830254,0,0,0,0,15,15,137754,9183.600,0,0,0,0,8.175
decode,real,3607,13281538206002830254,0,0,0,0,15,15,137769,9184.600,0,0,0,0,8.393
decode,real,3608,13281538206002830254,0,0,0,0,14,14,128569,9183.500,0,0,0,0,7.879
decode,real,3609,13281538206002830254,0,0,0,0,14,14,128583,9184.500,0,0,0,0,8.071
decode,real,3610,13281538206002830254,0,0,0,0,14,14,128597,9185.500,0,0,0,0,8.094
decode,real,3611,13281538206002830254,0,0,0,0,14,14,128611,9186.500,0,0,0,0,8.303
decode,real,3612,13281538206002830254,0,0,0,0,13,13,119410,9185.385,0,0,0,0,7.754
decode,real,3613,13281538206002830254,0,0,0,0,13,13,119423,9186.385,0,0,0,0,7.946
decode,real,3614,13281538206002830254,0,0,0,0,13,13,119436,9187.385,0,0,0,0,7.962
decode,real,3615,13281538206002830254,0,0,0,0,13,13,119449,9188.385,0,0,0,0,8.192
decode,real,3616,13281538206002830254,0,0,0,0,12,12,110247,9187.250,0,0,0,0,7.657
decode,real,3617,13281538206002830254,0,0,0,0,12,12,110259,9188.250,0,0,0,0,7.855
decode,real,3618,13281538206002830254,0,0,0,0,12,12,110271,9189.250,0,0,0,0,7.878
decode,real,3619,13281538206002830254,0,0,0,0,12,12,110283,9190.250,0,0,0,0,8.024
decode,real,3620,13281538206002830254,0,0,0,0,11,11,101080,9189.091,0,0,0,0,7.625
decode,real,3621,13281538206002830254,0,0,0,0,11,11,101091,9190.091,0,0,0,0,7.747
decode,real,3622,13281538206002830254,0,0,0,0,11,11,101102,9191.091,0,0,0,0,7.786
decode,real,3623,13281538206002830254,0,0,0,0,11,11,101113,9192.091,0,0,0,0,7.771
decode,real,3624,13281538206002830254,0,0,0,0,11,11,101124,9193.091,0,0,0,0,7.980
decode,real,3625,13281538206002830254,0,0,0,0,10,10,91920,9192.000,0,0,0,0,7.496
decode,real,3626,13281538206002830254,0,0,0,0,10,10,91930,9193.000,0,0,0,0,7.651
decode,real,3627,13281538206002830254,0,0,0,0,10,10,91940,9194.000,0,0,0,0,7.653
decode,real,3628,13281538206002830254,0,0,0,0,10,10,91950,9195.000,0,0,0,0,7.906
decode,real,3629,13281538206002830254,0,0,0,0,9,9,82745,9193.889,0,0,0,0,7.371
decode,real,3630,13281538206002830254,0,0,0,0,9,9,82754,9194.889,0,0,0,0,7.556
decode,real,3631,13281538206002830254,0,0,0,0,9,9,82763,9195.889,0,0,0,0,7.549
decode,real,3632,13281538206002830254,0,0,0,0,9,9,82772,9196.889,0,0,0,0,7.781
decode,real,3633,13281538206002830254,0,0,0,0,8,8,73566,9195.750,0,0,0,0,6.869
decode,real,3634,13281538206002830254,0,0,0,0,8,8,73574,9196.750,0,0,0,0,7.071
decode,real,3635,13281538206002830254,0,0,0,0,8,8,73582,9197.750,0,0,0,0,7.079
decode,real,3636,13281538206002830254,0,0,0,0,8,8,73590,9198.750,0,0,0,0,7.301
decode,real,3637,13281538206002830254,0,0,0,0,7,7,64383,9197.571,0,0,0,0,6.843
decode,real,3638,13281538206002830254,0,0,0,0,7,7,64390,9198.571,0,0,0,0,6.917
decode,real,3639,13281538206002830254,0,0,0,0,7,7,64397,9199.571,0,0,0,0,6.970
decode,real,3640,13281538206002830254,0,0,0,0,7,7,64404,9200.571,0,0,0,0,6.999
decode,real,3641,13281538206002830254,0,0,0,0,7,7,64411,9201.571,0,0,0,0,7.213
decode,real,3642,13281538206002830254,0,0,0,0,6,6,55203,9200.500,0,0,0,0,6.667
decode,real,3643,13281538206002830254,0,0,0,0,6,6,55209,9201.500,0,0,0,0,6.882
decode,real,3644,13281538206002830254,0,0,0,0,6,6,55215,9202.500,0,0,0,0,6.893
decode,real,3645,13281538206002830254,0,0,0,0,6,6,55221,9203.500,0,0,0,0,7.106
decode,real,3646,13281538206002830254,0,0,0,0,5,5,46012,9202.400,0,0,0,0,6.581
decode,real,3647,13281538206002830254,0,0,0,0,5,5,46017,9203.400,0,0,0,0,6.779
decode,real,3648,13281538206002830254,0,0,0,0,5,5,46022,9204.400,0,0,0,0,6.789
decode,real,3649,13281538206002830254,0,0,0,0,5,5,46027,9205.400,0,0,0,0,6.982
decode,real,3650,13281538206002830254,0,0,0,0,4,4,36817,9204.250,0,0,0,0,6.350
decode,real,3651,13281538206002830254,0,0,0,0,4,4,36821,9205.250,0,0,0,0,6.485
decode,real,3652,13281538206002830254,0,0,0,0,4,4,36825,9206.250,0,0,0,0,6.503
decode,real,3653,13281538206002830254,0,0,0,0,4,4,36829,9207.250,0,0,0,0,6.730
decode,real,3654,13281538206002830254,0,0,0,0,3,3,27618,9206.000,0,0,0,0,6.188
decode,real,3655,13281538206002830254,0,0,0,0,3,3,27621,9207.000,0,0,0,0,6.388
decode,real,3656,13281538206002830254,0,0,0,0,3,3,27624,9208.000,0,0,0,0,6.380
decode,real,3657,13281538206002830254,0,0,0,0,3,3,27627,9209.000,0,0,0,0,6.408
decode,real,3658,13281538206002830254,0,0,0,0,3,3,27630,9210.000,0,0,0,0,6.606
decode,real,3659,13281538206002830254,0,0,0,0,2,2,18418,9209.000,0,0,0,0,6.027
decode,real,3660,13281538206002830254,0,0,0,0,2,2,18420,9210.000,0,0,0,0,6.212
decode,real,3661,13281538206002830254,0,0,0,0,2,2,18422,9211.000,0,0,0,0,6.242
decode,real,3662,13281538206002830254,0,0,0,0,2,2,18424,9212.000,0,0,0,0,6.436
decode,real,3663,13281538206002830254,0,0,0,0,1,1,9211,9211.000,0,0,0,0,5.883
decode,real,3664,13281538206002830254,0,0,0,0,1,1,9212,9212.000,0,0,0,0,6.185
decode,real,3665,13281538206002830254,0,0,0,0,1,1,9213,9213.000,0,0,0,0,6.102
decode,real,3666,13281538206002830254,0,0,0,0,1,1,9214,9214.000,0,0,0,0,6.164
