phase,workload_segment,counter_id,worker_id,dp_rank,sum_prefill_tokens,num_prefill_requests,sum_prefill_kv_tokens,var_prefill_length,num_decode_requests,sum_decode_kv_tokens,var_decode_kv_tokens,queued_prefill_requests,queued_prefill_tokens,queued_var_prefill_length,queued_decode_requests,queued_decode_kv_tokens,queued_var_decode_kv_tokens,latency_ms
context,real,1069,13281538206002830254,0,2048,1,0,0.000,0,0,0.000,0,0,0.000,0,0,0.000,231.902
context,real,1070,13281538206002830254,0,2048,1,2048,0.000,0,0,0.000,1,8192,0.000,0,0,0.000,222.990
context,real,1071,13281538206002830254,0,2048,1,4096,0.000,0,0,0.000,1,8192,0.000,0,0,0.000,206.481
context,real,1072,13281538206002830254,0,2048,1,6144,0.000,0,0,0.000,0,0,0.000,0,0,0.000,214.201
mixed,real,1073,13281538206002830254,0,2047,1,0,0.000,1,8192,0.000,0,0,0.000,0,0,0.000,220.149
mixed,real,1074,13281538206002830254,0,2047,1,2047,0.000,1,8193,0.000,0,0,0.000,0,0,0.000,218.089
mixed,real,1075,13281538206002830254,0,2047,1,4094,0.000,1,8194,0.000,0,0,0.000,0,0,0.000,216.407
mixed,real,1076,13281538206002830254,0,2047,1,6141,0.000,1,8195,0.000,0,0,0.000,0,0,0.000,216.054
mixed,real,1077,13281538206002830254,0,2047,2,8188,0.000,1,8196,0.000,0,0,0.000,0,0,0.000,219.063
mixed,real,1078,13281538206002830254,0,2046,1,2043,0.000,2,16389,6.250,0,0,0.000,0,0,0.000,219.863
mixed,real,1079,13281538206002830254,0,2046,1,4089,0.000,2,16391,6.250,0,0,0.000,0,0,0.000,220.807
mixed,real,1080,13281538206002830254,0,2046,1,6135,0.000,2,16393,6.250,3,24576,0.000,0,0,0.000,212.811
mixed,real,1081,13281538206002830254,0,2046,2,8181,0.000,2,16395,6.250,12,98304,0.000,0,0,0.000,185.109
mixed,real,1082,13281538206002830254,0,2045,1,2035,0.000,3,24589,13.556,24,196608,0.000,0,0,0.000,169.182
mixed,real,1083,13281538206002830254,0,2045,1,4080,0.000,3,24592,13.556,44,360448,0.000,0,0,0.000,144.491
mixed,real,1084,13281538206002830254,0,2045,1,6125,0.000,3,24595,13.556,63,516096,0.000,0,0,0.000,110.323
mixed,real,1085,13281538206002830254,0,2045,2,8170,0.000,3,24598,13.556,88,720896,0.000,0,0,0.000,67.645
mixed,real,1086,13281538206002830254,0,2044,1,2023,0.000,4,32793,23.188,102,835584,0.000,0,0,0.000,50.301
mixed,real,1087,13281538206002830254,0,2044,1,4067,0.000,4,32797,23.188,123,1007616,0.000,0,0,0.000,50.584
mixed,real,1088,13281538206002830254,0,2044,1,6111,0.000,4,32801,23.188,122,999424,0.000,0,0,0.000,51.148
mixed,real,1089,13281538206002830254,0,2044,2,8155,0.000,4,32805,23.188,122,999424,0.000,0,0,0.000,50.690
mixed,real,1090,13281538206002830254,0,2043,1,2007,0.000,5,41001,35.360,122,999424,0.000,0,0,0.000,51.420
mixed,real,1091,13281538206002830254,0,2043,1,4050,0.000,5,41006,35.360,122,999424,0.000,0,0,0.000,52.674
mixed,real,1092,13281538206002830254,0,2043,1,6093,0.000,5,41011,35.360,121,991232,0.000,0,0,0.000,55.287
mixed,real,1093,13281538206002830254,0,2043,2,8136,0.000,5,41016,35.360,121,991232,0.000,0,0,0.000,50.543
mixed,real,1094,13281538206002830254,0,2042,1,1987,0.000,6,49213,50.139,121,991232,0.000,0,0,0.000,50.498
mixed,real,1095,13281538206002830254,0,2042,1,4029,0.000,6,49219,50.139,121,991232,0.000,0,0,0.000,50.895
mixed,real,1096,13281538206002830254,0,2042,1,6071,0.000,6,49225,50.139,120,983040,0.000,0,0,0.000,53.928
mixed,real,1097,13281538206002830254,0,2042,2,8113,0.000,6,49231,50.139,120,983040,0.000,0,0,0.000,50.556
mixed,real,1098,13281538206002830254,0,2041,1,1963,0.000,7,57429,67.551,120,983040,0.000,0,0,0.000,50.483
mixed,real,1099,13281538206002830254,0,2041,1,4004,0.000,7,57436,67.551,120,983040,0.000,0,0,0.000,50.650
mixed,real,1100,13281538206002830254,0,2041,1,6045,0.000,7,57443,67.551,119,974848,0.000,0,0,0.000,54.188
mixed,real,1101,13281538206002830254,0,2041,2,8086,0.000,7,57450,67.551,119,974848,0.000,0,0,0.000,51.186
mixed,real,1102,13281538206002830254,0,2040,1,1935,0.000,8,65649,87.609,119,974848,0.000,0,0,0.000,52.307
mixed,real,1103,13281538206002830254,0,2040,1,3975,0.000,8,65657,87.609,119,974848,0.000,0,0,0.000,50.765
mixed,real,1104,13281538206002830254,0,2040,1,6015,0.000,8,65665,87.609,118,966656,0.000,0,0,0.000,54.213
mixed,real,1105,13281538206002830254,0,2040,2,8055,0.000,8,65673,87.609,118,966656,0.000,0,0,0.000,50.574
mixed,real,1106,13281538206002830254,0,2039,1,1903,0.000,9,73873,110.321,118,966656,0.000,0,0,0.000,50.475
mixed,real,1107,13281538206002830254,0,2039,1,3942,0.000,9,73882,110.321,118,966656,0.000,0,0,0.000,51.536
mixed,real,1108,13281538206002830254,0,2039,1,5981,0.000,9,73891,110.321,117,958464,0.000,0,0,0.000,56.414
mixed,real,1109,13281538206002830254,0,2039,2,8020,0.000,9,73900,110.321,117,958464,0.000,0,0,0.000,50.856
mixed,real,1110,13281538206002830254,0,2038,1,1867,0.000,10,82101,135.690,117,958464,0.000,0,0,0.000,50.784
mixed,real,1111,13281538206002830254,0,2038,1,3905,0.000,10,82111,135.690,117,958464,0.000,0,0,0.000,50.906
mixed,real,1112,13281538206002830254,0,2038,1,5943,0.000,10,82121,135.690,116,950272,0.000,0,0,0.000,54.790
mixed,real,1113,13281538206002830254,0,2038,2,7981,0.000,10,82131,135.690,116,950272,0.000,0,0,0.000,50.754
mixed,real,1114,13281538206002830254,0,2037,1,1827,0.000,11,90333,163.719,116,950272,0.000,0,0,0.000,51.663
mixed,real,1115,13281538206002830254,0,2037,1,3864,0.000,11,90344,163.719,116,950272,0.000,0,0,0.000,52.820
mixed,real,1116,13281538206002830254,0,2037,1,5901,0.000,11,90355,163.719,115,942080,0.000,0,0,0.000,55.369
mixed,real,1117,13281538206002830254,0,2037,2,7938,0.000,11,90366,163.719,115,942080,0.000,0,0,0.000,50.517
mixed,real,1118,13281538206002830254,0,2036,1,1783,0.000,12,98569,194.410,115,942080,0.000,0,0,0.000,50.495
mixed,real,1119,13281538206002830254,0,2036,1,3819,0.000,12,98581,194.410,115,942080,0.000,0,0,0.000,50.922
mixed,real,1120,13281538206002830254,0,2036,1,5855,0.000,12,98593,194.410,114,933888,0.000,0,0,0.000,54.580
mixed,real,1121,13281538206002830254,0,2036,2,7891,0.000,12,98605,194.410,114,933888,0.000,0,0,0.000,50.511
mixed,real,1122,13281538206002830254,0,2035,1,1735,0.000,13,106809,227.763,114,933888,0.000,0,0,0.000,50.883
mixed,real,1123,13281538206002830254,0,2035,1,3770,0.000,13,106822,227.763,114,933888,0.000,0,0,0.000,51.433
mixed,real,1124,13281538206002830254,0,2035,1,5805,0.000,13,106835,227.763,113,925696,0.000,0,0,0.000,56.109
mixed,real,1125,13281538206002830254,0,2035,2,7840,0.000,13,106848,227.763,113,925696,0.000,0,0,0.000,51.308
mixed,real,1126,13281538206002830254,0,2034,1,1683,0.000,14,115053,263.781,113,925696,0.000,0,0,0.000,52.531
mixed,real,1127,13281538206002830254,0,2034,1,3717,0.000,14,115067,263.781,113,925696,0.000,0,0,0.000,51.657
mixed,real,1128,13281538206002830254,0,2034,1,5751,0.000,14,115081,263.781,112,917504,0.000,0,0,0.000,56.241
mixed,real,1129,13281538206002830254,0,2034,2,7785,0.000,14,115095,263.781,112,917504,0.000,0,0,0.000,47.862
mixed,real,1130,13281538206002830254,0,2033,1,1627,0.000,15,123301,302.462,112,917504,0.000,0,0,0.000,50.814
mixed,real,1131,13281538206002830254,0,2033,1,3660,0.000,15,123316,302.462,112,917504,0.000,0,0,0.000,51.751
mixed,real,1132,13281538206002830254,0,2033,1,5693,0.000,15,123331,302.462,111,909312,0.000,0,0,0.000,56.097
mixed,real,1133,13281538206002830254,0,2033,2,7726,0.000,15,123346,302.462,111,909312,0.000,0,0,0.000,50.160
mixed,real,1134,13281538206002830254,0,2032,1,1567,0.000,16,131553,343.809,111,909312,0.000,0,0,0.000,53.197
mixed,real,1135,13281538206002830254,0,2032,1,3599,0.000,16,131569,343.809,111,909312,0.000,0,0,0.000,50.973
mixed,real,1136,13281538206002830254,0,2032,1,5631,0.000,16,131585,343.809,110,901120,0.000,0,0,0.000,53.929
mixed,real,1137,13281538206002830254,0,2032,2,7663,0.000,16,131601,343.809,110,901120,0.000,0,0,0.000,47.950
mixed,real,1138,13281538206002830254,0,2031,1,1503,0.000,17,139809,387.820,110,901120,0.000,0,0,0.000,50.519
mixed,real,1139,13281538206002830254,0,2031,1,3534,0.000,17,139826,387.820,110,901120,0.000,0,0,0.000,50.977
mixed,real,1140,13281538206002830254,0,2031,1,5565,0.000,17,139843,387.820,109,892928,0.000,0,0,0.000,54.247
mixed,real,1141,13281538206002830254,0,2031,2,7596,0.000,17,139860,387.820,109,892928,0.000,0,0,0.000,48.123
mixed,real,1142,13281538206002830254,0,2030,1,1435,0.000,18,148069,434.497,109,892928,0.000,0,0,0.000,50.674
mixed,real,1143,13281538206002830254,0,2030,1,3465,0.000,18,148087,434.497,109,892928,0.000,0,0,0.000,51.373
mixed,real,1144,13281538206002830254,0,2030,1,5495,0.000,18,148105,434.497,108,884736,0.000,0,0,0.000,56.297
mixed,real,1145,13281538206002830254,0,2030,2,7525,0.000,18,148123,434.497,108,884736,0.000,0,0,0.000,48.975
mixed,real,1146,13281538206002830254,0,2029,1,1363,0.000,19,156333,483.839,108,884736,0.000,0,0,0.000,50.695
mixed,real,1147,13281538206002830254,0,2029,1,3392,0.000,19,156352,483.839,108,884736,0.000,0,0,0.000,51.068
mixed,real,1148,13281538206002830254,0,2029,1,5421,0.000,19,156371,483.839,107,876544,0.000,0,0,0.000,54.186
mixed,real,1149,13281538206002830254,0,2029,2,7450,0.000,19,156390,483.839,107,876544,0.000,0,0,0.000,49.347
mixed,real,1150,13281538206002830254,0,2028,1,1287,0.000,20,164601,535.848,107,876544,0.000,0,0,0.000,50.670
mixed,real,1151,13281538206002830254,0,2028,1,3315,0.000,20,164621,535.848,107,876544,0.000,0,0,0.000,51.674
mixed,real,1152,13281538206002830254,0,2028,1,5343,0.000,20,164641,535.848,106,868352,0.000,0,0,0.000,54.341
mixed,real,1153,13281538206002830254,0,2028,2,7371,0.000,20,164661,535.848,106,868352,0.000,0,0,0.000,52.310
mixed,real,1154,13281538206002830254,0,2027,1,1207,0.000,21,172873,590.522,106,868352,0.000,0,0,0.000,53.174
mixed,real,1155,13281538206002830254,0,2027,1,3234,0.000,21,172894,590.522,106,868352,0.000,0,0,0.000,54.394
mixed,real,1156,13281538206002830254,0,2027,1,5261,0.000,21,172915,590.522,105,860160,0.000,0,0,0.000,54.343
mixed,real,1157,13281538206002830254,0,2027,2,7288,0.000,21,172936,590.522,105,860160,0.000,0,0,0.000,51.727
mixed,real,1158,13281538206002830254,0,2026,1,1123,0.000,22,181149,647.862,105,860160,0.000,0,0,0.000,52.392
mixed,real,1159,13281538206002830254,0,2026,1,3149,0.000,22,181171,647.862,105,860160,0.000,0,0,0.000,53.244
mixed,real,1160,13281538206002830254,0,2026,1,5175,0.000,22,181193,647.862,104,851968,0.000,0,0,0.000,55.217
mixed,real,1161,13281538206002830254,0,2026,2,7201,0.000,22,181215,647.862,104,851968,0.000,0,0,0.000,52.504
mixed,real,1162,13281538206002830254,0,2025,1,1035,0.000,23,189429,707.868,104,851968,0.000,0,0,0.000,52.302
mixed,real,1163,13281538206002830254,0,2025,1,3060,0.000,23,189452,707.868,104,851968,0.000,0,0,0.000,53.211
mixed,real,1164,13281538206002830254,0,2025,1,5085,0.000,23,189475,707.868,103,843776,0.000,0,0,0.000,53.616
mixed,real,1165,13281538206002830254,0,2025,2,7110,0.000,23,189498,707.868,103,843776,0.000,0,0,0.000,53.686
mixed,real,1166,13281538206002830254,0,2024,1,943,0.000,24,197713,770.540,103,843776,0.000,0,0,0.000,53.760
mixed,real,1167,13281538206002830254,0,2024,1,2967,0.000,24,197737,770.540,103,843776,0.000,0,0,0.000,52.650
mixed,real,1168,13281538206002830254,0,2024,1,4991,0.000,24,197761,770.540,102,835584,0.000,0,0,0.000,54.456
mixed,real,1169,13281538206002830254,0,2024,2,7015,0.000,24,197785,770.540,102,835584,0.000,0,0,0.000,53.345
mixed,real,1170,13281538206002830254,0,2023,1,847,0.000,25,206001,835.878,102,835584,0.000,0,0,0.000,52.957
mixed,real,1171,13281538206002830254,0,2023,1,2870,0.000,25,206026,835.878,102,835584,0.000,0,0,0.000,52.836
mixed,real,1172,13281538206002830254,0,2023,1,4893,0.000,25,206051,835.878,101,827392,0.000,0,0,0.000,54.641
mixed,real,1173,13281538206002830254,0,2023,2,6916,0.000,25,206076,835.878,101,827392,0.000,0,0,0.000,52.633
mixed,real,1174,13281538206002830254,0,2022,1,747,0.000,26,214293,903.883,101,827392,0.000,0,0,0.000,52.183
mixed,real,1175,13281538206002830254,0,2022,1,2769,0.000,26,214319,903.883,101,827392,0.000,0,0,0.000,52.176
mixed,real,1176,13281538206002830254,0,2022,1,4791,0.000,26,214345,903.883,100,819200,0.000,0,0,0.000,54.051
mixed,real,1177,13281538206002830254,0,2022,2,6813,0.000,26,214371,903.883,100,819200,0.000,0,0,0.000,52.997
mixed,real,1178,13281538206002830254,0,2021,1,643,0.000,27,222589,974.554,100,819200,0.000,0,0,0.000,51.873
mixed,real,1179,13281538206002830254,0,2021,1,2664,0.000,27,222616,974.554,100,819200,0.000,0,0,0.000,51.646
mixed,real,1180,13281538206002830254,0,2021,1,4685,0.000,27,222643,974.554,99,811008,0.000,0,0,0.000,54.180
mixed,real,1181,13281538206002830254,0,2021,2,6706,0.000,27,222670,974.554,99,811008,0.000,0,0,0.000,52.953
mixed,real,1182,13281538206002830254,0,2020,1,535,0.000,28,230889,1047.892,99,811008,0.000,0,0,0.000,52.712
mixed,real,1183,13281538206002830254,0,2020,1,2555,0.000,28,230917,1047.892,99,811008,0.000,0,0,0.000,52.494
mixed,real,1184,13281538206002830254,0,2020,1,4575,0.000,28,230945,1047.892,98,802816,0.000,0,0,0.000,53.921
mixed,real,1185,13281538206002830254,0,2020,2,6595,0.000,28,230973,1047.892,98,802816,0.000,0,0,0.000,52.735
mixed,real,1186,13281538206002830254,0,2019,1,423,0.000,29,239193,1123.895,98,802816,0.000,0,0,0.000,52.629
mixed,real,1187,13281538206002830254,0,2019,1,2442,0.000,29,239222,1123.895,98,802816,0.000,0,0,0.000,52.770
mixed,real,1188,13281538206002830254,0,2019,1,4461,0.000,29,239251,1123.895,97,794624,0.000,0,0,0.000,54.888
mixed,real,1189,13281538206002830254,0,2019,2,6480,0.000,29,239280,1123.895,97,794624,0.000,0,0,0.000,55.333
mixed,real,1190,13281538206002830254,0,2018,1,307,0.000,30,247501,1202.566,97,794624,0.000,0,0,0.000,50.585
mixed,real,1191,13281538206002830254,0,2018,1,2325,0.000,30,247531,1202.566,97,794624,0.000,0,0,0.000,50.965
mixed,real,1192,13281538206002830254,0,2018,1,4343,0.000,30,247561,1202.566,96,786432,0.000,0,0,0.000,52.967
mixed,real,1193,13281538206002830254,0,2018,2,6361,0.000,30,247591,1202.566,96,786432,0.000,0,0,0.000,55.716
mixed,real,1194,13281538206002830254,0,2017,1,187,0.000,31,255813,1283.902,96,786432,0.000,0,0,0.000,50.576
mixed,real,1195,13281538206002830254,0,2017,1,2204,0.000,31,255844,1283.902,96,786432,0.000,0,0,0.000,50.740
mixed,real,1196,13281538206002830254,0,2017,1,4221,0.000,31,255875,1283.902,95,778240,0.000,0,0,0.000,54.075
mixed,real,1197,13281538206002830254,0,2017,2,6238,0.000,31,255906,1283.902,95,778240,0.000,0,0,0.000,56.483
mixed,real,1198,13281538206002830254,0,2016,1,63,0.000,32,264129,1367.905,95,778240,0.000,0,0,0.000,53.879
mixed,real,1199,13281538206002830254,0,2016,1,2079,0.000,32,264161,1367.905,95,778240,0.000,0,0,0.000,51.060
mixed,real,1200,13281538206002830254,0,2016,1,4095,0.000,32,264193,1367.905,95,778240,0.000,0,0,0.000,52.901
mixed,real,1201,13281538206002830254,0,2016,1,6111,0.000,32,264225,1367.905,94,770048,0.000,0,0,0.000,55.473
mixed,real,1202,13281538206002830254,0,2016,2,8127,0.000,32,264257,1367.905,94,770048,0.000,0,0,0.000,50.799
mixed,real,1203,13281538206002830254,0,2015,1,1951,0.000,33,272481,1458.485,94,770048,0.000,0,0,0.000,51.631
mixed,real,1204,13281538206002830254,0,2015,1,3966,0.000,33,272514,1458.485,94,770048,0.000,0,0,0.000,53.852
mixed,real,1205,13281538206002830254,0,2015,1,5981,0.000,33,272547,1458.485,93,761856,0.000,0,0,0.000,55.262
mixed,real,1206,13281538206002830254,0,2015,2,7996,0.000,33,272580,1458.485,93,761856,0.000,0,0,0.000,50.893
mixed,real,1207,13281538206002830254,0,2014,1,1819,0.000,34,280805,1551.499,93,761856,0.000,0,0,0.000,51.285
mixed,real,1208,13281538206002830254,0,2014,1,3833,0.000,34,280839,1551.499,93,761856,0.000,0,0,0.000,53.118
mixed,real,1209,13281538206002830254,0,2014,1,5847,0.000,34,280873,1551.499,92,753664,0.000,0,0,0.000,56.092
mixed,real,1210,13281538206002830254,0,2014,2,7861,0.000,34,280907,1551.499,92,753664,0.000,0,0,0.000,50.878
mixed,real,1211,13281538206002830254,0,2013,1,1683,0.000,35,289133,1646.968,92,753664,0.000,0,0,0.000,51.435
mixed,real,1212,13281538206002830254,0,2013,1,3696,0.000,35,289168,1646.968,92,753664,0.000,0,0,0.000,53.074
mixed,real,1213,13281538206002830254,0,2013,1,5709,0.000,35,289203,1646.968,91,745472,0.000,0,0,0.000,56.074
mixed,real,1214,13281538206002830254,0,2013,2,7722,0.000,35,289238,1646.968,91,745472,0.000,0,0,0.000,49.837
mixed,real,1215,13281538206002830254,0,2012,1,1543,0.000,36,297465,1744.910,91,745472,0.000,0,0,0.000,51.211
mixed,real,1216,13281538206002830254,0,2012,1,3555,0.000,36,297501,1744.910,91,745472,0.000,0,0,0.000,53.135
mixed,real,1217,13281538206002830254,0,2012,1,5567,0.000,36,297537,1744.910,90,737280,0.000,0,0,0.000,55.458
mixed,real,1218,13281538206002830254,0,2012,2,7579,0.000,36,297573,1744.910,90,737280,0.000,0,0,0.000,53.584
mixed,real,1219,13281538206002830254,0,2011,1,1399,0.000,37,305801,1845.340,90,737280,0.000,0,0,0.000,52.880
mixed,real,1220,13281538206002830254,0,2011,1,3410,0.000,37,305838,1845.340,90,737280,0.000,0,0,0.000,53.203
mixed,real,1221,13281538206002830254,0,2011,1,5421,0.000,37,305875,1845.340,89,729088,0.000,0,0,0.000,55.270
mixed,real,1222,13281538206002830254,0,2011,2,7432,0.000,37,305912,1845.340,89,729088,0.000,0,0,0.000,52.554
mixed,real,1223,13281538206002830254,0,2010,1,1251,0.000,38,314141,1948.272,89,729088,0.000,0,0,0.000,52.474
mixed,real,1224,13281538206002830254,0,2010,1,3261,0.000,38,314179,1948.272,89,729088,0.000,0,0,0.000,52.627
mixed,real,1225,13281538206002830254,0,2010,1,5271,0.000,38,314217,1948.272,88,720896,0.000,0,0,0.000,55.600
mixed,real,1226,13281538206002830254,0,2010,2,7281,0.000,38,314255,1948.272,88,720896,0.000,0,0,0.000,53.365
mixed,real,1227,13281538206002830254,0,2009,1,1099,0.000,39,322485,2053.720,88,720896,0.000,0,0,0.000,52.823
mixed,real,1228,13281538206002830254,0,2009,1,3108,0.000,39,322524,2053.720,88,720896,0.000,0,0,0.000,53.164
mixed,real,1229,13281538206002830254,0,2009,1,5117,0.000,39,322563,2053.720,87,712704,0.000,0,0,0.000,54.522
mixed,real,1230,13281538206002830254,0,2009,2,7126,0.000,39,322602,2053.720,87,712704,0.000,0,0,0.000,54.089
mixed,real,1231,13281538206002830254,0,2008,1,943,0.000,40,330833,2161.694,87,712704,0.000,0,0,0.000,52.756
mixed,real,1232,13281538206002830254,0,2008,1,2951,0.000,40,330873,2161.694,87,712704,0.000,0,0,0.000,51.661
mixed,real,1233,13281538206002830254,0,2008,1,4959,0.000,40,330913,2161.694,86,704512,0.000,0,0,0.000,54.054
mixed,real,1234,13281538206002830254,0,2008,2,6967,0.000,40,330953,2161.694,86,704512,0.000,0,0,0.000,52.046
mixed,real,1235,13281538206002830254,0,2007,1,783,0.000,41,339185,2272.206,86,704512,0.000,0,0,0.000,53.359
mixed,real,1236,13281538206002830254,0,2007,1,2790,0.000,41,339226,2272.206,86,704512,0.000,0,0,0.000,52.490
mixed,real,1237,13281538206002830254,0,2007,1,4797,0.000,41,339267,2272.206,85,696320,0.000,0,0,0.000,55.123
mixed,real,1238,13281538206002830254,0,2007,2,6804,0.000,41,339308,2272.206,85,696320,0.000,0,0,0.000,52.713
mixed,real,1239,13281538206002830254,0,2006,1,619,0.000,42,347541,2385.264,85,696320,0.000,0,0,0.000,52.383
mixed,real,1240,13281538206002830254,0,2006,1,2625,0.000,42,347583,2385.264,85,696320,0.000,0,0,0.000,52.347
mixed,real,1241,13281538206002830254,0,2006,1,4631,0.000,42,347625,2385.264,84,688128,0.000,0,0,0.000,54.482
mixed,real,1242,13281538206002830254,0,2006,2,6637,0.000,42,347667,2385.264,84,688128,0.000,0,0,0.000,56.585
mixed,real,1243,13281538206002830254,0,2005,1,451,0.000,43,355901,2500.876,84,688128,0.000,0,0,0.000,50.836
mixed,real,1244,13281538206002830254,0,2005,1,2456,0.000,43,355944,2500.876,84,688128,0.000,0,0,0.000,53.006
mixed,real,1245,13281538206002830254,0,2005,1,4461,0.000,43,355987,2500.876,83,679936,0.000,0,0,0.000,53.853
mixed,real,1246,13281538206002830254,0,2005,2,6466,0.000,43,356030,2500.876,83,679936,0.000,0,0,0.000,55.859
mixed,real,1247,13281538206002830254,0,2004,1,279,0.000,44,364265,2619.051,83,679936,0.000,0,0,0.000,51.099
mixed,real,1248,13281538206002830254,0,2004,1,2283,0.000,44,364309,2619.051,83,679936,0.000,0,0,0.000,52.458
mixed,real,1249,13281538206002830254,0,2004,1,4287,0.000,44,364353,2619.051,82,671744,0.000,0,0,0.000,54.160
mixed,real,1250,13281538206002830254,0,2004,2,6291,0.000,44,364397,2619.051,82,671744,0.000,0,0,0.000,56.521
mixed,real,1251,13281538206002830254,0,2003,1,103,0.000,45,372633,2739.796,82,671744,0.000,0,0,0.000,52.032
mixed,real,1252,13281538206002830254,0,2003,1,2106,0.000,45,372678,2739.796,82,671744,0.000,0,0,0.000,53.182
mixed,real,1253,13281538206002830254,0,2003,1,4109,0.000,45,372723,2739.796,82,671744,0.000,0,0,0.000,54.254
mixed,real,1254,13281538206002830254,0,2003,1,6112,0.000,45,372768,2739.796,81,663552,0.000,0,0,0.000,56.522
mixed,real,1255,13281538206002830254,0,2003,2,8115,0.000,45,372813,2739.796,81,663552,0.000,0,0,0.000,51.272
mixed,real,1256,13281538206002830254,0,2002,1,1926,0.000,46,381050,2867.081,81,663552,0.000,0,0,0.000,52.390
mixed,real,1257,13281538206002830254,0,2002,1,3928,0.000,46,381096,2867.081,81,663552,0.000,0,0,0.000,54.085
mixed,real,1258,13281538206002830254,0,2002,1,5930,0.000,46,381142,2867.081,80,655360,0.000,0,0,0.000,56.857
mixed,real,1259,13281538206002830254,0,2002,2,7932,0.000,46,381188,2867.081,80,655360,0.000,0,0,0.000,51.694
mixed,real,1260,13281538206002830254,0,2001,1,1742,0.000,47,389426,2996.778,80,655360,0.000,0,0,0.000,52.796
mixed,real,1261,13281538206002830254,0,2001,1,3743,0.000,47,389473,2996.778,80,655360,0.000,0,0,0.000,53.381
mixed,real,1262,13281538206002830254,0,2001,1,5744,0.000,47,389520,2996.778,79,647168,0.000,0,0,0.000,57.057
mixed,real,1263,13281538206002830254,0,2001,2,7745,0.000,47,389567,2996.778,79,647168,0.000,0,0,0.000,54.268
mixed,real,1264,13281538206002830254,0,2000,1,1554,0.000,48,397806,3128.901,79,647168,0.000,0,0,0.000,55.390
mixed,real,1265,13281538206002830254,0,2000,1,3554,0.000,48,397854,3128.901,79,647168,0.000,0,0,0.000,53.621
mixed,real,1266,13281538206002830254,0,2000,1,5554,0.000,48,397902,3128.901,78,638976,0.000,0,0,0.000,55.422
mixed,real,1267,13281538206002830254,0,2000,2,7554,0.000,48,397950,3128.901,78,638976,0.000,0,0,0.000,54.029
mixed,real,1268,13281538206002830254,0,1999,1,1362,0.000,49,406190,3263.466,78,638976,0.000,0,0,0.000,53.159
mixed,real,1269,13281538206002830254,0,1999,1,3361,0.000,49,406239,3263.466,78,638976,0.000,0,0,0.000,53.263
mixed,real,1270,13281538206002830254,0,1999,1,5360,0.000,49,406288,3263.466,77,630784,0.000,0,0,0.000,55.362
mixed,real,1271,13281538206002830254,0,1999,2,7359,0.000,49,406337,3263.466,77,630784,0.000,0,0,0.000,52.990
mixed,real,1272,13281538206002830254,0,1998,1,1166,0.000,50,414578,3400.486,77,630784,0.000,0,0,0.000,52.510
mixed,real,1273,13281538206002830254,0,1998,1,3164,0.000,50,414628,3400.486,77,630784,0.000,0,0,0.000,53.276
mixed,real,1274,13281538206002830254,0,1998,1,5162,0.000,50,414678,3400.486,76,622592,0.000,0,0,0.000,56.126
mixed,real,1275,13281538206002830254,0,1998,2,7160,0.000,50,414728,3400.486,76,622592,0.000,0,0,0.000,53.073
mixed,real,1276,13281538206002830254,0,1997,1,966,0.000,51,422970,3539.975,76,622592,0.000,0,0,0.000,52.670
mixed,real,1277,13281538206002830254,0,1997,1,2963,0.000,51,423021,3539.975,76,622592,0.000,0,0,0.000,52.871
mixed,real,1278,13281538206002830254,0,1997,1,4960,0.000,51,423072,3539.975,75,614400,0.000,0,0,0.000,56.063
mixed,real,1279,13281538206002830254,0,1997,2,6957,0.000,51,423123,3539.975,75,614400,0.000,0,0,0.000,52.938
mixed,real,1280,13281538206002830254,0,1996,1,762,0.000,52,431366,3681.942,75,614400,0.000,0,0,0.000,53.229
mixed,real,1281,13281538206002830254,0,1996,1,2758,0.000,52,431418,3681.942,75,614400,0.000,0,0,0.000,53.284
mixed,real,1282,13281538206002830254,0,1996,1,4754,0.000,52,431470,3681.942,74,606208,0.000,0,0,0.000,55.027
mixed,real,1283,13281538206002830254,0,1996,2,6750,0.000,52,431522,3681.942,74,606208,0.000,0,0,0.000,57.124
mixed,real,1284,13281538206002830254,0,1995,1,554,0.000,53,439766,3826.400,74,606208,0.000,0,0,0.000,52.019
mixed,real,1285,13281538206002830254,0,1995,1,2549,0.000,53,439819,3826.400,74,606208,0.000,0,0,0.000,52.897
mixed,real,1286,13281538206002830254,0,1995,1,4544,0.000,53,439872,3826.400,73,598016,0.000,0,0,0.000,56.226
mixed,real,1287,13281538206002830254,0,1995,2,6539,0.000,53,439925,3826.400,73,598016,0.000,0,0,0.000,57.076
mixed,real,1288,13281538206002830254,0,1994,1,342,0.000,54,448170,3973.358,73,598016,0.000,0,0,0.000,52.225
mixed,real,1289,13281538206002830254,0,1994,1,2336,0.000,54,448224,3973.358,73,598016,0.000,0,0,0.000,52.889
mixed,real,1290,13281538206002830254,0,1994,1,4330,0.000,54,448278,3973.358,72,589824,0.000,0,0,0.000,54.046
mixed,real,1291,13281538206002830254,0,1994,2,6324,0.000,54,448332,3973.358,72,589824,0.000,0,0,0.000,56.751
mixed,real,1292,13281538206002830254,0,1993,1,126,0.000,55,456578,4122.825,72,589824,0.000,0,0,0.000,52.444
mixed,real,1293,13281538206002830254,0,1993,1,2119,0.000,55,456633,4122.825,72,589824,0.000,0,0,0.000,53.466
mixed,real,1294,13281538206002830254,0,1993,1,4112,0.000,55,456688,4122.825,72,589824,0.000,0,0,0.000,55.644
mixed,real,1295,13281538206002830254,0,1993,1,6105,0.000,55,456743,4122.825,71,581632,0.000,0,0,0.000,56.190
mixed,real,1296,13281538206002830254,0,1993,2,8098,0.000,55,456798,4122.825,71,581632,0.000,0,0,0.000,52.687
mixed,real,1297,13281538206002830254,0,1992,1,1899,0.000,56,465045,4278.806,71,581632,0.000,0,0,0.000,53.289
mixed,real,1298,13281538206002830254,0,1992,1,3891,0.000,56,465101,4278.806,71,581632,0.000,0,0,0.000,53.582
mixed,real,1299,13281538206002830254,0,1992,1,5883,0.000,56,465157,4278.806,70,573440,0.000,0,0,0.000,56.496
mixed,real,1300,13281538206002830254,0,1992,2,7875,0.000,56,465213,4278.806,70,573440,0.000,0,0,0.000,53.399
mixed,real,1301,13281538206002830254,0,1991,1,1675,0.000,57,473461,4437.170,70,573440,0.000,0,0,0.000,53.659
mixed,real,1302,13281538206002830254,0,1991,1,3666,0.000,57,473518,4437.170,70,573440,0.000,0,0,0.000,53.487
mixed,real,1303,13281538206002830254,0,1991,1,5657,0.000,57,473575,4437.170,69,565248,0.000,0,0,0.000,56.729
mixed,real,1304,13281538206002830254,0,1991,2,7648,0.000,57,473632,4437.170,69,565248,0.000,0,0,0.000,53.540
mixed,real,1305,13281538206002830254,0,1990,1,1447,0.000,58,481881,4597.931,69,565248,0.000,0,0,0.000,53.054
mixed,real,1306,13281538206002830254,0,1990,1,3437,0.000,58,481939,4597.931,69,565248,0.000,0,0,0.000,53.706
mixed,real,1307,13281538206002830254,0,1990,1,5427,0.000,58,481997,4597.931,68,557056,0.000,0,0,0.000,56.167
mixed,real,1308,13281538206002830254,0,1990,2,7417,0.000,58,482055,4597.931,68,557056,0.000,0,0,0.000,55.449
mixed,real,1309,13281538206002830254,0,1989,1,1215,0.000,59,490305,4761.105,68,557056,0.000,0,0,0.000,52.369
mixed,real,1310,13281538206002830254,0,1989,1,3204,0.000,59,490364,4761.105,68,557056,0.000,0,0,0.000,54.657
mixed,real,1311,13281538206002830254,0,1989,1,5193,0.000,59,490423,4761.105,67,548864,0.000,0,0,0.000,55.215
mixed,real,1312,13281538206002830254,0,1989,2,7182,0.000,59,490482,4761.105,67,548864,0.000,0,0,0.000,53.435
mixed,real,1313,13281538206002830254,0,1988,1,979,0.000,60,498733,4926.703,67,548864,0.000,0,0,0.000,53.097
mixed,real,1314,13281538206002830254,0,1988,1,2967,0.000,60,498793,4926.703,67,548864,0.000,0,0,0.000,53.220
mixed,real,1315,13281538206002830254,0,1988,1,4955,0.000,60,498853,4926.703,66,540672,0.000,0,0,0.000,55.365
mixed,real,1316,13281538206002830254,0,1988,2,6943,0.000,60,498913,4926.703,66,540672,0.000,0,0,0.000,57.440
mixed,real,1317,13281538206002830254,0,1987,1,739,0.000,61,507165,5094.738,66,540672,0.000,0,0,0.000,52.792
mixed,real,1318,13281538206002830254,0,1987,1,2726,0.000,61,507226,5094.738,66,540672,0.000,0,0,0.000,53.742
mixed,real,1319,13281538206002830254,0,1987,1,4713,0.000,61,507287,5094.738,65,532480,0.000,0,0,0.000,55.359
mixed,real,1320,13281538206002830254,0,1987,2,6700,0.000,61,507348,5094.738,65,532480,0.000,0,0,0.000,57.592
mixed,real,1321,13281538206002830254,0,1986,1,495,0.000,62,515601,5265.221,65,532480,0.000,0,0,0.000,51.987
mixed,real,1322,13281538206002830254,0,1986,1,2481,0.000,62,515663,5265.221,65,532480,0.000,0,0,0.000,52.930
mixed,real,1323,13281538206002830254,0,1986,1,4467,0.000,62,515725,5265.221,64,524288,0.000,0,0,0.000,54.924
mixed,real,1324,13281538206002830254,0,1986,2,6453,0.000,62,515787,5265.221,64,524288,0.000,0,0,0.000,56.917
mixed,real,1325,13281538206002830254,0,1985,1,247,0.000,63,524041,5438.162,64,524288,0.000,0,0,0.000,52.723
mixed,real,1326,13281538206002830254,0,1985,1,2232,0.000,63,524104,5438.162,64,524288,0.000,0,0,0.000,52.551
mixed,real,1327,13281538206002830254,0,1985,1,4217,0.000,63,524167,5438.162,64,524288,0.000,0,0,0.000,54.558
mixed,real,1328,13281538206002830254,0,1985,1,6202,0.000,63,524230,5438.162,63,516096,0.000,0,0,0.000,56.960
mixed,real,1329,13281538206002830254,0,1985,2,8187,0.000,63,524293,5438.162,63,516096,0.000,0,0,0.000,53.048
mixed,real,1330,13281538206002830254,0,1984,1,1980,0.000,64,532548,5617.590,63,516096,0.000,0,0,0.000,55.023
mixed,real,1331,13281538206002830254,0,1984,1,3964,0.000,64,532612,5617.590,63,516096,0.000,0,0,0.000,54.333
mixed,real,1332,13281538206002830254,0,1984,1,5948,0.000,64,532676,5617.590,62,507904,0.000,0,0,0.000,57.113
mixed,real,1333,13281538206002830254,0,1984,2,7932,0.000,64,532740,5617.590,62,507904,0.000,0,0,0.000,52.726
mixed,real,1334,13281538206002830254,0,1983,1,1724,0.000,65,540996,5799.369,62,507904,0.000,0,0,0.000,52.581
mixed,real,1335,13281538206002830254,0,1983,1,3707,0.000,65,541061,5799.369,62,507904,0.000,0,0,0.000,55.134
mixed,real,1336,13281538206002830254,0,1983,1,5690,0.000,65,541126,5799.369,61,499712,0.000,0,0,0.000,56.549
mixed,real,1337,13281538206002830254,0,1983,2,7673,0.000,65,541191,5799.369,61,499712,0.000,0,0,0.000,54.389
mixed,real,1338,13281538206002830254,0,1982,1,1464,0.000,66,549448,5983.514,61,499712,0.000,0,0,0.000,53.216
mixed,real,1339,13281538206002830254,0,1982,1,3446,0.000,66,549514,5983.514,61,499712,0.000,0,0,0.000,52.913
mixed,real,1340,13281538206002830254,0,1982,1,5428,0.000,66,549580,5983.514,60,491520,0.000,0,0,0.000,56.446
mixed,real,1341,13281538206002830254,0,1982,2,7410,0.000,66,549646,5983.514,60,491520,0.000,0,0,0.000,53.822
mixed,real,1342,13281538206002830254,0,1981,1,1200,0.000,67,557904,6170.039,60,491520,0.000,0,0,0.000,52.990
mixed,real,1343,13281538206002830254,0,1981,1,3181,0.000,67,557971,6170.039,60,491520,0.000,0,0,0.000,54.162
mixed,real,1344,13281538206002830254,0,1981,1,5162,0.000,67,558038,6170.039,59,483328,0.000,0,0,0.000,55.789
mixed,real,1345,13281538206002830254,0,1981,2,7143,0.000,67,558105,6170.039,59,483328,0.000,0,0,0.000,57.649
mixed,real,1346,13281538206002830254,0,1980,1,932,0.000,68,566364,6358.957,59,483328,0.000,0,0,0.000,52.916
mixed,real,1347,13281538206002830254,0,1980,1,2912,0.000,68,566432,6358.957,59,483328,0.000,0,0,0.000,53.425
mixed,real,1348,13281538206002830254,0,1980,1,4892,0.000,68,566500,6358.957,58,475136,0.000,0,0,0.000,55.823
mixed,real,1349,13281538206002830254,0,1980,2,6872,0.000,68,566568,6358.957,58,475136,0.000,0,0,0.000,58.096
mixed,real,1350,13281538206002830254,0,1979,1,660,0.000,69,574828,6550.279,58,475136,0.000,0,0,0.000,52.756
mixed,real,1351,13281538206002830254,0,1979,1,2639,0.000,69,574897,6550.279,58,475136,0.000,0,0,0.000,53.511
mixed,real,1352,13281538206002830254,0,1979,1,4618,0.000,69,574966,6550.279,57,466944,0.000,0,0,0.000,56.538
mixed,real,1353,13281538206002830254,0,1979,2,6597,0.000,69,575035,6550.279,57,466944,0.000,0,0,0.000,57.815
mixed,real,1354,13281538206002830254,0,1978,1,384,0.000,70,583296,6744.017,57,466944,0.000,0,0,0.000,52.559
mixed,real,1355,13281538206002830254,0,1978,1,2362,0.000,70,583366,6744.017,57,466944,0.000,0,0,0.000,53.297
mixed,real,1356,13281538206002830254,0,1978,1,4340,0.000,70,583436,6744.017,56,458752,0.000,0,0,0.000,55.061
mixed,real,1357,13281538206002830254,0,1978,2,6318,0.000,70,583506,6744.017,56,458752,0.000,0,0,0.000,57.501
mixed,real,1358,13281538206002830254,0,1977,1,104,0.000,71,591768,6940.182,56,458752,0.000,0,0,0.000,53.526
mixed,real,1359,13281538206002830254,0,1977,1,2081,0.000,71,591839,6940.182,56,458752,0.000,0,0,0.000,53.994
mixed,real,1360,13281538206002830254,0,1977,1,4058,0.000,71,591910,6940.182,56,458752,0.000,0,0,0.000,56.847
mixed,real,1361,13281538206002830254,0,1977,1,6035,0.000,71,591981,6940.182,55,450560,0.000,0,0,0.000,57.098
mixed,real,1362,13281538206002830254,0,1977,2,8012,0.000,71,592052,6940.182,55,450560,0.000,0,0,0.000,54.976
mixed,real,1363,13281538206002830254,0,1976,1,1797,0.000,72,600315,7142.818,55,450560,0.000,0,0,0.000,55.210
mixed,real,1364,13281538206002830254,0,1976,1,3773,0.000,72,600387,7142.818,55,450560,0.000,0,0,0.000,55.325
mixed,real,1365,13281538206002830254,0,1976,1,5749,0.000,72,600459,7142.818,54,442368,0.000,0,0,0.000,56.666
mixed,real,1366,13281538206002830254,0,1976,2,7725,0.000,72,600531,7142.818,54,442368,0.000,0,0,0.000,56.880
mixed,real,1367,13281538206002830254,0,1975,1,1509,0.000,73,608795,7347.787,54,442368,0.000,0,0,0.000,52.530
mixed,real,1368,13281538206002830254,0,1975,1,3484,0.000,73,608868,7347.787,54,442368,0.000,0,0,0.000,56.415
mixed,real,1369,13281538206002830254,0,1975,1,5459,0.000,73,608941,7347.787,53,434176,0.000,0,0,0.000,56.721
mixed,real,1370,13281538206002830254,0,1975,2,7434,0.000,73,609014,7347.787,53,434176,0.000,0,0,0.000,53.721
mixed,real,1371,13281538206002830254,0,1974,1,1217,0.000,74,617279,7555.103,53,434176,0.000,0,0,0.000,52.858
mixed,real,1372,13281538206002830254,0,1974,1,3191,0.000,74,617353,7555.103,53,434176,0.000,0,0,0.000,55.248
mixed,real,1373,13281538206002830254,0,1974,1,5165,0.000,74,617427,7555.103,52,425984,0.000,0,0,0.000,56.495
mixed,real,1374,13281538206002830254,0,1974,2,7139,0.000,74,617501,7555.103,52,425984,0.000,0,0,0.000,57.898
mixed,real,1375,13281538206002830254,0,1973,1,921,0.000,75,625767,7764.780,52,425984,0.000,0,0,0.000,52.664
mixed,real,1376,13281538206002830254,0,1973,1,2894,0.000,75,625842,7764.780,52,425984,0.000,0,0,0.000,54.868
mixed,real,1377,13281538206002830254,0,1973,1,4867,0.000,75,625917,7764.780,51,417792,0.000,0,0,0.000,56.533
mixed,real,1378,13281538206002830254,0,1973,2,6840,0.000,75,625992,7764.780,51,417792,0.000,0,0,0.000,58.476
mixed,real,1379,13281538206002830254,0,1972,1,621,0.000,76,634259,7976.829,51,417792,0.000,0,0,0.000,52.889
mixed,real,1380,13281538206002830254,0,1972,1,2593,0.000,76,634335,7976.829,51,417792,0.000,0,0,0.000,54.323
mixed,real,1381,13281538206002830254,0,1972,1,4565,0.000,76,634411,7976.829,50,409600,0.000,0,0,0.000,56.215
mixed,real,1382,13281538206002830254,0,1972,2,6537,0.000,76,634487,7976.829,50,409600,0.000,0,0,0.000,58.126
mixed,real,1383,13281538206002830254,0,1971,1,317,0.000,77,642755,8191.262,50,409600,0.000,0,0,0.000,52.916
mixed,real,1384,13281538206002830254,0,1971,1,2288,0.000,77,642832,8191.262,50,409600,0.000,0,0,0.000,55.752
mixed,real,1385,13281538206002830254,0,1971,1,4259,0.000,77,642909,8191.262,49,401408,0.000,0,0,0.000,56.327
mixed,real,1386,13281538206002830254,0,1971,2,6230,0.000,77,642986,8191.262,49,401408,0.000,0,0,0.000,57.639
mixed,real,1387,13281538206002830254,0,1970,1,9,0.000,78,651255,8408.090,49,401408,0.000,0,0,0.000,54.107
mixed,real,1388,13281538206002830254,0,1970,1,1979,0.000,78,651333,8408.090,49,401408,0.000,0,0,0.000,52.993
mixed,real,1389,13281538206002830254,0,1970,1,3949,0.000,78,651411,8408.090,49,401408,0.000,0,0,0.000,56.228
mixed,real,1390,13281538206002830254,0,1970,1,5919,0.000,78,651489,8408.090,48,393216,0.000,0,0,0.000,57.333
mixed,real,1391,13281538206002830254,0,1970,2,7889,0.000,78,651567,8408.090,48,393216,0.000,0,0,0.000,54.136
mixed,real,1392,13281538206002830254,0,1969,1,1667,0.000,79,659837,8631.372,48,393216,0.000,0,0,0.000,53.487
mixed,real,1393,13281538206002830254,0,1969,1,3636,0.000,79,659916,8631.372,48,393216,0.000,0,0,0.000,56.469
mixed,real,1394,13281538206002830254,0,1969,1,5605,0.000,79,659995,8631.372,47,385024,0.000,0,0,0.000,57.396
mixed,real,1395,13281538206002830254,0,1969,2,7574,0.000,79,660074,8631.372,47,385024,0.000,0,0,0.000,54.497
mixed,real,1396,13281538206002830254,0,1968,1,1351,0.000,80,668345,8856.965,47,385024,0.000,0,0,0.000,54.791
mixed,real,1397,13281538206002830254,0,1968,1,3319,0.000,80,668425,8856.965,47,385024,0.000,0,0,0.000,56.218
mixed,real,1398,13281538206002830254,0,1968,1,5287,0.000,80,668505,8856.965,46,376832,0.000,0,0,0.000,57.120
mixed,real,1399,13281538206002830254,0,1968,2,7255,0.000,80,668585,8856.965,46,376832,0.000,0,0,0.000,58.312
mixed,real,1400,13281538206002830254,0,1967,1,1031,0.000,81,676857,9084.883,46,376832,0.000,0,0,0.000,53.575
mixed,real,1401,13281538206002830254,0,1967,1,2998,0.000,81,676938,9084.883,46,376832,0.000,0,0,0.000,56.855
mixed,real,1402,13281538206002830254,0,1967,1,4965,0.000,81,677019,9084.883,45,368640,0.000,0,0,0.000,57.006
mixed,real,1403,13281538206002830254,0,1967,2,6932,0.000,81,677100,9084.883,45,368640,0.000,0,0,0.000,58.392
mixed,real,1404,13281538206002830254,0,1966,1,707,0.000,82,685373,9315.140,45,368640,0.000,0,0,0.000,53.808
mixed,real,1405,13281538206002830254,0,1966,1,2673,0.000,82,685455,9315.140,45,368640,0.000,0,0,0.000,54.773
mixed,real,1406,13281538206002830254,0,1966,1,4639,0.000,82,685537,9315.140,44,360448,0.000,0,0,0.000,56.704
mixed,real,1407,13281538206002830254,0,1966,2,6605,0.000,82,685619,9315.140,44,360448,0.000,0,0,0.000,58.542
mixed,real,1408,13281538206002830254,0,1965,1,379,0.000,83,693893,9547.747,44,360448,0.000,0,0,0.000,53.422
mixed,real,1409,13281538206002830254,0,1965,1,2344,0.000,83,693976,9547.747,44,360448,0.000,0,0,0.000,54.206
mixed,real,1410,13281538206002830254,0,1965,1,4309,0.000,83,694059,9547.747,43,352256,0.000,0,0,0.000,56.522
mixed,real,1411,13281538206002830254,0,1965,2,6274,0.000,83,694142,9547.747,43,352256,0.000,0,0,0.000,58.054
mixed,real,1412,13281538206002830254,0,1964,1,47,0.000,84,702417,9782.715,43,352256,0.000,0,0,0.000,53.582
mixed,real,1413,13281538206002830254,0,1964,1,2011,0.000,84,702501,9782.715,43,352256,0.000,0,0,0.000,54.119
mixed,real,1414,13281538206002830254,0,1964,1,3975,0.000,84,702585,9782.715,43,352256,0.000,0,0,0.000,56.431
mixed,real,1415,13281538206002830254,0,1964,1,5939,0.000,84,702669,9782.715,42,344064,0.000,0,0,0.000,57.908
mixed,real,1416,13281538206002830254,0,1964,2,7903,0.000,84,702753,9782.715,42,344064,0.000,0,0,0.000,54.116
mixed,real,1417,13281538206002830254,0,1963,1,1675,0.000,85,711029,10024.115,42,344064,0.000,0,0,0.000,54.136
mixed,real,1418,13281538206002830254,0,1963,1,3638,0.000,85,711114,10024.115,42,344064,0.000,0,0,0.000,56.231
mixed,real,1419,13281538206002830254,0,1963,1,5601,0.000,85,711199,10024.115,41,335872,0.000,0,0,0.000,57.847
mixed,real,1420,13281538206002830254,0,1963,2,7564,0.000,85,711284,10024.115,41,335872,0.000,0,0,0.000,54.122
mixed,real,1421,13281538206002830254,0,1962,1,1335,0.000,86,719561,10267.802,41,335872,0.000,0,0,0.000,53.981
mixed,real,1422,13281538206002830254,0,1962,1,3297,0.000,86,719647,10267.802,41,335872,0.000,0,0,0.000,56.092
mixed,real,1423,13281538206002830254,0,1962,1,5259,0.000,86,719733,10267.802,40,327680,0.000,0,0,0.000,57.555
mixed,real,1424,13281538206002830254,0,1962,2,7221,0.000,86,719819,10267.802,40,327680,0.000,0,0,0.000,58.820
mixed,real,1425,13281538206002830254,0,1961,1,991,0.000,87,728097,10513.788,40,327680,0.000,0,0,0.000,53.869
mixed,real,1426,13281538206002830254,0,1961,1,2952,0.000,87,728184,10513.788,40,327680,0.000,0,0,0.000,55.913
mixed,real,1427,13281538206002830254,0,1961,1,4913,0.000,87,728271,10513.788,39,319488,0.000,0,0,0.000,57.340
mixed,real,1428,13281538206002830254,0,1961,2,6874,0.000,87,728358,10513.788,39,319488,0.000,0,0,0.000,59.919
mixed,real,1429,13281538206002830254,0,1960,1,643,0.000,88,736637,10762.087,39,319488,0.000,0,0,0.000,54.915
mixed,real,1430,13281538206002830254,0,1960,1,2603,0.000,88,736725,10762.087,39,319488,0.000,0,0,0.000,54.792
mixed,real,1431,13281538206002830254,0,1960,1,4563,0.000,88,736813,10762.087,38,311296,0.000,0,0,0.000,57.156
mixed,real,1432,13281538206002830254,0,1960,2,6523,0.000,88,736901,10762.087,38,311296,0.000,0,0,0.000,59.290
mixed,real,1433,13281538206002830254,0,1959,1,291,0.000,89,745181,11012.709,38,311296,0.000,0,0,0.000,54.245
mixed,real,1434,13281538206002830254,0,1959,1,2250,0.000,89,745270,11012.709,38,311296,0.000,0,0,0.000,55.491
mixed,real,1435,13281538206002830254,0,1959,1,4209,0.000,89,745359,11012.709,38,311296,0.000,0,0,0.000,57.159
mixed,real,1436,13281538206002830254,0,1959,1,6168,0.000,89,745448,11012.709,37,303104,0.000,0,0,0.000,58.377
mixed,real,1437,13281538206002830254,0,1959,2,8127,0.000,89,745537,11012.709,37,303104,0.000,0,0,0.000,54.195
mixed,real,1438,13281538206002830254,0,1958,1,1894,0.000,90,753818,11269.740,37,303104,0.000,0,0,0.000,53.974
mixed,real,1439,13281538206002830254,0,1958,1,3852,0.000,90,753908,11269.740,37,303104,0.000,0,0,0.000,56.768
mixed,real,1440,13281538206002830254,0,1958,1,5810,0.000,90,753998,11269.740,36,294912,0.000,0,0,0.000,58.267
mixed,real,1441,13281538206002830254,0,1958,2,7768,0.000,90,754088,11269.740,36,294912,0.000,0,0,0.000,54.134
mixed,real,1442,13281538206002830254,0,1957,1,1534,0.000,91,762370,11529.026,36,294912,0.000,0,0,0.000,54.298
mixed,real,1443,13281538206002830254,0,1957,1,3491,0.000,91,762461,11529.026,36,294912,0.000,0,0,0.000,57.387
mixed,real,1444,13281538206002830254,0,1957,1,5448,0.000,91,762552,11529.026,35,286720,0.000,0,0,0.000,58.585
mixed,real,1445,13281538206002830254,0,1957,2,7405,0.000,91,762643,11529.026,35,286720,0.000,0,0,0.000,59.814
mixed,real,1446,13281538206002830254,0,1956,1,1170,0.000,92,770926,11790.581,35,286720,0.000,0,0,0.000,54.000
mixed,real,1447,13281538206002830254,0,1956,1,3126,0.000,92,771018,11790.581,35,286720,0.000,0,0,0.000,57.119
mixed,real,1448,13281538206002830254,0,1956,1,5082,0.000,92,771110,11790.581,34,278528,0.000,0,0,0.000,58.137
mixed,real,1449,13281538206002830254,0,1956,2,7038,0.000,92,771202,11790.581,34,278528,0.000,0,0,0.000,59.386
mixed,real,1450,13281538206002830254,0,1955,1,802,0.000,93,779486,12054.417,34,278528,0.000,0,0,0.000,54.648
mixed,real,1451,13281538206002830254,0,1955,1,2757,0.000,93,779579,12054.417,34,278528,0.000,0,0,0.000,55.096
mixed,real,1452,13281538206002830254,0,1955,1,4712,0.000,93,779672,12054.417,33,270336,0.000,0,0,0.000,57.666
mixed,real,1453,13281538206002830254,0,1955,2,6667,0.000,93,779765,12054.417,33,270336,0.000,0,0,0.000,59.292
mixed,real,1454,13281538206002830254,0,1954,1,430,0.000,94,788050,12320.548,33,270336,0.000,0,0,0.000,53.979
mixed,real,1455,13281538206002830254,0,1954,1,2384,0.000,94,788144,12320.548,33,270336,0.000,0,0,0.000,55.449
mixed,real,1456,13281538206002830254,0,1954,1,4338,0.000,94,788238,12320.548,32,262144,0.000,0,0,0.000,57.252
mixed,real,1457,13281538206002830254,0,1954,2,6292,0.000,94,788332,12320.548,32,262144,0.000,0,0,0.000,58.876
mixed,real,1458,13281538206002830254,0,1953,1,54,0.000,95,796618,12588.985,32,262144,0.000,0,0,0.000,54.270
mixed,real,1459,13281538206002830254,0,1953,1,2007,0.000,95,796713,12588.985,32,262144,0.000,0,0,0.000,55.061
mixed,real,1460,13281538206002830254,0,1953,1,3960,0.000,95,796808,12588.985,32,262144,0.000,0,0,0.000,57.231
mixed,real,1461,13281538206002830254,0,1953,1,5913,0.000,95,796903,12588.985,31,253952,0.000,0,0,0.000,58.989
mixed,real,1462,13281538206002830254,0,1953,2,7866,0.000,95,796998,12588.985,31,253952,0.000,0,0,0.000,54.861
mixed,real,1463,13281538206002830254,0,1952,1,1627,0.000,96,805285,12863.820,31,253952,0.000,0,0,0.000,55.107
mixed,real,1464,13281538206002830254,0,1952,1,3579,0.000,96,805381,12863.820,31,253952,0.000,0,0,0.000,57.095
mixed,real,1465,13281538206002830254,0,1952,1,5531,0.000,96,805477,12863.820,30,245760,0.000,0,0,0.000,58.714
mixed,real,1466,13281538206002830254,0,1952,2,7483,0.000,96,805573,12863.820,30,245760,0.000,0,0,0.000,59.802
mixed,real,1467,13281538206002830254,0,1951,1,1243,0.000,97,813861,13140.898,30,245760,0.000,0,0,0.000,54.237
mixed,real,1468,13281538206002830254,0,1951,1,3194,0.000,97,813958,13140.898,30,245760,0.000,0,0,0.000,56.864
mixed,real,1469,13281538206002830254,0,1951,1,5145,0.000,97,814055,13140.898,29,237568,0.000,0,0,0.000,58.251
mixed,real,1470,13281538206002830254,0,1951,2,7096,0.000,97,814152,13140.898,29,237568,0.000,0,0,0.000,59.674
mixed,real,1471,13281538206002830254,0,1950,1,855,0.000,98,822441,13420.231,29,237568,0.000,0,0,0.000,54.504
mixed,real,1472,13281538206002830254,0,1950,1,2805,0.000,98,822539,13420.231,29,237568,0.000,0,0,0.000,56.157
mixed,real,1473,13281538206002830254,0,1950,1,4755,0.000,98,822637,13420.231,28,229376,0.000,0,0,0.000,57.801
mixed,real,1474,13281538206002830254,0,1950,2,6705,0.000,98,822735,13420.231,28,229376,0.000,0,0,0.000,59.941
mixed,real,1475,13281538206002830254,0,1949,1,463,0.000,99,831025,13701.832,28,229376,0.000,0,0,0.000,54.429
mixed,real,1476,13281538206002830254,0,1949,1,2412,0.000,99,831124,13701.832,28,229376,0.000,0,0,0.000,55.824
mixed,real,1477,13281538206002830254,0,1949,1,4361,0.000,99,831223,13701.832,27,221184,0.000,0,0,0.000,57.854
mixed,real,1478,13281538206002830254,0,1949,2,6310,0.000,99,831322,13701.832,27,221184,0.000,0,0,0.000,59.448
mixed,real,1479,13281538206002830254,0,1948,1,67,0.000,100,839613,13985.713,27,221184,0.000,0,0,0.000,54.608
mixed,real,1480,13281538206002830254,0,1948,1,2015,0.000,100,839713,13985.713,27,221184,0.000,0,0,0.000,55.765
mixed,real,1481,13281538206002830254,0,1948,1,3963,0.000,100,839813,13985.713,27,221184,0.000,0,0,0.000,57.794
mixed,real,1482,13281538206002830254,0,1948,1,5911,0.000,100,839913,13985.713,26,212992,0.000,0,0,0.000,59.482
mixed,real,1483,13281538206002830254,0,1948,2,7859,0.000,100,840013,13985.713,26,212992,0.000,0,0,0.000,55.318
mixed,real,1484,13281538206002830254,0,1947,1,1615,0.000,101,848305,14275.977,26,212992,0.000,0,0,0.000,55.569
mixed,real,1485,13281538206002830254,0,1947,1,3562,0.000,101,848406,14275.977,26,212992,0.000,0,0,0.000,57.628
mixed,real,1486,13281538206002830254,0,1947,1,5509,0.000,101,848507,14275.977,25,204800,0.000,0,0,0.000,59.194
mixed,real,1487,13281538206002830254,0,1947,2,7456,0.000,101,848608,14275.977,25,204800,0.000,0,0,0.000,60.298
mixed,real,1488,13281538206002830254,0,1946,1,1211,0.000,102,856901,14568.461,25,204800,0.000,0,0,0.000,54.855
mixed,real,1489,13281538206002830254,0,1946,1,3157,0.000,102,857003,14568.461,25,204800,0.000,0,0,0.000,57.314
mixed,real,1490,13281538206002830254,0,1946,1,5103,0.000,102,857105,14568.461,24,196608,0.000,0,0,0.000,58.766
mixed,real,1491,13281538206002830254,0,1946,2,7049,0.000,102,857207,14568.461,24,196608,0.000,0,0,0.000,60.643
mixed,real,1492,13281538206002830254,0,1945,1,803,0.000,103,865501,14863.178,24,196608,0.000,0,0,0.000,54.824
mixed,real,1493,13281538206002830254,0,1945,1,2748,0.000,103,865604,14863.178,24,196608,0.000,0,0,0.000,56.815
mixed,real,1494,13281538206002830254,0,1945,1,4693,0.000,103,865707,14863.178,23,188416,0.000,0,0,0.000,58.432
mixed,real,1495,13281538206002830254,0,1945,2,6638,0.000,103,865810,14863.178,23,188416,0.000,0,0,0.000,60.370
mixed,real,1496,13281538206002830254,0,1944,1,391,0.000,104,874105,15160.143,23,188416,0.000,0,0,0.000,54.910
mixed,real,1497,13281538206002830254,0,1944,1,2335,0.000,104,874209,15160.143,23,188416,0.000,0,0,0.000,56.392
mixed,real,1498,13281538206002830254,0,1944,1,4279,0.000,104,874313,15160.143,23,188416,0.000,0,0,0.000,58.332
mixed,real,1499,13281538206002830254,0,1944,1,6223,0.000,104,874417,15160.143,22,180224,0.000,0,0,0.000,60.022
mixed,real,1500,13281538206002830254,0,1944,2,8167,0.000,104,874521,15160.143,22,180224,0.000,0,0,0.000,55.545
mixed,real,1501,13281538206002830254,0,1943,1,1919,0.000,105,882817,15463.466,22,180224,0.000,0,0,0.000,56.539
mixed,real,1502,13281538206002830254,0,1943,1,3862,0.000,105,882922,15463.466,22,180224,0.000,0,0,0.000,58.200
mixed,real,1503,13281538206002830254,0,1943,1,5805,0.000,105,883027,15463.466,21,172032,0.000,0,0,0.000,60.134
mixed,real,1504,13281538206002830254,0,1943,2,7748,0.000,105,883132,15463.466,21,172032,0.000,0,0,0.000,60.789
mixed,real,1505,13281538206002830254,0,1942,1,1499,0.000,106,891429,15768.981,21,172032,0.000,0,0,0.000,55.686
mixed,real,1506,13281538206002830254,0,1942,1,3441,0.000,106,891535,15768.981,21,172032,0.000,0,0,0.000,57.808
mixed,real,1507,13281538206002830254,0,1942,1,5383,0.000,106,891641,15768.981,20,163840,0.000,0,0,0.000,59.560
mixed,real,1508,13281538206002830254,0,1942,2,7325,0.000,106,891747,15768.981,20,163840,0.000,0,0,0.000,60.959
mixed,real,1509,13281538206002830254,0,1941,1,1075,0.000,107,900045,16076.699,20,163840,0.000,0,0,0.000,55.134
mixed,real,1510,13281538206002830254,0,1941,1,3016,0.000,107,900152,16076.699,20,163840,0.000,0,0,0.000,57.560
mixed,real,1511,13281538206002830254,0,1941,1,4957,0.000,107,900259,16076.699,19,155648,0.000,0,0,0.000,59.071
mixed,real,1512,13281538206002830254,0,1941,2,6898,0.000,107,900366,16076.699,19,155648,0.000,0,0,0.000,60.924
mixed,real,1513,13281538206002830254,0,1940,1,647,0.000,108,908665,16386.635,19,155648,0.000,0,0,0.000,55.203
mixed,real,1514,13281538206002830254,0,1940,1,2587,0.000,108,908773,16386.635,19,155648,0.000,0,0,0.000,57.012
mixed,real,1515,13281538206002830254,0,1940,1,4527,0.000,108,908881,16386.635,18,147456,0.000,0,0,0.000,58.896
mixed,real,1516,13281538206002830254,0,1940,2,6467,0.000,108,908989,16386.635,18,147456,0.000,0,0,0.000,60.278
mixed,real,1517,13281538206002830254,0,1939,1,215,0.000,109,917289,16698.800,18,147456,0.000,0,0,0.000,55.521
mixed,real,1518,13281538206002830254,0,1939,1,2154,0.000,109,917398,16698.800,18,147456,0.000,0,0,0.000,56.817
mixed,real,1519,13281538206002830254,0,1939,1,4093,0.000,109,917507,16698.800,18,147456,0.000,0,0,0.000,58.981
mixed,real,1520,13281538206002830254,0,1939,1,6032,0.000,109,917616,16698.800,17,139264,0.000,0,0,0.000,60.309
mixed,real,1521,13281538206002830254,0,1939,2,7971,0.000,109,917725,16698.800,17,139264,0.000,0,0,0.000,55.930
mixed,real,1522,13281538206002830254,0,1938,1,1718,0.000,110,926026,17017.316,17,139264,0.000,0,0,0.000,56.747
mixed,real,1523,13281538206002830254,0,1938,1,3656,0.000,110,926136,17017.316,17,139264,0.000,0,0,0.000,58.464
mixed,real,1524,13281538206002830254,0,1938,1,5594,0.000,110,926246,17017.316,16,131072,0.000,0,0,0.000,60.209
mixed,real,1525,13281538206002830254,0,1938,2,7532,0.000,110,926356,17017.316,16,131072,0.000,0,0,0.000,61.386
mixed,real,1526,13281538206002830254,0,1937,1,1278,0.000,111,934658,17338.009,16,131072,0.000,0,0,0.000,55.959
mixed,real,1527,13281538206002830254,0,1937,1,3215,0.000,111,934769,17338.009,16,131072,0.000,0,0,0.000,58.086
mixed,real,1528,13281538206002830254,0,1937,1,5152,0.000,111,934880,17338.009,15,122880,0.000,0,0,0.000,59.909
mixed,real,1529,13281538206002830254,0,1937,2,7089,0.000,111,934991,17338.009,15,122880,0.000,0,0,0.000,62.217
mixed,real,1530,13281538206002830254,0,1936,1,834,0.000,112,943294,17660.893,15,122880,0.000,0,0,0.000,54.878
mixed,real,1531,13281538206002830254,0,1936,1,2770,0.000,112,943406,17660.893,15,122880,0.000,0,0,0.000,57.705
mixed,real,1532,13281538206002830254,0,1936,1,4706,0.000,112,943518,17660.893,14,114688,0.000,0,0,0.000,59.335
mixed,real,1533,13281538206002830254,0,1936,2,6642,0.000,112,943630,17660.893,14,114688,0.000,0,0,0.000,61.452
mixed,real,1534,13281538206002830254,0,1935,1,386,0.000,113,951934,17985.980,14,114688,0.000,0,0,0.000,55.873
mixed,real,1535,13281538206002830254,0,1935,1,2321,0.000,113,952047,17985.980,14,114688,0.000,0,0,0.000,57.485
mixed,real,1536,13281538206002830254,0,1935,1,4256,0.000,113,952160,17985.980,14,114688,0.000,0,0,0.000,59.202
mixed,real,1537,13281538206002830254,0,1935,1,6191,0.000,113,952273,17985.980,13,106496,0.000,0,0,0.000,60.827
mixed,real,1538,13281538206002830254,0,1935,2,8126,0.000,113,952386,17985.980,13,106496,0.000,0,0,0.000,56.376
mixed,real,1539,13281538206002830254,0,1934,1,1869,0.000,114,960691,18317.399,13,106496,0.000,0,0,0.000,57.246
mixed,real,1540,13281538206002830254,0,1934,1,3803,0.000,114,960805,18317.399,13,106496,0.000,0,0,0.000,59.059
mixed,real,1541,13281538206002830254,0,1934,1,5737,0.000,114,960919,18317.399,12,98304,0.000,0,0,0.000,60.928
mixed,real,1542,13281538206002830254,0,1934,2,7671,0.000,114,961033,18317.399,12,98304,0.000,0,0,0.000,62.013
mixed,real,1543,13281538206002830254,0,1933,1,1413,0.000,115,969339,18650.973,12,98304,0.000,0,0,0.000,56.544
mixed,real,1544,13281538206002830254,0,1933,1,3346,0.000,115,969454,18650.973,12,98304,0.000,0,0,0.000,58.595
mixed,real,1545,13281538206002830254,0,1933,1,5279,0.000,115,969569,18650.973,11,90112,0.000,0,0,0.000,60.410
mixed,real,1546,13281538206002830254,0,1933,2,7212,0.000,115,969684,18650.973,11,90112,0.000,0,0,0.000,62.083
mixed,real,1547,13281538206002830254,0,1932,1,953,0.000,116,977991,18986.714,11,90112,0.000,0,0,0.000,56.403
mixed,real,1548,13281538206002830254,0,1932,1,2885,0.000,116,978107,18986.714,11,90112,0.000,0,0,0.000,58.346
mixed,real,1549,13281538206002830254,0,1932,1,4817,0.000,116,978223,18986.714,10,81920,0.000,0,0,0.000,60.205
mixed,real,1550,13281538206002830254,0,1932,2,6749,0.000,116,978339,18986.714,10,81920,0.000,0,0,0.000,62.056
mixed,real,1551,13281538206002830254,0,1931,1,489,0.000,117,986647,19324.635,10,81920,0.000,0,0,0.000,56.290
mixed,real,1552,13281538206002830254,0,1931,1,2420,0.000,117,986764,19324.635,10,81920,0.000,0,0,0.000,58.168
mixed,real,1553,13281538206002830254,0,1931,1,4351,0.000,117,986881,19324.635,9,73728,0.000,0,0,0.000,59.960
mixed,real,1554,13281538206002830254,0,1931,2,6282,0.000,117,986998,19324.635,9,73728,0.000,0,0,0.000,62.073
mixed,real,1555,13281538206002830254,0,1930,1,21,0.000,118,995307,19664.750,9,73728,0.000,0,0,0.000,56.233
mixed,real,1556,13281538206002830254,0,1930,1,1951,0.000,118,995425,19664.750,9,73728,0.000,0,0,0.000,57.934
mixed,real,1557,13281538206002830254,0,1930,1,3881,0.000,118,995543,19664.750,9,73728,0.000,0,0,0.000,60.044
mixed,real,1558,13281538206002830254,0,1930,1,5811,0.000,118,995661,19664.750,8,65536,0.000,0,0,0.000,61.604
mixed,real,1559,13281538206002830254,0,1930,2,7741,0.000,118,995779,19664.750,8,65536,0.000,0,0,0.000,62.331
mixed,real,1560,13281538206002830254,0,1929,1,1479,0.000,119,1004089,20011.192,8,65536,0.000,0,0,0.000,57.441
mixed,real,1561,13281538206002830254,0,1929,1,3408,0.000,119,1004208,20011.192,8,65536,0.000,0,0,0.000,59.133
mixed,real,1562,13281538206002830254,0,1929,1,5337,0.000,119,1004327,20011.192,7,57344,0.000,0,0,0.000,61.263
mixed,real,1563,13281538206002830254,0,1929,2,7266,0.000,119,1004446,20011.192,7,57344,0.000,0,0,0.000,62.459
mixed,real,1564,13281538206002830254,0,1928,1,1003,0.000,120,1012757,20359.780,7,57344,0.000,0,0,0.000,56.936
mixed,real,1565,13281538206002830254,0,1928,1,2931,0.000,120,1012877,20359.780,7,57344,0.000,0,0,0.000,59.035
mixed,real,1566,13281538206002830254,0,1928,1,4859,0.000,120,1012997,20359.780,6,49152,0.000,0,0,0.000,60.749
mixed,real,1567,13281538206002830254,0,1928,2,6787,0.000,120,1013117,20359.780,6,49152,0.000,0,0,0.000,62.389
mixed,real,1568,13281538206002830254,0,1927,1,523,0.000,121,1021429,20710.527,6,49152,0.000,0,0,0.000,56.831
mixed,real,1569,13281538206002830254,0,1927,1,2450,0.000,121,1021550,20710.527,6,49152,0.000,0,0,0.000,58.429
mixed,real,1570,13281538206002830254,0,1927,1,4377,0.000,121,1021671,20710.527,5,40960,0.000,0,0,0.000,60.281
mixed,real,1571,13281538206002830254,0,1927,2,6304,0.000,121,1021792,20710.527,5,40960,0.000,0,0,0.000,61.810
mixed,real,1572,13281538206002830254,0,1926,1,39,0.000,122,1030105,21063.446,5,40960,0.000,0,0,0.000,56.844
mixed,real,1573,13281538206002830254,0,1926,1,1965,0.000,122,1030227,21063.446,5,40960,0.000,0,0,0.000,58.640
mixed,real,1574,13281538206002830254,0,1926,1,3891,0.000,122,1030349,21063.446,5,40960,0.000,0,0,0.000,60.475
mixed,real,1575,13281538206002830254,0,1926,1,5817,0.000,122,1030471,21063.446,4,32768,0.000,0,0,0.000,62.020
mixed,real,1576,13281538206002830254,0,1926,2,7743,0.000,122,1030593,21063.446,4,32768,0.000,0,0,0.000,62.843
mixed,real,1577,13281538206002830254,0,1925,1,1477,0.000,123,1038907,21422.679,4,32768,0.000,0,0,0.000,57.767
mixed,real,1578,13281538206002830254,0,1925,1,3402,0.000,123,1039030,21422.679,4,32768,0.000,0,0,0.000,59.780
mixed,real,1579,13281538206002830254,0,1925,1,5327,0.000,123,1039153,21422.679,3,24576,0.000,0,0,0.000,61.458
mixed,real,1580,13281538206002830254,0,1925,2,7252,0.000,123,1039276,21422.679,3,24576,0.000,0,0,0.000,62.759
mixed,real,1581,13281538206002830254,0,1924,1,985,0.000,124,1047591,21784.038,3,24576,0.000,0,0,0.000,57.430
mixed,real,1582,13281538206002830254,0,1924,1,2909,0.000,124,1047715,21784.038,3,24576,0.000,0,0,0.000,59.378
mixed,real,1583,13281538206002830254,0,1924,1,4833,0.000,124,1047839,21784.038,2,16384,0.000,0,0,0.000,61.285
mixed,real,1584,13281538206002830254,0,1924,2,6757,0.000,124,1047963,21784.038,2,16384,0.000,0,0,0.000,63.370
mixed,real,1585,13281538206002830254,0,1923,1,489,0.000,125,1056279,22147.538,2,16384,0.000,0,0,0.000,57.339
mixed,real,1586,13281538206002830254,0,1923,1,2412,0.000,125,1056404,22147.538,2,16384,0.000,0,0,0.000,58.949
mixed,real,1587,13281538206002830254,0,1923,1,4335,0.000,125,1056529,22147.538,2,16384,0.000,0,0,0.000,60.642
mixed,real,1588,13281538206002830254,0,1923,1,6258,0.000,125,1056654,22147.538,1,8192,0.000,0,0,0.000,62.499
mixed,real,1589,13281538206002830254,0,1923,2,8181,0.000,125,1056779,22147.538,1,8192,0.000,0,0,0.000,57.556
mixed,real,1590,13281538206002830254,0,1922,1,1912,0.000,126,1065096,22517.329,1,8192,0.000,0,0,0.000,58.950
mixed,real,1591,13281538206002830254,0,1922,1,3834,0.000,126,1065222,22517.329,1,8192,0.000,0,0,0.000,60.757
mixed,real,1592,13281538206002830254,0,1922,1,5756,0.000,126,1065348,22517.329,0,0,0.000,0,0,0.000,62.282
mixed,real,1593,13281538206002830254,0,1922,2,7678,0.000,126,1065474,22517.329,0,0,0.000,0,0,0.000,63.299
mixed,real,1594,13281538206002830254,0,1921,1,1408,0.000,127,1073792,22889.217,0,0,0.000,0,0,0.000,58.237
mixed,real,1595,13281538206002830254,0,1921,1,3329,0.000,127,1073919,22889.217,0,0,0.000,0,0,0.000,60.381
mixed,real,1596,13281538206002830254,0,1921,1,5250,0.000,127,1074046,22889.217,0,0,0.000,0,0,0.000,62.129
mixed,real,1597,13281538206002830254,0,1021,1,7171,0.000,127,1074173,22889.217,0,0,0.000,0,0,0.000,50.881
decode,real,1598,13281538206002830254,0,0,0,0,0.000,128,1082492,23263.218,0,0,0.000,0,0,0.000,20.102
decode,real,1599,13281538206002830254,0,0,0,0,0.000,128,1082620,23263.218,0,0,0.000,0,0,0.000,19.938
decode,real,1600,13281538206002830254,0,0,0,0,0.000,128,1082748,23263.218,0,0,0.000,0,0,0.000,19.991
decode,real,1601,13281538206002830254,0,0,0,0,0.000,128,1082876,23263.218,0,0,0.000,0,0,0.000,19.973
decode,real,1602,13281538206002830254,0,0,0,0,0.000,128,1083004,23263.218,0,0,0.000,0,0,0.000,19.956
decode,real,1603,13281538206002830254,0,0,0,0,0.000,128,1083132,23263.218,0,0,0.000,0,0,0.000,20.006
decode,real,1604,13281538206002830254,0,0,0,0,0.000,128,1083260,23263.218,0,0,0.000,0,0,0.000,19.963
decode,real,1605,13281538206002830254,0,0,0,0,0.000,128,1083388,23263.218,0,0,0.000,0,0,0.000,20.006
decode,real,1606,13281538206002830254,0,0,0,0,0.000,128,1083516,23263.218,0,0,0.000,0,0,0.000,20.127
decode,real,1607,13281538206002830254,0,0,0,0,0.000,128,1083644,23263.218,0,0,0.000,0,0,0.000,19.976
decode,real,1608,13281538206002830254,0,0,0,0,0.000,128,1083772,23263.218,0,0,0.000,0,0,0.000,20.031
decode,real,1609,13281538206002830254,0,0,0,0,0.000,128,1083900,23263.218,0,0,0.000,0,0,0.000,20.094
decode,real,1610,13281538206002830254,0,0,0,0,0.000,128,1084028,23263.218,0,0,0.000,0,0,0.000,20.042
decode,real,1611,13281538206002830254,0,0,0,0,0.000,128,1084156,23263.218,0,0,0.000,0,0,0.000,20.108
decode,real,1612,13281538206002830254,0,0,0,0,0.000,128,1084284,23263.218,0,0,0.000,0,0,0.000,20.047
decode,real,1613,13281538206002830254,0,0,0,0,0.000,128,1084412,23263.218,0,0,0.000,0,0,0.000,19.962
decode,real,1614,13281538206002830254,0,0,0,0,0.000,128,1084540,23263.218,0,0,0.000,0,0,0.000,19.946
decode,real,1615,13281538206002830254,0,0,0,0,0.000,128,1084668,23263.218,0,0,0.000,0,0,0.000,20.018
decode,real,1616,13281538206002830254,0,0,0,0,0.000,128,1084796,23263.218,0,0,0.000,0,0,0.000,20.014
decode,real,1617,13281538206002830254,0,0,0,0,0.000,128,1084924,23263.218,0,0,0.000,0,0,0.000,19.970
decode,real,1618,13281538206002830254,0,0,0,0,0.000,128,1085052,23263.218,0,0,0.000,0,0,0.000,20.002
decode,real,1619,13281538206002830254,0,0,0,0,0.000,128,1085180,23263.218,0,0,0.000,0,0,0.000,19.992
decode,real,1620,13281538206002830254,0,0,0,0,0.000,128,1085308,23263.218,0,0,0.000,0,0,0.000,20.022
decode,real,1621,13281538206002830254,0,0,0,0,0.000,128,1085436,23263.218,0,0,0.000,0,0,0.000,19.979
decode,real,1622,13281538206002830254,0,0,0,0,0.000,128,1085564,23263.218,0,0,0.000,0,0,0.000,20.125
decode,real,1623,13281538206002830254,0,0,0,0,0.000,128,1085692,23263.218,0,0,0.000,0,0,0.000,19.992
decode,real,1624,13281538206002830254,0,0,0,0,0.000,128,1085820,23263.218,0,0,0.000,0,0,0.000,20.024
decode,real,1625,13281538206002830254,0,0,0,0,0.000,128,1085948,23263.218,0,0,0.000,0,0,0.000,19.989
decode,real,1626,13281538206002830254,0,0,0,0,0.000,128,1086076,23263.218,0,0,0.000,0,0,0.000,20.012
decode,real,1627,13281538206002830254,0,0,0,0,0.000,128,1086204,23263.218,0,0,0.000,0,0,0.000,19.992
decode,real,1628,13281538206002830254,0,0,0,0,0.000,128,1086332,23263.218,0,0,0.000,0,0,0.000,20.083
decode,real,1629,13281538206002830254,0,0,0,0,0.000,128,1086460,23263.218,0,0,0.000,0,0,0.000,19.979
decode,real,1630,13281538206002830254,0,0,0,0,0.000,128,1086588,23263.218,0,0,0.000,0,0,0.000,20.043
decode,real,1631,13281538206002830254,0,0,0,0,0.000,128,1086716,23263.218,0,0,0.000,0,0,0.000,19.971
decode,real,1632,13281538206002830254,0,0,0,0,0.000,128,1086844,23263.218,0,0,0.000,0,0,0.000,20.043
decode,real,1633,13281538206002830254,0,0,0,0,0.000,128,1086972,23263.218,0,0,0.000,0,0,0.000,20.197
decode,real,1634,13281538206002830254,0,0,0,0,0.000,128,1087100,23263.218,0,0,0.000,0,0,0.000,19.996
decode,real,1635,13281538206002830254,0,0,0,0,0.000,128,1087228,23263.218,0,0,0.000,0,0,0.000,20.015
decode,real,1636,13281538206002830254,0,0,0,0,0.000,128,1087356,23263.218,0,0,0.000,0,0,0.000,20.007
decode,real,1637,13281538206002830254,0,0,0,0,0.000,128,1087484,23263.218,0,0,0.000,0,0,0.000,20.088
decode,real,1638,13281538206002830254,0,0,0,0,0.000,128,1087612,23263.218,0,0,0.000,0,0,0.000,19.988
decode,real,1639,13281538206002830254,0,0,0,0,0.000,128,1087740,23263.218,0,0,0.000,0,0,0.000,20.028
decode,real,1640,13281538206002830254,0,0,0,0,0.000,128,1087868,23263.218,0,0,0.000,0,0,0.000,19.990
decode,real,1641,13281538206002830254,0,0,0,0,0.000,128,1087996,23263.218,0,0,0.000,0,0,0.000,20.174
decode,real,1642,13281538206002830254,0,0,0,0,0.000,128,1088124,23263.218,0,0,0.000,0,0,0.000,19.971
decode,real,1643,13281538206002830254,0,0,0,0,0.000,128,1088252,23263.218,0,0,0.000,0,0,0.000,20.108
decode,real,1644,13281538206002830254,0,0,0,0,0.000,128,1088380,23263.218,0,0,0.000,0,0,0.000,19.971
decode,real,1645,13281538206002830254,0,0,0,0,0.000,128,1088508,23263.218,0,0,0.000,0,0,0.000,20.055
decode,real,1646,13281538206002830254,0,0,0,0,0.000,128,1088636,23263.218,0,0,0.000,0,0,0.000,20.020
decode,real,1647,13281538206002830254,0,0,0,0,0.000,128,1088764,23263.218,0,0,0.000,0,0,0.000,20.202
decode,real,1648,13281538206002830254,0,0,0,0,0.000,128,1088892,23263.218,0,0,0.000,0,0,0.000,20.012
decode,real,1649,13281538206002830254,0,0,0,0,0.000,128,1089020,23263.218,0,0,0.000,0,0,0.000,19.995
decode,real,1650,13281538206002830254,0,0,0,0,0.000,128,1089148,23263.218,0,0,0.000,0,0,0.000,20.009
decode,real,1651,13281538206002830254,0,0,0,0,0.000,128,1089276,23263.218,0,0,0.000,0,0,0.000,20.039
decode,real,1652,13281538206002830254,0,0,0,0,0.000,128,1089404,23263.218,0,0,0.000,0,0,0.000,20.038
decode,real,1653,13281538206002830254,0,0,0,0,0.000,128,1089532,23263.218,0,0,0.000,0,0,0.000,20.040
decode,real,1654,13281538206002830254,0,0,0,0,0.000,128,1089660,23263.218,0,0,0.000,0,0,0.000,20.024
decode,real,1655,13281538206002830254,0,0,0,0,0.000,128,1089788,23263.218,0,0,0.000,0,0,0.000,20.020
decode,real,1656,13281538206002830254,0,0,0,0,0.000,128,1089916,23263.218,0,0,0.000,0,0,0.000,20.044
decode,real,1657,13281538206002830254,0,0,0,0,0.000,128,1090044,23263.218,0,0,0.000,0,0,0.000,20.044
decode,real,1658,13281538206002830254,0,0,0,0,0.000,128,1090172,23263.218,0,0,0.000,0,0,0.000,20.221
decode,real,1659,13281538206002830254,0,0,0,0,0.000,128,1090300,23263.218,0,0,0.000,0,0,0.000,20.094
decode,real,1660,13281538206002830254,0,0,0,0,0.000,128,1090428,23263.218,0,0,0.000,0,0,0.000,20.054
decode,real,1661,13281538206002830254,0,0,0,0,0.000,128,1090556,23263.218,0,0,0.000,0,0,0.000,20.015
decode,real,1662,13281538206002830254,0,0,0,0,0.000,128,1090684,23263.218,0,0,0.000,0,0,0.000,20.231
decode,real,1663,13281538206002830254,0,0,0,0,0.000,128,1090812,23263.218,0,0,0.000,0,0,0.000,20.055
decode,real,1664,13281538206002830254,0,0,0,0,0.000,128,1090940,23263.218,0,0,0.000,0,0,0.000,20.046
decode,real,1665,13281538206002830254,0,0,0,0,0.000,128,1091068,23263.218,0,0,0.000,0,0,0.000,20.047
decode,real,1666,13281538206002830254,0,0,0,0,0.000,128,1091196,23263.218,0,0,0.000,0,0,0.000,20.267
decode,real,1667,13281538206002830254,0,0,0,0,0.000,128,1091324,23263.218,0,0,0.000,0,0,0.000,20.001
decode,real,1668,13281538206002830254,0,0,0,0,0.000,128,1091452,23263.218,0,0,0.000,0,0,0.000,20.074
decode,real,1669,13281538206002830254,0,0,0,0,0.000,128,1091580,23263.218,0,0,0.000,0,0,0.000,20.202
decode,real,1670,13281538206002830254,0,0,0,0,0.000,128,1091708,23263.218,0,0,0.000,0,0,0.000,19.979
decode,real,1671,13281538206002830254,0,0,0,0,0.000,128,1091836,23263.218,0,0,0.000,0,0,0.000,20.103
decode,real,1672,13281538206002830254,0,0,0,0,0.000,128,1091964,23263.218,0,0,0.000,0,0,0.000,20.048
decode,real,1673,13281538206002830254,0,0,0,0,0.000,128,1092092,23263.218,0,0,0.000,0,0,0.000,20.066
decode,real,1674,13281538206002830254,0,0,0,0,0.000,128,1092220,23263.218,0,0,0.000,0,0,0.000,20.066
decode,real,1675,13281538206002830254,0,0,0,0,0.000,128,1092348,23263.218,0,0,0.000,0,0,0.000,20.005
decode,real,1676,13281538206002830254,0,0,0,0,0.000,128,1092476,23263.218,0,0,0.000,0,0,0.000,20.065
decode,real,1677,13281538206002830254,0,0,0,0,0.000,128,1092604,23263.218,0,0,0.000,0,0,0.000,20.025
decode,real,1678,13281538206002830254,0,0,0,0,0.000,128,1092732,23263.218,0,0,0.000,0,0,0.000,20.065
decode,real,1679,13281538206002830254,0,0,0,0,0.000,128,1092860,23263.218,0,0,0.000,0,0,0.000,20.030
decode,real,1680,13281538206002830254,0,0,0,0,0.000,128,1092988,23263.218,0,0,0.000,0,0,0.000,20.096
decode,real,1681,13281538206002830254,0,0,0,0,0.000,128,1093116,23263.218,0,0,0.000,0,0,0.000,20.044
decode,real,1682,13281538206002830254,0,0,0,0,0.000,128,1093244,23263.218,0,0,0.000,0,0,0.000,20.009
decode,real,1683,13281538206002830254,0,0,0,0,0.000,128,1093372,23263.218,0,0,0.000,0,0,0.000,20.073
decode,real,1684,13281538206002830254,0,0,0,0,0.000,128,1093500,23263.218,0,0,0.000,0,0,0.000,20.099
decode,real,1685,13281538206002830254,0,0,0,0,0.000,128,1093628,23263.218,0,0,0.000,0,0,0.000,20.064
decode,real,1686,13281538206002830254,0,0,0,0,0.000,128,1093756,23263.218,0,0,0.000,0,0,0.000,20.216
decode,real,1687,13281538206002830254,0,0,0,0,0.000,128,1093884,23263.218,0,0,0.000,0,0,0.000,20.023
decode,real,1688,13281538206002830254,0,0,0,0,0.000,128,1094012,23263.218,0,0,0.000,0,0,0.000,20.122
decode,real,1689,13281538206002830254,0,0,0,0,0.000,128,1094140,23263.218,0,0,0.000,0,0,0.000,20.058
decode,real,1690,13281538206002830254,0,0,0,0,0.000,128,1094268,23263.218,0,0,0.000,0,0,0.000,20.039
decode,real,1691,13281538206002830254,0,0,0,0,0.000,128,1094396,23263.218,0,0,0.000,0,0,0.000,20.071
decode,real,1692,13281538206002830254,0,0,0,0,0.000,128,1094524,23263.218,0,0,0.000,0,0,0.000,20.079
decode,real,1693,13281538206002830254,0,0,0,0,0.000,128,1094652,23263.218,0,0,0.000,0,0,0.000,20.029
decode,real,1694,13281538206002830254,0,0,0,0,0.000,128,1094780,23263.218,0,0,0.000,0,0,0.000,20.101
decode,real,1695,13281538206002830254,0,0,0,0,0.000,128,1094908,23263.218,0,0,0.000,0,0,0.000,20.055
decode,real,1696,13281538206002830254,0,0,0,0,0.000,128,1095036,23263.218,0,0,0.000,0,0,0.000,20.280
decode,real,1697,13281538206002830254,0,0,0,0,0.000,128,1095164,23263.218,0,0,0.000,0,0,0.000,20.073
decode,real,1698,13281538206002830254,0,0,0,0,0.000,128,1095292,23263.218,0,0,0.000,0,0,0.000,20.057
decode,real,1699,13281538206002830254,0,0,0,0,0.000,128,1095420,23263.218,0,0,0.000,0,0,0.000,20.227
decode,real,1700,13281538206002830254,0,0,0,0,0.000,128,1095548,23263.218,0,0,0.000,0,0,0.000,20.115
decode,real,1701,13281538206002830254,0,0,0,0,0.000,128,1095676,23263.218,0,0,0.000,0,0,0.000,20.253
decode,real,1702,13281538206002830254,0,0,0,0,0.000,128,1095804,23263.218,0,0,0.000,0,0,0.000,20.069
decode,real,1703,13281538206002830254,0,0,0,0,0.000,128,1095932,23263.218,0,0,0.000,0,0,0.000,20.095
decode,real,1704,13281538206002830254,0,0,0,0,0.000,128,1096060,23263.218,0,0,0.000,0,0,0.000,20.116
decode,real,1705,13281538206002830254,0,0,0,0,0.000,128,1096188,23263.218,0,0,0.000,0,0,0.000,20.059
decode,real,1706,13281538206002830254,0,0,0,0,0.000,128,1096316,23263.218,0,0,0.000,0,0,0.000,20.082
decode,real,1707,13281538206002830254,0,0,0,0,0.000,128,1096444,23263.218,0,0,0.000,0,0,0.000,20.092
decode,real,1708,13281538206002830254,0,0,0,0,0.000,128,1096572,23263.218,0,0,0.000,0,0,0.000,20.084
decode,real,1709,13281538206002830254,0,0,0,0,0.000,128,1096700,23263.218,0,0,0.000,0,0,0.000,20.104
decode,real,1710,13281538206002830254,0,0,0,0,0.000,128,1096828,23263.218,0,0,0.000,0,0,0.000,20.047
decode,real,1711,13281538206002830254,0,0,0,0,0.000,128,1096956,23263.218,0,0,0.000,0,0,0.000,20.140
decode,real,1712,13281538206002830254,0,0,0,0,0.000,128,1097084,23263.218,0,0,0.000,0,0,0.000,20.300
decode,real,1713,13281538206002830254,0,0,0,0,0.000,128,1097212,23263.218,0,0,0.000,0,0,0.000,20.260
decode,real,1714,13281538206002830254,0,0,0,0,0.000,128,1097340,23263.218,0,0,0.000,0,0,0.000,20.084
decode,real,1715,13281538206002830254,0,0,0,0,0.000,128,1097468,23263.218,0,0,0.000,0,0,0.000,20.148
decode,real,1716,13281538206002830254,0,0,0,0,0.000,128,1097596,23263.218,0,0,0.000,0,0,0.000,20.152
decode,real,1717,13281538206002830254,0,0,0,0,0.000,128,1097724,23263.218,0,0,0.000,0,0,0.000,20.041
decode,real,1718,13281538206002830254,0,0,0,0,0.000,128,1097852,23263.218,0,0,0.000,0,0,0.000,20.099
decode,real,1719,13281538206002830254,0,0,0,0,0.000,128,1097980,23263.218,0,0,0.000,0,0,0.000,20.132
decode,real,1720,13281538206002830254,0,0,0,0,0.000,128,1098108,23263.218,0,0,0.000,0,0,0.000,20.168
decode,real,1721,13281538206002830254,0,0,0,0,0.000,128,1098236,23263.218,0,0,0.000,0,0,0.000,20.113
decode,real,1722,13281538206002830254,0,0,0,0,0.000,128,1098364,23263.218,0,0,0.000,0,0,0.000,20.115
decode,real,1723,13281538206002830254,0,0,0,0,0.000,128,1098492,23263.218,0,0,0.000,0,0,0.000,20.123
decode,real,1724,13281538206002830254,0,0,0,0,0.000,128,1098620,23263.218,0,0,0.000,0,0,0.000,20.176
decode,real,1725,13281538206002830254,0,0,0,0,0.000,128,1098748,23263.218,0,0,0.000,0,0,0.000,20.097
decode,real,1726,13281538206002830254,0,0,0,0,0.000,128,1098876,23263.218,0,0,0.000,0,0,0.000,20.109
decode,real,1727,13281538206002830254,0,0,0,0,0.000,128,1099004,23263.218,0,0,0.000,0,0,0.000,20.333
decode,real,1728,13281538206002830254,0,0,0,0,0.000,128,1099132,23263.218,0,0,0.000,0,0,0.000,20.250
decode,real,1729,13281538206002830254,0,0,0,0,0.000,128,1099260,23263.218,0,0,0.000,0,0,0.000,20.279
decode,real,1730,13281538206002830254,0,0,0,0,0.000,128,1099388,23263.218,0,0,0.000,0,0,0.000,20.142
decode,real,1731,13281538206002830254,0,0,0,0,0.000,128,1099516,23263.218,0,0,0.000,0,0,0.000,20.119
decode,real,1732,13281538206002830254,0,0,0,0,0.000,128,1099644,23263.218,0,0,0.000,0,0,0.000,20.184
decode,real,1733,13281538206002830254,0,0,0,0,0.000,128,1099772,23263.218,0,0,0.000,0,0,0.000,20.138
decode,real,1734,13281538206002830254,0,0,0,0,0.000,128,1099900,23263.218,0,0,0.000,0,0,0.000,20.118
decode,real,1735,13281538206002830254,0,0,0,0,0.000,128,1100028,23263.218,0,0,0.000,0,0,0.000,20.147
decode,real,1736,13281538206002830254,0,0,0,0,0.000,128,1100156,23263.218,0,0,0.000,0,0,0.000,20.177
decode,real,1737,13281538206002830254,0,0,0,0,0.000,128,1100284,23263.218,0,0,0.000,0,0,0.000,20.140
decode,real,1738,13281538206002830254,0,0,0,0,0.000,128,1100412,23263.218,0,0,0.000,0,0,0.000,20.160
decode,real,1739,13281538206002830254,0,0,0,0,0.000,128,1100540,23263.218,0,0,0.000,0,0,0.000,20.182
decode,real,1740,13281538206002830254,0,0,0,0,0.000,128,1100668,23263.218,0,0,0.000,0,0,0.000,20.581
decode,real,1741,13281538206002830254,0,0,0,0,0.000,128,1100796,23263.218,0,0,0.000,0,0,0.000,19.770
decode,real,1742,13281538206002830254,0,0,0,0,0.000,128,1100924,23263.218,0,0,0.000,0,0,0.000,20.176
decode,real,1743,13281538206002830254,0,0,0,0,0.000,128,1101052,23263.218,0,0,0.000,0,0,0.000,20.179
decode,real,1744,13281538206002830254,0,0,0,0,0.000,128,1101180,23263.218,0,0,0.000,0,0,0.000,20.186
decode,real,1745,13281538206002830254,0,0,0,0,0.000,128,1101308,23263.218,0,0,0.000,0,0,0.000,20.196
decode,real,1746,13281538206002830254,0,0,0,0,0.000,128,1101436,23263.218,0,0,0.000,0,0,0.000,20.171
decode,real,1747,13281538206002830254,0,0,0,0,0.000,128,1101564,23263.218,0,0,0.000,0,0,0.000,20.192
decode,real,1748,13281538206002830254,0,0,0,0,0.000,128,1101692,23263.218,0,0,0.000,0,0,0.000,20.196
decode,real,1749,13281538206002830254,0,0,0,0,0.000,128,1101820,23263.218,0,0,0.000,0,0,0.000,20.270
decode,real,1750,13281538206002830254,0,0,0,0,0.000,128,1101948,23263.218,0,0,0.000,0,0,0.000,20.173
decode,real,1751,13281538206002830254,0,0,0,0,0.000,128,1102076,23263.218,0,0,0.000,0,0,0.000,20.169
decode,real,1752,13281538206002830254,0,0,0,0,0.000,128,1102204,23263.218,0,0,0.000,0,0,0.000,20.214
decode,real,1753,13281538206002830254,0,0,0,0,0.000,128,1102332,23263.218,0,0,0.000,0,0,0.000,20.147
decode,real,1754,13281538206002830254,0,0,0,0,0.000,128,1102460,23263.218,0,0,0.000,0,0,0.000,20.200
decode,real,1755,13281538206002830254,0,0,0,0,0.000,128,1102588,23263.218,0,0,0.000,0,0,0.000,20.181
decode,real,1756,13281538206002830254,0,0,0,0,0.000,128,1102716,23263.218,0,0,0.000,0,0,0.000,20.249
decode,real,1757,13281538206002830254,0,0,0,0,0.000,128,1102844,23263.218,0,0,0.000,0,0,0.000,20.145
decode,real,1758,13281538206002830254,0,0,0,0,0.000,128,1102972,23263.218,0,0,0.000,0,0,0.000,20.172
decode,real,1759,13281538206002830254,0,0,0,0,0.000,128,1103100,23263.218,0,0,0.000,0,0,0.000,20.198
decode,real,1760,13281538206002830254,0,0,0,0,0.000,128,1103228,23263.218,0,0,0.000,0,0,0.000,20.206
decode,real,1761,13281538206002830254,0,0,0,0,0.000,128,1103356,23263.218,0,0,0.000,0,0,0.000,20.211
decode,real,1762,13281538206002830254,0,0,0,0,0.000,128,1103484,23263.218,0,0,0.000,0,0,0.000,20.173
decode,real,1763,13281538206002830254,0,0,0,0,0.000,128,1103612,23263.218,0,0,0.000,0,0,0.000,20.201
decode,real,1764,13281538206002830254,0,0,0,0,0.000,128,1103740,23263.218,0,0,0.000,0,0,0.000,20.240
decode,real,1765,13281538206002830254,0,0,0,0,0.000,128,1103868,23263.218,0,0,0.000,0,0,0.000,20.208
decode,real,1766,13281538206002830254,0,0,0,0,0.000,128,1103996,23263.218,0,0,0.000,0,0,0.000,20.221
decode,real,1767,13281538206002830254,0,0,0,0,0.000,128,1104124,23263.218,0,0,0.000,0,0,0.000,20.177
decode,real,1768,13281538206002830254,0,0,0,0,0.000,128,1104252,23263.218,0,0,0.000,0,0,0.000,20.241
decode,real,1769,13281538206002830254,0,0,0,0,0.000,128,1104380,23263.218,0,0,0.000,0,0,0.000,20.198
decode,real,1770,13281538206002830254,0,0,0,0,0.000,128,1104508,23263.218,0,0,0.000,0,0,0.000,20.197
decode,real,1771,13281538206002830254,0,0,0,0,0.000,128,1104636,23263.218,0,0,0.000,0,0,0.000,20.191
decode,real,1772,13281538206002830254,0,0,0,0,0.000,128,1104764,23263.218,0,0,0.000,0,0,0.000,20.217
decode,real,1773,13281538206002830254,0,0,0,0,0.000,128,1104892,23263.218,0,0,0.000,0,0,0.000,20.404
decode,real,1774,13281538206002830254,0,0,0,0,0.000,128,1105020,23263.218,0,0,0.000,0,0,0.000,20.200
decode,real,1775,13281538206002830254,0,0,0,0,0.000,128,1105148,23263.218,0,0,0.000,0,0,0.000,20.398
decode,real,1776,13281538206002830254,0,0,0,0,0.000,128,1105276,23263.218,0,0,0.000,0,0,0.000,20.193
decode,real,1777,13281538206002830254,0,0,0,0,0.000,128,1105404,23263.218,0,0,0.000,0,0,0.000,20.208
decode,real,1778,13281538206002830254,0,0,0,0,0.000,128,1105532,23263.218,0,0,0.000,0,0,0.000,20.231
decode,real,1779,13281538206002830254,0,0,0,0,0.000,128,1105660,23263.218,0,0,0.000,0,0,0.000,20.151
decode,real,1780,13281538206002830254,0,0,0,0,0.000,128,1105788,23263.218,0,0,0.000,0,0,0.000,20.290
decode,real,1781,13281538206002830254,0,0,0,0,0.000,128,1105916,23263.218,0,0,0.000,0,0,0.000,20.212
decode,real,1782,13281538206002830254,0,0,0,0,0.000,128,1106044,23263.218,0,0,0.000,0,0,0.000,20.154
decode,real,1783,13281538206002830254,0,0,0,0,0.000,128,1106172,23263.218,0,0,0.000,0,0,0.000,20.189
decode,real,1784,13281538206002830254,0,0,0,0,0.000,128,1106300,23263.218,0,0,0.000,0,0,0.000,20.226
decode,real,1785,13281538206002830254,0,0,0,0,0.000,128,1106428,23263.218,0,0,0.000,0,0,0.000,20.213
decode,real,1786,13281538206002830254,0,0,0,0,0.000,128,1106556,23263.218,0,0,0.000,0,0,0.000,20.242
decode,real,1787,13281538206002830254,0,0,0,0,0.000,128,1106684,23263.218,0,0,0.000,0,0,0.000,20.158
decode,real,1788,13281538206002830254,0,0,0,0,0.000,128,1106812,23263.218,0,0,0.000,0,0,0.000,20.249
decode,real,1789,13281538206002830254,0,0,0,0,0.000,128,1106940,23263.218,0,0,0.000,0,0,0.000,20.173
decode,real,1790,13281538206002830254,0,0,0,0,0.000,128,1107068,23263.218,0,0,0.000,0,0,0.000,20.219
decode,real,1791,13281538206002830254,0,0,0,0,0.000,128,1107196,23263.218,0,0,0.000,0,0,0.000,20.251
decode,real,1792,13281538206002830254,0,0,0,0,0.000,128,1107324,23263.218,0,0,0.000,0,0,0.000,20.204
decode,real,1793,13281538206002830254,0,0,0,0,0.000,128,1107452,23263.218,0,0,0.000,0,0,0.000,20.406
decode,real,1794,13281538206002830254,0,0,0,0,0.000,128,1107580,23263.218,0,0,0.000,0,0,0.000,20.226
decode,real,1795,13281538206002830254,0,0,0,0,0.000,128,1107708,23263.218,0,0,0.000,0,0,0.000,20.224
decode,real,1796,13281538206002830254,0,0,0,0,0.000,128,1107836,23263.218,0,0,0.000,0,0,0.000,20.263
decode,real,1797,13281538206002830254,0,0,0,0,0.000,128,1107964,23263.218,0,0,0.000,0,0,0.000,20.186
decode,real,1798,13281538206002830254,0,0,0,0,0.000,128,1108092,23263.218,0,0,0.000,0,0,0.000,20.209
decode,real,1799,13281538206002830254,0,0,0,0,0.000,128,1108220,23263.218,0,0,0.000,0,0,0.000,20.250
decode,real,1800,13281538206002830254,0,0,0,0,0.000,128,1108348,23263.218,0,0,0.000,0,0,0.000,20.246
decode,real,1801,13281538206002830254,0,0,0,0,0.000,128,1108476,23263.218,0,0,0.000,0,0,0.000,20.174
decode,real,1802,13281538206002830254,0,0,0,0,0.000,128,1108604,23263.218,0,0,0.000,0,0,0.000,20.247
decode,real,1803,13281538206002830254,0,0,0,0,0.000,128,1108732,23263.218,0,0,0.000,0,0,0.000,20.197
decode,real,1804,13281538206002830254,0,0,0,0,0.000,128,1108860,23263.218,0,0,0.000,0,0,0.000,20.227
decode,real,1805,13281538206002830254,0,0,0,0,0.000,128,1108988,23263.218,0,0,0.000,0,0,0.000,20.188
decode,real,1806,13281538206002830254,0,0,0,0,0.000,128,1109116,23263.218,0,0,0.000,0,0,0.000,20.216
decode,real,1807,13281538206002830254,0,0,0,0,0.000,128,1109244,23263.218,0,0,0.000,0,0,0.000,20.245
decode,real,1808,13281538206002830254,0,0,0,0,0.000,128,1109372,23263.218,0,0,0.000,0,0,0.000,20.264
decode,real,1809,13281538206002830254,0,0,0,0,0.000,128,1109500,23263.218,0,0,0.000,0,0,0.000,20.226
decode,real,1810,13281538206002830254,0,0,0,0,0.000,128,1109628,23263.218,0,0,0.000,0,0,0.000,20.247
decode,real,1811,13281538206002830254,0,0,0,0,0.000,128,1109756,23263.218,0,0,0.000,0,0,0.000,20.153
decode,real,1812,13281538206002830254,0,0,0,0,0.000,128,1109884,23263.218,0,0,0.000,0,0,0.000,20.283
decode,real,1813,13281538206002830254,0,0,0,0,0.000,128,1110012,23263.218,0,0,0.000,0,0,0.000,20.219
decode,real,1814,13281538206002830254,0,0,0,0,0.000,128,1110140,23263.218,0,0,0.000,0,0,0.000,20.225
decode,real,1815,13281538206002830254,0,0,0,0,0.000,128,1110268,23263.218,0,0,0.000,0,0,0.000,20.220
decode,real,1816,13281538206002830254,0,0,0,0,0.000,128,1110396,23263.218,0,0,0.000,0,0,0.000,20.307
decode,real,1817,13281538206002830254,0,0,0,0,0.000,128,1110524,23263.218,0,0,0.000,0,0,0.000,20.246
decode,real,1818,13281538206002830254,0,0,0,0,0.000,128,1110652,23263.218,0,0,0.000,0,0,0.000,20.412
decode,real,1819,13281538206002830254,0,0,0,0,0.000,128,1110780,23263.218,0,0,0.000,0,0,0.000,20.219
decode,real,1820,13281538206002830254,0,0,0,0,0.000,128,1110908,23263.218,0,0,0.000,0,0,0.000,20.529
decode,real,1821,13281538206002830254,0,0,0,0,0.000,128,1111036,23263.218,0,0,0.000,0,0,0.000,20.196
decode,real,1822,13281538206002830254,0,0,0,0,0.000,128,1111164,23263.218,0,0,0.000,0,0,0.000,20.194
decode,real,1823,13281538206002830254,0,0,0,0,0.000,128,1111292,23263.218,0,0,0.000,0,0,0.000,20.277
decode,real,1824,13281538206002830254,0,0,0,0,0.000,128,1111420,23263.218,0,0,0.000,0,0,0.000,20.244
decode,real,1825,13281538206002830254,0,0,0,0,0.000,128,1111548,23263.218,0,0,0.000,0,0,0.000,20.260
decode,real,1826,13281538206002830254,0,0,0,0,0.000,128,1111676,23263.218,0,0,0.000,0,0,0.000,20.276
decode,real,1827,13281538206002830254,0,0,0,0,0.000,128,1111804,23263.218,0,0,0.000,0,0,0.000,20.261
decode,real,1828,13281538206002830254,0,0,0,0,0.000,128,1111932,23263.218,0,0,0.000,0,0,0.000,20.245
decode,real,1829,13281538206002830254,0,0,0,0,0.000,128,1112060,23263.218,0,0,0.000,0,0,0.000,20.205
decode,real,1830,13281538206002830254,0,0,0,0,0.000,128,1112188,23263.218,0,0,0.000,0,0,0.000,20.349
decode,real,1831,13281538206002830254,0,0,0,0,0.000,128,1112316,23263.218,0,0,0.000,0,0,0.000,20.184
decode,real,1832,13281538206002830254,0,0,0,0,0.000,128,1112444,23263.218,0,0,0.000,0,0,0.000,20.317
decode,real,1833,13281538206002830254,0,0,0,0,0.000,128,1112572,23263.218,0,0,0.000,0,0,0.000,20.201
decode,real,1834,13281538206002830254,0,0,0,0,0.000,128,1112700,23263.218,0,0,0.000,0,0,0.000,20.275
decode,real,1835,13281538206002830254,0,0,0,0,0.000,128,1112828,23263.218,0,0,0.000,0,0,0.000,20.307
decode,real,1836,13281538206002830254,0,0,0,0,0.000,128,1112956,23263.218,0,0,0.000,0,0,0.000,20.476
decode,real,1837,13281538206002830254,0,0,0,0,0.000,128,1113084,23263.218,0,0,0.000,0,0,0.000,20.483
decode,real,1838,13281538206002830254,0,0,0,0,0.000,128,1113212,23263.218,0,0,0.000,0,0,0.000,20.245
decode,real,1839,13281538206002830254,0,0,0,0,0.000,128,1113340,23263.218,0,0,0.000,0,0,0.000,20.288
decode,real,1840,13281538206002830254,0,0,0,0,0.000,128,1113468,23263.218,0,0,0.000,0,0,0.000,20.261
decode,real,1841,13281538206002830254,0,0,0,0,0.000,128,1113596,23263.218,0,0,0.000,0,0,0.000,20.280
decode,real,1842,13281538206002830254,0,0,0,0,0.000,128,1113724,23263.218,0,0,0.000,0,0,0.000,20.250
decode,real,1843,13281538206002830254,0,0,0,0,0.000,128,1113852,23263.218,0,0,0.000,0,0,0.000,20.470
decode,real,1844,13281538206002830254,0,0,0,0,0.000,128,1113980,23263.218,0,0,0.000,0,0,0.000,20.308
decode,real,1845,13281538206002830254,0,0,0,0,0.000,128,1114108,23263.218,0,0,0.000,0,0,0.000,20.280
decode,real,1846,13281538206002830254,0,0,0,0,0.000,128,1114236,23263.218,0,0,0.000,0,0,0.000,20.269
decode,real,1847,13281538206002830254,0,0,0,0,0.000,128,1114364,23263.218,0,0,0.000,0,0,0.000,20.447
decode,real,1848,13281538206002830254,0,0,0,0,0.000,128,1114492,23263.218,0,0,0.000,0,0,0.000,20.329
decode,real,1849,13281538206002830254,0,0,0,0,0.000,128,1114620,23263.218,0,0,0.000,0,0,0.000,20.278
decode,real,1850,13281538206002830254,0,0,0,0,0.000,128,1114748,23263.218,0,0,0.000,0,0,0.000,20.310
decode,real,1851,13281538206002830254,0,0,0,0,0.000,128,1114876,23263.218,0,0,0.000,0,0,0.000,20.488
decode,real,1852,13281538206002830254,0,0,0,0,0.000,128,1115004,23263.218,0,0,0.000,0,0,0.000,20.297
decode,real,1853,13281538206002830254,0,0,0,0,0.000,128,1115132,23263.218,0,0,0.000,0,0,0.000,20.267
decode,real,1854,13281538206002830254,0,0,0,0,0.000,128,1115260,23263.218,0,0,0.000,0,0,0.000,20.659
decode,real,1855,13281538206002830254,0,0,0,0,0.000,128,1115388,23263.218,0,0,0.000,0,0,0.000,19.944
decode,real,1856,13281538206002830254,0,0,0,0,0.000,128,1115516,23263.218,0,0,0.000,0,0,0.000,20.312
decode,real,1857,13281538206002830254,0,0,0,0,0.000,128,1115644,23263.218,0,0,0.000,0,0,0.000,20.342
decode,real,1858,13281538206002830254,0,0,0,0,0.000,128,1115772,23263.218,0,0,0.000,0,0,0.000,20.285
decode,real,1859,13281538206002830254,0,0,0,0,0.000,128,1115900,23263.218,0,0,0.000,0,0,0.000,20.319
decode,real,1860,13281538206002830254,0,0,0,0,0.000,128,1116028,23263.218,0,0,0.000,0,0,0.000,20.316
decode,real,1861,13281538206002830254,0,0,0,0,0.000,128,1116156,23263.218,0,0,0.000,0,0,0.000,20.321
decode,real,1862,13281538206002830254,0,0,0,0,0.000,128,1116284,23263.218,0,0,0.000,0,0,0.000,20.281
decode,real,1863,13281538206002830254,0,0,0,0,0.000,128,1116412,23263.218,0,0,0.000,0,0,0.000,20.328
decode,real,1864,13281538206002830254,0,0,0,0,0.000,128,1116540,23263.218,0,0,0.000,0,0,0.000,20.378
decode,real,1865,13281538206002830254,0,0,0,0,0.000,128,1116668,23263.218,0,0,0.000,0,0,0.000,20.267
decode,real,1866,13281538206002830254,0,0,0,0,0.000,128,1116796,23263.218,0,0,0.000,0,0,0.000,20.336
decode,real,1867,13281538206002830254,0,0,0,0,0.000,128,1116924,23263.218,0,0,0.000,0,0,0.000,20.317
decode,real,1868,13281538206002830254,0,0,0,0,0.000,128,1117052,23263.218,0,0,0.000,0,0,0.000,20.388
decode,real,1869,13281538206002830254,0,0,0,0,0.000,128,1117180,23263.218,0,0,0.000,0,0,0.000,20.352
decode,real,1870,13281538206002830254,0,0,0,0,0.000,128,1117308,23263.218,0,0,0.000,0,0,0.000,20.315
decode,real,1871,13281538206002830254,0,0,0,0,0.000,128,1117436,23263.218,0,0,0.000,0,0,0.000,20.341
decode,real,1872,13281538206002830254,0,0,0,0,0.000,128,1117564,23263.218,0,0,0.000,0,0,0.000,20.349
decode,real,1873,13281538206002830254,0,0,0,0,0.000,128,1117692,23263.218,0,0,0.000,0,0,0.000,20.346
decode,real,1874,13281538206002830254,0,0,0,0,0.000,128,1117820,23263.218,0,0,0.000,0,0,0.000,20.327
decode,real,1875,13281538206002830254,0,0,0,0,0.000,128,1117948,23263.218,0,0,0.000,0,0,0.000,20.412
decode,real,1876,13281538206002830254,0,0,0,0,0.000,128,1118076,23263.218,0,0,0.000,0,0,0.000,20.361
decode,real,1877,13281538206002830254,0,0,0,0,0.000,128,1118204,23263.218,0,0,0.000,0,0,0.000,20.499
decode,real,1878,13281538206002830254,0,0,0,0,0.000,128,1118332,23263.218,0,0,0.000,0,0,0.000,20.334
decode,real,1879,13281538206002830254,0,0,0,0,0.000,128,1118460,23263.218,0,0,0.000,0,0,0.000,20.383
decode,real,1880,13281538206002830254,0,0,0,0,0.000,128,1118588,23263.218,0,0,0.000,0,0,0.000,20.359
decode,real,1881,13281538206002830254,0,0,0,0,0.000,128,1118716,23263.218,0,0,0.000,0,0,0.000,20.319
decode,real,1882,13281538206002830254,0,0,0,0,0.000,128,1118844,23263.218,0,0,0.000,0,0,0.000,20.393
decode,real,1883,13281538206002830254,0,0,0,0,0.000,128,1118972,23263.218,0,0,0.000,0,0,0.000,20.375
decode,real,1884,13281538206002830254,0,0,0,0,0.000,128,1119100,23263.218,0,0,0.000,0,0,0.000,20.379
decode,real,1885,13281538206002830254,0,0,0,0,0.000,128,1119228,23263.218,0,0,0.000,0,0,0.000,20.347
decode,real,1886,13281538206002830254,0,0,0,0,0.000,128,1119356,23263.218,0,0,0.000,0,0,0.000,20.366
decode,real,1887,13281538206002830254,0,0,0,0,0.000,128,1119484,23263.218,0,0,0.000,0,0,0.000,20.345
decode,real,1888,13281538206002830254,0,0,0,0,0.000,128,1119612,23263.218,0,0,0.000,0,0,0.000,20.533
decode,real,1889,13281538206002830254,0,0,0,0,0.000,128,1119740,23263.218,0,0,0.000,0,0,0.000,20.354
decode,real,1890,13281538206002830254,0,0,0,0,0.000,128,1119868,23263.218,0,0,0.000,0,0,0.000,20.385
decode,real,1891,13281538206002830254,0,0,0,0,0.000,128,1119996,23263.218,0,0,0.000,0,0,0.000,20.384
decode,real,1892,13281538206002830254,0,0,0,0,0.000,128,1120124,23263.218,0,0,0.000,0,0,0.000,20.345
decode,real,1893,13281538206002830254,0,0,0,0,0.000,128,1120252,23263.218,0,0,0.000,0,0,0.000,20.392
decode,real,1894,13281538206002830254,0,0,0,0,0.000,128,1120380,23263.218,0,0,0.000,0,0,0.000,20.364
decode,real,1895,13281538206002830254,0,0,0,0,0.000,128,1120508,23263.218,0,0,0.000,0,0,0.000,20.378
decode,real,1896,13281538206002830254,0,0,0,0,0.000,128,1120636,23263.218,0,0,0.000,0,0,0.000,20.578
decode,real,1897,13281538206002830254,0,0,0,0,0.000,128,1120764,23263.218,0,0,0.000,0,0,0.000,20.342
decode,real,1898,13281538206002830254,0,0,0,0,0.000,128,1120892,23263.218,0,0,0.000,0,0,0.000,20.330
decode,real,1899,13281538206002830254,0,0,0,0,0.000,128,1121020,23263.218,0,0,0.000,0,0,0.000,20.393
decode,real,1900,13281538206002830254,0,0,0,0,0.000,128,1121148,23263.218,0,0,0.000,0,0,0.000,20.372
decode,real,1901,13281538206002830254,0,0,0,0,0.000,128,1121276,23263.218,0,0,0.000,0,0,0.000,20.378
decode,real,1902,13281538206002830254,0,0,0,0,0.000,128,1121404,23263.218,0,0,0.000,0,0,0.000,20.314
decode,real,1903,13281538206002830254,0,0,0,0,0.000,128,1121532,23263.218,0,0,0.000,0,0,0.000,20.383
decode,real,1904,13281538206002830254,0,0,0,0,0.000,128,1121660,23263.218,0,0,0.000,0,0,0.000,20.583
decode,real,1905,13281538206002830254,0,0,0,0,0.000,128,1121788,23263.218,0,0,0.000,0,0,0.000,20.556
decode,real,1906,13281538206002830254,0,0,0,0,0.000,128,1121916,23263.218,0,0,0.000,0,0,0.000,20.370
decode,real,1907,13281538206002830254,0,0,0,0,0.000,128,1122044,23263.218,0,0,0.000,0,0,0.000,20.380
decode,real,1908,13281538206002830254,0,0,0,0,0.000,128,1122172,23263.218,0,0,0.000,0,0,0.000,20.440
decode,real,1909,13281538206002830254,0,0,0,0,0.000,128,1122300,23263.218,0,0,0.000,0,0,0.000,20.361
decode,real,1910,13281538206002830254,0,0,0,0,0.000,128,1122428,23263.218,0,0,0.000,0,0,0.000,20.387
decode,real,1911,13281538206002830254,0,0,0,0,0.000,128,1122556,23263.218,0,0,0.000,0,0,0.000,20.532
decode,real,1912,13281538206002830254,0,0,0,0,0.000,128,1122684,23263.218,0,0,0.000,0,0,0.000,20.434
decode,real,1913,13281538206002830254,0,0,0,0,0.000,128,1122812,23263.218,0,0,0.000,0,0,0.000,20.385
decode,real,1914,13281538206002830254,0,0,0,0,0.000,128,1122940,23263.218,0,0,0.000,0,0,0.000,20.580
decode,real,1915,13281538206002830254,0,0,0,0,0.000,128,1123068,23263.218,0,0,0.000,0,0,0.000,20.386
decode,real,1916,13281538206002830254,0,0,0,0,0.000,128,1123196,23263.218,0,0,0.000,0,0,0.000,20.409
decode,real,1917,13281538206002830254,0,0,0,0,0.000,128,1123324,23263.218,0,0,0.000,0,0,0.000,20.574
decode,real,1918,13281538206002830254,0,0,0,0,0.000,128,1123452,23263.218,0,0,0.000,0,0,0.000,20.363
decode,real,1919,13281538206002830254,0,0,0,0,0.000,128,1123580,23263.218,0,0,0.000,0,0,0.000,20.402
decode,real,1920,13281538206002830254,0,0,0,0,0.000,128,1123708,23263.218,0,0,0.000,0,0,0.000,20.337
decode,real,1921,13281538206002830254,0,0,0,0,0.000,128,1123836,23263.218,0,0,0.000,0,0,0.000,20.418
decode,real,1922,13281538206002830254,0,0,0,0,0.000,128,1123964,23263.218,0,0,0.000,0,0,0.000,20.355
decode,real,1923,13281538206002830254,0,0,0,0,0.000,128,1124092,23263.218,0,0,0.000,0,0,0.000,20.410
decode,real,1924,13281538206002830254,0,0,0,0,0.000,128,1124220,23263.218,0,0,0.000,0,0,0.000,20.420
decode,real,1925,13281538206002830254,0,0,0,0,0.000,128,1124348,23263.218,0,0,0.000,0,0,0.000,20.421
decode,real,1926,13281538206002830254,0,0,0,0,0.000,128,1124476,23263.218,0,0,0.000,0,0,0.000,20.314
decode,real,1927,13281538206002830254,0,0,0,0,0.000,128,1124604,23263.218,0,0,0.000,0,0,0.000,20.431
decode,real,1928,13281538206002830254,0,0,0,0,0.000,128,1124732,23263.218,0,0,0.000,0,0,0.000,20.403
decode,real,1929,13281538206002830254,0,0,0,0,0.000,128,1124860,23263.218,0,0,0.000,0,0,0.000,20.365
decode,real,1930,13281538206002830254,0,0,0,0,0.000,128,1124988,23263.218,0,0,0.000,0,0,0.000,20.394
decode,real,1931,13281538206002830254,0,0,0,0,0.000,128,1125116,23263.218,0,0,0.000,0,0,0.000,20.501
decode,real,1932,13281538206002830254,0,0,0,0,0.000,128,1125244,23263.218,0,0,0.000,0,0,0.000,20.545
decode,real,1933,13281538206002830254,0,0,0,0,0.000,128,1125372,23263.218,0,0,0.000,0,0,0.000,20.359
decode,real,1934,13281538206002830254,0,0,0,0,0.000,128,1125500,23263.218,0,0,0.000,0,0,0.000,20.384
decode,real,1935,13281538206002830254,0,0,0,0,0.000,128,1125628,23263.218,0,0,0.000,0,0,0.000,20.437
decode,real,1936,13281538206002830254,0,0,0,0,0.000,128,1125756,23263.218,0,0,0.000,0,0,0.000,20.382
decode,real,1937,13281538206002830254,0,0,0,0,0.000,128,1125884,23263.218,0,0,0.000,0,0,0.000,20.381
decode,real,1938,13281538206002830254,0,0,0,0,0.000,128,1126012,23263.218,0,0,0.000,0,0,0.000,20.434
decode,real,1939,13281538206002830254,0,0,0,0,0.000,128,1126140,23263.218,0,0,0.000,0,0,0.000,20.394
decode,real,1940,13281538206002830254,0,0,0,0,0.000,128,1126268,23263.218,0,0,0.000,0,0,0.000,20.454
decode,real,1941,13281538206002830254,0,0,0,0,0.000,128,1126396,23263.218,0,0,0.000,0,0,0.000,20.336
decode,real,1942,13281538206002830254,0,0,0,0,0.000,128,1126524,23263.218,0,0,0.000,0,0,0.000,20.441
decode,real,1943,13281538206002830254,0,0,0,0,0.000,128,1126652,23263.218,0,0,0.000,0,0,0.000,20.621
decode,real,1944,13281538206002830254,0,0,0,0,0.000,128,1126780,23263.218,0,0,0.000,0,0,0.000,20.416
decode,real,1945,13281538206002830254,0,0,0,0,0.000,128,1126908,23263.218,0,0,0.000,0,0,0.000,20.584
decode,real,1946,13281538206002830254,0,0,0,0,0.000,128,1127036,23263.218,0,0,0.000,0,0,0.000,20.381
decode,real,1947,13281538206002830254,0,0,0,0,0.000,128,1127164,23263.218,0,0,0.000,0,0,0.000,20.447
decode,real,1948,13281538206002830254,0,0,0,0,0.000,128,1127292,23263.218,0,0,0.000,0,0,0.000,20.430
decode,real,1949,13281538206002830254,0,0,0,0,0.000,128,1127420,23263.218,0,0,0.000,0,0,0.000,20.610
decode,real,1950,13281538206002830254,0,0,0,0,0.000,128,1127548,23263.218,0,0,0.000,0,0,0.000,20.439
decode,real,1951,13281538206002830254,0,0,0,0,0.000,128,1127676,23263.218,0,0,0.000,0,0,0.000,20.410
decode,real,1952,13281538206002830254,0,0,0,0,0.000,128,1127804,23263.218,0,0,0.000,0,0,0.000,20.469
decode,real,1953,13281538206002830254,0,0,0,0,0.000,128,1127932,23263.218,0,0,0.000,0,0,0.000,20.442
decode,real,1954,13281538206002830254,0,0,0,0,0.000,128,1128060,23263.218,0,0,0.000,0,0,0.000,20.420
decode,real,1955,13281538206002830254,0,0,0,0,0.000,128,1128188,23263.218,0,0,0.000,0,0,0.000,20.370
decode,real,1956,13281538206002830254,0,0,0,0,0.000,128,1128316,23263.218,0,0,0.000,0,0,0.000,20.487
decode,real,1957,13281538206002830254,0,0,0,0,0.000,128,1128444,23263.218,0,0,0.000,0,0,0.000,20.616
decode,real,1958,13281538206002830254,0,0,0,0,0.000,128,1128572,23263.218,0,0,0.000,0,0,0.000,20.396
decode,real,1959,13281538206002830254,0,0,0,0,0.000,128,1128700,23263.218,0,0,0.000,0,0,0.000,20.594
decode,real,1960,13281538206002830254,0,0,0,0,0.000,128,1128828,23263.218,0,0,0.000,0,0,0.000,20.714
decode,real,1961,13281538206002830254,0,0,0,0,0.000,128,1128956,23263.218,0,0,0.000,0,0,0.000,20.399
decode,real,1962,13281538206002830254,0,0,0,0,0.000,128,1129084,23263.218,0,0,0.000,0,0,0.000,20.438
decode,real,1963,13281538206002830254,0,0,0,0,0.000,128,1129212,23263.218,0,0,0.000,0,0,0.000,20.655
decode,real,1964,13281538206002830254,0,0,0,0,0.000,128,1129340,23263.218,0,0,0.000,0,0,0.000,20.652
decode,real,1965,13281538206002830254,0,0,0,0,0.000,128,1129468,23263.218,0,0,0.000,0,0,0.000,20.374
decode,real,1966,13281538206002830254,0,0,0,0,0.000,128,1129596,23263.218,0,0,0.000,0,0,0.000,20.458
decode,real,1967,13281538206002830254,0,0,0,0,0.000,128,1129724,23263.218,0,0,0.000,0,0,0.000,20.443
decode,real,1968,13281538206002830254,0,0,0,0,0.000,128,1129852,23263.218,0,0,0.000,0,0,0.000,20.466
decode,real,1969,13281538206002830254,0,0,0,0,0.000,128,1129980,23263.218,0,0,0.000,0,0,0.000,20.452
decode,real,1970,13281538206002830254,0,0,0,0,0.000,128,1130108,23263.218,0,0,0.000,0,0,0.000,20.471
decode,real,1971,13281538206002830254,0,0,0,0,0.000,128,1130236,23263.218,0,0,0.000,0,0,0.000,20.429
decode,real,1972,13281538206002830254,0,0,0,0,0.000,128,1130364,23263.218,0,0,0.000,0,0,0.000,20.492
decode,real,1973,13281538206002830254,0,0,0,0,0.000,128,1130492,23263.218,0,0,0.000,0,0,0.000,20.437
decode,real,1974,13281538206002830254,0,0,0,0,0.000,128,1130620,23263.218,0,0,0.000,0,0,0.000,20.480
decode,real,1975,13281538206002830254,0,0,0,0,0.000,128,1130748,23263.218,0,0,0.000,0,0,0.000,20.460
decode,real,1976,13281538206002830254,0,0,0,0,0.000,128,1130876,23263.218,0,0,0.000,0,0,0.000,20.517
decode,real,1977,13281538206002830254,0,0,0,0,0.000,128,1131004,23263.218,0,0,0.000,0,0,0.000,20.461
decode,real,1978,13281538206002830254,0,0,0,0,0.000,128,1131132,23263.218,0,0,0.000,0,0,0.000,20.408
decode,real,1979,13281538206002830254,0,0,0,0,0.000,128,1131260,23263.218,0,0,0.000,0,0,0.000,20.446
decode,real,1980,13281538206002830254,0,0,0,0,0.000,128,1131388,23263.218,0,0,0.000,0,0,0.000,20.696
decode,real,1981,13281538206002830254,0,0,0,0,0.000,128,1131516,23263.218,0,0,0.000,0,0,0.000,20.441
decode,real,1982,13281538206002830254,0,0,0,0,0.000,128,1131644,23263.218,0,0,0.000,0,0,0.000,20.511
decode,real,1983,13281538206002830254,0,0,0,0,0.000,128,1131772,23263.218,0,0,0.000,0,0,0.000,20.614
decode,real,1984,13281538206002830254,0,0,0,0,0.000,128,1131900,23263.218,0,0,0.000,0,0,0.000,20.681
decode,real,1985,13281538206002830254,0,0,0,0,0.000,128,1132028,23263.218,0,0,0.000,0,0,0.000,20.304
decode,real,1986,13281538206002830254,0,0,0,0,0.000,128,1132156,23263.218,0,0,0.000,0,0,0.000,20.480
decode,real,1987,13281538206002830254,0,0,0,0,0.000,128,1132284,23263.218,0,0,0.000,0,0,0.000,20.464
decode,real,1988,13281538206002830254,0,0,0,0,0.000,128,1132412,23263.218,0,0,0.000,0,0,0.000,20.532
decode,real,1989,13281538206002830254,0,0,0,0,0.000,128,1132540,23263.218,0,0,0.000,0,0,0.000,20.480
decode,real,1990,13281538206002830254,0,0,0,0,0.000,128,1132668,23263.218,0,0,0.000,0,0,0.000,20.483
decode,real,1991,13281538206002830254,0,0,0,0,0.000,128,1132796,23263.218,0,0,0.000,0,0,0.000,20.477
decode,real,1992,13281538206002830254,0,0,0,0,0.000,128,1132924,23263.218,0,0,0.000,0,0,0.000,20.529
decode,real,1993,13281538206002830254,0,0,0,0,0.000,128,1133052,23263.218,0,0,0.000,0,0,0.000,20.503
decode,real,1994,13281538206002830254,0,0,0,0,0.000,128,1133180,23263.218,0,0,0.000,0,0,0.000,20.500
decode,real,1995,13281538206002830254,0,0,0,0,0.000,128,1133308,23263.218,0,0,0.000,0,0,0.000,20.629
decode,real,1996,13281538206002830254,0,0,0,0,0.000,128,1133436,23263.218,0,0,0.000,0,0,0.000,20.596
decode,real,1997,13281538206002830254,0,0,0,0,0.000,128,1133564,23263.218,0,0,0.000,0,0,0.000,20.503
decode,real,1998,13281538206002830254,0,0,0,0,0.000,128,1133692,23263.218,0,0,0.000,0,0,0.000,20.709
decode,real,1999,13281538206002830254,0,0,0,0,0.000,128,1133820,23263.218,0,0,0.000,0,0,0.000,20.703
decode,real,2000,13281538206002830254,0,0,0,0,0.000,128,1133948,23263.218,0,0,0.000,0,0,0.000,20.534
decode,real,2001,13281538206002830254,0,0,0,0,0.000,128,1134076,23263.218,0,0,0.000,0,0,0.000,20.519
decode,real,2002,13281538206002830254,0,0,0,0,0.000,128,1134204,23263.218,0,0,0.000,0,0,0.000,20.563
decode,real,2003,13281538206002830254,0,0,0,0,0.000,128,1134332,23263.218,0,0,0.000,0,0,0.000,20.493
decode,real,2004,13281538206002830254,0,0,0,0,0.000,128,1134460,23263.218,0,0,0.000,0,0,0.000,20.517
decode,real,2005,13281538206002830254,0,0,0,0,0.000,128,1134588,23263.218,0,0,0.000,0,0,0.000,20.517
decode,real,2006,13281538206002830254,0,0,0,0,0.000,128,1134716,23263.218,0,0,0.000,0,0,0.000,20.528
decode,real,2007,13281538206002830254,0,0,0,0,0.000,128,1134844,23263.218,0,0,0.000,0,0,0.000,20.535
decode,real,2008,13281538206002830254,0,0,0,0,0.000,128,1134972,23263.218,0,0,0.000,0,0,0.000,20.547
decode,real,2009,13281538206002830254,0,0,0,0,0.000,128,1135100,23263.218,0,0,0.000,0,0,0.000,20.535
decode,real,2010,13281538206002830254,0,0,0,0,0.000,128,1135228,23263.218,0,0,0.000,0,0,0.000,20.486
decode,real,2011,13281538206002830254,0,0,0,0,0.000,128,1135356,23263.218,0,0,0.000,0,0,0.000,20.578
decode,real,2012,13281538206002830254,0,0,0,0,0.000,128,1135484,23263.218,0,0,0.000,0,0,0.000,20.586
decode,real,2013,13281538206002830254,0,0,0,0,0.000,128,1135612,23263.218,0,0,0.000,0,0,0.000,20.490
decode,real,2014,13281538206002830254,0,0,0,0,0.000,128,1135740,23263.218,0,0,0.000,0,0,0.000,20.697
decode,real,2015,13281538206002830254,0,0,0,0,0.000,128,1135868,23263.218,0,0,0.000,0,0,0.000,20.541
decode,real,2016,13281538206002830254,0,0,0,0,0.000,128,1135996,23263.218,0,0,0.000,0,0,0.000,20.585
decode,real,2017,13281538206002830254,0,0,0,0,0.000,128,1136124,23263.218,0,0,0.000,0,0,0.000,20.502
decode,real,2018,13281538206002830254,0,0,0,0,0.000,128,1136252,23263.218,0,0,0.000,0,0,0.000,20.539
decode,real,2019,13281538206002830254,0,0,0,0,0.000,128,1136380,23263.218,0,0,0.000,0,0,0.000,20.567
decode,real,2020,13281538206002830254,0,0,0,0,0.000,128,1136508,23263.218,0,0,0.000,0,0,0.000,20.555
decode,real,2021,13281538206002830254,0,0,0,0,0.000,128,1136636,23263.218,0,0,0.000,0,0,0.000,20.532
decode,real,2022,13281538206002830254,0,0,0,0,0.000,128,1136764,23263.218,0,0,0.000,0,0,0.000,20.576
decode,real,2023,13281538206002830254,0,0,0,0,0.000,128,1136892,23263.218,0,0,0.000,0,0,0.000,20.561
decode,real,2024,13281538206002830254,0,0,0,0,0.000,128,1137020,23263.218,0,0,0.000,0,0,0.000,20.551
decode,real,2025,13281538206002830254,0,0,0,0,0.000,128,1137148,23263.218,0,0,0.000,0,0,0.000,20.717
decode,real,2026,13281538206002830254,0,0,0,0,0.000,128,1137276,23263.218,0,0,0.000,0,0,0.000,20.559
decode,real,2027,13281538206002830254,0,0,0,0,0.000,128,1137404,23263.218,0,0,0.000,0,0,0.000,20.529
decode,real,2028,13281538206002830254,0,0,0,0,0.000,128,1137532,23263.218,0,0,0.000,0,0,0.000,20.575
decode,real,2029,13281538206002830254,0,0,0,0,0.000,128,1137660,23263.218,0,0,0.000,0,0,0.000,20.536
decode,real,2030,13281538206002830254,0,0,0,0,0.000,128,1137788,23263.218,0,0,0.000,0,0,0.000,20.570
decode,real,2031,13281538206002830254,0,0,0,0,0.000,128,1137916,23263.218,0,0,0.000,0,0,0.000,20.557
decode,real,2032,13281538206002830254,0,0,0,0,0.000,128,1138044,23263.218,0,0,0.000,0,0,0.000,20.527
decode,real,2033,13281538206002830254,0,0,0,0,0.000,128,1138172,23263.218,0,0,0.000,0,0,0.000,20.555
decode,real,2034,13281538206002830254,0,0,0,0,0.000,128,1138300,23263.218,0,0,0.000,0,0,0.000,20.743
decode,real,2035,13281538206002830254,0,0,0,0,0.000,128,1138428,23263.218,0,0,0.000,0,0,0.000,20.801
decode,real,2036,13281538206002830254,0,0,0,0,0.000,128,1138556,23263.218,0,0,0.000,0,0,0.000,20.625
decode,real,2037,13281538206002830254,0,0,0,0,0.000,128,1138684,23263.218,0,0,0.000,0,0,0.000,20.479
decode,real,2038,13281538206002830254,0,0,0,0,0.000,128,1138812,23263.218,0,0,0.000,0,0,0.000,20.617
decode,real,2039,13281538206002830254,0,0,0,0,0.000,128,1138940,23263.218,0,0,0.000,0,0,0.000,20.522
decode,real,2040,13281538206002830254,0,0,0,0,0.000,128,1139068,23263.218,0,0,0.000,0,0,0.000,20.590
decode,real,2041,13281538206002830254,0,0,0,0,0.000,128,1139196,23263.218,0,0,0.000,0,0,0.000,20.518
decode,real,2042,13281538206002830254,0,0,0,0,0.000,128,1139324,23263.218,0,0,0.000,0,0,0.000,20.570
decode,real,2043,13281538206002830254,0,0,0,0,0.000,128,1139452,23263.218,0,0,0.000,0,0,0.000,20.523
decode,real,2044,13281538206002830254,0,0,0,0,0.000,128,1139580,23263.218,0,0,0.000,0,0,0.000,20.617
decode,real,2045,13281538206002830254,0,0,0,0,0.000,128,1139708,23263.218,0,0,0.000,0,0,0.000,20.551
decode,real,2046,13281538206002830254,0,0,0,0,0.000,128,1139836,23263.218,0,0,0.000,0,0,0.000,20.566
decode,real,2047,13281538206002830254,0,0,0,0,0.000,128,1139964,23263.218,0,0,0.000,0,0,0.000,20.582
decode,real,2048,13281538206002830254,0,0,0,0,0.000,128,1140092,23263.218,0,0,0.000,0,0,0.000,20.569
decode,real,2049,13281538206002830254,0,0,0,0,0.000,128,1140220,23263.218,0,0,0.000,0,0,0.000,20.604
decode,real,2050,13281538206002830254,0,0,0,0,0.000,128,1140348,23263.218,0,0,0.000,0,0,0.000,20.517
decode,real,2051,13281538206002830254,0,0,0,0,0.000,128,1140476,23263.218,0,0,0.000,0,0,0.000,20.612
decode,real,2052,13281538206002830254,0,0,0,0,0.000,128,1140604,23263.218,0,0,0.000,0,0,0.000,20.551
decode,real,2053,13281538206002830254,0,0,0,0,0.000,128,1140732,23263.218,0,0,0.000,0,0,0.000,20.574
decode,real,2054,13281538206002830254,0,0,0,0,0.000,128,1140860,23263.218,0,0,0.000,0,0,0.000,20.554
decode,real,2055,13281538206002830254,0,0,0,0,0.000,128,1140988,23263.218,0,0,0.000,0,0,0.000,20.570
decode,real,2056,13281538206002830254,0,0,0,0,0.000,128,1141116,23263.218,0,0,0.000,0,0,0.000,20.610
decode,real,2057,13281538206002830254,0,0,0,0,0.000,128,1141244,23263.218,0,0,0.000,0,0,0.000,20.535
decode,real,2058,13281538206002830254,0,0,0,0,0.000,128,1141372,23263.218,0,0,0.000,0,0,0.000,20.570
decode,real,2059,13281538206002830254,0,0,0,0,0.000,128,1141500,23263.218,0,0,0.000,0,0,0.000,20.782
decode,real,2060,13281538206002830254,0,0,0,0,0.000,128,1141628,23263.218,0,0,0.000,0,0,0.000,20.637
decode,real,2061,13281538206002830254,0,0,0,0,0.000,128,1141756,23263.218,0,0,0.000,0,0,0.000,20.556
decode,real,2062,13281538206002830254,0,0,0,0,0.000,128,1141884,23263.218,0,0,0.000,0,0,0.000,20.568
decode,real,2063,13281538206002830254,0,0,0,0,0.000,128,1142012,23263.218,0,0,0.000,0,0,0.000,20.555
decode,real,2064,13281538206002830254,0,0,0,0,0.000,128,1142140,23263.218,0,0,0.000,0,0,0.000,20.619
decode,real,2065,13281538206002830254,0,0,0,0,0.000,128,1142268,23263.218,0,0,0.000,0,0,0.000,20.550
decode,real,2066,13281538206002830254,0,0,0,0,0.000,128,1142396,23263.218,0,0,0.000,0,0,0.000,20.604
decode,real,2067,13281538206002830254,0,0,0,0,0.000,128,1142524,23263.218,0,0,0.000,0,0,0.000,20.552
decode,real,2068,13281538206002830254,0,0,0,0,0.000,128,1142652,23263.218,0,0,0.000,0,0,0.000,20.828
decode,real,2069,13281538206002830254,0,0,0,0,0.000,128,1142780,23263.218,0,0,0.000,0,0,0.000,20.568
decode,real,2070,13281538206002830254,0,0,0,0,0.000,128,1142908,23263.218,0,0,0.000,0,0,0.000,20.810
decode,real,2071,13281538206002830254,0,0,0,0,0.000,128,1143036,23263.218,0,0,0.000,0,0,0.000,20.561
decode,real,2072,13281538206002830254,0,0,0,0,0.000,128,1143164,23263.218,0,0,0.000,0,0,0.000,20.582
decode,real,2073,13281538206002830254,0,0,0,0,0.000,128,1143292,23263.218,0,0,0.000,0,0,0.000,20.539
decode,real,2074,13281538206002830254,0,0,0,0,0.000,128,1143420,23263.218,0,0,0.000,0,0,0.000,20.824
decode,real,2075,13281538206002830254,0,0,0,0,0.000,128,1143548,23263.218,0,0,0.000,0,0,0.000,20.578
decode,real,2076,13281538206002830254,0,0,0,0,0.000,128,1143676,23263.218,0,0,0.000,0,0,0.000,20.846
decode,real,2077,13281538206002830254,0,0,0,0,0.000,128,1143804,23263.218,0,0,0.000,0,0,0.000,20.807
decode,real,2078,13281538206002830254,0,0,0,0,0.000,128,1143932,23263.218,0,0,0.000,0,0,0.000,20.592
decode,real,2079,13281538206002830254,0,0,0,0,0.000,128,1144060,23263.218,0,0,0.000,0,0,0.000,20.594
decode,real,2080,13281538206002830254,0,0,0,0,0.000,128,1144188,23263.218,0,0,0.000,0,0,0.000,20.779
decode,real,2081,13281538206002830254,0,0,0,0,0.000,128,1144316,23263.218,0,0,0.000,0,0,0.000,20.586
decode,real,2082,13281538206002830254,0,0,0,0,0.000,128,1144444,23263.218,0,0,0.000,0,0,0.000,20.614
decode,real,2083,13281538206002830254,0,0,0,0,0.000,128,1144572,23263.218,0,0,0.000,0,0,0.000,20.803
decode,real,2084,13281538206002830254,0,0,0,0,0.000,128,1144700,23263.218,0,0,0.000,0,0,0.000,20.681
decode,real,2085,13281538206002830254,0,0,0,0,0.000,128,1144828,23263.218,0,0,0.000,0,0,0.000,20.562
decode,real,2086,13281538206002830254,0,0,0,0,0.000,128,1144956,23263.218,0,0,0.000,0,0,0.000,20.535
decode,real,2087,13281538206002830254,0,0,0,0,0.000,128,1145084,23263.218,0,0,0.000,0,0,0.000,20.794
decode,real,2088,13281538206002830254,0,0,0,0,0.000,128,1145212,23263.218,0,0,0.000,0,0,0.000,20.666
decode,real,2089,13281538206002830254,0,0,0,0,0.000,128,1145340,23263.218,0,0,0.000,0,0,0.000,20.559
decode,real,2090,13281538206002830254,0,0,0,0,0.000,128,1145468,23263.218,0,0,0.000,0,0,0.000,20.583
decode,real,2091,13281538206002830254,0,0,0,0,0.000,128,1145596,23263.218,0,0,0.000,0,0,0.000,20.851
decode,real,2092,13281538206002830254,0,0,0,0,0.000,128,1145724,23263.218,0,0,0.000,0,0,0.000,20.590
decode,real,2093,13281538206002830254,0,0,0,0,0.000,128,1145852,23263.218,0,0,0.000,0,0,0.000,20.626
decode,real,2094,13281538206002830254,0,0,0,0,0.000,128,1145980,23263.218,0,0,0.000,0,0,0.000,20.582
decode,real,2095,13281538206002830254,0,0,0,0,0.000,128,1146108,23263.218,0,0,0.000,0,0,0.000,21.269
decode,real,2096,13281538206002830254,0,0,0,0,0.000,127,1137021,22909.789,0,0,0.000,0,0,0.000,20.128
decode,real,2097,13281538206002830254,0,0,0,0,0.000,127,1137148,22909.789,0,0,0.000,0,0,0.000,26.357
mixed,real,2098,13281538206002830254,0,1921,1,0,0.000,127,1137275,22909.789,0,0,0.000,0,0,0.000,59.268
mixed,real,2099,13281538206002830254,0,1921,1,1921,0.000,127,1137402,22909.789,0,0,0.000,0,0,0.000,59.226
mixed,real,2100,13281538206002830254,0,1921,1,3842,0.000,127,1137529,22909.789,0,0,0.000,0,0,0.000,61.469
mixed,real,2101,13281538206002830254,0,1922,1,5763,0.000,126,1128441,22562.930,0,0,0.000,0,0,0.000,61.723
mixed,real,2102,13281538206002830254,0,507,1,7685,0.000,126,1128567,22562.930,0,0,0.000,0,0,0.000,41.177
mixed,real,2103,13281538206002830254,0,1921,1,0,0.000,127,1136885,26967.592,0,0,0.000,0,0,0.000,57.631
mixed,real,2104,13281538206002830254,0,1921,1,1921,0.000,127,1137012,26967.592,0,0,0.000,0,0,0.000,59.794
mixed,real,2105,13281538206002830254,0,1922,1,3842,0.000,126,1127924,26636.062,0,0,0.000,0,0,0.000,60.283
mixed,real,2106,13281538206002830254,0,1922,1,5764,0.000,126,1128050,26636.062,0,0,0.000,0,0,0.000,62.183
mixed,real,2107,13281538206002830254,0,1922,2,7686,0.000,126,1128176,26636.062,0,0,0.000,0,0,0.000,61.578
mixed,real,2108,13281538206002830254,0,1921,1,1416,0.000,127,1136494,30971.594,0,0,0.000,0,0,0.000,59.242
mixed,real,2109,13281538206002830254,0,1922,1,3337,0.000,126,1127406,30654.667,0,0,0.000,0,0,0.000,59.970
mixed,real,2110,13281538206002830254,0,1922,1,5259,0.000,126,1127532,30654.667,0,0,0.000,0,0,0.000,61.980
mixed,real,2111,13281538206002830254,0,1922,2,7181,0.000,126,1127658,30654.667,0,0,0.000,0,0,0.000,61.796
mixed,real,2112,13281538206002830254,0,1921,1,911,0.000,127,1135976,34909.693,0,0,0.000,0,0,0.000,59.840
mixed,real,2113,13281538206002830254,0,1922,1,2832,0.000,126,1126888,34606.580,0,0,0.000,0,0,0.000,60.876
mixed,real,2114,13281538206002830254,0,1922,1,4754,0.000,126,1127014,34606.580,0,0,0.000,0,0,0.000,62.279
mixed,real,2115,13281538206002830254,0,1922,2,6676,0.000,126,1127140,34606.580,0,0,0.000,0,0,0.000,62.165
mixed,real,2116,13281538206002830254,0,1921,1,406,0.000,127,1135458,38781.891,0,0,0.000,0,0,0.000,58.912
mixed,real,2117,13281538206002830254,0,1922,1,2327,0.000,126,1126370,38491.802,0,0,0.000,0,0,0.000,59.894
mixed,real,2118,13281538206002830254,0,1922,1,4249,0.000,126,1126496,38491.802,1,8192,0.000,0,0,0.000,61.618
mixed,real,2119,13281538206002830254,0,1922,1,6171,0.000,126,1126622,38491.802,0,0,0.000,0,0,0.000,62.994
mixed,real,2120,13281538206002830254,0,1922,2,8093,0.000,126,1126748,38491.802,0,0,0.000,0,0,0.000,63.389
mixed,real,2121,13281538206002830254,0,1922,1,1823,0.000,126,1125851,42322.124,0,0,0.000,0,0,0.000,58.609
mixed,real,2122,13281538206002830254,0,1922,1,3745,0.000,126,1125977,42322.124,1,8192,0.000,0,0,0.000,60.610
mixed,real,2123,13281538206002830254,0,1922,1,5667,0.000,126,1126103,42322.124,0,0,0.000,0,0,0.000,62.173
mixed,real,2124,13281538206002830254,0,1922,2,7589,0.000,126,1126229,42322.124,0,0,0.000,0,0,0.000,61.967
mixed,real,2125,13281538206002830254,0,1922,1,1319,0.000,126,1125332,46085.561,0,0,0.000,0,0,0.000,58.639
mixed,real,2126,13281538206002830254,0,1922,1,3241,0.000,126,1125458,46085.561,1,8192,0.000,0,0,0.000,60.403
mixed,real,2127,13281538206002830254,0,1922,1,5163,0.000,126,1125584,46085.561,0,0,0.000,0,0,0.000,62.263
mixed,real,2128,13281538206002830254,0,1922,2,7085,0.000,126,1125710,46085.561,0,0,0.000,0,0,0.000,62.197
mixed,real,2129,13281538206002830254,0,1922,1,815,0.000,126,1124813,49782.111,0,0,0.000,0,0,0.000,58.887
mixed,real,2130,13281538206002830254,0,1922,1,2737,0.000,126,1124939,49782.111,1,8192,0.000,0,0,0.000,60.678
mixed,real,2131,13281538206002830254,0,1922,1,4659,0.000,126,1125065,49782.111,0,0,0.000,0,0,0.000,62.047
mixed,real,2132,13281538206002830254,0,1922,2,6581,0.000,126,1125191,49782.111,0,0,0.000,0,0,0.000,62.775
mixed,real,2133,13281538206002830254,0,1922,1,311,0.000,126,1124294,53411.777,0,0,0.000,0,0,0.000,58.620
mixed,real,2134,13281538206002830254,0,1922,1,2233,0.000,126,1124420,53411.777,1,8192,0.000,0,0,0.000,60.159
mixed,real,2135,13281538206002830254,0,1922,1,4155,0.000,126,1124546,53411.777,1,8192,0.000,0,0,0.000,61.472
mixed,real,2136,13281538206002830254,0,1922,1,6077,0.000,126,1124672,53411.777,0,0,0.000,0,0,0.000,63.419
mixed,real,2137,13281538206002830254,0,1923,2,7999,0.000,125,1115583,53170.063,0,0,0.000,0,0,0.000,62.279
mixed,real,2138,13281538206002830254,0,1922,1,1730,0.000,126,1123900,56986.102,1,8192,0.000,0,0,0.000,59.032
mixed,real,2139,13281538206002830254,0,1922,1,3652,0.000,126,1124026,56986.102,1,8192,0.000,0,0,0.000,60.624
mixed,real,2140,13281538206002830254,0,1922,1,5574,0.000,126,1124152,56986.102,0,0,0.000,0,0,0.000,62.526
mixed,real,2141,13281538206002830254,0,1923,2,7496,0.000,125,1115063,56753.674,0,0,0.000,0,0,0.000,61.102
mixed,real,2142,13281538206002830254,0,1922,1,1227,0.000,126,1123380,60493.347,1,8192,0.000,0,0,0.000,58.905
mixed,real,2143,13281538206002830254,0,1922,1,3149,0.000,126,1123506,60493.347,1,8192,0.000,0,0,0.000,60.571
mixed,real,2144,13281538206002830254,0,1922,1,5071,0.000,126,1123632,60493.347,0,0,0.000,0,0,0.000,62.272
mixed,real,2145,13281538206002830254,0,1923,2,6993,0.000,125,1114543,60269.394,0,0,0.000,0,0,0.000,61.461
mixed,real,2146,13281538206002830254,0,1922,1,724,0.000,126,1122860,63933.512,1,8192,0.000,0,0,0.000,59.004
mixed,real,2147,13281538206002830254,0,1922,1,2646,0.000,126,1122986,63933.512,1,8192,0.000,0,0,0.000,60.288
mixed,real,2148,13281538206002830254,0,1922,1,4568,0.000,126,1123112,63933.512,0,0,0.000,0,0,0.000,62.390
mixed,real,2149,13281538206002830254,0,1923,2,6490,0.000,125,1114023,63717.222,0,0,0.000,0,0,0.000,62.034
mixed,real,2150,13281538206002830254,0,1922,1,221,0.000,126,1122340,67306.598,1,8192,0.000,0,0,0.000,59.134
mixed,real,2151,13281538206002830254,0,1922,1,2143,0.000,126,1122466,67306.598,1,8192,0.000,0,0,0.000,59.805
mixed,real,2152,13281538206002830254,0,1922,1,4065,0.000,126,1122592,67306.598,1,8192,0.000,0,0,0.000,61.725
mixed,real,2153,13281538206002830254,0,1923,1,5987,0.000,125,1113503,67097.159,0,0,0.000,0,0,0.000,62.621
mixed,real,2154,13281538206002830254,0,1923,2,7910,0.000,125,1113628,67097.159,1,8192,0.000,0,0,0.000,63.275
mixed,real,2155,13281538206002830254,0,1922,1,1641,0.000,126,1121945,70623.902,1,8192,0.000,0,0,0.000,58.861
mixed,real,2156,13281538206002830254,0,1922,1,3563,0.000,126,1122071,70623.902,1,8192,0.000,0,0,0.000,61.017
mixed,real,2157,13281538206002830254,0,1923,1,5485,0.000,125,1112982,70420.555,0,0,0.000,0,0,0.000,61.535
mixed,real,2158,13281538206002830254,0,1923,2,7408,0.000,125,1113107,70420.555,1,8192,0.000,0,0,0.000,61.256
mixed,real,2159,13281538206002830254,0,1922,1,1139,0.000,126,1121424,73873.932,1,8192,0.000,0,0,0.000,58.659
mixed,real,2160,13281538206002830254,0,1922,1,3061,0.000,126,1121550,73873.932,1,8192,0.000,0,0,0.000,60.535
mixed,real,2161,13281538206002830254,0,1923,1,4983,0.000,125,1112461,73675.863,0,0,0.000,0,0,0.000,61.396
mixed,real,2162,13281538206002830254,0,1923,2,6906,0.000,125,1112586,73675.863,1,8192,0.000,0,0,0.000,61.820
mixed,real,2163,13281538206002830254,0,1922,1,637,0.000,126,1120903,77056.687,1,8192,0.000,0,0,0.000,58.615
mixed,real,2164,13281538206002830254,0,1922,1,2559,0.000,126,1121029,77056.687,1,8192,0.000,0,0,0.000,60.418
mixed,real,2165,13281538206002830254,0,1923,1,4481,0.000,125,1111940,76863.082,0,0,0.000,0,0,0.000,61.343
mixed,real,2166,13281538206002830254,0,1923,2,6404,0.000,125,1112065,76863.082,1,8192,0.000,0,0,0.000,62.777
mixed,real,2167,13281538206002830254,0,1922,1,135,0.000,126,1120382,80172.168,1,8192,0.000,0,0,0.000,58.427
mixed,real,2168,13281538206002830254,0,1922,1,2057,0.000,126,1120508,80172.168,1,8192,0.000,0,0,0.000,60.079
mixed,real,2169,13281538206002830254,0,1923,1,3979,0.000,125,1111419,79982.212,1,8192,0.000,0,0,0.000,60.838
mixed,real,2170,13281538206002830254,0,1923,1,5902,0.000,125,1111544,79982.212,1,8192,0.000,0,0,0.000,62.691
mixed,real,2171,13281538206002830254,0,1923,2,7825,0.000,125,1111669,79982.212,1,8192,0.000,0,0,0.000,63.031
mixed,real,2172,13281538206002830254,0,1922,1,1556,0.000,126,1119986,83231.427,1,8192,0.000,0,0,0.000,59.139
mixed,real,2173,13281538206002830254,0,1923,1,3478,0.000,125,1110897,83044.353,1,8192,0.000,0,0,0.000,61.023
mixed,real,2174,13281538206002830254,0,1923,1,5401,0.000,125,1111022,83044.353,1,8192,0.000,0,0,0.000,62.084
mixed,real,2175,13281538206002830254,0,1923,2,7324,0.000,125,1111147,83044.353,1,8192,0.000,0,0,0.000,61.143
mixed,real,2176,13281538206002830254,0,1922,1,1055,0.000,126,1119464,86223.216,1,8192,0.000,0,0,0.000,58.779
mixed,real,2177,13281538206002830254,0,1923,1,2977,0.000,125,1110375,86038.208,1,8192,0.000,0,0,0.000,60.321
mixed,real,2178,13281538206002830254,0,1923,1,4900,0.000,125,1110500,86038.208,1,8192,0.000,0,0,0.000,62.030
mixed,real,2179,13281538206002830254,0,1923,2,6823,0.000,125,1110625,86038.208,1,8192,0.000,0,0,0.000,61.345
mixed,real,2180,13281538206002830254,0,1922,1,554,0.000,126,1118942,89147.536,1,8192,0.000,0,0,0.000,58.616
mixed,real,2181,13281538206002830254,0,1923,1,2476,0.000,125,1109853,88963.777,1,8192,0.000,0,0,0.000,59.704
mixed,real,2182,13281538206002830254,0,1923,1,4399,0.000,125,1109978,88963.777,1,8192,0.000,0,0,0.000,62.312
mixed,real,2183,13281538206002830254,0,1923,2,6322,0.000,125,1110103,88963.777,1,8192,0.000,0,0,0.000,62.271
mixed,real,2184,13281538206002830254,0,1922,1,53,0.000,126,1118420,92004.386,1,8192,0.000,0,0,0.000,58.657
mixed,real,2185,13281538206002830254,0,1923,1,1975,0.000,125,1109331,91821.060,1,8192,0.000,0,0,0.000,59.900
mixed,real,2186,13281538206002830254,0,1923,1,3898,0.000,125,1109456,91821.060,2,16384,0.000,0,0,0.000,62.529
mixed,real,2187,13281538206002830254,0,1923,1,5821,0.000,125,1109581,91821.060,1,8192,0.000,0,0,0.000,62.200
mixed,real,2188,13281538206002830254,0,1923,2,7744,0.000,125,1109706,91821.060,1,8192,0.000,0,0,0.000,62.579
mixed,real,2189,13281538206002830254,0,1923,1,1475,0.000,125,1108808,94620.905,1,8192,0.000,0,0,0.000,58.543
mixed,real,2190,13281538206002830254,0,1923,1,3398,0.000,125,1108933,94620.905,2,16384,0.000,0,0,0.000,61.022
mixed,real,2191,13281538206002830254,0,1923,1,5321,0.000,125,1109058,94620.905,1,8192,0.000,0,0,0.000,61.963
mixed,real,2192,13281538206002830254,0,1923,2,7244,0.000,125,1109183,94620.905,1,8192,0.000,0,0,0.000,61.983
mixed,real,2193,13281538206002830254,0,1923,1,975,0.000,125,1108285,97352.266,1,8192,0.000,0,0,0.000,58.289
mixed,real,2194,13281538206002830254,0,1923,1,2898,0.000,125,1108410,97352.266,2,16384,0.000,0,0,0.000,60.327
mixed,real,2195,13281538206002830254,0,1923,1,4821,0.000,125,1108535,97352.266,1,8192,0.000,0,0,0.000,61.817
mixed,real,2196,13281538206002830254,0,1923,2,6744,0.000,125,1108660,97352.266,1,8192,0.000,0,0,0.000,62.036
mixed,real,2197,13281538206002830254,0,1923,1,475,0.000,125,1107762,100015.143,1,8192,0.000,0,0,0.000,58.073
mixed,real,2198,13281538206002830254,0,1923,1,2398,0.000,125,1107887,100015.143,2,16384,0.000,0,0,0.000,60.027
mixed,real,2199,13281538206002830254,0,1923,1,4321,0.000,125,1108012,100015.143,2,16384,0.000,0,0,0.000,61.989
mixed,real,2200,13281538206002830254,0,1923,1,6244,0.000,125,1108137,100015.143,1,8192,0.000,0,0,0.000,62.483
mixed,real,2201,13281538206002830254,0,1924,2,8167,0.000,124,1099047,99832.074,1,8192,0.000,0,0,0.000,58.190
mixed,real,2202,13281538206002830254,0,1923,1,1899,0.000,125,1107363,102620.199,2,16384,0.000,0,0,0.000,59.706
mixed,real,2203,13281538206002830254,0,1923,1,3822,0.000,125,1107488,102620.199,2,16384,0.000,0,0,0.000,61.761
mixed,real,2204,13281538206002830254,0,1923,1,5745,0.000,125,1107613,102620.199,1,8192,0.000,0,0,0.000,62.313
mixed,real,2205,13281538206002830254,0,1924,2,7668,0.000,124,1098523,102434.215,1,8192,0.000,0,0,0.000,61.857
mixed,real,2206,13281538206002830254,0,1923,1,1400,0.000,125,1106839,105156.573,2,16384,0.000,0,0,0.000,58.406
mixed,real,2207,13281538206002830254,0,1923,1,3323,0.000,125,1106964,105156.573,2,16384,0.000,0,0,0.000,60.914
mixed,real,2208,13281538206002830254,0,1923,1,5246,0.000,125,1107089,105156.573,1,8192,0.000,0,0,0.000,62.005
mixed,real,2209,13281538206002830254,0,1924,2,7169,0.000,124,1097999,104966.834,1,8192,0.000,0,0,0.000,61.117
mixed,real,2210,13281538206002830254,0,1923,1,901,0.000,125,1106315,107624.266,2,16384,0.000,0,0,0.000,58.447
mixed,real,2211,13281538206002830254,0,1923,1,2824,0.000,125,1106440,107624.266,2,16384,0.000,0,0,0.000,60.260
mixed,real,2212,13281538206002830254,0,1923,1,4747,0.000,125,1106565,107624.266,1,8192,0.000,0,0,0.000,61.914
mixed,real,2213,13281538206002830254,0,1924,2,6670,0.000,124,1097475,107429.933,1,8192,0.000,0,0,0.000,61.578
mixed,real,2214,13281538206002830254,0,1923,1,402,0.000,125,1105791,110023.276,2,16384,0.000,0,0,0.000,58.681
mixed,real,2215,13281538206002830254,0,1923,1,2325,0.000,125,1105916,110023.276,2,16384,0.000,0,0,0.000,59.861
mixed,real,2216,13281538206002830254,0,1923,1,4248,0.000,125,1106041,110023.276,2,16384,0.000,0,0,0.000,62.083
mixed,real,2217,13281538206002830254,0,1924,1,6171,0.000,124,1096951,109823.510,1,8192,0.000,0,0,0.000,61.483
mixed,real,2218,13281538206002830254,0,1924,2,8095,0.000,124,1097075,109823.510,2,16384,0.000,0,0,0.000,58.384
mixed,real,2219,13281538206002830254,0,1923,1,1827,0.000,125,1105391,112364.016,2,16384,0.000,0,0,0.000,59.342
mixed,real,2220,13281538206002830254,0,1923,1,3750,0.000,125,1105516,112364.016,2,16384,0.000,0,0,0.000,61.547
mixed,real,2221,13281538206002830254,0,1924,1,5673,0.000,124,1096426,112158.011,1,8192,0.000,0,0,0.000,61.490
mixed,real,2222,13281538206002830254,0,1924,2,7597,0.000,124,1096550,112158.011,2,16384,0.000,0,0,0.000,61.989
mixed,real,2223,13281538206002830254,0,1923,1,1329,0.000,125,1104866,114635.875,2,16384,0.000,0,0,0.000,58.584
mixed,real,2224,13281538206002830254,0,1923,1,3252,0.000,125,1104991,114635.875,2,16384,0.000,0,0,0.000,60.482
mixed,real,2225,13281538206002830254,0,1923,1,5175,0.000,125,1105116,114635.875,1,8192,0.000,0,0,0.000,62.589
mixed,real,2226,13281538206002830254,0,1924,2,7098,0.000,124,1096026,114428.864,1,8192,0.000,0,0,0.000,62.925
mixed,real,2227,13281538206002830254,0,1923,1,830,0.000,125,1104342,116844.962,2,16384,0.000,0,0,0.000,59.358
mixed,real,2228,13281538206002830254,0,1923,1,2753,0.000,125,1104467,116844.962,2,16384,0.000,0,0,0.000,58.991
mixed,real,2229,13281538206002830254,0,1923,1,4676,0.000,125,1104592,116844.962,1,8192,0.000,0,0,0.000,62.428
mixed,real,2230,13281538206002830254,0,1924,2,6599,0.000,124,1095502,116630.196,1,8192,0.000,0,0,0.000,60.955
mixed,real,2231,13281538206002830254,0,1923,1,331,0.000,125,1103818,118985.368,2,16384,0.000,0,0,0.000,58.393
mixed,real,2232,13281538206002830254,0,1923,1,2254,0.000,125,1103943,118985.368,2,16384,0.000,0,0,0.000,59.772
mixed,real,2233,13281538206002830254,0,1923,1,4177,0.000,125,1104068,118985.368,2,16384,0.000,0,0,0.000,62.024
mixed,real,2234,13281538206002830254,0,1924,1,6100,0.000,124,1094978,118762.007,1,8192,0.000,0,0,0.000,61.049
mixed,real,2235,13281538206002830254,0,1924,2,8024,0.000,124,1095102,118762.007,2,16384,0.000,0,0,0.000,63.154
mixed,real,2236,13281538206002830254,0,1923,1,1756,0.000,125,1103418,121067.250,2,16384,0.000,0,0,0.000,58.930
mixed,real,2237,13281538206002830254,0,1923,1,3679,0.000,125,1103543,121067.250,2,16384,0.000,0,0,0.000,61.450
mixed,real,2238,13281538206002830254,0,1924,1,5602,0.000,124,1094453,120834.486,1,8192,0.000,0,0,0.000,61.139
mixed,real,2239,13281538206002830254,0,1924,2,7526,0.000,124,1094577,120834.486,2,16384,0.000,0,0,0.000,61.661
mixed,real,2240,13281538206002830254,0,1923,1,1258,0.000,125,1102893,123080.251,2,16384,0.000,0,0,0.000,58.564
mixed,real,2241,13281538206002830254,0,1923,1,3181,0.000,125,1103018,123080.251,2,16384,0.000,0,0,0.000,60.820
mixed,real,2242,13281538206002830254,0,1924,1,5104,0.000,124,1093928,122837.242,1,8192,0.000,0,0,0.000,60.779
mixed,real,2243,13281538206002830254,0,1924,2,7028,0.000,124,1094052,122837.242,2,16384,0.000,0,0,0.000,61.402
mixed,real,2244,13281538206002830254,0,1923,1,760,0.000,125,1102368,125024.373,2,16384,0.000,0,0,0.000,58.267
mixed,real,2245,13281538206002830254,0,1923,1,2683,0.000,125,1102493,125024.373,2,16384,0.000,0,0,0.000,60.206
mixed,real,2246,13281538206002830254,0,1924,1,4606,0.000,124,1093403,124770.276,1,8192,0.000,0,0,0.000,60.911
mixed,real,2247,13281538206002830254,0,1924,2,6530,0.000,124,1093527,124770.276,2,16384,0.000,0,0,0.000,61.888
mixed,real,2248,13281538206002830254,0,1923,1,262,0.000,125,1101843,126899.614,2,16384,0.000,0,0,0.000,58.071
mixed,real,2249,13281538206002830254,0,1923,1,2185,0.000,125,1101968,126899.614,2,16384,0.000,0,0,0.000,59.989
mixed,real,2250,13281538206002830254,0,1924,1,4108,0.000,124,1092878,126633.588,2,16384,0.000,0,0,0.000,61.485
mixed,real,2251,13281538206002830254,0,1924,1,6032,0.000,124,1093002,126633.588,2,16384,0.000,0,0,0.000,61.241
mixed,real,2252,13281538206002830254,0,1924,2,7956,0.000,124,1093126,126633.588,2,16384,0.000,0,0,0.000,62.717
mixed,real,2253,13281538206002830254,0,1923,1,1688,0.000,125,1101442,128715.881,2,16384,0.000,0,0,0.000,59.186
mixed,real,2254,13281538206002830254,0,1924,1,3611,0.000,124,1092352,128437.109,2,16384,0.000,0,0,0.000,60.757
mixed,real,2255,13281538206002830254,0,1924,1,5535,0.000,124,1092476,128437.109,2,16384,0.000,0,0,0.000,61.079
mixed,real,2256,13281538206002830254,0,1924,2,7459,0.000,124,1092600,128437.109,2,16384,0.000,0,0,0.000,61.849
mixed,real,2257,13281538206002830254,0,1923,1,1191,0.000,125,1100916,130463.068,2,16384,0.000,0,0,0.000,58.809
mixed,real,2258,13281538206002830254,0,1924,1,3114,0.000,124,1091826,130170.707,2,16384,0.000,0,0,0.000,60.133
mixed,real,2259,13281538206002830254,0,1924,1,5038,0.000,124,1091950,130170.707,2,16384,0.000,0,0,0.000,60.700
mixed,real,2260,13281538206002830254,0,1924,2,6962,0.000,124,1092074,130170.707,2,16384,0.000,0,0,0.000,61.473
mixed,real,2261,13281538206002830254,0,1923,1,694,0.000,125,1100390,132141.178,2,16384,0.000,0,0,0.000,58.485
mixed,real,2262,13281538206002830254,0,1924,1,2617,0.000,124,1091300,131834.382,2,16384,0.000,0,0,0.000,59.638
mixed,real,2263,13281538206002830254,0,1924,1,4541,0.000,124,1091424,131834.382,2,16384,0.000,0,0,0.000,60.824
mixed,real,2264,13281538206002830254,0,1924,2,6465,0.000,124,1091548,131834.382,2,16384,0.000,0,0,0.000,61.091
mixed,real,2265,13281538206002830254,0,1923,1,197,0.000,125,1099864,133750.208,2,16384,0.000,0,0,0.000,58.240
mixed,real,2266,13281538206002830254,0,1924,1,2120,0.000,124,1090774,133428.133,2,16384,0.000,0,0,0.000,59.270
mixed,real,2267,13281538206002830254,0,1924,1,4044,0.000,124,1090898,133428.133,3,24576,0.000,0,0,0.000,61.176
mixed,real,2268,13281538206002830254,0,1924,1,5968,0.000,124,1091022,133428.133,2,16384,0.000,0,0,0.000,61.556
mixed,real,2269,13281538206002830254,0,1924,2,7892,0.000,124,1091146,133428.133,2,16384,0.000,0,0,0.000,63.432
mixed,real,2270,13281538206002830254,0,1924,1,1624,0.000,124,1090247,134961.635,2,16384,0.000,0,0,0.000,58.215
mixed,real,2271,13281538206002830254,0,1924,1,3548,0.000,124,1090371,134961.635,3,24576,0.000,0,0,0.000,60.652
mixed,real,2272,13281538206002830254,0,1924,1,5472,0.000,124,1090495,134961.635,2,16384,0.000,0,0,0.000,60.856
mixed,real,2273,13281538206002830254,0,1924,2,7396,0.000,124,1090619,134961.635,2,16384,0.000,0,0,0.000,61.793
mixed,real,2274,13281538206002830254,0,1924,1,1128,0.000,124,1089720,136425.012,2,16384,0.000,0,0,0.000,58.191
mixed,real,2275,13281538206002830254,0,1924,1,3052,0.000,124,1089844,136425.012,3,24576,0.000,0,0,0.000,60.126
mixed,real,2276,13281538206002830254,0,1924,1,4976,0.000,124,1089968,136425.012,2,16384,0.000,0,0,0.000,60.804
mixed,real,2277,13281538206002830254,0,1924,2,6900,0.000,124,1090092,136425.012,2,16384,0.000,0,0,0.000,61.455
mixed,real,2278,13281538206002830254,0,1923,1,632,0.000,125,1098408,138191.186,2,16384,0.000,0,0,0.000,58.375
mixed,real,2279,13281538206002830254,0,1924,1,2555,0.000,124,1089318,137825.210,2,16384,0.000,0,0,0.000,59.454
mixed,real,2280,13281538206002830254,0,1924,1,4479,0.000,124,1089442,137825.210,2,16384,0.000,0,0,0.000,60.914
mixed,real,2281,13281538206002830254,0,1924,2,6403,0.000,124,1089566,137825.210,2,16384,0.000,0,0,0.000,60.785
mixed,real,2282,13281538206002830254,0,1923,1,135,0.000,125,1097882,139539.925,2,16384,0.000,0,0,0.000,58.421
mixed,real,2283,13281538206002830254,0,1924,1,2058,0.000,124,1088792,139155.485,2,16384,0.000,0,0,0.000,59.135
mixed,real,2284,13281538206002830254,0,1924,1,3982,0.000,124,1088916,139155.485,3,24576,0.000,0,0,0.000,61.283
mixed,real,2285,13281538206002830254,0,1924,1,5906,0.000,124,1089040,139155.485,2,16384,0.000,0,0,0.000,61.424
mixed,real,2286,13281538206002830254,0,1924,2,7830,0.000,124,1089164,139155.485,2,16384,0.000,0,0,0.000,63.315
mixed,real,2287,13281538206002830254,0,1924,1,1562,0.000,124,1088265,140425.254,2,16384,0.000,0,0,0.000,58.197
mixed,real,2288,13281538206002830254,0,1924,1,3486,0.000,124,1088389,140425.254,3,24576,0.000,0,0,0.000,60.356
mixed,real,2289,13281538206002830254,0,1924,1,5410,0.000,124,1088513,140425.254,2,16384,0.000,0,0,0.000,61.185
mixed,real,2290,13281538206002830254,0,1924,2,7334,0.000,124,1088637,140425.254,2,16384,0.000,0,0,0.000,62.276
mixed,real,2291,13281538206002830254,0,1924,1,1066,0.000,124,1087738,141624.897,2,16384,0.000,0,0,0.000,57.956
mixed,real,2292,13281538206002830254,0,1924,1,2990,0.000,124,1087862,141624.897,3,24576,0.000,0,0,0.000,60.171
mixed,real,2293,13281538206002830254,0,1924,1,4914,0.000,124,1087986,141624.897,2,16384,0.000,0,0,0.000,60.404
mixed,real,2294,13281538206002830254,0,1924,2,6838,0.000,124,1088110,141624.897,2,16384,0.000,0,0,0.000,61.745
mixed,real,2295,13281538206002830254,0,1924,1,570,0.000,124,1087211,142754.415,2,16384,0.000,0,0,0.000,57.682
mixed,real,2296,13281538206002830254,0,1924,1,2494,0.000,124,1087335,142754.415,3,24576,0.000,0,0,0.000,59.478
mixed,real,2297,13281538206002830254,0,1924,1,4418,0.000,124,1087459,142754.415,2,16384,0.000,0,0,0.000,60.690
mixed,real,2298,13281538206002830254,0,1924,2,6342,0.000,124,1087583,142754.415,2,16384,0.000,0,0,0.000,61.361
mixed,real,2299,13281538206002830254,0,1924,1,74,0.000,124,1086684,143813.808,2,16384,0.000,0,0,0.000,57.890
mixed,real,2300,13281538206002830254,0,1924,1,1998,0.000,124,1086808,143813.808,3,24576,0.000,0,0,0.000,59.365
mixed,real,2301,13281538206002830254,0,1924,1,3922,0.000,124,1086932,143813.808,3,24576,0.000,0,0,0.000,60.933
mixed,real,2302,13281538206002830254,0,1924,1,5846,0.000,124,1087056,143813.808,2,16384,0.000,0,0,0.000,61.801
mixed,real,2303,13281538206002830254,0,1925,2,7770,0.000,123,1077965,143342.281,2,16384,0.000,0,0,0.000,62.117
mixed,real,2304,13281538206002830254,0,1924,1,1503,0.000,124,1086280,144812.235,3,24576,0.000,0,0,0.000,58.646
mixed,real,2305,13281538206002830254,0,1924,1,3427,0.000,124,1086404,144812.235,3,24576,0.000,0,0,0.000,60.735
mixed,real,2306,13281538206002830254,0,1924,1,5351,0.000,124,1086528,144812.235,2,16384,0.000,0,0,0.000,61.198
mixed,real,2307,13281538206002830254,0,1925,2,7275,0.000,123,1077437,144317.447,2,16384,0.000,0,0,0.000,61.252
mixed,real,2308,13281538206002830254,0,1924,1,1008,0.000,124,1085752,145740.335,3,24576,0.000,0,0,0.000,58.443
mixed,real,2309,13281538206002830254,0,1924,1,2932,0.000,124,1085876,145740.335,3,24576,0.000,0,0,0.000,59.751
mixed,real,2310,13281538206002830254,0,1924,1,4856,0.000,124,1086000,145740.335,2,16384,0.000,0,0,0.000,61.025
mixed,real,2311,13281538206002830254,0,1925,2,6780,0.000,123,1076909,145221.417,2,16384,0.000,0,0,0.000,60.923
mixed,real,2312,13281538206002830254,0,1924,1,513,0.000,124,1085224,146598.108,3,24576,0.000,0,0,0.000,58.110
mixed,real,2313,13281538206002830254,0,1924,1,2437,0.000,124,1085348,146598.108,3,24576,0.000,0,0,0.000,59.417
mixed,real,2314,13281538206002830254,0,1924,1,4361,0.000,124,1085472,146598.108,2,16384,0.000,0,0,0.000,61.140
mixed,real,2315,13281538206002830254,0,1925,2,6285,0.000,123,1076381,146054.191,2,16384,0.000,0,0,0.000,60.583
mixed,real,2316,13281538206002830254,0,1924,1,18,0.000,124,1084696,147385.554,3,24576,0.000,0,0,0.000,58.202
mixed,real,2317,13281538206002830254,0,1924,1,1942,0.000,124,1084820,147385.554,3,24576,0.000,0,0,0.000,59.198
mixed,real,2318,13281538206002830254,0,1924,1,3866,0.000,124,1084944,147385.554,3,24576,0.000,0,0,0.000,60.788
mixed,real,2319,13281538206002830254,0,1924,1,5790,0.000,124,1085068,147385.554,2,16384,0.000,0,0,0.000,61.742
mixed,real,2320,13281538206002830254,0,1925,2,7714,0.000,123,1075977,146823.375,2,16384,0.000,0,0,0.000,61.633
mixed,real,2321,13281538206002830254,0,1924,1,1447,0.000,124,1084292,148119.190,3,24576,0.000,0,0,0.000,58.621
mixed,real,2322,13281538206002830254,0,1924,1,3371,0.000,124,1084416,148119.190,3,24576,0.000,0,0,0.000,60.745
mixed,real,2323,13281538206002830254,0,1924,1,5295,0.000,124,1084540,148119.190,2,16384,0.000,0,0,0.000,61.427
mixed,real,2324,13281538206002830254,0,1925,2,7219,0.000,123,1075449,147530.477,2,16384,0.000,0,0,0.000,61.141
mixed,real,2325,13281538206002830254,0,1924,1,952,0.000,124,1083764,148782.499,3,24576,0.000,0,0,0.000,58.229
mixed,real,2326,13281538206002830254,0,1924,1,2876,0.000,124,1083888,148782.499,3,24576,0.000,0,0,0.000,59.895
mixed,real,2327,13281538206002830254,0,1924,1,4800,0.000,124,1084012,148782.499,2,16384,0.000,0,0,0.000,61.008
mixed,real,2328,13281538206002830254,0,1925,2,6724,0.000,123,1074921,148166.385,2,16384,0.000,0,0,0.000,60.904
mixed,real,2329,13281538206002830254,0,1924,1,457,0.000,124,1083236,149375.481,3,24576,0.000,0,0,0.000,58.062
mixed,real,2330,13281538206002830254,0,1924,1,2381,0.000,124,1083360,149375.481,3,24576,0.000,0,0,0.000,59.334
mixed,real,2331,13281538206002830254,0,1924,1,4305,0.000,124,1083484,149375.481,3,24576,0.000,0,0,0.000,60.759
mixed,real,2332,13281538206002830254,0,1925,1,6229,0.000,123,1074393,148731.096,2,16384,0.000,0,0,0.000,60.852
mixed,real,2333,13281538206002830254,0,1925,2,8154,0.000,123,1074516,148731.096,3,24576,0.000,0,0,0.000,58.083
mixed,real,2334,13281538206002830254,0,1924,1,1887,0.000,124,1082831,149906.847,3,24576,0.000,0,0,0.000,58.913
mixed,real,2335,13281538206002830254,0,1924,1,3811,0.000,124,1082955,149906.847,3,24576,0.000,0,0,0.000,61.137
mixed,real,2336,13281538206002830254,0,1925,1,5735,0.000,123,1073864,149233.329,2,16384,0.000,0,0,0.000,61.075
mixed,real,2337,13281538206002830254,0,1925,2,7660,0.000,123,1073987,149233.329,3,24576,0.000,0,0,0.000,62.120
mixed,real,2338,13281538206002830254,0,1924,1,1393,0.000,124,1082302,150367.683,3,24576,0.000,0,0,0.000,58.507
mixed,real,2339,13281538206002830254,0,1924,1,3317,0.000,124,1082426,150367.683,3,24576,0.000,0,0,0.000,60.674
mixed,real,2340,13281538206002830254,0,1925,1,5241,0.000,123,1073335,149664.162,2,16384,0.000,0,0,0.000,61.094
mixed,real,2341,13281538206002830254,0,1925,2,7166,0.000,123,1073458,149664.162,3,24576,0.000,0,0,0.000,61.667
mixed,real,2342,13281538206002830254,0,1924,1,899,0.000,124,1081773,150757.991,3,24576,0.000,0,0,0.000,58.007
mixed,real,2343,13281538206002830254,0,1924,1,2823,0.000,124,1081897,150757.991,3,24576,0.000,0,0,0.000,60.091
mixed,real,2344,13281538206002830254,0,1925,1,4747,0.000,123,1072806,150023.593,2,16384,0.000,0,0,0.000,60.576
mixed,real,2345,13281538206002830254,0,1925,2,6672,0.000,123,1072929,150023.593,3,24576,0.000,0,0,0.000,61.555
mixed,real,2346,13281538206002830254,0,1924,1,405,0.000,124,1081244,151077.771,3,24576,0.000,0,0,0.000,57.784
mixed,real,2347,13281538206002830254,0,1924,1,2329,0.000,124,1081368,151077.771,3,24576,0.000,0,0,0.000,59.752
mixed,real,2348,13281538206002830254,0,1925,1,4253,0.000,123,1072277,150311.625,3,24576,0.000,0,0,0.000,60.803
mixed,real,2349,13281538206002830254,0,1925,1,6178,0.000,123,1072400,150311.625,3,24576,0.000,0,0,0.000,61.488
mixed,real,2350,13281538206002830254,0,1925,2,8103,0.000,123,1072523,150311.625,3,24576,0.000,0,0,0.000,57.817
mixed,real,2351,13281538206002830254,0,1924,1,1836,0.000,124,1080838,151335.472,3,24576,0.000,0,0,0.000,58.908
mixed,real,2352,13281538206002830254,0,1924,1,3760,0.000,124,1080962,151335.472,3,24576,0.000,0,0,0.000,61.282
mixed,real,2353,13281538206002830254,0,1925,1,5684,0.000,123,1071871,150544.858,2,16384,0.000,0,0,0.000,61.044
mixed,real,2354,13281538206002830254,0,1925,2,7609,0.000,123,1071994,150544.858,3,24576,0.000,0,0,0.000,62.022
mixed,real,2355,13281538206002830254,0,1924,1,1342,0.000,124,1080309,151530.592,3,24576,0.000,0,0,0.000,58.305
mixed,real,2356,13281538206002830254,0,1924,1,3266,0.000,124,1080433,151530.592,3,24576,0.000,0,0,0.000,60.557
mixed,real,2357,13281538206002830254,0,1925,1,5190,0.000,123,1071342,150706.690,2,16384,0.000,0,0,0.000,61.853
mixed,real,2358,13281538206002830254,0,1925,2,7115,0.000,123,1071465,150706.690,3,24576,0.000,0,0,0.000,60.950
mixed,real,2359,13281538206002830254,0,1924,1,848,0.000,124,1079780,151655.184,3,24576,0.000,0,0,0.000,57.850
mixed,real,2360,13281538206002830254,0,1924,1,2772,0.000,124,1079904,151655.184,3,24576,0.000,0,0,0.000,60.757
mixed,real,2361,13281538206002830254,0,1925,1,4696,0.000,123,1070813,150797.121,2,16384,0.000,0,0,0.000,59.792
mixed,real,2362,13281538206002830254,0,1925,2,6621,0.000,123,1070936,150797.121,3,24576,0.000,0,0,0.000,61.507
mixed,real,2363,13281538206002830254,0,1924,1,354,0.000,124,1079251,151709.247,3,24576,0.000,0,0,0.000,57.594
mixed,real,2364,13281538206002830254,0,1924,1,2278,0.000,124,1079375,151709.247,3,24576,0.000,0,0,0.000,59.736
mixed,real,2365,13281538206002830254,0,1925,1,4202,0.000,123,1070284,150816.152,3,24576,0.000,0,0,0.000,60.509
mixed,real,2366,13281538206002830254,0,1925,1,6127,0.000,123,1070407,150816.152,3,24576,0.000,0,0,0.000,61.197
mixed,real,2367,13281538206002830254,0,1925,2,8052,0.000,123,1070530,150816.152,3,24576,0.000,0,0,0.000,58.011
mixed,real,2368,13281538206002830254,0,1924,1,1785,0.000,124,1078845,151700.973,3,24576,0.000,0,0,0.000,59.577
mixed,real,2369,13281538206002830254,0,1925,1,3709,0.000,123,1069754,150771.973,3,24576,0.000,0,0,0.000,60.679
mixed,real,2370,13281538206002830254,0,1925,1,5634,0.000,123,1069877,150771.973,3,24576,0.000,0,0,0.000,61.420
mixed,real,2371,13281538206002830254,0,1925,2,7559,0.000,123,1070000,150771.973,3,24576,0.000,0,0,0.000,61.800
mixed,real,2372,13281538206002830254,0,1924,1,1292,0.000,124,1078315,151621.968,3,24576,0.000,0,0,0.000,58.667
mixed,real,2373,13281538206002830254,0,1925,1,3216,0.000,123,1069224,150656.188,3,24576,0.000,0,0,0.000,60.306
mixed,real,2374,13281538206002830254,0,1925,1,5141,0.000,123,1069347,150656.188,3,24576,0.000,0,0,0.000,60.962
mixed,real,2375,13281538206002830254,0,1925,2,7066,0.000,123,1069470,150656.188,3,24576,0.000,0,0,0.000,61.546
mixed,real,2376,13281538206002830254,0,1924,1,799,0.000,124,1077785,151472.232,3,24576,0.000,0,0,0.000,58.241
mixed,real,2377,13281538206002830254,0,1925,1,2723,0.000,123,1068694,150468.798,3,24576,0.000,0,0,0.000,59.616
mixed,real,2378,13281538206002830254,0,1925,1,4648,0.000,123,1068817,150468.798,3,24576,0.000,0,0,0.000,60.604
mixed,real,2379,13281538206002830254,0,1925,2,6573,0.000,123,1068940,150468.798,3,24576,0.000,0,0,0.000,61.527
mixed,real,2380,13281538206002830254,0,1924,1,306,0.000,124,1077255,151251.765,3,24576,0.000,0,0,0.000,57.810
mixed,real,2381,13281538206002830254,0,1925,1,2230,0.000,123,1068164,150209.802,3,24576,0.000,0,0,0.000,59.113
mixed,real,2382,13281538206002830254,0,1925,1,4155,0.000,123,1068287,150209.802,4,32768,0.000,0,0,0.000,60.471
mixed,real,2383,13281538206002830254,0,1925,1,6080,0.000,123,1068410,150209.802,3,24576,0.000,0,0,0.000,60.734
mixed,real,2384,13281538206002830254,0,1925,2,8005,0.000,123,1068533,150209.802,3,24576,0.000,0,0,0.000,62.979
mixed,real,2385,13281538206002830254,0,1924,1,1738,0.000,124,1076848,150968.498,3,24576,0.000,0,0,0.000,58.858
mixed,real,2386,13281538206002830254,0,1925,1,3662,0.000,123,1067757,149895.819,3,24576,0.000,0,0,0.000,60.496
mixed,real,2387,13281538206002830254,0,1925,1,5587,0.000,123,1067880,149895.819,3,24576,0.000,0,0,0.000,61.077
mixed,real,2388,13281538206002830254,0,1925,2,7512,0.000,123,1068003,149895.819,3,24576,0.000,0,0,0.000,61.948
mixed,real,2389,13281538206002830254,0,1924,1,1245,0.000,124,1076318,150622.984,3,24576,0.000,0,0,0.000,58.807
mixed,real,2390,13281538206002830254,0,1925,1,3169,0.000,123,1067227,149510.230,3,24576,0.000,0,0,0.000,60.044
mixed,real,2391,13281538206002830254,0,1925,1,5094,0.000,123,1067350,149510.230,3,24576,0.000,0,0,0.000,60.726
mixed,real,2392,13281538206002830254,0,1925,2,7019,0.000,123,1067473,149510.230,3,24576,0.000,0,0,0.000,62.157
mixed,real,2393,13281538206002830254,0,1924,1,752,0.000,124,1075788,150206.738,3,24576,0.000,0,0,0.000,58.178
mixed,real,2394,13281538206002830254,0,1925,1,2676,0.000,123,1066697,149053.035,3,24576,0.000,0,0,0.000,59.658
mixed,real,2395,13281538206002830254,0,1925,1,4601,0.000,123,1066820,149053.035,3,24576,0.000,0,0,0.000,60.576
mixed,real,2396,13281538206002830254,0,1925,2,6526,0.000,123,1066943,149053.035,3,24576,0.000,0,0,0.000,61.820
mixed,real,2397,13281538206002830254,0,1924,1,259,0.000,124,1075258,149719.762,3,24576,0.000,0,0,0.000,58.057
mixed,real,2398,13281538206002830254,0,1925,1,2183,0.000,123,1066167,148524.235,3,24576,0.000,0,0,0.000,59.298
mixed,real,2399,13281538206002830254,0,1925,1,4108,0.000,123,1066290,148524.235,4,32768,0.000,0,0,0.000,60.282
mixed,real,2400,13281538206002830254,0,1925,1,6033,0.000,123,1066413,148524.235,3,24576,0.000,0,0,0.000,61.259
mixed,real,2401,13281538206002830254,0,1925,2,7958,0.000,123,1066536,148524.235,3,24576,0.000,0,0,0.000,63.195
mixed,real,2402,13281538206002830254,0,1925,1,1691,0.000,123,1065636,147931.492,3,24576,0.000,0,0,0.000,58.458
mixed,real,2403,13281538206002830254,0,1925,1,3616,0.000,123,1065759,147931.492,4,32768,0.000,0,0,0.000,60.758
mixed,real,2404,13281538206002830254,0,1925,1,5541,0.000,123,1065882,147931.492,3,24576,0.000,0,0,0.000,61.334
mixed,real,2405,13281538206002830254,0,1925,2,7466,0.000,123,1066005,147931.492,3,24576,0.000,0,0,0.000,61.978
mixed,real,2406,13281538206002830254,0,1925,1,1199,0.000,123,1065105,147266.937,3,24576,0.000,0,0,0.000,58.529
mixed,real,2407,13281538206002830254,0,1925,1,3124,0.000,123,1065228,147266.937,4,32768,0.000,0,0,0.000,60.725
mixed,real,2408,13281538206002830254,0,1925,1,5049,0.000,123,1065351,147266.937,3,24576,0.000,0,0,0.000,60.896
mixed,real,2409,13281538206002830254,0,1925,2,6974,0.000,123,1065474,147266.937,3,24576,0.000,0,0,0.000,62.497
mixed,real,2410,13281538206002830254,0,1925,1,707,0.000,123,1064574,146530.572,3,24576,0.000,0,0,0.000,58.377
mixed,real,2411,13281538206002830254,0,1925,1,2632,0.000,123,1064697,146530.572,4,32768,0.000,0,0,0.000,60.513
mixed,real,2412,13281538206002830254,0,1925,1,4557,0.000,123,1064820,146530.572,3,24576,0.000,0,0,0.000,60.815
mixed,real,2413,13281538206002830254,0,1925,2,6482,0.000,123,1064943,146530.572,3,24576,0.000,0,0,0.000,61.283
mixed,real,2414,13281538206002830254,0,1924,1,215,0.000,124,1073258,147094.019,3,24576,0.000,0,0,0.000,58.115
mixed,real,2415,13281538206002830254,0,1925,1,2139,0.000,123,1064167,145731.562,3,24576,0.000,0,0,0.000,60.613
mixed,real,2416,13281538206002830254,0,1925,1,4064,0.000,123,1064290,145731.562,4,32768,0.000,0,0,0.000,60.803
mixed,real,2417,13281538206002830254,0,1925,1,5989,0.000,123,1064413,145731.562,3,24576,0.000,0,0,0.000,61.307
mixed,real,2418,13281538206002830254,0,1925,2,7914,0.000,123,1064536,145731.562,3,24576,0.000,0,0,0.000,63.455
mixed,real,2419,13281538206002830254,0,1925,1,1647,0.000,123,1063636,144868.345,3,24576,0.000,0,0,0.000,59.434
mixed,real,2420,13281538206002830254,0,1925,1,3572,0.000,123,1063759,144868.345,4,32768,0.000,0,0,0.000,60.695
mixed,real,2421,13281538206002830254,0,1925,1,5497,0.000,123,1063882,144868.345,3,24576,0.000,0,0,0.000,61.077
mixed,real,2422,13281538206002830254,0,1925,2,7422,0.000,123,1064005,144868.345,3,24576,0.000,0,0,0.000,61.833
mixed,real,2423,13281538206002830254,0,1925,1,1155,0.000,123,1063105,143933.316,3,24576,0.000,0,0,0.000,58.859
mixed,real,2424,13281538206002830254,0,1925,1,3080,0.000,123,1063228,143933.316,4,32768,0.000,0,0,0.000,60.501
mixed,real,2425,13281538206002830254,0,1925,1,5005,0.000,123,1063351,143933.316,3,24576,0.000,0,0,0.000,61.140
mixed,real,2426,13281538206002830254,0,1925,2,6930,0.000,123,1063474,143933.316,3,24576,0.000,0,0,0.000,62.309
mixed,real,2427,13281538206002830254,0,1925,1,663,0.000,123,1062574,142926.477,3,24576,0.000,0,0,0.000,58.631
mixed,real,2428,13281538206002830254,0,1925,1,2588,0.000,123,1062697,142926.477,4,32768,0.000,0,0,0.000,60.241
mixed,real,2429,13281538206002830254,0,1925,1,4513,0.000,123,1062820,142926.477,3,24576,0.000,0,0,0.000,60.759
mixed,real,2430,13281538206002830254,0,1925,2,6438,0.000,123,1062943,142926.477,3,24576,0.000,0,0,0.000,61.251
mixed,real,2431,13281538206002830254,0,1925,1,171,0.000,123,1062043,141847.827,3,24576,0.000,0,0,0.000,58.456
mixed,real,2432,13281538206002830254,0,1925,1,2096,0.000,123,1062166,141847.827,4,32768,0.000,0,0,0.000,60.422
mixed,real,2433,13281538206002830254,0,1925,1,4021,0.000,123,1062289,141847.827,4,32768,0.000,0,0,0.000,60.861
mixed,real,2434,13281538206002830254,0,1925,1,5946,0.000,123,1062412,141847.827,3,24576,0.000,0,0,0.000,61.776
mixed,real,2435,13281538206002830254,0,1926,2,7871,0.000,122,1053320,140263.947,3,24576,0.000,0,0,0.000,61.969
mixed,real,2436,13281538206002830254,0,1925,1,1605,0.000,123,1061634,140704.499,4,32768,0.000,0,0,0.000,59.879
mixed,real,2437,13281538206002830254,0,1925,1,3530,0.000,123,1061757,140704.499,4,32768,0.000,0,0,0.000,60.812
mixed,real,2438,13281538206002830254,0,1925,1,5455,0.000,123,1061880,140704.499,3,24576,0.000,0,0,0.000,61.310
mixed,real,2439,13281538206002830254,0,1925,2,7380,0.000,123,1062003,140704.499,3,24576,0.000,0,0,0.000,61.892
mixed,real,2440,13281538206002830254,0,1925,1,1113,0.000,123,1061103,139498.727,3,24576,0.000,0,0,0.000,59.129
mixed,real,2441,13281538206002830254,0,1925,1,3038,0.000,123,1061226,139498.727,4,32768,0.000,0,0,0.000,60.517
mixed,real,2442,13281538206002830254,0,1925,1,4963,0.000,123,1061349,139498.727,3,24576,0.000,0,0,0.000,61.279
mixed,real,2443,13281538206002830254,0,1925,2,6888,0.000,123,1061472,139498.727,3,24576,0.000,0,0,0.000,62.282
mixed,real,2444,13281538206002830254,0,1925,1,621,0.000,123,1060572,138221.143,3,24576,0.000,0,0,0.000,58.624
mixed,real,2445,13281538206002830254,0,1925,1,2546,0.000,123,1060695,138221.143,4,32768,0.000,0,0,0.000,60.553
mixed,real,2446,13281538206002830254,0,1925,1,4471,0.000,123,1060818,138221.143,3,24576,0.000,0,0,0.000,61.112
mixed,real,2447,13281538206002830254,0,1925,2,6396,0.000,123,1060941,138221.143,3,24576,0.000,0,0,0.000,61.864
mixed,real,2448,13281538206002830254,0,1925,1,129,0.000,123,1060041,136871.749,3,24576,0.000,0,0,0.000,58.660
mixed,real,2449,13281538206002830254,0,1925,1,2054,0.000,123,1060164,136871.749,4,32768,0.000,0,0,0.000,61.070
mixed,real,2450,13281538206002830254,0,1925,1,3979,0.000,123,1060287,136871.749,4,32768,0.000,0,0,0.000,61.065
mixed,real,2451,13281538206002830254,0,1925,1,5904,0.000,123,1060410,136871.749,3,24576,0.000,0,0,0.000,62.046
mixed,real,2452,13281538206002830254,0,1926,2,7829,0.000,122,1051318,135089.804,3,24576,0.000,0,0,0.000,61.641
mixed,real,2453,13281538206002830254,0,1925,1,1563,0.000,123,1059632,135457.412,4,32768,0.000,0,0,0.000,60.032
mixed,real,2454,13281538206002830254,0,1925,1,3488,0.000,123,1059755,135457.412,4,32768,0.000,0,0,0.000,60.889
mixed,real,2455,13281538206002830254,0,1925,1,5413,0.000,123,1059878,135457.412,3,24576,0.000,0,0,0.000,61.787
mixed,real,2456,13281538206002830254,0,1926,2,7338,0.000,122,1050786,133621.344,3,24576,0.000,0,0,0.000,62.287
mixed,real,2457,13281538206002830254,0,1925,1,1072,0.000,123,1059100,133971.058,4,32768,0.000,0,0,0.000,59.719
mixed,real,2458,13281538206002830254,0,1925,1,2997,0.000,123,1059223,133971.058,4,32768,0.000,0,0,0.000,60.755
mixed,real,2459,13281538206002830254,0,1925,1,4922,0.000,123,1059346,133971.058,3,24576,0.000,0,0,0.000,61.229
mixed,real,2460,13281538206002830254,0,1925,2,6847,0.000,123,1059469,133971.058,3,24576,0.000,0,0,0.000,62.500
mixed,real,2461,13281538206002830254,0,1925,1,580,0.000,123,1058569,132422.595,3,24576,0.000,0,0,0.000,58.920
mixed,real,2462,13281538206002830254,0,1925,1,2505,0.000,123,1058692,132422.595,4,32768,0.000,0,0,0.000,60.710
mixed,real,2463,13281538206002830254,0,1925,1,4430,0.000,123,1058815,132422.595,3,24576,0.000,0,0,0.000,61.292
mixed,real,2464,13281538206002830254,0,1925,2,6355,0.000,123,1058938,132422.595,3,24576,0.000,0,0,0.000,61.773
mixed,real,2465,13281538206002830254,0,1925,1,88,0.000,123,1058038,130802.321,3,24576,0.000,0,0,0.000,58.730
mixed,real,2466,13281538206002830254,0,1925,1,2013,0.000,123,1058161,130802.321,4,32768,0.000,0,0,0.000,60.852
mixed,real,2467,13281538206002830254,0,1925,1,3938,0.000,123,1058284,130802.321,4,32768,0.000,0,0,0.000,60.982
mixed,real,2468,13281538206002830254,0,1925,1,5863,0.000,123,1058407,130802.321,3,24576,0.000,0,0,0.000,61.969
mixed,real,2469,13281538206002830254,0,1926,2,7788,0.000,122,1049315,128808.890,3,24576,0.000,0,0,0.000,61.615
mixed,real,2470,13281538206002830254,0,1925,1,1522,0.000,123,1057629,129116.840,4,32768,0.000,0,0,0.000,60.101
mixed,real,2471,13281538206002830254,0,1925,1,3447,0.000,123,1057752,129116.840,4,32768,0.000,0,0,0.000,61.024
mixed,real,2472,13281538206002830254,0,1925,1,5372,0.000,123,1057875,129116.840,3,24576,0.000,0,0,0.000,62.065
mixed,real,2473,13281538206002830254,0,1926,2,7297,0.000,122,1048783,127065.899,3,24576,0.000,0,0,0.000,62.187
mixed,real,2474,13281538206002830254,0,1925,1,1031,0.000,123,1057097,127359.342,4,32768,0.000,0,0,0.000,59.736
mixed,real,2475,13281538206002830254,0,1925,1,2956,0.000,123,1057220,127359.342,4,32768,0.000,0,0,0.000,60.902
mixed,real,2476,13281538206002830254,0,1925,1,4881,0.000,123,1057343,127359.342,3,24576,0.000,0,0,0.000,61.516
mixed,real,2477,13281538206002830254,0,1926,2,6806,0.000,122,1048251,125249.992,3,24576,0.000,0,0,0.000,62.257
mixed,real,2478,13281538206002830254,0,1925,1,540,0.000,123,1056565,125529.828,4,32768,0.000,0,0,0.000,59.306
mixed,real,2479,13281538206002830254,0,1925,1,2465,0.000,123,1056688,125529.828,4,32768,0.000,0,0,0.000,60.840
mixed,real,2480,13281538206002830254,0,1925,1,4390,0.000,123,1056811,125529.828,3,24576,0.000,0,0,0.000,61.875
mixed,real,2481,13281538206002830254,0,1926,2,6315,0.000,122,1047719,123361.169,3,24576,0.000,0,0,0.000,61.671
mixed,real,2482,13281538206002830254,0,1925,1,49,0.000,123,1056033,123628.297,4,32768,0.000,0,0,0.000,59.306
mixed,real,2483,13281538206002830254,0,1925,1,1974,0.000,123,1056156,123628.297,4,32768,0.000,0,0,0.000,61.167
mixed,real,2484,13281538206002830254,0,1925,1,3899,0.000,123,1056279,123628.297,4,32768,0.000,0,0,0.000,61.392
mixed,real,2485,13281538206002830254,0,1925,1,5824,0.000,123,1056402,123628.297,3,24576,0.000,0,0,0.000,62.026
mixed,real,2486,13281538206002830254,0,1926,2,7749,0.000,122,1047310,121409.775,3,24576,0.000,0,0,0.000,62.033
mixed,real,2487,13281538206002830254,0,1925,1,1483,0.000,123,1055624,121671.400,4,32768,0.000,0,0,0.000,60.881
mixed,real,2488,13281538206002830254,0,1925,1,3408,0.000,123,1055747,121671.400,4,32768,0.000,0,0,0.000,61.195
mixed,real,2489,13281538206002830254,0,1925,1,5333,0.000,123,1055870,121671.400,3,24576,0.000,0,0,0.000,62.101
mixed,real,2490,13281538206002830254,0,1926,2,7258,0.000,122,1046778,119391.978,3,24576,0.000,0,0,0.000,62.165
mixed,real,2491,13281538206002830254,0,1925,1,992,0.000,123,1055092,119642.488,4,32768,0.000,0,0,0.000,60.916
mixed,real,2492,13281538206002830254,0,1925,1,2917,0.000,123,1055215,119642.488,4,32768,0.000,0,0,0.000,61.258
mixed,real,2493,13281538206002830254,0,1925,1,4842,0.000,123,1055338,119642.488,3,24576,0.000,0,0,0.000,61.914
mixed,real,2494,13281538206002830254,0,1926,2,6767,0.000,122,1046246,117301.266,3,24576,0.000,0,0,0.000,62.226
mixed,real,2495,13281538206002830254,0,1925,1,501,0.000,123,1054560,117541.558,4,32768,0.000,0,0,0.000,59.914
mixed,real,2496,13281538206002830254,0,1925,1,2426,0.000,123,1054683,117541.558,4,32768,0.000,0,0,0.000,61.257
mixed,real,2497,13281538206002830254,0,1925,1,4351,0.000,123,1054806,117541.558,3,24576,0.000,0,0,0.000,61.919
mixed,real,2498,13281538206002830254,0,1926,2,6276,0.000,122,1045714,115137.638,3,24576,0.000,0,0,0.000,61.612
mixed,real,2499,13281538206002830254,0,1925,1,10,0.000,123,1054028,115368.612,4,32768,0.000,0,0,0.000,59.401
mixed,real,2500,13281538206002830254,0,1925,1,1935,0.000,123,1054151,115368.612,4,32768,0.000,0,0,0.000,61.554
mixed,real,2501,13281538206002830254,0,1925,1,3860,0.000,123,1054274,115368.612,4,32768,0.000,0,0,0.000,62.021
mixed,real,2502,13281538206002830254,0,1926,1,5785,0.000,122,1045182,112901.094,3,24576,0.000,0,0,0.000,61.643
mixed,real,2503,13281538206002830254,0,1926,2,7711,0.000,122,1045304,112901.094,4,32768,0.000,0,0,0.000,62.036
mixed,real,2504,13281538206002830254,0,1925,1,1445,0.000,123,1053618,113129.724,4,32768,0.000,0,0,0.000,57.856
mixed,real,2505,13281538206002830254,0,1925,1,3370,0.000,123,1053741,113129.724,4,32768,0.000,0,0,0.000,59.926
mixed,real,2506,13281538206002830254,0,1925,1,5295,0.000,123,1053864,113129.724,3,24576,0.000,0,0,0.000,61.827
mixed,real,2507,13281538206002830254,0,1926,2,7220,0.000,122,1044772,110608.356,3,24576,0.000,0,0,0.000,62.916
mixed,real,2508,13281538206002830254,0,1925,1,954,0.000,123,1053086,110829.260,4,32768,0.000,0,0,0.000,61.498
mixed,real,2509,13281538206002830254,0,1925,1,2879,0.000,123,1053209,110829.260,4,32768,0.000,0,0,0.000,61.189
mixed,real,2510,13281538206002830254,0,1925,1,4804,0.000,123,1053332,110829.260,3,24576,0.000,0,0,0.000,62.336
mixed,real,2511,13281538206002830254,0,1926,2,6729,0.000,122,1044240,108242.701,3,24576,0.000,0,0,0.000,62.402
mixed,real,2512,13281538206002830254,0,1925,1,463,0.000,123,1052554,108456.780,4,32768,0.000,0,0,0.000,60.086
mixed,real,2513,13281538206002830254,0,1925,1,2388,0.000,123,1052677,108456.780,4,32768,0.000,0,0,0.000,61.437
mixed,real,2514,13281538206002830254,0,1925,1,4313,0.000,123,1052800,108456.780,4,32768,0.000,0,0,0.000,62.196
mixed,real,2515,13281538206002830254,0,1926,1,6238,0.000,122,1043708,105804.131,3,24576,0.000,0,0,0.000,61.850
mixed,real,2516,13281538206002830254,0,1926,2,8164,0.000,122,1043830,105804.131,4,32768,0.000,0,0,0.000,57.505
mixed,real,2517,13281538206002830254,0,1925,1,1898,0.000,123,1052144,106018.162,4,32768,0.000,0,0,0.000,58.480
mixed,real,2518,13281538206002830254,0,1925,1,3823,0.000,123,1052267,106018.162,4,32768,0.000,0,0,0.000,60.609
mixed,real,2519,13281538206002830254,0,1926,1,5748,0.000,122,1043175,103298.483,3,24576,0.000,0,0,0.000,62.353
mixed,real,2520,13281538206002830254,0,1926,2,7674,0.000,122,1043297,103298.483,4,32768,0.000,0,0,0.000,62.207
mixed,real,2521,13281538206002830254,0,1925,1,1408,0.000,123,1051611,103507.322,4,32768,0.000,0,0,0.000,57.774
mixed,real,2522,13281538206002830254,0,1925,1,3333,0.000,123,1051734,103507.322,4,32768,0.000,0,0,0.000,59.738
mixed,real,2523,13281538206002830254,0,1925,1,5258,0.000,123,1051857,103507.322,3,24576,0.000,0,0,0.000,62.351
mixed,real,2524,13281538206002830254,0,1926,2,7183,0.000,122,1042765,100730.665,3,24576,0.000,0,0,0.000,63.047
mixed,real,2525,13281538206002830254,0,1925,1,917,0.000,123,1051079,100935.173,4,32768,0.000,0,0,0.000,61.421
mixed,real,2526,13281538206002830254,0,1925,1,2842,0.000,123,1051202,100935.173,4,32768,0.000,0,0,0.000,61.852
mixed,real,2527,13281538206002830254,0,1925,1,4767,0.000,123,1051325,100935.173,3,24576,0.000,0,0,0.000,62.505
mixed,real,2528,13281538206002830254,0,1926,2,6692,0.000,122,1042233,98089.931,3,24576,0.000,0,0,0.000,62.927
mixed,real,2529,13281538206002830254,0,1925,1,426,0.000,123,1050547,98291.007,4,32768,0.000,0,0,0.000,61.203
mixed,real,2530,13281538206002830254,0,1925,1,2351,0.000,123,1050670,98291.007,4,32768,0.000,0,0,0.000,61.830
mixed,real,2531,13281538206002830254,0,1925,1,4276,0.000,123,1050793,98291.007,4,32768,0.000,0,0,0.000,62.613
mixed,real,2532,13281538206002830254,0,1926,1,6201,0.000,122,1041701,95376.282,3,24576,0.000,0,0,0.000,62.192
mixed,real,2533,13281538206002830254,0,1926,2,8127,0.000,122,1041823,95376.282,4,32768,0.000,0,0,0.000,57.144
mixed,real,2534,13281538206002830254,0,1925,1,1861,0.000,123,1050137,95580.438,4,32768,0.000,0,0,0.000,58.497
mixed,real,2535,13281538206002830254,0,1925,1,3786,0.000,123,1050260,95580.438,4,32768,0.000,0,0,0.000,60.640
mixed,real,2536,13281538206002830254,0,1926,1,5711,0.000,122,1041168,92595.285,3,24576,0.000,0,0,0.000,62.688
mixed,real,2537,13281538206002830254,0,1926,2,7637,0.000,122,1041290,92595.285,4,32768,0.000,0,0,0.000,62.613
mixed,real,2538,13281538206002830254,0,1925,1,1371,0.000,123,1049604,92797.647,4,32768,0.000,0,0,0.000,57.935
mixed,real,2539,13281538206002830254,0,1925,1,3296,0.000,123,1049727,92797.647,4,32768,0.000,0,0,0.000,60.329
mixed,real,2540,13281538206002830254,0,1926,1,5221,0.000,122,1040635,89741.163,3,24576,0.000,0,0,0.000,63.051
mixed,real,2541,13281538206002830254,0,1926,2,7147,0.000,122,1040757,89741.163,4,32768,0.000,0,0,0.000,63.274
mixed,real,2542,13281538206002830254,0,1925,1,881,0.000,123,1049071,89942.633,4,32768,0.000,0,0,0.000,57.482
mixed,real,2543,13281538206002830254,0,1925,1,2806,0.000,123,1049194,89942.633,4,32768,0.000,0,0,0.000,59.515
mixed,real,2544,13281538206002830254,0,1925,1,4731,0.000,123,1049317,89942.633,3,24576,0.000,0,0,0.000,61.578
mixed,real,2545,13281538206002830254,0,1926,2,6656,0.000,122,1040225,86825.213,3,24576,0.000,0,0,0.000,63.005
mixed,real,2546,13281538206002830254,0,1925,1,390,0.000,123,1048539,87026.646,4,32768,0.000,0,0,0.000,61.749
mixed,real,2547,13281538206002830254,0,1925,1,2315,0.000,123,1048662,87026.646,4,32768,0.000,0,0,0.000,62.011
mixed,real,2548,13281538206002830254,0,1925,1,4240,0.000,123,1048785,87026.646,4,32768,0.000,0,0,0.000,62.590
mixed,real,2549,13281538206002830254,0,1926,1,6165,0.000,122,1039693,83836.347,3,24576,0.000,0,0,0.000,62.563
mixed,real,2550,13281538206002830254,0,1926,2,8091,0.000,122,1039815,83836.347,4,32768,0.000,0,0,0.000,57.266
mixed,real,2551,13281538206002830254,0,1925,1,1825,0.000,123,1048129,84043.990,4,32768,0.000,0,0,0.000,58.586
mixed,real,2552,13281538206002830254,0,1925,1,3750,0.000,123,1048252,84043.990,4,32768,0.000,0,0,0.000,60.618
mixed,real,2553,13281538206002830254,0,1926,1,5675,0.000,122,1039160,80779.864,3,24576,0.000,0,0,0.000,62.878
mixed,real,2554,13281538206002830254,0,1926,2,7601,0.000,122,1039282,80779.864,4,32768,0.000,0,0,0.000,63.100
mixed,real,2555,13281538206002830254,0,1925,1,1335,0.000,123,1047596,80989.112,4,32768,0.000,0,0,0.000,57.912
mixed,real,2556,13281538206002830254,0,1925,1,3260,0.000,123,1047719,80989.112,4,32768,0.000,0,0,0.000,60.134
mixed,real,2557,13281538206002830254,0,1926,1,5185,0.000,122,1038627,77650.256,3,24576,0.000,0,0,0.000,63.367
mixed,real,2558,13281538206002830254,0,1926,2,7111,0.000,122,1038749,77650.256,4,32768,0.000,0,0,0.000,63.752
mixed,real,2559,13281538206002830254,0,1925,1,845,0.000,123,1047063,77862.012,4,32768,0.000,0,0,0.000,57.518
mixed,real,2560,13281538206002830254,0,1925,1,2770,0.000,123,1047186,77862.012,4,32768,0.000,0,0,0.000,59.669
mixed,real,2561,13281538206002830254,0,1925,1,4695,0.000,123,1047309,77862.012,3,24576,0.000,0,0,0.000,61.686
mixed,real,2562,13281538206002830254,0,1926,2,6620,0.000,122,1038217,74459.090,3,24576,0.000,0,0,0.000,62.876
mixed,real,2563,13281538206002830254,0,1925,1,354,0.000,123,1046531,74674.204,4,32768,0.000,0,0,0.000,62.418
mixed,real,2564,13281538206002830254,0,1925,1,2279,0.000,123,1046654,74674.204,4,32768,0.000,0,0,0.000,62.199
mixed,real,2565,13281538206002830254,0,1925,1,4204,0.000,123,1046777,74674.204,4,32768,0.000,0,0,0.000,63.087
mixed,real,2566,13281538206002830254,0,1926,1,6129,0.000,122,1037685,71195.007,3,24576,0.000,0,0,0.000,62.785
mixed,real,2567,13281538206002830254,0,1926,2,8055,0.000,122,1037807,71195.007,4,32768,0.000,0,0,0.000,57.162
mixed,real,2568,13281538206002830254,0,1925,1,1789,0.000,123,1046121,71419.461,4,32768,0.000,0,0,0.000,58.640
mixed,real,2569,13281538206002830254,0,1925,1,3714,0.000,123,1046244,71419.461,4,32768,0.000,0,0,0.000,60.653
mixed,real,2570,13281538206002830254,0,1926,1,5639,0.000,122,1037152,67863.038,3,24576,0.000,0,0,0.000,63.355
mixed,real,2571,13281538206002830254,0,1926,2,7565,0.000,122,1037274,67863.038,4,32768,0.000,0,0,0.000,63.577
mixed,real,2572,13281538206002830254,0,1925,1,1299,0.000,123,1045588,68092.496,4,32768,0.000,0,0,0.000,57.806
mixed,real,2573,13281538206002830254,0,1925,1,3224,0.000,123,1045711,68092.496,4,32768,0.000,0,0,0.000,60.084
mixed,real,2574,13281538206002830254,0,1926,1,5149,0.000,122,1036619,64457.944,3,24576,0.000,0,0,0.000,63.552
mixed,real,2575,13281538206002830254,0,1926,2,7075,0.000,122,1036741,64457.944,4,32768,0.000,0,0,0.000,63.657
mixed,real,2576,13281538206002830254,0,1925,1,809,0.000,123,1045055,64693.309,4,32768,0.000,0,0,0.000,57.263
mixed,real,2577,13281538206002830254,0,1925,1,2734,0.000,123,1045178,64693.309,4,32768,0.000,0,0,0.000,59.825
mixed,real,2578,13281538206002830254,0,1926,1,4659,0.000,122,1036086,60979.725,3,24576,0.000,0,0,0.000,63.998
mixed,real,2579,13281538206002830254,0,1926,2,6585,0.000,122,1036208,60979.725,4,32768,0.000,0,0,0.000,64.315
mixed,real,2580,13281538206002830254,0,1925,1,319,0.000,123,1044522,61221.900,4,32768,0.000,0,0,0.000,57.139
mixed,real,2581,13281538206002830254,0,1925,1,2244,0.000,123,1044645,61221.900,4,32768,0.000,0,0,0.000,59.047
mixed,real,2582,13281538206002830254,0,1925,1,4169,0.000,123,1044768,61221.900,4,32768,0.000,0,0,0.000,60.983
mixed,real,2583,13281538206002830254,0,1926,1,6094,0.000,122,1035676,57440.290,3,24576,0.000,0,0,0.000,63.757
mixed,real,2584,13281538206002830254,0,1926,2,8020,0.000,122,1035798,57440.290,4,32768,0.000,0,0,0.000,62.788
mixed,real,2585,13281538206002830254,0,1925,1,1754,0.000,123,1044112,57694.935,4,32768,0.000,0,0,0.000,57.986
mixed,real,2586,13281538206002830254,0,1925,1,3679,0.000,123,1044235,57694.935,4,32768,0.000,0,0,0.000,61.017
mixed,real,2587,13281538206002830254,0,1926,1,5604,0.000,122,1035143,53832.697,3,24576,0.000,0,0,0.000,63.797
mixed,real,2588,13281538206002830254,0,1926,2,7530,0.000,122,1035265,53832.697,4,32768,0.000,0,0,0.000,63.539
mixed,real,2589,13281538206002830254,0,1925,1,1264,0.000,123,1043579,54095.748,4,32768,0.000,0,0,0.000,57.754
mixed,real,2590,13281538206002830254,0,1925,1,3189,0.000,123,1043702,54095.748,4,32768,0.000,0,0,0.000,60.016
mixed,real,2591,13281538206002830254,0,1926,1,5114,0.000,122,1034610,50151.980,3,24576,0.000,0,0,0.000,63.809
mixed,real,2592,13281538206002830254,0,1926,2,7040,0.000,122,1034732,50151.980,4,32768,0.000,0,0,0.000,63.835
mixed,real,2593,13281538206002830254,0,1925,1,774,0.000,123,1043046,50424.339,4,32768,0.000,0,0,0.000,57.494
mixed,real,2594,13281538206002830254,0,1925,1,2699,0.000,123,1043169,50424.339,4,32768,0.000,0,0,0.000,59.760
mixed,real,2595,13281538206002830254,0,1926,1,4624,0.000,122,1034077,46398.138,3,24576,0.000,0,0,0.000,63.751
mixed,real,2596,13281538206002830254,0,1926,2,6550,0.000,122,1034199,46398.138,4,32768,0.000,0,0,0.000,64.152
mixed,real,2597,13281538206002830254,0,1925,1,284,0.000,123,1042513,46680.708,4,32768,0.000,0,0,0.000,57.008
mixed,real,2598,13281538206002830254,0,1925,1,2209,0.000,123,1042636,46680.708,4,32768,0.000,0,0,0.000,58.834
mixed,real,2599,13281538206002830254,0,1925,1,4134,0.000,123,1042759,46680.708,4,32768,0.000,0,0,0.000,61.207
mixed,real,2600,13281538206002830254,0,1926,1,6059,0.000,122,1033667,42583.349,3,24576,0.000,0,0,0.000,62.196
mixed,real,2601,13281538206002830254,0,1926,2,7985,0.000,122,1033789,42583.349,4,32768,0.000,0,0,0.000,62.367
mixed,real,2602,13281538206002830254,0,1925,1,1719,0.000,123,1042103,42881.521,4,32768,0.000,0,0,0.000,58.179
mixed,real,2603,13281538206002830254,0,1925,1,3644,0.000,123,1042226,42881.521,4,32768,0.000,0,0,0.000,60.583
mixed,real,2604,13281538206002830254,0,1926,1,5569,0.000,122,1033134,38700.132,3,24576,0.000,0,0,0.000,61.414
mixed,real,2605,13281538206002830254,0,1926,2,7495,0.000,122,1033256,38700.132,4,32768,0.000,0,0,0.000,61.690
mixed,real,2606,13281538206002830254,0,1925,1,1229,0.000,123,1041570,39010.111,4,32768,0.000,0,0,0.000,58.118
mixed,real,2607,13281538206002830254,0,1925,1,3154,0.000,123,1041693,39010.111,4,32768,0.000,0,0,0.000,60.536
mixed,real,2608,13281538206002830254,0,1926,1,5079,0.000,122,1032601,34743.792,3,24576,0.000,0,0,0.000,60.721
mixed,real,2609,13281538206002830254,0,1926,2,7005,0.000,122,1032723,34743.792,4,32768,0.000,0,0,0.000,60.970
mixed,real,2610,13281538206002830254,0,1925,1,739,0.000,123,1041037,35066.480,4,32768,0.000,0,0,0.000,57.864
mixed,real,2611,13281538206002830254,0,1925,1,2664,0.000,123,1041160,35066.480,4,32768,0.000,0,0,0.000,59.578
mixed,real,2612,13281538206002830254,0,1925,1,4589,0.000,123,1041283,35066.480,3,24576,0.000,0,0,0.000,61.627
mixed,real,2613,13281538206002830254,0,1926,2,6514,0.000,122,1032191,30726.702,3,24576,0.000,0,0,0.000,63.018
mixed,real,2614,13281538206002830254,0,1925,1,248,0.000,123,1040505,31062.937,4,32768,0.000,0,0,0.000,57.458
mixed,real,2615,13281538206002830254,0,1925,1,2173,0.000,123,1040628,31062.937,4,32768,0.000,0,0,0.000,59.100
mixed,real,2616,13281538206002830254,0,1925,1,4098,0.000,123,1040751,31062.937,4,32768,0.000,0,0,0.000,61.874
mixed,real,2617,13281538206002830254,0,1926,1,6023,0.000,122,1031659,26636.697,3,24576,0.000,0,0,0.000,61.156
mixed,real,2618,13281538206002830254,0,1926,2,7949,0.000,122,1031781,26636.697,4,32768,0.000,0,0,0.000,62.021
mixed,real,2619,13281538206002830254,0,1925,1,1683,0.000,123,1040095,26991.663,4,32768,0.000,0,0,0.000,58.248
mixed,real,2620,13281538206002830254,0,1925,1,3608,0.000,123,1040218,26991.663,4,32768,0.000,0,0,0.000,60.437
mixed,real,2621,13281538206002830254,0,1926,1,5533,0.000,122,1031126,22477.995,3,24576,0.000,0,0,0.000,61.253
mixed,real,2622,13281538206002830254,0,1926,2,7459,0.000,122,1031248,22477.995,4,32768,0.000,0,0,0.000,61.483
mixed,real,2623,13281538206002830254,0,1925,1,1193,0.000,123,1039562,22848.167,4,32768,0.000,0,0,0.000,57.924
mixed,real,2624,13281538206002830254,0,1925,1,3118,0.000,123,1039685,22848.167,4,32768,0.000,0,0,0.000,59.909
mixed,real,2625,13281538206002830254,0,1925,1,5043,0.000,123,1039808,22848.167,3,24576,0.000,0,0,0.000,61.550
mixed,real,2626,13281538206002830254,0,1925,2,6968,0.000,123,1039931,22848.167,3,24576,0.000,0,0,0.000,63.367
mixed,real,2627,13281538206002830254,0,1924,1,701,0.000,124,1048246,23220.273,3,24576,0.000,0,0,0.000,57.827
mixed,real,2628,13281538206002830254,0,1924,1,2625,0.000,124,1048370,23220.273,3,24576,0.000,0,0,0.000,59.664
mixed,real,2629,13281538206002830254,0,1924,1,4549,0.000,124,1048494,23220.273,2,16384,0.000,0,0,0.000,61.368
mixed,real,2630,13281538206002830254,0,1924,2,6473,0.000,124,1048618,23220.273,2,16384,0.000,0,0,0.000,62.356
mixed,real,2631,13281538206002830254,0,1923,1,205,0.000,125,1056934,23594.329,2,16384,0.000,0,0,0.000,57.738
mixed,real,2632,13281538206002830254,0,1923,1,2128,0.000,125,1057059,23594.329,2,16384,0.000,0,0,0.000,59.405
mixed,real,2633,13281538206002830254,0,1923,1,4051,0.000,125,1057184,23594.329,2,16384,0.000,0,0,0.000,61.220
mixed,real,2634,13281538206002830254,0,1923,1,5974,0.000,125,1057309,23594.329,1,8192,0.000,0,0,0.000,62.869
mixed,real,2635,13281538206002830254,0,1923,2,7897,0.000,125,1057434,23594.329,1,8192,0.000,0,0,0.000,63.417
mixed,real,2636,13281538206002830254,0,1922,1,1628,0.000,126,1065751,23974.574,1,8192,0.000,0,0,0.000,58.265
mixed,real,2637,13281538206002830254,0,1922,1,3550,0.000,126,1065877,23974.574,1,8192,0.000,0,0,0.000,60.804
mixed,real,2638,13281538206002830254,0,1922,1,5472,0.000,126,1066003,23974.574,0,0,0.000,0,0,0.000,62.105
mixed,real,2639,13281538206002830254,0,1922,2,7394,0.000,126,1066129,23974.574,0,0,0.000,0,0,0.000,63.446
mixed,real,2640,13281538206002830254,0,1921,1,1124,0.000,127,1074447,24356.734,0,0,0.000,0,0,0.000,58.515
mixed,real,2641,13281538206002830254,0,1921,1,3045,0.000,127,1074574,24356.734,0,0,0.000,0,0,0.000,60.237
mixed,real,2642,13281538206002830254,0,1921,1,4966,0.000,127,1074701,24356.734,0,0,0.000,0,0,0.000,61.879
mixed,real,2643,13281538206002830254,0,1305,1,6887,0.000,127,1074828,24356.734,0,0,0.000,0,0,0.000,56.329
decode,real,2644,13281538206002830254,0,0,0,0,0.000,128,1083147,24740.829,0,0,0.000,0,0,0.000,19.998
decode,real,2645,13281538206002830254,0,0,0,0,0.000,128,1083275,24740.829,0,0,0.000,0,0,0.000,20.159
decode,real,2646,13281538206002830254,0,0,0,0,0.000,128,1083403,24740.829,0,0,0.000,0,0,0.000,20.116
decode,real,2647,13281538206002830254,0,0,0,0,0.000,128,1083531,24740.829,0,0,0.000,0,0,0.000,19.995
decode,real,2648,13281538206002830254,0,0,0,0,0.000,128,1083659,24740.829,0,0,0.000,0,0,0.000,20.044
decode,real,2649,13281538206002830254,0,0,0,0,0.000,128,1083787,24740.829,0,0,0.000,0,0,0.000,19.918
decode,real,2650,13281538206002830254,0,0,0,0,0.000,128,1083915,24740.829,0,0,0.000,0,0,0.000,19.927
decode,real,2651,13281538206002830254,0,0,0,0,0.000,128,1084043,24740.829,0,0,0.000,0,0,0.000,19.961
decode,real,2652,13281538206002830254,0,0,0,0,0.000,128,1084171,24740.829,0,0,0.000,0,0,0.000,19.954
decode,real,2653,13281538206002830254,0,0,0,0,0.000,128,1084299,24740.829,0,0,0.000,0,0,0.000,19.961
decode,real,2654,13281538206002830254,0,0,0,0,0.000,128,1084427,24740.829,0,0,0.000,0,0,0.000,19.936
decode,real,2655,13281538206002830254,0,0,0,0,0.000,128,1084555,24740.829,0,0,0.000,0,0,0.000,19.949
decode,real,2656,13281538206002830254,0,0,0,0,0.000,128,1084683,24740.829,0,0,0.000,0,0,0.000,19.971
decode,real,2657,13281538206002830254,0,0,0,0,0.000,128,1084811,24740.829,0,0,0.000,0,0,0.000,19.963
decode,real,2658,13281538206002830254,0,0,0,0,0.000,128,1084939,24740.829,0,0,0.000,0,0,0.000,20.196
decode,real,2659,13281538206002830254,0,0,0,0,0.000,128,1085067,24740.829,0,0,0.000,0,0,0.000,19.966
decode,real,2660,13281538206002830254,0,0,0,0,0.000,128,1085195,24740.829,0,0,0.000,0,0,0.000,19.896
decode,real,2661,13281538206002830254,0,0,0,0,0.000,128,1085323,24740.829,0,0,0.000,0,0,0.000,19.953
decode,real,2662,13281538206002830254,0,0,0,0,0.000,128,1085451,24740.829,0,0,0.000,0,0,0.000,19.933
decode,real,2663,13281538206002830254,0,0,0,0,0.000,128,1085579,24740.829,0,0,0.000,0,0,0.000,19.959
decode,real,2664,13281538206002830254,0,0,0,0,0.000,128,1085707,24740.829,0,0,0.000,0,0,0.000,19.959
decode,real,2665,13281538206002830254,0,0,0,0,0.000,128,1085835,24740.829,0,0,0.000,0,0,0.000,19.960
decode,real,2666,13281538206002830254,0,0,0,0,0.000,128,1085963,24740.829,0,0,0.000,0,0,0.000,20.161
decode,real,2667,13281538206002830254,0,0,0,0,0.000,128,1086091,24740.829,0,0,0.000,0,0,0.000,19.925
decode,real,2668,13281538206002830254,0,0,0,0,0.000,128,1086219,24740.829,0,0,0.000,0,0,0.000,20.000
decode,real,2669,13281538206002830254,0,0,0,0,0.000,128,1086347,24740.829,0,0,0.000,0,0,0.000,19.968
decode,real,2670,13281538206002830254,0,0,0,0,0.000,128,1086475,24740.829,0,0,0.000,0,0,0.000,20.158
decode,real,2671,13281538206002830254,0,0,0,0,0.000,128,1086603,24740.829,0,0,0.000,0,0,0.000,19.945
decode,real,2672,13281538206002830254,0,0,0,0,0.000,128,1086731,24740.829,0,0,0.000,0,0,0.000,19.936
decode,real,2673,13281538206002830254,0,0,0,0,0.000,128,1086859,24740.829,0,0,0.000,0,0,0.000,19.993
decode,real,2674,13281538206002830254,0,0,0,0,0.000,128,1086987,24740.829,0,0,0.000,0,0,0.000,19.937
decode,real,2675,13281538206002830254,0,0,0,0,0.000,128,1087115,24740.829,0,0,0.000,0,0,0.000,20.157
decode,real,2676,13281538206002830254,0,0,0,0,0.000,128,1087243,24740.829,0,0,0.000,0,0,0.000,19.988
decode,real,2677,13281538206002830254,0,0,0,0,0.000,128,1087371,24740.829,0,0,0.000,0,0,0.000,19.964
decode,real,2678,13281538206002830254,0,0,0,0,0.000,128,1087499,24740.829,0,0,0.000,0,0,0.000,20.200
decode,real,2679,13281538206002830254,0,0,0,0,0.000,128,1087627,24740.829,0,0,0.000,0,0,0.000,20.208
decode,real,2680,13281538206002830254,0,0,0,0,0.000,128,1087755,24740.829,0,0,0.000,0,0,0.000,19.980
decode,real,2681,13281538206002830254,0,0,0,0,0.000,128,1087883,24740.829,0,0,0.000,0,0,0.000,19.993
decode,real,2682,13281538206002830254,0,0,0,0,0.000,128,1088011,24740.829,0,0,0.000,0,0,0.000,20.299
decode,real,2683,13281538206002830254,0,0,0,0,0.000,128,1088139,24740.829,0,0,0.000,0,0,0.000,20.007
decode,real,2684,13281538206002830254,0,0,0,0,0.000,128,1088267,24740.829,0,0,0.000,0,0,0.000,20.163
decode,real,2685,13281538206002830254,0,0,0,0,0.000,128,1088395,24740.829,0,0,0.000,0,0,0.000,19.986
decode,real,2686,13281538206002830254,0,0,0,0,0.000,128,1088523,24740.829,0,0,0.000,0,0,0.000,19.958
decode,real,2687,13281538206002830254,0,0,0,0,0.000,128,1088651,24740.829,0,0,0.000,0,0,0.000,19.922
decode,real,2688,13281538206002830254,0,0,0,0,0.000,128,1088779,24740.829,0,0,0.000,0,0,0.000,19.899
decode,real,2689,13281538206002830254,0,0,0,0,0.000,128,1088907,24740.829,0,0,0.000,0,0,0.000,20.256
decode,real,2690,13281538206002830254,0,0,0,0,0.000,128,1089035,24740.829,0,0,0.000,0,0,0.000,19.951
decode,real,2691,13281538206002830254,0,0,0,0,0.000,128,1089163,24740.829,0,0,0.000,0,0,0.000,19.976
decode,real,2692,13281538206002830254,0,0,0,0,0.000,128,1089291,24740.829,0,0,0.000,0,0,0.000,19.915
decode,real,2693,13281538206002830254,0,0,0,0,0.000,128,1089419,24740.829,0,0,0.000,0,0,0.000,20.045
decode,real,2694,13281538206002830254,0,0,0,0,0.000,128,1089547,24740.829,0,0,0.000,0,0,0.000,19.979
decode,real,2695,13281538206002830254,0,0,0,0,0.000,128,1089675,24740.829,0,0,0.000,0,0,0.000,19.984
decode,real,2696,13281538206002830254,0,0,0,0,0.000,128,1089803,24740.829,0,0,0.000,0,0,0.000,19.939
decode,real,2697,13281538206002830254,0,0,0,0,0.000,128,1089931,24740.829,0,0,0.000,0,0,0.000,20.030
decode,real,2698,13281538206002830254,0,0,0,0,0.000,128,1090059,24740.829,0,0,0.000,0,0,0.000,19.963
decode,real,2699,13281538206002830254,0,0,0,0,0.000,128,1090187,24740.829,0,0,0.000,0,0,0.000,20.222
decode,real,2700,13281538206002830254,0,0,0,0,0.000,128,1090315,24740.829,0,0,0.000,0,0,0.000,20.030
decode,real,2701,13281538206002830254,0,0,0,0,0.000,128,1090443,24740.829,0,0,0.000,0,0,0.000,19.948
decode,real,2702,13281538206002830254,0,0,0,0,0.000,128,1090571,24740.829,0,0,0.000,0,0,0.000,20.001
decode,real,2703,13281538206002830254,0,0,0,0,0.000,128,1090699,24740.829,0,0,0.000,0,0,0.000,20.186
decode,real,2704,13281538206002830254,0,0,0,0,0.000,128,1090827,24740.829,0,0,0.000,0,0,0.000,20.002
decode,real,2705,13281538206002830254,0,0,0,0,0.000,128,1090955,24740.829,0,0,0.000,0,0,0.000,19.952
decode,real,2706,13281538206002830254,0,0,0,0,0.000,128,1091083,24740.829,0,0,0.000,0,0,0.000,20.130
decode,real,2707,13281538206002830254,0,0,0,0,0.000,128,1091211,24740.829,0,0,0.000,0,0,0.000,19.912
decode,real,2708,13281538206002830254,0,0,0,0,0.000,128,1091339,24740.829,0,0,0.000,0,0,0.000,20.183
decode,real,2709,13281538206002830254,0,0,0,0,0.000,128,1091467,24740.829,0,0,0.000,0,0,0.000,19.990
decode,real,2710,13281538206002830254,0,0,0,0,0.000,128,1091595,24740.829,0,0,0.000,0,0,0.000,20.218
decode,real,2711,13281538206002830254,0,0,0,0,0.000,128,1091723,24740.829,0,0,0.000,0,0,0.000,20.029
decode,real,2712,13281538206002830254,0,0,0,0,0.000,128,1091851,24740.829,0,0,0.000,0,0,0.000,19.998
decode,real,2713,13281538206002830254,0,0,0,0,0.000,128,1091979,24740.829,0,0,0.000,0,0,0.000,20.024
decode,real,2714,13281538206002830254,0,0,0,0,0.000,128,1092107,24740.829,0,0,0.000,0,0,0.000,19.988
decode,real,2715,13281538206002830254,0,0,0,0,0.000,128,1092235,24740.829,0,0,0.000,0,0,0.000,20.204
decode,real,2716,13281538206002830254,0,0,0,0,0.000,128,1092363,24740.829,0,0,0.000,0,0,0.000,20.022
decode,real,2717,13281538206002830254,0,0,0,0,0.000,128,1092491,24740.829,0,0,0.000,0,0,0.000,20.025
decode,real,2718,13281538206002830254,0,0,0,0,0.000,128,1092619,24740.829,0,0,0.000,0,0,0.000,19.985
decode,real,2719,13281538206002830254,0,0,0,0,0.000,128,1092747,24740.829,0,0,0.000,0,0,0.000,20.027
decode,real,2720,13281538206002830254,0,0,0,0,0.000,128,1092875,24740.829,0,0,0.000,0,0,0.000,20.043
decode,real,2721,13281538206002830254,0,0,0,0,0.000,128,1093003,24740.829,0,0,0.000,0,0,0.000,19.974
decode,real,2722,13281538206002830254,0,0,0,0,0.000,128,1093131,24740.829,0,0,0.000,0,0,0.000,20.021
decode,real,2723,13281538206002830254,0,0,0,0,0.000,128,1093259,24740.829,0,0,0.000,0,0,0.000,20.027
decode,real,2724,13281538206002830254,0,0,0,0,0.000,128,1093387,24740.829,0,0,0.000,0,0,0.000,20.232
decode,real,2725,13281538206002830254,0,0,0,0,0.000,128,1093515,24740.829,0,0,0.000,0,0,0.000,20.154
decode,real,2726,13281538206002830254,0,0,0,0,0.000,128,1093643,24740.829,0,0,0.000,0,0,0.000,19.913
decode,real,2727,13281538206002830254,0,0,0,0,0.000,128,1093771,24740.829,0,0,0.000,0,0,0.000,20.230
decode,real,2728,13281538206002830254,0,0,0,0,0.000,128,1093899,24740.829,0,0,0.000,0,0,0.000,20.024
decode,real,2729,13281538206002830254,0,0,0,0,0.000,128,1094027,24740.829,0,0,0.000,0,0,0.000,19.983
decode,real,2730,13281538206002830254,0,0,0,0,0.000,128,1094155,24740.829,0,0,0.000,0,0,0.000,20.016
decode,real,2731,13281538206002830254,0,0,0,0,0.000,128,1094283,24740.829,0,0,0.000,0,0,0.000,20.016
decode,real,2732,13281538206002830254,0,0,0,0,0.000,128,1094411,24740.829,0,0,0.000,0,0,0.000,20.071
decode,real,2733,13281538206002830254,0,0,0,0,0.000,128,1094539,24740.829,0,0,0.000,0,0,0.000,20.004
decode,real,2734,13281538206002830254,0,0,0,0,0.000,128,1094667,24740.829,0,0,0.000,0,0,0.000,20.033
decode,real,2735,13281538206002830254,0,0,0,0,0.000,128,1094795,24740.829,0,0,0.000,0,0,0.000,20.249
decode,real,2736,13281538206002830254,0,0,0,0,0.000,128,1094923,24740.829,0,0,0.000,0,0,0.000,20.046
decode,real,2737,13281538206002830254,0,0,0,0,0.000,128,1095051,24740.829,0,0,0.000,0,0,0.000,20.052
decode,real,2738,13281538206002830254,0,0,0,0,0.000,128,1095179,24740.829,0,0,0.000,0,0,0.000,20.027
decode,real,2739,13281538206002830254,0,0,0,0,0.000,128,1095307,24740.829,0,0,0.000,0,0,0.000,20.037
decode,real,2740,13281538206002830254,0,0,0,0,0.000,128,1095435,24740.829,0,0,0.000,0,0,0.000,20.011
decode,real,2741,13281538206002830254,0,0,0,0,0.000,128,1095563,24740.829,0,0,0.000,0,0,0.000,20.275
decode,real,2742,13281538206002830254,0,0,0,0,0.000,128,1095691,24740.829,0,0,0.000,0,0,0.000,20.041
decode,real,2743,13281538206002830254,0,0,0,0,0.000,128,1095819,24740.829,0,0,0.000,0,0,0.000,20.078
decode,real,2744,13281538206002830254,0,0,0,0,0.000,128,1095947,24740.829,0,0,0.000,0,0,0.000,20.274
decode,real,2745,13281538206002830254,0,0,0,0,0.000,128,1096075,24740.829,0,0,0.000,0,0,0.000,20.035
decode,real,2746,13281538206002830254,0,0,0,0,0.000,128,1096203,24740.829,0,0,0.000,0,0,0.000,20.053
decode,real,2747,13281538206002830254,0,0,0,0,0.000,128,1096331,24740.829,0,0,0.000,0,0,0.000,20.064
decode,real,2748,13281538206002830254,0,0,0,0,0.000,128,1096459,24740.829,0,0,0.000,0,0,0.000,20.045
decode,real,2749,13281538206002830254,0,0,0,0,0.000,128,1096587,24740.829,0,0,0.000,0,0,0.000,20.049
decode,real,2750,13281538206002830254,0,0,0,0,0.000,128,1096715,24740.829,0,0,0.000,0,0,0.000,20.270
decode,real,2751,13281538206002830254,0,0,0,0,0.000,128,1096843,24740.829,0,0,0.000,0,0,0.000,20.034
decode,real,2752,13281538206002830254,0,0,0,0,0.000,128,1096971,24740.829,0,0,0.000,0,0,0.000,20.033
decode,real,2753,13281538206002830254,0,0,0,0,0.000,128,1097099,24740.829,0,0,0.000,0,0,0.000,20.079
decode,real,2754,13281538206002830254,0,0,0,0,0.000,128,1097227,24740.829,0,0,0.000,0,0,0.000,20.402
decode,real,2755,13281538206002830254,0,0,0,0,0.000,128,1097355,24740.829,0,0,0.000,0,0,0.000,20.123
decode,real,2756,13281538206002830254,0,0,0,0,0.000,128,1097483,24740.829,0,0,0.000,0,0,0.000,20.053
decode,real,2757,13281538206002830254,0,0,0,0,0.000,128,1097611,24740.829,0,0,0.000,0,0,0.000,19.981
decode,real,2758,13281538206002830254,0,0,0,0,0.000,128,1097739,24740.829,0,0,0.000,0,0,0.000,20.062
decode,real,2759,13281538206002830254,0,0,0,0,0.000,128,1097867,24740.829,0,0,0.000,0,0,0.000,20.081
decode,real,2760,13281538206002830254,0,0,0,0,0.000,128,1097995,24740.829,0,0,0.000,0,0,0.000,20.082
decode,real,2761,13281538206002830254,0,0,0,0,0.000,128,1098123,24740.829,0,0,0.000,0,0,0.000,20.071
decode,real,2762,13281538206002830254,0,0,0,0,0.000,128,1098251,24740.829,0,0,0.000,0,0,0.000,20.116
decode,real,2763,13281538206002830254,0,0,0,0,0.000,128,1098379,24740.829,0,0,0.000,0,0,0.000,20.065
decode,real,2764,13281538206002830254,0,0,0,0,0.000,128,1098507,24740.829,0,0,0.000,0,0,0.000,20.120
decode,real,2765,13281538206002830254,0,0,0,0,0.000,128,1098635,24740.829,0,0,0.000,0,0,0.000,20.095
decode,real,2766,13281538206002830254,0,0,0,0,0.000,128,1098763,24740.829,0,0,0.000,0,0,0.000,20.133
decode,real,2767,13281538206002830254,0,0,0,0,0.000,128,1098891,24740.829,0,0,0.000,0,0,0.000,20.062
decode,real,2768,13281538206002830254,0,0,0,0,0.000,128,1099019,24740.829,0,0,0.000,0,0,0.000,20.100
decode,real,2769,13281538206002830254,0,0,0,0,0.000,128,1099147,24740.829,0,0,0.000,0,0,0.000,20.334
decode,real,2770,13281538206002830254,0,0,0,0,0.000,128,1099275,24740.829,0,0,0.000,0,0,0.000,20.114
decode,real,2771,13281538206002830254,0,0,0,0,0.000,128,1099403,24740.829,0,0,0.000,0,0,0.000,20.079
decode,real,2772,13281538206002830254,0,0,0,0,0.000,128,1099531,24740.829,0,0,0.000,0,0,0.000,20.125
decode,real,2773,13281538206002830254,0,0,0,0,0.000,128,1099659,24740.829,0,0,0.000,0,0,0.000,20.140
decode,real,2774,13281538206002830254,0,0,0,0,0.000,128,1099787,24740.829,0,0,0.000,0,0,0.000,20.100
decode,real,2775,13281538206002830254,0,0,0,0,0.000,128,1099915,24740.829,0,0,0.000,0,0,0.000,20.101
decode,real,2776,13281538206002830254,0,0,0,0,0.000,128,1100043,24740.829,0,0,0.000,0,0,0.000,20.305
decode,real,2777,13281538206002830254,0,0,0,0,0.000,128,1100171,24740.829,0,0,0.000,0,0,0.000,20.125
decode,real,2778,13281538206002830254,0,0,0,0,0.000,128,1100299,24740.829,0,0,0.000,0,0,0.000,20.335
decode,real,2779,13281538206002830254,0,0,0,0,0.000,128,1100427,24740.829,0,0,0.000,0,0,0.000,20.114
decode,real,2780,13281538206002830254,0,0,0,0,0.000,128,1100555,24740.829,0,0,0.000,0,0,0.000,20.124
decode,real,2781,13281538206002830254,0,0,0,0,0.000,128,1100683,24740.829,0,0,0.000,0,0,0.000,20.122
decode,real,2782,13281538206002830254,0,0,0,0,0.000,128,1100811,24740.829,0,0,0.000,0,0,0.000,20.263
decode,real,2783,13281538206002830254,0,0,0,0,0.000,128,1100939,24740.829,0,0,0.000,0,0,0.000,20.128
decode,real,2784,13281538206002830254,0,0,0,0,0.000,128,1101067,24740.829,0,0,0.000,0,0,0.000,20.311
decode,real,2785,13281538206002830254,0,0,0,0,0.000,128,1101195,24740.829,0,0,0.000,0,0,0.000,20.173
decode,real,2786,13281538206002830254,0,0,0,0,0.000,128,1101323,24740.829,0,0,0.000,0,0,0.000,20.125
decode,real,2787,13281538206002830254,0,0,0,0,0.000,128,1101451,24740.829,0,0,0.000,0,0,0.000,20.124
decode,real,2788,13281538206002830254,0,0,0,0,0.000,128,1101579,24740.829,0,0,0.000,0,0,0.000,20.119
decode,real,2789,13281538206002830254,0,0,0,0,0.000,128,1101707,24740.829,0,0,0.000,0,0,0.000,20.178
decode,real,2790,13281538206002830254,0,0,0,0,0.000,128,1101835,24740.829,0,0,0.000,0,0,0.000,20.138
decode,real,2791,13281538206002830254,0,0,0,0,0.000,128,1101963,24740.829,0,0,0.000,0,0,0.000,20.120
decode,real,2792,13281538206002830254,0,0,0,0,0.000,128,1102091,24740.829,0,0,0.000,0,0,0.000,20.099
decode,real,2793,13281538206002830254,0,0,0,0,0.000,128,1102219,24740.829,0,0,0.000,0,0,0.000,20.156
decode,real,2794,13281538206002830254,0,0,0,0,0.000,128,1102347,24740.829,0,0,0.000,0,0,0.000,20.159
decode,real,2795,13281538206002830254,0,0,0,0,0.000,128,1102475,24740.829,0,0,0.000,0,0,0.000,20.105
decode,real,2796,13281538206002830254,0,0,0,0,0.000,128,1102603,24740.829,0,0,0.000,0,0,0.000,20.141
decode,real,2797,13281538206002830254,0,0,0,0,0.000,128,1102731,24740.829,0,0,0.000,0,0,0.000,20.160
decode,real,2798,13281538206002830254,0,0,0,0,0.000,128,1102859,24740.829,0,0,0.000,0,0,0.000,20.166
decode,real,2799,13281538206002830254,0,0,0,0,0.000,128,1102987,24740.829,0,0,0.000,0,0,0.000,20.077
decode,real,2800,13281538206002830254,0,0,0,0,0.000,128,1103115,24740.829,0,0,0.000,0,0,0.000,20.154
decode,real,2801,13281538206002830254,0,0,0,0,0.000,128,1103243,24740.829,0,0,0.000,0,0,0.000,20.134
decode,real,2802,13281538206002830254,0,0,0,0,0.000,128,1103371,24740.829,0,0,0.000,0,0,0.000,20.365
decode,real,2803,13281538206002830254,0,0,0,0,0.000,128,1103499,24740.829,0,0,0.000,0,0,0.000,20.334
decode,real,2804,13281538206002830254,0,0,0,0,0.000,128,1103627,24740.829,0,0,0.000,0,0,0.000,20.153
decode,real,2805,13281538206002830254,0,0,0,0,0.000,128,1103755,24740.829,0,0,0.000,0,0,0.000,20.211
decode,real,2806,13281538206002830254,0,0,0,0,0.000,128,1103883,24740.829,0,0,0.000,0,0,0.000,20.087
decode,real,2807,13281538206002830254,0,0,0,0,0.000,128,1104011,24740.829,0,0,0.000,0,0,0.000,20.144
decode,real,2808,13281538206002830254,0,0,0,0,0.000,128,1104139,24740.829,0,0,0.000,0,0,0.000,20.144
decode,real,2809,13281538206002830254,0,0,0,0,0.000,128,1104267,24740.829,0,0,0.000,0,0,0.000,20.163
decode,real,2810,13281538206002830254,0,0,0,0,0.000,128,1104395,24740.829,0,0,0.000,0,0,0.000,20.194
decode,real,2811,13281538206002830254,0,0,0,0,0.000,128,1104523,24740.829,0,0,0.000,0,0,0.000,20.119
decode,real,2812,13281538206002830254,0,0,0,0,0.000,128,1104651,24740.829,0,0,0.000,0,0,0.000,20.163
decode,real,2813,13281538206002830254,0,0,0,0,0.000,128,1104779,24740.829,0,0,0.000,0,0,0.000,20.166
decode,real,2814,13281538206002830254,0,0,0,0,0.000,128,1104907,24740.829,0,0,0.000,0,0,0.000,20.156
decode,real,2815,13281538206002830254,0,0,0,0,0.000,128,1105035,24740.829,0,0,0.000,0,0,0.000,20.124
decode,real,2816,13281538206002830254,0,0,0,0,0.000,128,1105163,24740.829,0,0,0.000,0,0,0.000,20.190
decode,real,2817,13281538206002830254,0,0,0,0,0.000,128,1105291,24740.829,0,0,0.000,0,0,0.000,20.177
decode,real,2818,13281538206002830254,0,0,0,0,0.000,128,1105419,24740.829,0,0,0.000,0,0,0.000,20.135
decode,real,2819,13281538206002830254,0,0,0,0,0.000,128,1105547,24740.829,0,0,0.000,0,0,0.000,20.182
decode,real,2820,13281538206002830254,0,0,0,0,0.000,128,1105675,24740.829,0,0,0.000,0,0,0.000,20.377
decode,real,2821,13281538206002830254,0,0,0,0,0.000,128,1105803,24740.829,0,0,0.000,0,0,0.000,20.177
decode,real,2822,13281538206002830254,0,0,0,0,0.000,128,1105931,24740.829,0,0,0.000,0,0,0.000,20.180
decode,real,2823,13281538206002830254,0,0,0,0,0.000,128,1106059,24740.829,0,0,0.000,0,0,0.000,20.337
decode,real,2824,13281538206002830254,0,0,0,0,0.000,128,1106187,24740.829,0,0,0.000,0,0,0.000,20.425
decode,real,2825,13281538206002830254,0,0,0,0,0.000,128,1106315,24740.829,0,0,0.000,0,0,0.000,20.411
decode,real,2826,13281538206002830254,0,0,0,0,0.000,128,1106443,24740.829,0,0,0.000,0,0,0.000,20.121
decode,real,2827,13281538206002830254,0,0,0,0,0.000,128,1106571,24740.829,0,0,0.000,0,0,0.000,20.195
decode,real,2828,13281538206002830254,0,0,0,0,0.000,128,1106699,24740.829,0,0,0.000,0,0,0.000,20.229
decode,real,2829,13281538206002830254,0,0,0,0,0.000,128,1106827,24740.829,0,0,0.000,0,0,0.000,20.150
decode,real,2830,13281538206002830254,0,0,0,0,0.000,128,1106955,24740.829,0,0,0.000,0,0,0.000,20.173
decode,real,2831,13281538206002830254,0,0,0,0,0.000,128,1107083,24740.829,0,0,0.000,0,0,0.000,20.167
decode,real,2832,13281538206002830254,0,0,0,0,0.000,128,1107211,24740.829,0,0,0.000,0,0,0.000,20.177
decode,real,2833,13281538206002830254,0,0,0,0,0.000,128,1107339,24740.829,0,0,0.000,0,0,0.000,20.137
decode,real,2834,13281538206002830254,0,0,0,0,0.000,128,1107467,24740.829,0,0,0.000,0,0,0.000,20.216
decode,real,2835,13281538206002830254,0,0,0,0,0.000,128,1107595,24740.829,0,0,0.000,0,0,0.000,20.173
decode,real,2836,13281538206002830254,0,0,0,0,0.000,128,1107723,24740.829,0,0,0.000,0,0,0.000,20.398
decode,real,2837,13281538206002830254,0,0,0,0,0.000,128,1107851,24740.829,0,0,0.000,0,0,0.000,20.197
decode,real,2838,13281538206002830254,0,0,0,0,0.000,128,1107979,24740.829,0,0,0.000,0,0,0.000,20.186
decode,real,2839,13281538206002830254,0,0,0,0,0.000,128,1108107,24740.829,0,0,0.000,0,0,0.000,20.166
decode,real,2840,13281538206002830254,0,0,0,0,0.000,128,1108235,24740.829,0,0,0.000,0,0,0.000,20.202
decode,real,2841,13281538206002830254,0,0,0,0,0.000,128,1108363,24740.829,0,0,0.000,0,0,0.000,20.417
decode,real,2842,13281538206002830254,0,0,0,0,0.000,128,1108491,24740.829,0,0,0.000,0,0,0.000,20.175
decode,real,2843,13281538206002830254,0,0,0,0,0.000,128,1108619,24740.829,0,0,0.000,0,0,0.000,20.154
decode,real,2844,13281538206002830254,0,0,0,0,0.000,128,1108747,24740.829,0,0,0.000,0,0,0.000,20.164
decode,real,2845,13281538206002830254,0,0,0,0,0.000,128,1108875,24740.829,0,0,0.000,0,0,0.000,20.463
decode,real,2846,13281538206002830254,0,0,0,0,0.000,128,1109003,24740.829,0,0,0.000,0,0,0.000,20.186
decode,real,2847,13281538206002830254,0,0,0,0,0.000,128,1109131,24740.829,0,0,0.000,0,0,0.000,20.195
decode,real,2848,13281538206002830254,0,0,0,0,0.000,128,1109259,24740.829,0,0,0.000,0,0,0.000,20.255
decode,real,2849,13281538206002830254,0,0,0,0,0.000,128,1109387,24740.829,0,0,0.000,0,0,0.000,20.117
decode,real,2850,13281538206002830254,0,0,0,0,0.000,128,1109515,24740.829,0,0,0.000,0,0,0.000,20.439
decode,real,2851,13281538206002830254,0,0,0,0,0.000,128,1109643,24740.829,0,0,0.000,0,0,0.000,20.183
decode,real,2852,13281538206002830254,0,0,0,0,0.000,128,1109771,24740.829,0,0,0.000,0,0,0.000,20.211
decode,real,2853,13281538206002830254,0,0,0,0,0.000,128,1109899,24740.829,0,0,0.000,0,0,0.000,20.196
decode,real,2854,13281538206002830254,0,0,0,0,0.000,128,1110027,24740.829,0,0,0.000,0,0,0.000,20.173
decode,real,2855,13281538206002830254,0,0,0,0,0.000,128,1110155,24740.829,0,0,0.000,0,0,0.000,20.217
decode,real,2856,13281538206002830254,0,0,0,0,0.000,128,1110283,24740.829,0,0,0.000,0,0,0.000,20.209
decode,real,2857,13281538206002830254,0,0,0,0,0.000,128,1110411,24740.829,0,0,0.000,0,0,0.000,20.174
decode,real,2858,13281538206002830254,0,0,0,0,0.000,128,1110539,24740.829,0,0,0.000,0,0,0.000,20.214
decode,real,2859,13281538206002830254,0,0,0,0,0.000,128,1110667,24740.829,0,0,0.000,0,0,0.000,20.219
decode,real,2860,13281538206002830254,0,0,0,0,0.000,128,1110795,24740.829,0,0,0.000,0,0,0.000,20.198
decode,real,2861,13281538206002830254,0,0,0,0,0.000,128,1110923,24740.829,0,0,0.000,0,0,0.000,20.192
decode,real,2862,13281538206002830254,0,0,0,0,0.000,128,1111051,24740.829,0,0,0.000,0,0,0.000,20.230
decode,real,2863,13281538206002830254,0,0,0,0,0.000,128,1111179,24740.829,0,0,0.000,0,0,0.000,20.193
decode,real,2864,13281538206002830254,0,0,0,0,0.000,128,1111307,24740.829,0,0,0.000,0,0,0.000,20.198
decode,real,2865,13281538206002830254,0,0,0,0,0.000,128,1111435,24740.829,0,0,0.000,0,0,0.000,20.204
decode,real,2866,13281538206002830254,0,0,0,0,0.000,128,1111563,24740.829,0,0,0.000,0,0,0.000,20.222
decode,real,2867,13281538206002830254,0,0,0,0,0.000,128,1111691,24740.829,0,0,0.000,0,0,0.000,20.213
decode,real,2868,13281538206002830254,0,0,0,0,0.000,128,1111819,24740.829,0,0,0.000,0,0,0.000,20.252
decode,real,2869,13281538206002830254,0,0,0,0,0.000,128,1111947,24740.829,0,0,0.000,0,0,0.000,20.208
decode,real,2870,13281538206002830254,0,0,0,0,0.000,128,1112075,24740.829,0,0,0.000,0,0,0.000,20.207
decode,real,2871,13281538206002830254,0,0,0,0,0.000,128,1112203,24740.829,0,0,0.000,0,0,0.000,20.216
decode,real,2872,13281538206002830254,0,0,0,0,0.000,128,1112331,24740.829,0,0,0.000,0,0,0.000,20.234
decode,real,2873,13281538206002830254,0,0,0,0,0.000,128,1112459,24740.829,0,0,0.000,0,0,0.000,20.217
decode,real,2874,13281538206002830254,0,0,0,0,0.000,128,1112587,24740.829,0,0,0.000,0,0,0.000,20.242
decode,real,2875,13281538206002830254,0,0,0,0,0.000,128,1112715,24740.829,0,0,0.000,0,0,0.000,20.195
decode,real,2876,13281538206002830254,0,0,0,0,0.000,128,1112843,24740.829,0,0,0.000,0,0,0.000,20.211
decode,real,2877,13281538206002830254,0,0,0,0,0.000,128,1112971,24740.829,0,0,0.000,0,0,0.000,20.270
decode,real,2878,13281538206002830254,0,0,0,0,0.000,128,1113099,24740.829,0,0,0.000,0,0,0.000,20.470
decode,real,2879,13281538206002830254,0,0,0,0,0.000,128,1113227,24740.829,0,0,0.000,0,0,0.000,20.426
decode,real,2880,13281538206002830254,0,0,0,0,0.000,128,1113355,24740.829,0,0,0.000,0,0,0.000,20.319
decode,real,2881,13281538206002830254,0,0,0,0,0.000,128,1113483,24740.829,0,0,0.000,0,0,0.000,20.175
decode,real,2882,13281538206002830254,0,0,0,0,0.000,128,1113611,24740.829,0,0,0.000,0,0,0.000,20.291
decode,real,2883,13281538206002830254,0,0,0,0,0.000,128,1113739,24740.829,0,0,0.000,0,0,0.000,20.223
decode,real,2884,13281538206002830254,0,0,0,0,0.000,128,1113867,24740.829,0,0,0.000,0,0,0.000,20.249
decode,real,2885,13281538206002830254,0,0,0,0,0.000,128,1113995,24740.829,0,0,0.000,0,0,0.000,20.247
decode,real,2886,13281538206002830254,0,0,0,0,0.000,128,1114123,24740.829,0,0,0.000,0,0,0.000,20.224
decode,real,2887,13281538206002830254,0,0,0,0,0.000,128,1114251,24740.829,0,0,0.000,0,0,0.000,20.254
decode,real,2888,13281538206002830254,0,0,0,0,0.000,128,1114379,24740.829,0,0,0.000,0,0,0.000,20.244
decode,real,2889,13281538206002830254,0,0,0,0,0.000,128,1114507,24740.829,0,0,0.000,0,0,0.000,20.326
decode,real,2890,13281538206002830254,0,0,0,0,0.000,128,1114635,24740.829,0,0,0.000,0,0,0.000,20.240
decode,real,2891,13281538206002830254,0,0,0,0,0.000,128,1114763,24740.829,0,0,0.000,0,0,0.000,20.495
decode,real,2892,13281538206002830254,0,0,0,0,0.000,128,1114891,24740.829,0,0,0.000,0,0,0.000,20.498
decode,real,2893,13281538206002830254,0,0,0,0,0.000,128,1115019,24740.829,0,0,0.000,0,0,0.000,20.458
decode,real,2894,13281538206002830254,0,0,0,0,0.000,128,1115147,24740.829,0,0,0.000,0,0,0.000,20.275
decode,real,2895,13281538206002830254,0,0,0,0,0.000,128,1115275,24740.829,0,0,0.000,0,0,0.000,20.289
decode,real,2896,13281538206002830254,0,0,0,0,0.000,128,1115403,24740.829,0,0,0.000,0,0,0.000,20.286
decode,real,2897,13281538206002830254,0,0,0,0,0.000,128,1115531,24740.829,0,0,0.000,0,0,0.000,20.319
decode,real,2898,13281538206002830254,0,0,0,0,0.000,128,1115659,24740.829,0,0,0.000,0,0,0.000,20.292
decode,real,2899,13281538206002830254,0,0,0,0,0.000,128,1115787,24740.829,0,0,0.000,0,0,0.000,20.252
decode,real,2900,13281538206002830254,0,0,0,0,0.000,128,1115915,24740.829,0,0,0.000,0,0,0.000,20.281
decode,real,2901,13281538206002830254,0,0,0,0,0.000,128,1116043,24740.829,0,0,0.000,0,0,0.000,20.336
decode,real,2902,13281538206002830254,0,0,0,0,0.000,128,1116171,24740.829,0,0,0.000,0,0,0.000,20.282
decode,real,2903,13281538206002830254,0,0,0,0,0.000,128,1116299,24740.829,0,0,0.000,0,0,0.000,20.295
decode,real,2904,13281538206002830254,0,0,0,0,0.000,128,1116427,24740.829,0,0,0.000,0,0,0.000,20.480
decode,real,2905,13281538206002830254,0,0,0,0,0.000,128,1116555,24740.829,0,0,0.000,0,0,0.000,20.295
decode,real,2906,13281538206002830254,0,0,0,0,0.000,128,1116683,24740.829,0,0,0.000,0,0,0.000,20.322
decode,real,2907,13281538206002830254,0,0,0,0,0.000,128,1116811,24740.829,0,0,0.000,0,0,0.000,20.289
decode,real,2908,13281538206002830254,0,0,0,0,0.000,128,1116939,24740.829,0,0,0.000,0,0,0.000,20.298
decode,real,2909,13281538206002830254,0,0,0,0,0.000,128,1117067,24740.829,0,0,0.000,0,0,0.000,20.338
decode,real,2910,13281538206002830254,0,0,0,0,0.000,128,1117195,24740.829,0,0,0.000,0,0,0.000,20.295
decode,real,2911,13281538206002830254,0,0,0,0,0.000,128,1117323,24740.829,0,0,0.000,0,0,0.000,20.304
decode,real,2912,13281538206002830254,0,0,0,0,0.000,128,1117451,24740.829,0,0,0.000,0,0,0.000,20.486
decode,real,2913,13281538206002830254,0,0,0,0,0.000,128,1117579,24740.829,0,0,0.000,0,0,0.000,20.315
decode,real,2914,13281538206002830254,0,0,0,0,0.000,128,1117707,24740.829,0,0,0.000,0,0,0.000,20.307
decode,real,2915,13281538206002830254,0,0,0,0,0.000,128,1117835,24740.829,0,0,0.000,0,0,0.000,20.310
decode,real,2916,13281538206002830254,0,0,0,0,0.000,128,1117963,24740.829,0,0,0.000,0,0,0.000,20.335
decode,real,2917,13281538206002830254,0,0,0,0,0.000,128,1118091,24740.829,0,0,0.000,0,0,0.000,20.288
decode,real,2918,13281538206002830254,0,0,0,0,0.000,128,1118219,24740.829,0,0,0.000,0,0,0.000,20.336
decode,real,2919,13281538206002830254,0,0,0,0,0.000,128,1118347,24740.829,0,0,0.000,0,0,0.000,20.303
decode,real,2920,13281538206002830254,0,0,0,0,0.000,128,1118475,24740.829,0,0,0.000,0,0,0.000,20.549
decode,real,2921,13281538206002830254,0,0,0,0,0.000,128,1118603,24740.829,0,0,0.000,0,0,0.000,20.316
decode,real,2922,13281538206002830254,0,0,0,0,0.000,128,1118731,24740.829,0,0,0.000,0,0,0.000,20.503
decode,real,2923,13281538206002830254,0,0,0,0,0.000,128,1118859,24740.829,0,0,0.000,0,0,0.000,20.523
decode,real,2924,13281538206002830254,0,0,0,0,0.000,128,1118987,24740.829,0,0,0.000,0,0,0.000,20.374
decode,real,2925,13281538206002830254,0,0,0,0,0.000,128,1119115,24740.829,0,0,0.000,0,0,0.000,20.262
decode,real,2926,13281538206002830254,0,0,0,0,0.000,128,1119243,24740.829,0,0,0.000,0,0,0.000,20.360
decode,real,2927,13281538206002830254,0,0,0,0,0.000,128,1119371,24740.829,0,0,0.000,0,0,0.000,20.309
decode,real,2928,13281538206002830254,0,0,0,0,0.000,128,1119499,24740.829,0,0,0.000,0,0,0.000,20.348
decode,real,2929,13281538206002830254,0,0,0,0,0.000,128,1119627,24740.829,0,0,0.000,0,0,0.000,20.420
decode,real,2930,13281538206002830254,0,0,0,0,0.000,128,1119755,24740.829,0,0,0.000,0,0,0.000,20.317
decode,real,2931,13281538206002830254,0,0,0,0,0.000,128,1119883,24740.829,0,0,0.000,0,0,0.000,20.225
decode,real,2932,13281538206002830254,0,0,0,0,0.000,128,1120011,24740.829,0,0,0.000,0,0,0.000,20.349
decode,real,2933,13281538206002830254,0,0,0,0,0.000,128,1120139,24740.829,0,0,0.000,0,0,0.000,20.332
decode,real,2934,13281538206002830254,0,0,0,0,0.000,128,1120267,24740.829,0,0,0.000,0,0,0.000,20.292
decode,real,2935,13281538206002830254,0,0,0,0,0.000,128,1120395,24740.829,0,0,0.000,0,0,0.000,20.391
decode,real,2936,13281538206002830254,0,0,0,0,0.000,128,1120523,24740.829,0,0,0.000,0,0,0.000,20.507
decode,real,2937,13281538206002830254,0,0,0,0,0.000,128,1120651,24740.829,0,0,0.000,0,0,0.000,20.338
decode,real,2938,13281538206002830254,0,0,0,0,0.000,128,1120779,24740.829,0,0,0.000,0,0,0.000,20.316
decode,real,2939,13281538206002830254,0,0,0,0,0.000,128,1120907,24740.829,0,0,0.000,0,0,0.000,20.329
decode,real,2940,13281538206002830254,0,0,0,0,0.000,128,1121035,24740.829,0,0,0.000,0,0,0.000,20.343
decode,real,2941,13281538206002830254,0,0,0,0,0.000,128,1121163,24740.829,0,0,0.000,0,0,0.000,20.355
decode,real,2942,13281538206002830254,0,0,0,0,0.000,128,1121291,24740.829,0,0,0.000,0,0,0.000,20.326
decode,real,2943,13281538206002830254,0,0,0,0,0.000,128,1121419,24740.829,0,0,0.000,0,0,0.000,20.317
decode,real,2944,13281538206002830254,0,0,0,0,0.000,128,1121547,24740.829,0,0,0.000,0,0,0.000,20.338
decode,real,2945,13281538206002830254,0,0,0,0,0.000,128,1121675,24740.829,0,0,0.000,0,0,0.000,20.336
decode,real,2946,13281538206002830254,0,0,0,0,0.000,128,1121803,24740.829,0,0,0.000,0,0,0.000,20.338
decode,real,2947,13281538206002830254,0,0,0,0,0.000,128,1121931,24740.829,0,0,0.000,0,0,0.000,20.519
decode,real,2948,13281538206002830254,0,0,0,0,0.000,128,1122059,24740.829,0,0,0.000,0,0,0.000,20.343
decode,real,2949,13281538206002830254,0,0,0,0,0.000,128,1122187,24740.829,0,0,0.000,0,0,0.000,20.563
decode,real,2950,13281538206002830254,0,0,0,0,0.000,128,1122315,24740.829,0,0,0.000,0,0,0.000,20.587
decode,real,2951,13281538206002830254,0,0,0,0,0.000,128,1122443,24740.829,0,0,0.000,0,0,0.000,20.613
decode,real,2952,13281538206002830254,0,0,0,0,0.000,128,1122571,24740.829,0,0,0.000,0,0,0.000,20.275
decode,real,2953,13281538206002830254,0,0,0,0,0.000,128,1122699,24740.829,0,0,0.000,0,0,0.000,20.577
decode,real,2954,13281538206002830254,0,0,0,0,0.000,128,1122827,24740.829,0,0,0.000,0,0,0.000,20.355
decode,real,2955,13281538206002830254,0,0,0,0,0.000,128,1122955,24740.829,0,0,0.000,0,0,0.000,20.335
decode,real,2956,13281538206002830254,0,0,0,0,0.000,128,1123083,24740.829,0,0,0.000,0,0,0.000,20.347
decode,real,2957,13281538206002830254,0,0,0,0,0.000,128,1123211,24740.829,0,0,0.000,0,0,0.000,20.348
decode,real,2958,13281538206002830254,0,0,0,0,0.000,128,1123339,24740.829,0,0,0.000,0,0,0.000,20.376
decode,real,2959,13281538206002830254,0,0,0,0,0.000,128,1123467,24740.829,0,0,0.000,0,0,0.000,20.313
decode,real,2960,13281538206002830254,0,0,0,0,0.000,128,1123595,24740.829,0,0,0.000,0,0,0.000,20.357
decode,real,2961,13281538206002830254,0,0,0,0,0.000,128,1123723,24740.829,0,0,0.000,0,0,0.000,20.401
decode,real,2962,13281538206002830254,0,0,0,0,0.000,128,1123851,24740.829,0,0,0.000,0,0,0.000,20.353
decode,real,2963,13281538206002830254,0,0,0,0,0.000,128,1123979,24740.829,0,0,0.000,0,0,0.000,20.323
decode,real,2964,13281538206002830254,0,0,0,0,0.000,128,1124107,24740.829,0,0,0.000,0,0,0.000,20.361
decode,real,2965,13281538206002830254,0,0,0,0,0.000,128,1124235,24740.829,0,0,0.000,0,0,0.000,20.368
decode,real,2966,13281538206002830254,0,0,0,0,0.000,128,1124363,24740.829,0,0,0.000,0,0,0.000,20.359
decode,real,2967,13281538206002830254,0,0,0,0,0.000,128,1124491,24740.829,0,0,0.000,0,0,0.000,20.371
decode,real,2968,13281538206002830254,0,0,0,0,0.000,128,1124619,24740.829,0,0,0.000,0,0,0.000,20.580
decode,real,2969,13281538206002830254,0,0,0,0,0.000,128,1124747,24740.829,0,0,0.000,0,0,0.000,20.387
decode,real,2970,13281538206002830254,0,0,0,0,0.000,128,1124875,24740.829,0,0,0.000,0,0,0.000,20.320
decode,real,2971,13281538206002830254,0,0,0,0,0.000,128,1125003,24740.829,0,0,0.000,0,0,0.000,20.383
decode,real,2972,13281538206002830254,0,0,0,0,0.000,128,1125131,24740.829,0,0,0.000,0,0,0.000,20.411
decode,real,2973,13281538206002830254,0,0,0,0,0.000,128,1125259,24740.829,0,0,0.000,0,0,0.000,20.336
decode,real,2974,13281538206002830254,0,0,0,0,0.000,128,1125387,24740.829,0,0,0.000,0,0,0.000,20.414
decode,real,2975,13281538206002830254,0,0,0,0,0.000,128,1125515,24740.829,0,0,0.000,0,0,0.000,20.342
decode,real,2976,13281538206002830254,0,0,0,0,0.000,128,1125643,24740.829,0,0,0.000,0,0,0.000,20.325
decode,real,2977,13281538206002830254,0,0,0,0,0.000,128,1125771,24740.829,0,0,0.000,0,0,0.000,20.437
decode,real,2978,13281538206002830254,0,0,0,0,0.000,128,1125899,24740.829,0,0,0.000,0,0,0.000,20.364
decode,real,2979,13281538206002830254,0,0,0,0,0.000,128,1126027,24740.829,0,0,0.000,0,0,0.000,20.393
decode,real,2980,13281538206002830254,0,0,0,0,0.000,128,1126155,24740.829,0,0,0.000,0,0,0.000,20.354
decode,real,2981,13281538206002830254,0,0,0,0,0.000,128,1126283,24740.829,0,0,0.000,0,0,0.000,20.398
decode,real,2982,13281538206002830254,0,0,0,0,0.000,128,1126411,24740.829,0,0,0.000,0,0,0.000,20.414
decode,real,2983,13281538206002830254,0,0,0,0,0.000,128,1126539,24740.829,0,0,0.000,0,0,0.000,20.427
decode,real,2984,13281538206002830254,0,0,0,0,0.000,128,1126667,24740.829,0,0,0.000,0,0,0.000,20.559
decode,real,2985,13281538206002830254,0,0,0,0,0.000,128,1126795,24740.829,0,0,0.000,0,0,0.000,20.610
decode,real,2986,13281538206002830254,0,0,0,0,0.000,128,1126923,24740.829,0,0,0.000,0,0,0.000,20.412
decode,real,2987,13281538206002830254,0,0,0,0,0.000,128,1127051,24740.829,0,0,0.000,0,0,0.000,20.526
decode,real,2988,13281538206002830254,0,0,0,0,0.000,128,1127179,24740.829,0,0,0.000,0,0,0.000,20.577
decode,real,2989,13281538206002830254,0,0,0,0,0.000,128,1127307,24740.829,0,0,0.000,0,0,0.000,20.355
decode,real,2990,13281538206002830254,0,0,0,0,0.000,128,1127435,24740.829,0,0,0.000,0,0,0.000,20.456
decode,real,2991,13281538206002830254,0,0,0,0,0.000,128,1127563,24740.829,0,0,0.000,0,0,0.000,20.374
decode,real,2992,13281538206002830254,0,0,0,0,0.000,128,1127691,24740.829,0,0,0.000,0,0,0.000,20.412
decode,real,2993,13281538206002830254,0,0,0,0,0.000,128,1127819,24740.829,0,0,0.000,0,0,0.000,20.387
decode,real,2994,13281538206002830254,0,0,0,0,0.000,128,1127947,24740.829,0,0,0.000,0,0,0.000,20.365
decode,real,2995,13281538206002830254,0,0,0,0,0.000,128,1128075,24740.829,0,0,0.000,0,0,0.000,20.400
decode,real,2996,13281538206002830254,0,0,0,0,0.000,128,1128203,24740.829,0,0,0.000,0,0,0.000,20.381
decode,real,2997,13281538206002830254,0,0,0,0,0.000,128,1128331,24740.829,0,0,0.000,0,0,0.000,20.391
decode,real,2998,13281538206002830254,0,0,0,0,0.000,128,1128459,24740.829,0,0,0.000,0,0,0.000,20.588
decode,real,2999,13281538206002830254,0,0,0,0,0.000,128,1128587,24740.829,0,0,0.000,0,0,0.000,20.394
decode,real,3000,13281538206002830254,0,0,0,0,0.000,128,1128715,24740.829,0,0,0.000,0,0,0.000,20.628
decode,real,3001,13281538206002830254,0,0,0,0,0.000,128,1128843,24740.829,0,0,0.000,0,0,0.000,20.384
decode,real,3002,13281538206002830254,0,0,0,0,0.000,128,1128971,24740.829,0,0,0.000,0,0,0.000,20.639
decode,real,3003,13281538206002830254,0,0,0,0,0.000,128,1129099,24740.829,0,0,0.000,0,0,0.000,20.359
decode,real,3004,13281538206002830254,0,0,0,0,0.000,128,1129227,24740.829,0,0,0.000,0,0,0.000,20.453
decode,real,3005,13281538206002830254,0,0,0,0,0.000,128,1129355,24740.829,0,0,0.000,0,0,0.000,20.423
decode,real,3006,13281538206002830254,0,0,0,0,0.000,128,1129483,24740.829,0,0,0.000,0,0,0.000,20.405
decode,real,3007,13281538206002830254,0,0,0,0,0.000,128,1129611,24740.829,0,0,0.000,0,0,0.000,20.405
decode,real,3008,13281538206002830254,0,0,0,0,0.000,128,1129739,24740.829,0,0,0.000,0,0,0.000,20.427
decode,real,3009,13281538206002830254,0,0,0,0,0.000,128,1129867,24740.829,0,0,0.000,0,0,0.000,20.434
decode,real,3010,13281538206002830254,0,0,0,0,0.000,128,1129995,24740.829,0,0,0.000,0,0,0.000,20.458
decode,real,3011,13281538206002830254,0,0,0,0,0.000,128,1130123,24740.829,0,0,0.000,0,0,0.000,20.424
decode,real,3012,13281538206002830254,0,0,0,0,0.000,128,1130251,24740.829,0,0,0.000,0,0,0.000,20.418
decode,real,3013,13281538206002830254,0,0,0,0,0.000,128,1130379,24740.829,0,0,0.000,0,0,0.000,20.478
decode,real,3014,13281538206002830254,0,0,0,0,0.000,128,1130507,24740.829,0,0,0.000,0,0,0.000,20.399
decode,real,3015,13281538206002830254,0,0,0,0,0.000,128,1130635,24740.829,0,0,0.000,0,0,0.000,20.454
decode,real,3016,13281538206002830254,0,0,0,0,0.000,128,1130763,24740.829,0,0,0.000,0,0,0.000,20.452
decode,real,3017,13281538206002830254,0,0,0,0,0.000,128,1130891,24740.829,0,0,0.000,0,0,0.000,20.427
decode,real,3018,13281538206002830254,0,0,0,0,0.000,128,1131019,24740.829,0,0,0.000,0,0,0.000,20.466
decode,real,3019,13281538206002830254,0,0,0,0,0.000,128,1131147,24740.829,0,0,0.000,0,0,0.000,20.449
decode,real,3020,13281538206002830254,0,0,0,0,0.000,128,1131275,24740.829,0,0,0.000,0,0,0.000,20.432
decode,real,3021,13281538206002830254,0,0,0,0,0.000,128,1131403,24740.829,0,0,0.000,0,0,0.000,20.466
decode,real,3022,13281538206002830254,0,0,0,0,0.000,128,1131531,24740.829,0,0,0.000,0,0,0.000,20.503
decode,real,3023,13281538206002830254,0,0,0,0,0.000,128,1131659,24740.829,0,0,0.000,0,0,0.000,20.437
decode,real,3024,13281538206002830254,0,0,0,0,0.000,128,1131787,24740.829,0,0,0.000,0,0,0.000,20.484
decode,real,3025,13281538206002830254,0,0,0,0,0.000,128,1131915,24740.829,0,0,0.000,0,0,0.000,20.430
decode,real,3026,13281538206002830254,0,0,0,0,0.000,128,1132043,24740.829,0,0,0.000,0,0,0.000,20.472
decode,real,3027,13281538206002830254,0,0,0,0,0.000,128,1132171,24740.829,0,0,0.000,0,0,0.000,20.484
decode,real,3028,13281538206002830254,0,0,0,0,0.000,128,1132299,24740.829,0,0,0.000,0,0,0.000,20.660
decode,real,3029,13281538206002830254,0,0,0,0,0.000,128,1132427,24740.829,0,0,0.000,0,0,0.000,20.441
decode,real,3030,13281538206002830254,0,0,0,0,0.000,128,1132555,24740.829,0,0,0.000,0,0,0.000,20.528
decode,real,3031,13281538206002830254,0,0,0,0,0.000,128,1132683,24740.829,0,0,0.000,0,0,0.000,20.470
decode,real,3032,13281538206002830254,0,0,0,0,0.000,128,1132811,24740.829,0,0,0.000,0,0,0.000,20.482
decode,real,3033,13281538206002830254,0,0,0,0,0.000,128,1132939,24740.829,0,0,0.000,0,0,0.000,20.447
decode,real,3034,13281538206002830254,0,0,0,0,0.000,128,1133067,24740.829,0,0,0.000,0,0,0.000,20.721
decode,real,3035,13281538206002830254,0,0,0,0,0.000,128,1133195,24740.829,0,0,0.000,0,0,0.000,20.490
decode,real,3036,13281538206002830254,0,0,0,0,0.000,128,1133323,24740.829,0,0,0.000,0,0,0.000,20.515
decode,real,3037,13281538206002830254,0,0,0,0,0.000,128,1133451,24740.829,0,0,0.000,0,0,0.000,20.635
decode,real,3038,13281538206002830254,0,0,0,0,0.000,128,1133579,24740.829,0,0,0.000,0,0,0.000,20.496
decode,real,3039,13281538206002830254,0,0,0,0,0.000,128,1133707,24740.829,0,0,0.000,0,0,0.000,20.494
decode,real,3040,13281538206002830254,0,0,0,0,0.000,128,1133835,24740.829,0,0,0.000,0,0,0.000,20.661
decode,real,3041,13281538206002830254,0,0,0,0,0.000,128,1133963,24740.829,0,0,0.000,0,0,0.000,20.523
decode,real,3042,13281538206002830254,0,0,0,0,0.000,128,1134091,24740.829,0,0,0.000,0,0,0.000,20.464
decode,real,3043,13281538206002830254,0,0,0,0,0.000,128,1134219,24740.829,0,0,0.000,0,0,0.000,20.522
decode,real,3044,13281538206002830254,0,0,0,0,0.000,128,1134347,24740.829,0,0,0.000,0,0,0.000,20.463
decode,real,3045,13281538206002830254,0,0,0,0,0.000,128,1134475,24740.829,0,0,0.000,0,0,0.000,20.718
decode,real,3046,13281538206002830254,0,0,0,0,0.000,128,1134603,24740.829,0,0,0.000,0,0,0.000,20.460
decode,real,3047,13281538206002830254,0,0,0,0,0.000,128,1134731,24740.829,0,0,0.000,0,0,0.000,20.541
decode,real,3048,13281538206002830254,0,0,0,0,0.000,128,1134859,24740.829,0,0,0.000,0,0,0.000,20.459
decode,real,3049,13281538206002830254,0,0,0,0,0.000,128,1134987,24740.829,0,0,0.000,0,0,0.000,20.512
decode,real,3050,13281538206002830254,0,0,0,0,0.000,128,1135115,24740.829,0,0,0.000,0,0,0.000,20.504
decode,real,3051,13281538206002830254,0,0,0,0,0.000,128,1135243,24740.829,0,0,0.000,0,0,0.000,20.516
decode,real,3052,13281538206002830254,0,0,0,0,0.000,128,1135371,24740.829,0,0,0.000,0,0,0.000,20.473
decode,real,3053,13281538206002830254,0,0,0,0,0.000,128,1135499,24740.829,0,0,0.000,0,0,0.000,20.508
decode,real,3054,13281538206002830254,0,0,0,0,0.000,128,1135627,24740.829,0,0,0.000,0,0,0.000,20.737
decode,real,3055,13281538206002830254,0,0,0,0,0.000,128,1135755,24740.829,0,0,0.000,0,0,0.000,20.642
decode,real,3056,13281538206002830254,0,0,0,0,0.000,128,1135883,24740.829,0,0,0.000,0,0,0.000,20.520
decode,real,3057,13281538206002830254,0,0,0,0,0.000,128,1136011,24740.829,0,0,0.000,0,0,0.000,20.486
decode,real,3058,13281538206002830254,0,0,0,0,0.000,128,1136139,24740.829,0,0,0.000,0,0,0.000,20.496
decode,real,3059,13281538206002830254,0,0,0,0,0.000,128,1136267,24740.829,0,0,0.000,0,0,0.000,20.515
decode,real,3060,13281538206002830254,0,0,0,0,0.000,128,1136395,24740.829,0,0,0.000,0,0,0.000,20.494
decode,real,3061,13281538206002830254,0,0,0,0,0.000,128,1136523,24740.829,0,0,0.000,0,0,0.000,20.503
decode,real,3062,13281538206002830254,0,0,0,0,0.000,128,1136651,24740.829,0,0,0.000,0,0,0.000,20.477
decode,real,3063,13281538206002830254,0,0,0,0,0.000,128,1136779,24740.829,0,0,0.000,0,0,0.000,20.715
decode,real,3064,13281538206002830254,0,0,0,0,0.000,128,1136907,24740.829,0,0,0.000,0,0,0.000,20.473
decode,real,3065,13281538206002830254,0,0,0,0,0.000,128,1137035,24740.829,0,0,0.000,0,0,0.000,20.779
decode,real,3066,13281538206002830254,0,0,0,0,0.000,128,1137163,24740.829,0,0,0.000,0,0,0.000,20.493
decode,real,3067,13281538206002830254,0,0,0,0,0.000,128,1137291,24740.829,0,0,0.000,0,0,0.000,20.513
decode,real,3068,13281538206002830254,0,0,0,0,0.000,128,1137419,24740.829,0,0,0.000,0,0,0.000,20.508
decode,real,3069,13281538206002830254,0,0,0,0,0.000,128,1137547,24740.829,0,0,0.000,0,0,0.000,20.538
decode,real,3070,13281538206002830254,0,0,0,0,0.000,128,1137675,24740.829,0,0,0.000,0,0,0.000,20.488
decode,real,3071,13281538206002830254,0,0,0,0,0.000,128,1137803,24740.829,0,0,0.000,0,0,0.000,20.531
decode,real,3072,13281538206002830254,0,0,0,0,0.000,128,1137931,24740.829,0,0,0.000,0,0,0.000,20.498
decode,real,3073,13281538206002830254,0,0,0,0,0.000,128,1138059,24740.829,0,0,0.000,0,0,0.000,20.652
decode,real,3074,13281538206002830254,0,0,0,0,0.000,128,1138187,24740.829,0,0,0.000,0,0,0.000,20.562
decode,real,3075,13281538206002830254,0,0,0,0,0.000,128,1138315,24740.829,0,0,0.000,0,0,0.000,20.446
decode,real,3076,13281538206002830254,0,0,0,0,0.000,128,1138443,24740.829,0,0,0.000,0,0,0.000,20.627
decode,real,3077,13281538206002830254,0,0,0,0,0.000,128,1138571,24740.829,0,0,0.000,0,0,0.000,20.570
decode,real,3078,13281538206002830254,0,0,0,0,0.000,128,1138699,24740.829,0,0,0.000,0,0,0.000,20.484
decode,real,3079,13281538206002830254,0,0,0,0,0.000,128,1138827,24740.829,0,0,0.000,0,0,0.000,20.523
decode,real,3080,13281538206002830254,0,0,0,0,0.000,128,1138955,24740.829,0,0,0.000,0,0,0.000,20.556
decode,real,3081,13281538206002830254,0,0,0,0,0.000,128,1139083,24740.829,0,0,0.000,0,0,0.000,20.481
decode,real,3082,13281538206002830254,0,0,0,0,0.000,128,1139211,24740.829,0,0,0.000,0,0,0.000,20.508
decode,real,3083,13281538206002830254,0,0,0,0,0.000,128,1139339,24740.829,0,0,0.000,0,0,0.000,20.549
decode,real,3084,13281538206002830254,0,0,0,0,0.000,128,1139467,24740.829,0,0,0.000,0,0,0.000,20.753
decode,real,3085,13281538206002830254,0,0,0,0,0.000,128,1139595,24740.829,0,0,0.000,0,0,0.000,20.541
decode,real,3086,13281538206002830254,0,0,0,0,0.000,128,1139723,24740.829,0,0,0.000,0,0,0.000,20.540
decode,real,3087,13281538206002830254,0,0,0,0,0.000,128,1139851,24740.829,0,0,0.000,0,0,0.000,20.516
decode,real,3088,13281538206002830254,0,0,0,0,0.000,128,1139979,24740.829,0,0,0.000,0,0,0.000,20.543
decode,real,3089,13281538206002830254,0,0,0,0,0.000,128,1140107,24740.829,0,0,0.000,0,0,0.000,20.575
decode,real,3090,13281538206002830254,0,0,0,0,0.000,128,1140235,24740.829,0,0,0.000,0,0,0.000,20.703
decode,real,3091,13281538206002830254,0,0,0,0,0.000,128,1140363,24740.829,0,0,0.000,0,0,0.000,20.533
decode,real,3092,13281538206002830254,0,0,0,0,0.000,128,1140491,24740.829,0,0,0.000,0,0,0.000,20.505
decode,real,3093,13281538206002830254,0,0,0,0,0.000,128,1140619,24740.829,0,0,0.000,0,0,0.000,20.549
decode,real,3094,13281538206002830254,0,0,0,0,0.000,128,1140747,24740.829,0,0,0.000,0,0,0.000,20.759
decode,real,3095,13281538206002830254,0,0,0,0,0.000,128,1140875,24740.829,0,0,0.000,0,0,0.000,20.536
decode,real,3096,13281538206002830254,0,0,0,0,0.000,128,1141003,24740.829,0,0,0.000,0,0,0.000,20.763
decode,real,3097,13281538206002830254,0,0,0,0,0.000,128,1141131,24740.829,0,0,0.000,0,0,0.000,20.761
decode,real,3098,13281538206002830254,0,0,0,0,0.000,128,1141259,24740.829,0,0,0.000,0,0,0.000,20.516
decode,real,3099,13281538206002830254,0,0,0,0,0.000,128,1141387,24740.829,0,0,0.000,0,0,0.000,20.537
decode,real,3100,13281538206002830254,0,0,0,0,0.000,128,1141515,24740.829,0,0,0.000,0,0,0.000,20.579
decode,real,3101,13281538206002830254,0,0,0,0,0.000,128,1141643,24740.829,0,0,0.000,0,0,0.000,20.541
decode,real,3102,13281538206002830254,0,0,0,0,0.000,128,1141771,24740.829,0,0,0.000,0,0,0.000,20.534
decode,real,3103,13281538206002830254,0,0,0,0,0.000,128,1141899,24740.829,0,0,0.000,0,0,0.000,20.511
decode,real,3104,13281538206002830254,0,0,0,0,0.000,128,1142027,24740.829,0,0,0.000,0,0,0.000,20.575
decode,real,3105,13281538206002830254,0,0,0,0,0.000,128,1142155,24740.829,0,0,0.000,0,0,0.000,20.532
decode,real,3106,13281538206002830254,0,0,0,0,0.000,128,1142283,24740.829,0,0,0.000,0,0,0.000,20.625
decode,real,3107,13281538206002830254,0,0,0,0,0.000,128,1142411,24740.829,0,0,0.000,0,0,0.000,20.701
decode,real,3108,13281538206002830254,0,0,0,0,0.000,128,1142539,24740.829,0,0,0.000,0,0,0.000,20.577
decode,real,3109,13281538206002830254,0,0,0,0,0.000,128,1142667,24740.829,0,0,0.000,0,0,0.000,20.788
decode,real,3110,13281538206002830254,0,0,0,0,0.000,128,1142795,24740.829,0,0,0.000,0,0,0.000,20.744
decode,real,3111,13281538206002830254,0,0,0,0,0.000,128,1142923,24740.829,0,0,0.000,0,0,0.000,20.584
decode,real,3112,13281538206002830254,0,0,0,0,0.000,128,1143051,24740.829,0,0,0.000,0,0,0.000,20.528
decode,real,3113,13281538206002830254,0,0,0,0,0.000,128,1143179,24740.829,0,0,0.000,0,0,0.000,20.802
decode,real,3114,13281538206002830254,0,0,0,0,0.000,128,1143307,24740.829,0,0,0.000,0,0,0.000,20.541
decode,real,3115,13281538206002830254,0,0,0,0,0.000,128,1143435,24740.829,0,0,0.000,0,0,0.000,20.556
decode,real,3116,13281538206002830254,0,0,0,0,0.000,128,1143563,24740.829,0,0,0.000,0,0,0.000,20.536
decode,real,3117,13281538206002830254,0,0,0,0,0.000,128,1143691,24740.829,0,0,0.000,0,0,0.000,20.617
decode,real,3118,13281538206002830254,0,0,0,0,0.000,128,1143819,24740.829,0,0,0.000,0,0,0.000,20.747
decode,real,3119,13281538206002830254,0,0,0,0,0.000,128,1143947,24740.829,0,0,0.000,0,0,0.000,20.626
decode,real,3120,13281538206002830254,0,0,0,0,0.000,128,1144075,24740.829,0,0,0.000,0,0,0.000,20.534
decode,real,3121,13281538206002830254,0,0,0,0,0.000,128,1144203,24740.829,0,0,0.000,0,0,0.000,20.815
decode,real,3122,13281538206002830254,0,0,0,0,0.000,128,1144331,24740.829,0,0,0.000,0,0,0.000,20.589
decode,real,3123,13281538206002830254,0,0,0,0,0.000,128,1144459,24740.829,0,0,0.000,0,0,0.000,20.524
decode,real,3124,13281538206002830254,0,0,0,0,0.000,128,1144587,24740.829,0,0,0.000,0,0,0.000,20.584
decode,real,3125,13281538206002830254,0,0,0,0,0.000,128,1144715,24740.829,0,0,0.000,0,0,0.000,20.965
decode,real,3126,13281538206002830254,0,0,0,0,0.000,127,1135628,24353.179,0,0,0.000,0,0,0.000,20.337
decode,real,3127,13281538206002830254,0,0,0,0,0.000,127,1135755,24353.179,0,0,0.000,0,0,0.000,20.514
decode,real,3128,13281538206002830254,0,0,0,0,0.000,127,1135882,24353.179,0,0,0.000,0,0,0.000,20.513
decode,real,3129,13281538206002830254,0,0,0,0,0.000,127,1136009,24353.179,0,0,0.000,0,0,0.000,20.499
decode,real,3130,13281538206002830254,0,0,0,0,0.000,127,1136136,24353.179,0,0,0.000,0,0,0.000,21.132
decode,real,3131,13281538206002830254,0,0,0,0,0.000,126,1127048,23971.700,0,0,0.000,0,0,0.000,20.094
decode,real,3132,13281538206002830254,0,0,0,0,0.000,126,1127174,23971.700,0,0,0.000,0,0,0.000,20.484
decode,real,3133,13281538206002830254,0,0,0,0,0.000,126,1127300,23971.700,0,0,0.000,0,0,0.000,20.422
decode,real,3134,13281538206002830254,0,0,0,0,0.000,126,1127426,23971.700,0,0,0.000,0,0,0.000,20.758
decode,real,3135,13281538206002830254,0,0,0,0,0.000,125,1118337,23592.148,0,0,0.000,0,0,0.000,20.134
decode,real,3136,13281538206002830254,0,0,0,0,0.000,125,1118462,23592.148,0,0,0.000,0,0,0.000,20.399
decode,real,3137,13281538206002830254,0,0,0,0,0.000,125,1118587,23592.148,0,0,0.000,0,0,0.000,20.384
decode,real,3138,13281538206002830254,0,0,0,0,0.000,125,1118712,23592.148,0,0,0.000,0,0,0.000,21.008
decode,real,3139,13281538206002830254,0,0,0,0,0.000,124,1109622,23214.504,0,0,0.000,0,0,0.000,20.245
decode,real,3140,13281538206002830254,0,0,0,0,0.000,124,1109746,23214.504,0,0,0.000,0,0,0.000,20.549
decode,real,3141,13281538206002830254,0,0,0,0,0.000,124,1109870,23214.504,0,0,0.000,0,0,0.000,20.554
decode,real,3142,13281538206002830254,0,0,0,0,0.000,124,1109994,23214.504,0,0,0.000,0,0,0.000,20.564
decode,real,3143,13281538206002830254,0,0,0,0,0.000,124,1110118,23214.504,0,0,0.000,0,0,0.000,20.940
decode,real,3144,13281538206002830254,0,0,0,0,0.000,123,1101027,22843.043,0,0,0.000,0,0,0.000,20.027
decode,real,3145,13281538206002830254,0,0,0,0,0.000,123,1101150,22843.043,0,0,0.000,0,0,0.000,20.274
decode,real,3146,13281538206002830254,0,0,0,0,0.000,123,1101273,22843.043,0,0,0.000,0,0,0.000,20.284
decode,real,3147,13281538206002830254,0,0,0,0,0.000,123,1101396,22843.043,0,0,0.000,0,0,0.000,20.620
decode,real,3148,13281538206002830254,0,0,0,0,0.000,122,1092304,22473.526,0,0,0.000,0,0,0.000,20.002
decode,real,3149,13281538206002830254,0,0,0,0,0.000,122,1092426,22473.526,0,0,0.000,0,0,0.000,20.219
decode,real,3150,13281538206002830254,0,0,0,0,0.000,122,1092548,22473.526,0,0,0.000,0,0,0.000,20.262
decode,real,3151,13281538206002830254,0,0,0,0,0.000,122,1092670,22473.526,0,0,0.000,0,0,0.000,20.574
decode,real,3152,13281538206002830254,0,0,0,0,0.000,121,1083577,22105.934,0,0,0.000,0,0,0.000,19.890
decode,real,3153,13281538206002830254,0,0,0,0,0.000,121,1083698,22105.934,0,0,0.000,0,0,0.000,20.413
decode,real,3154,13281538206002830254,0,0,0,0,0.000,121,1083819,22105.934,0,0,0.000,0,0,0.000,20.174
decode,real,3155,13281538206002830254,0,0,0,0,0.000,121,1083940,22105.934,0,0,0.000,0,0,0.000,20.566
decode,real,3156,13281538206002830254,0,0,0,0,0.000,120,1074846,21740.248,0,0,0.000,0,0,0.000,21.017
decode,real,3157,13281538206002830254,0,0,0,0,0.000,120,1074966,21740.248,0,0,0.000,0,0,0.000,21.294
decode,real,3158,13281538206002830254,0,0,0,0,0.000,120,1075086,21740.248,0,0,0.000,0,0,0.000,21.306
decode,real,3159,13281538206002830254,0,0,0,0,0.000,120,1075206,21740.248,0,0,0.000,0,0,0.000,21.320
decode,real,3160,13281538206002830254,0,0,0,0,0.000,120,1075326,21740.248,0,0,0.000,0,0,0.000,21.608
decode,real,3161,13281538206002830254,0,0,0,0,0.000,119,1066231,21380.742,0,0,0.000,0,0,0.000,20.709
decode,real,3162,13281538206002830254,0,0,0,0,0.000,119,1066350,21380.742,0,0,0.000,0,0,0.000,20.963
decode,real,3163,13281538206002830254,0,0,0,0,0.000,119,1066469,21380.742,0,0,0.000,0,0,0.000,21.074
decode,real,3164,13281538206002830254,0,0,0,0,0.000,119,1066588,21380.742,0,0,0.000,0,0,0.000,21.271
decode,real,3165,13281538206002830254,0,0,0,0,0.000,118,1057492,21023.179,0,0,0.000,0,0,0.000,20.640
decode,real,3166,13281538206002830254,0,0,0,0,0.000,118,1057610,21023.179,0,0,0.000,0,0,0.000,20.756
decode,real,3167,13281538206002830254,0,0,0,0,0.000,118,1057728,21023.179,0,0,0.000,0,0,0.000,20.889
decode,real,3168,13281538206002830254,0,0,0,0,0.000,118,1057846,21023.179,0,0,0.000,0,0,0.000,21.317
decode,real,3169,13281538206002830254,0,0,0,0,0.000,117,1048749,20667.538,0,0,0.000,0,0,0.000,21.046
decode,real,3170,13281538206002830254,0,0,0,0,0.000,117,1048866,20667.538,0,0,0.000,0,0,0.000,21.250
decode,real,3171,13281538206002830254,0,0,0,0,0.000,117,1048983,20667.538,0,0,0.000,0,0,0.000,21.397
decode,real,3172,13281538206002830254,0,0,0,0,0.000,117,1049100,20667.538,0,0,0.000,0,0,0.000,21.682
decode,real,3173,13281538206002830254,0,0,0,0,0.000,116,1040002,20313.801,0,0,0.000,0,0,0.000,20.957
decode,real,3174,13281538206002830254,0,0,0,0,0.000,116,1040118,20313.801,0,0,0.000,0,0,0.000,21.321
decode,real,3175,13281538206002830254,0,0,0,0,0.000,116,1040234,20313.801,0,0,0.000,0,0,0.000,21.313
decode,real,3176,13281538206002830254,0,0,0,0,0.000,116,1040350,20313.801,0,0,0.000,0,0,0.000,21.364
decode,real,3177,13281538206002830254,0,0,0,0,0.000,116,1040466,20313.801,0,0,0.000,0,0,0.000,21.658
decode,real,3178,13281538206002830254,0,0,0,0,0.000,115,1031367,19966.242,0,0,0.000,0,0,0.000,19.108
decode,real,3179,13281538206002830254,0,0,0,0,0.000,115,1031482,19966.242,0,0,0.000,0,0,0.000,19.327
decode,real,3180,13281538206002830254,0,0,0,0,0.000,115,1031597,19966.242,0,0,0.000,0,0,0.000,19.386
decode,real,3181,13281538206002830254,0,0,0,0,0.000,115,1031712,19966.242,0,0,0.000,0,0,0.000,19.681
decode,real,3182,13281538206002830254,0,0,0,0,0.000,114,1022612,19620.623,0,0,0.000,0,0,0.000,18.972
decode,real,3183,13281538206002830254,0,0,0,0,0.000,114,1022726,19620.623,0,0,0.000,0,0,0.000,19.254
decode,real,3184,13281538206002830254,0,0,0,0,0.000,114,1022840,19620.623,0,0,0.000,0,0,0.000,19.220
decode,real,3185,13281538206002830254,0,0,0,0,0.000,114,1022954,19620.623,0,0,0.000,0,0,0.000,19.566
decode,real,3186,13281538206002830254,0,0,0,0,0.000,113,1013853,19276.924,0,0,0.000,0,0,0.000,18.962
decode,real,3187,13281538206002830254,0,0,0,0,0.000,113,1013966,19276.924,0,0,0.000,0,0,0.000,19.130
decode,real,3188,13281538206002830254,0,0,0,0,0.000,113,1014079,19276.924,0,0,0.000,0,0,0.000,19.163
decode,real,3189,13281538206002830254,0,0,0,0,0.000,113,1014192,19276.924,0,0,0.000,0,0,0.000,19.520
decode,real,3190,13281538206002830254,0,0,0,0,0.000,112,1005090,18935.125,0,0,0.000,0,0,0.000,18.730
decode,real,3191,13281538206002830254,0,0,0,0,0.000,112,1005202,18935.125,0,0,0.000,0,0,0.000,18.969
decode,real,3192,13281538206002830254,0,0,0,0,0.000,112,1005314,18935.125,0,0,0.000,0,0,0.000,19.000
decode,real,3193,13281538206002830254,0,0,0,0,0.000,112,1005426,18935.125,0,0,0.000,0,0,0.000,19.026
decode,real,3194,13281538206002830254,0,0,0,0,0.000,112,1005538,18935.125,0,0,0.000,0,0,0.000,19.282
decode,real,3195,13281538206002830254,0,0,0,0,0.000,111,996435,18599.502,0,0,0.000,0,0,0.000,18.614
decode,real,3196,13281538206002830254,0,0,0,0,0.000,111,996546,18599.502,0,0,0.000,0,0,0.000,18.898
decode,real,3197,13281538206002830254,0,0,0,0,0.000,111,996657,18599.502,0,0,0.000,0,0,0.000,18.951
decode,real,3198,13281538206002830254,0,0,0,0,0.000,111,996768,18599.502,0,0,0.000,0,0,0.000,19.220
decode,real,3199,13281538206002830254,0,0,0,0,0.000,110,987664,18265.817,0,0,0.000,0,0,0.000,18.495
decode,real,3200,13281538206002830254,0,0,0,0,0.000,110,987774,18265.817,0,0,0.000,0,0,0.000,18.768
decode,real,3201,13281538206002830254,0,0,0,0,0.000,110,987884,18265.817,0,0,0.000,0,0,0.000,18.875
decode,real,3202,13281538206002830254,0,0,0,0,0.000,110,987994,18265.817,0,0,0.000,0,0,0.000,19.137
decode,real,3203,13281538206002830254,0,0,0,0,0.000,109,978889,17934.049,0,0,0.000,0,0,0.000,18.441
decode,real,3204,13281538206002830254,0,0,0,0,0.000,109,978998,17934.049,0,0,0.000,0,0,0.000,18.712
decode,real,3205,13281538206002830254,0,0,0,0,0.000,109,979107,17934.049,0,0,0.000,0,0,0.000,18.791
decode,real,3206,13281538206002830254,0,0,0,0,0.000,109,979216,17934.049,0,0,0.000,0,0,0.000,19.062
decode,real,3207,13281538206002830254,0,0,0,0,0.000,108,970110,17604.176,0,0,0.000,0,0,0.000,18.454
decode,real,3208,13281538206002830254,0,0,0,0,0.000,108,970218,17604.176,0,0,0.000,0,0,0.000,18.680
decode,real,3209,13281538206002830254,0,0,0,0,0.000,108,970326,17604.176,0,0,0.000,0,0,0.000,18.743
decode,real,3210,13281538206002830254,0,0,0,0,0.000,108,970434,17604.176,0,0,0.000,0,0,0.000,18.732
decode,real,3211,13281538206002830254,0,0,0,0,0.000,108,970542,17604.176,0,0,0.000,0,0,0.000,19.028
decode,real,3212,13281538206002830254,0,0,0,0,0.000,107,961435,17280.477,0,0,0.000,0,0,0.000,18.414
decode,real,3213,13281538206002830254,0,0,0,0,0.000,107,961542,17280.477,0,0,0.000,0,0,0.000,18.727
decode,real,3214,13281538206002830254,0,0,0,0,0.000,107,961649,17280.477,0,0,0.000,0,0,0.000,18.769
decode,real,3215,13281538206002830254,0,0,0,0,0.000,107,961756,17280.477,0,0,0.000,0,0,0.000,19.009
decode,real,3216,13281538206002830254,0,0,0,0,0.000,106,952648,16958.713,0,0,0.000,0,0,0.000,18.429
decode,real,3217,13281538206002830254,0,0,0,0,0.000,106,952754,16958.713,0,0,0.000,0,0,0.000,18.685
decode,real,3218,13281538206002830254,0,0,0,0,0.000,106,952860,16958.713,0,0,0.000,0,0,0.000,18.679
decode,real,3219,13281538206002830254,0,0,0,0,0.000,106,952966,16958.713,0,0,0.000,0,0,0.000,19.024
decode,real,3220,13281538206002830254,0,0,0,0,0.000,105,943857,16638.863,0,0,0.000,0,0,0.000,18.377
decode,real,3221,13281538206002830254,0,0,0,0,0.000,105,943962,16638.863,0,0,0.000,0,0,0.000,18.670
decode,real,3222,13281538206002830254,0,0,0,0,0.000,105,944067,16638.863,0,0,0.000,0,0,0.000,18.678
decode,real,3223,13281538206002830254,0,0,0,0,0.000,105,944172,16638.863,0,0,0.000,0,0,0.000,18.663
decode,real,3224,13281538206002830254,0,0,0,0,0.000,105,944277,16638.863,0,0,0.000,0,0,0.000,19.066
decode,real,3225,13281538206002830254,0,0,0,0,0.000,104,935167,16325.202,0,0,0.000,0,0,0.000,18.302
decode,real,3226,13281538206002830254,0,0,0,0,0.000,104,935271,16325.202,0,0,0.000,0,0,0.000,18.586
decode,real,3227,13281538206002830254,0,0,0,0,0.000,104,935375,16325.202,0,0,0.000,0,0,0.000,18.623
decode,real,3228,13281538206002830254,0,0,0,0,0.000,104,935479,16325.202,0,0,0.000,0,0,0.000,18.994
decode,real,3229,13281538206002830254,0,0,0,0,0.000,103,926368,16013.496,0,0,0.000,0,0,0.000,18.307
decode,real,3230,13281538206002830254,0,0,0,0,0.000,103,926471,16013.496,0,0,0.000,0,0,0.000,18.557
decode,real,3231,13281538206002830254,0,0,0,0,0.000,103,926574,16013.496,0,0,0.000,0,0,0.000,18.595
decode,real,3232,13281538206002830254,0,0,0,0,0.000,103,926677,16013.496,0,0,0.000,0,0,0.000,18.894
decode,real,3233,13281538206002830254,0,0,0,0,0.000,102,917565,15703.724,0,0,0.000,0,0,0.000,18.322
decode,real,3234,13281538206002830254,0,0,0,0,0.000,102,917667,15703.724,0,0,0.000,0,0,0.000,18.488
decode,real,3235,13281538206002830254,0,0,0,0,0.000,102,917769,15703.724,0,0,0.000,0,0,0.000,18.592
decode,real,3236,13281538206002830254,0,0,0,0,0.000,102,917871,15703.724,0,0,0.000,0,0,0.000,18.818
decode,real,3237,13281538206002830254,0,0,0,0,0.000,101,908758,15395.863,0,0,0.000,0,0,0.000,18.322
decode,real,3238,13281538206002830254,0,0,0,0,0.000,101,908859,15395.863,0,0,0.000,0,0,0.000,18.529
decode,real,3239,13281538206002830254,0,0,0,0,0.000,101,908960,15395.863,0,0,0.000,0,0,0.000,18.562
decode,real,3240,13281538206002830254,0,0,0,0,0.000,101,909061,15395.863,0,0,0.000,0,0,0.000,18.504
decode,real,3241,13281538206002830254,0,0,0,0,0.000,101,909162,15395.863,0,0,0.000,0,0,0.000,18.866
decode,real,3242,13281538206002830254,0,0,0,0,0.000,100,900048,15094.190,0,0,0.000,0,0,0.000,18.183
decode,real,3243,13281538206002830254,0,0,0,0,0.000,100,900148,15094.190,0,0,0.000,0,0,0.000,18.381
decode,real,3244,13281538206002830254,0,0,0,0,0.000,100,900248,15094.190,0,0,0.000,0,0,0.000,18.494
decode,real,3245,13281538206002830254,0,0,0,0,0.000,100,900348,15094.190,0,0,0.000,0,0,0.000,18.748
decode,real,3246,13281538206002830254,0,0,0,0,0.000,99,891233,14794.471,0,0,0.000,0,0,0.000,18.185
decode,real,3247,13281538206002830254,0,0,0,0,0.000,99,891332,14794.471,0,0,0.000,0,0,0.000,18.424
decode,real,3248,13281538206002830254,0,0,0,0,0.000,99,891431,14794.471,0,0,0.000,0,0,0.000,18.434
decode,real,3249,13281538206002830254,0,0,0,0,0.000,99,891530,14794.471,0,0,0.000,0,0,0.000,18.830
decode,real,3250,13281538206002830254,0,0,0,0,0.000,98,882414,14496.684,0,0,0.000,0,0,0.000,18.081
decode,real,3251,13281538206002830254,0,0,0,0,0.000,98,882512,14496.684,0,0,0.000,0,0,0.000,18.368
decode,real,3252,13281538206002830254,0,0,0,0,0.000,98,882610,14496.684,0,0,0.000,0,0,0.000,18.370
decode,real,3253,13281538206002830254,0,0,0,0,0.000,98,882708,14496.684,0,0,0.000,0,0,0.000,18.748
decode,real,3254,13281538206002830254,0,0,0,0,0.000,97,873591,14200.806,0,0,0.000,0,0,0.000,18.022
decode,real,3255,13281538206002830254,0,0,0,0,0.000,97,873688,14200.806,0,0,0.000,0,0,0.000,18.386
decode,real,3256,13281538206002830254,0,0,0,0,0.000,97,873785,14200.806,0,0,0.000,0,0,0.000,18.347
decode,real,3257,13281538206002830254,0,0,0,0,0.000,97,873882,14200.806,0,0,0.000,0,0,0.000,18.347
decode,real,3258,13281538206002830254,0,0,0,0,0.000,97,873979,14200.806,0,0,0.000,0,0,0.000,18.638
decode,real,3259,13281538206002830254,0,0,0,0,0.000,96,864861,13911.114,0,0,0.000,0,0,0.000,17.842
decode,real,3260,13281538206002830254,0,0,0,0,0.000,96,864957,13911.114,0,0,0.000,0,0,0.000,18.054
decode,real,3261,13281538206002830254,0,0,0,0,0.000,96,865053,13911.114,0,0,0.000,0,0,0.000,18.025
decode,real,3262,13281538206002830254,0,0,0,0,0.000,96,865149,13911.114,0,0,0.000,0,0,0.000,18.380
decode,real,3263,13281538206002830254,0,0,0,0,0.000,95,856030,13623.375,0,0,0.000,0,0,0.000,17.754
decode,real,3264,13281538206002830254,0,0,0,0,0.000,95,856125,13623.375,0,0,0.000,0,0,0.000,17.926
decode,real,3265,13281538206002830254,0,0,0,0,0.000,95,856220,13623.375,0,0,0.000,0,0,0.000,17.784
decode,real,3266,13281538206002830254,0,0,0,0,0.000,95,856315,13623.375,0,0,0.000,0,0,0.000,18.262
decode,real,3267,13281538206002830254,0,0,0,0,0.000,94,847195,13337.566,0,0,0.000,0,0,0.000,17.516
decode,real,3268,13281538206002830254,0,0,0,0,0.000,94,847289,13337.566,0,0,0.000,0,0,0.000,17.826
decode,real,3269,13281538206002830254,0,0,0,0,0.000,94,847383,13337.566,0,0,0.000,0,0,0.000,17.657
decode,real,3270,13281538206002830254,0,0,0,0,0.000,94,847477,13337.566,0,0,0.000,0,0,0.000,18.144
decode,real,3271,13281538206002830254,0,0,0,0,0.000,93,838356,13053.663,0,0,0.000,0,0,0.000,17.286
decode,real,3272,13281538206002830254,0,0,0,0,0.000,93,838449,13053.663,0,0,0.000,0,0,0.000,17.734
decode,real,3273,13281538206002830254,0,0,0,0,0.000,93,838542,13053.663,0,0,0.000,0,0,0.000,17.861
decode,real,3274,13281538206002830254,0,0,0,0,0.000,93,838635,13053.663,0,0,0.000,0,0,0.000,17.675
decode,real,3275,13281538206002830254,0,0,0,0,0.000,93,838728,13053.663,0,0,0.000,0,0,0.000,18.048
decode,real,3276,13281538206002830254,0,0,0,0,0.000,92,829606,12775.944,0,0,0.000,0,0,0.000,17.143
decode,real,3277,13281538206002830254,0,0,0,0,0.000,92,829698,12775.944,0,0,0.000,0,0,0.000,17.395
decode,real,3278,13281538206002830254,0,0,0,0,0.000,92,829790,12775.944,0,0,0.000,0,0,0.000,17.501
decode,real,3279,13281538206002830254,0,0,0,0,0.000,92,829882,12775.944,0,0,0.000,0,0,0.000,17.722
decode,real,3280,13281538206002830254,0,0,0,0,0.000,91,820759,12500.177,0,0,0.000,0,0,0.000,17.337
decode,real,3281,13281538206002830254,0,0,0,0,0.000,91,820850,12500.177,0,0,0.000,0,0,0.000,17.475
decode,real,3282,13281538206002830254,0,0,0,0,0.000,91,820941,12500.177,0,0,0.000,0,0,0.000,17.543
decode,real,3283,13281538206002830254,0,0,0,0,0.000,91,821032,12500.177,0,0,0.000,0,0,0.000,17.833
decode,real,3284,13281538206002830254,0,0,0,0,0.000,90,811908,12226.338,0,0,0.000,0,0,0.000,17.131
decode,real,3285,13281538206002830254,0,0,0,0,0.000,90,811998,12226.338,0,0,0.000,0,0,0.000,17.436
decode,real,3286,13281538206002830254,0,0,0,0,0.000,90,812088,12226.338,0,0,0.000,0,0,0.000,17.412
decode,real,3287,13281538206002830254,0,0,0,0,0.000,90,812178,12226.338,0,0,0.000,0,0,0.000,17.754
decode,real,3288,13281538206002830254,0,0,0,0,0.000,89,803053,11954.400,0,0,0.000,0,0,0.000,16.960
decode,real,3289,13281538206002830254,0,0,0,0,0.000,89,803142,11954.400,0,0,0.000,0,0,0.000,17.310
decode,real,3290,13281538206002830254,0,0,0,0,0.000,89,803231,11954.400,0,0,0.000,0,0,0.000,17.314
decode,real,3291,13281538206002830254,0,0,0,0,0.000,89,803320,11954.400,0,0,0.000,0,0,0.000,17.081
decode,real,3292,13281538206002830254,0,0,0,0,0.000,89,803409,11954.400,0,0,0.000,0,0,0.000,17.608
decode,real,3293,13281538206002830254,0,0,0,0,0.000,88,794283,11688.644,0,0,0.000,0,0,0.000,16.788
decode,real,3294,13281538206002830254,0,0,0,0,0.000,88,794371,11688.644,0,0,0.000,0,0,0.000,17.052
decode,real,3295,13281538206002830254,0,0,0,0,0.000,88,794459,11688.644,0,0,0.000,0,0,0.000,17.013
decode,real,3296,13281538206002830254,0,0,0,0,0.000,88,794547,11688.644,0,0,0.000,0,0,0.000,17.408
decode,real,3297,13281538206002830254,0,0,0,0,0.000,87,785420,11424.840,0,0,0.000,0,0,0.000,16.616
decode,real,3298,13281538206002830254,0,0,0,0,0.000,87,785507,11424.840,0,0,0.000,0,0,0.000,16.921
decode,real,3299,13281538206002830254,0,0,0,0,0.000,87,785594,11424.840,0,0,0.000,0,0,0.000,16.938
decode,real,3300,13281538206002830254,0,0,0,0,0.000,87,785681,11424.840,0,0,0.000,0,0,0.000,17.251
decode,real,3301,13281538206002830254,0,0,0,0,0.000,86,776553,11162.960,0,0,0.000,0,0,0.000,16.492
decode,real,3302,13281538206002830254,0,0,0,0,0.000,86,776639,11162.960,0,0,0.000,0,0,0.000,16.735
decode,real,3303,13281538206002830254,0,0,0,0,0.000,86,776725,11162.960,0,0,0.000,0,0,0.000,16.773
decode,real,3304,13281538206002830254,0,0,0,0,0.000,86,776811,11162.960,0,0,0.000,0,0,0.000,17.099
decode,real,3305,13281538206002830254,0,0,0,0,0.000,85,767682,10902.977,0,0,0.000,0,0,0.000,16.422
decode,real,3306,13281538206002830254,0,0,0,0,0.000,85,767767,10902.977,0,0,0.000,0,0,0.000,16.658
decode,real,3307,13281538206002830254,0,0,0,0,0.000,85,767852,10902.977,0,0,0.000,0,0,0.000,16.687
decode,real,3308,13281538206002830254,0,0,0,0,0.000,85,767937,10902.977,0,0,0.000,0,0,0.000,16.705
decode,real,3309,13281538206002830254,0,0,0,0,0.000,85,768022,10902.977,0,0,0.000,0,0,0.000,17.023
decode,real,3310,13281538206002830254,0,0,0,0,0.000,84,758892,10649.173,0,0,0.000,0,0,0.000,16.406
decode,real,3311,13281538206002830254,0,0,0,0,0.000,84,758976,10649.173,0,0,0.000,0,0,0.000,16.641
decode,real,3312,13281538206002830254,0,0,0,0,0.000,84,759060,10649.173,0,0,0.000,0,0,0.000,16.663
decode,real,3313,13281538206002830254,0,0,0,0,0.000,84,759144,10649.173,0,0,0.000,0,0,0.000,16.991
decode,real,3314,13281538206002830254,0,0,0,0,0.000,83,750013,10397.319,0,0,0.000,0,0,0.000,16.343
decode,real,3315,13281538206002830254,0,0,0,0,0.000,83,750096,10397.319,0,0,0.000,0,0,0.000,16.693
decode,real,3316,13281538206002830254,0,0,0,0,0.000,83,750179,10397.319,0,0,0.000,0,0,0.000,16.635
decode,real,3317,13281538206002830254,0,0,0,0,0.000,83,750262,10397.319,0,0,0.000,0,0,0.000,17.017
decode,real,3318,13281538206002830254,0,0,0,0,0.000,82,741130,10147.385,0,0,0.000,0,0,0.000,16.341
decode,real,3319,13281538206002830254,0,0,0,0,0.000,82,741212,10147.385,0,0,0.000,0,0,0.000,16.604
decode,real,3320,13281538206002830254,0,0,0,0,0.000,82,741294,10147.385,0,0,0.000,0,0,0.000,16.646
decode,real,3321,13281538206002830254,0,0,0,0,0.000,82,741376,10147.385,0,0,0.000,0,0,0.000,16.959
decode,real,3322,13281538206002830254,0,0,0,0,0.000,81,732243,9899.344,0,0,0.000,0,0,0.000,16.389
decode,real,3323,13281538206002830254,0,0,0,0,0.000,81,732324,9899.344,0,0,0.000,0,0,0.000,16.585
decode,real,3324,13281538206002830254,0,0,0,0,0.000,81,732405,9899.344,0,0,0.000,0,0,0.000,16.646
decode,real,3325,13281538206002830254,0,0,0,0,0.000,81,732486,9899.344,0,0,0.000,0,0,0.000,16.635
decode,real,3326,13281538206002830254,0,0,0,0,0.000,81,732567,9899.344,0,0,0.000,0,0,0.000,16.974
decode,real,3327,13281538206002830254,0,0,0,0,0.000,80,723433,9657.480,0,0,0.000,0,0,0.000,16.377
decode,real,3328,13281538206002830254,0,0,0,0,0.000,80,723513,9657.480,0,0,0.000,0,0,0.000,16.583
decode,real,3329,13281538206002830254,0,0,0,0,0.000,80,723593,9657.480,0,0,0.000,0,0,0.000,16.639
decode,real,3330,13281538206002830254,0,0,0,0,0.000,80,723673,9657.480,0,0,0.000,0,0,0.000,16.968
decode,real,3331,13281538206002830254,0,0,0,0,0.000,79,714538,9417.561,0,0,0.000,0,0,0.000,16.267
decode,real,3332,13281538206002830254,0,0,0,0,0.000,79,714617,9417.561,0,0,0.000,0,0,0.000,16.616
decode,real,3333,13281538206002830254,0,0,0,0,0.000,79,714696,9417.561,0,0,0.000,0,0,0.000,16.566
decode,real,3334,13281538206002830254,0,0,0,0,0.000,79,714775,9417.561,0,0,0.000,0,0,0.000,16.932
decode,real,3335,13281538206002830254,0,0,0,0,0.000,78,705639,9179.560,0,0,0.000,0,0,0.000,16.350
decode,real,3336,13281538206002830254,0,0,0,0,0.000,78,705717,9179.560,0,0,0.000,0,0,0.000,16.565
decode,real,3337,13281538206002830254,0,0,0,0,0.000,78,705795,9179.560,0,0,0.000,0,0,0.000,16.630
decode,real,3338,13281538206002830254,0,0,0,0,0.000,78,705873,9179.560,0,0,0.000,0,0,0.000,16.855
decode,real,3339,13281538206002830254,0,0,0,0,0.000,77,696736,8943.444,0,0,0.000,0,0,0.000,16.343
decode,real,3340,13281538206002830254,0,0,0,0,0.000,77,696813,8943.444,0,0,0.000,0,0,0.000,16.563
decode,real,3341,13281538206002830254,0,0,0,0,0.000,77,696890,8943.444,0,0,0.000,0,0,0.000,16.573
decode,real,3342,13281538206002830254,0,0,0,0,0.000,77,696967,8943.444,0,0,0.000,0,0,0.000,16.605
decode,real,3343,13281538206002830254,0,0,0,0,0.000,77,697044,8943.444,0,0,0.000,0,0,0.000,16.864
decode,real,3344,13281538206002830254,0,0,0,0,0.000,76,687906,8713.502,0,0,0.000,0,0,0.000,16.276
decode,real,3345,13281538206002830254,0,0,0,0,0.000,76,687982,8713.502,0,0,0.000,0,0,0.000,16.500
decode,real,3346,13281538206002830254,0,0,0,0,0.000,76,688058,8713.502,0,0,0.000,0,0,0.000,16.566
decode,real,3347,13281538206002830254,0,0,0,0,0.000,76,688134,8713.502,0,0,0.000,0,0,0.000,16.832
decode,real,3348,13281538206002830254,0,0,0,0,0.000,75,678995,8485.502,0,0,0.000,0,0,0.000,16.279
decode,real,3349,13281538206002830254,0,0,0,0,0.000,75,679070,8485.502,0,0,0.000,0,0,0.000,16.497
decode,real,3350,13281538206002830254,0,0,0,0,0.000,75,679145,8485.502,0,0,0.000,0,0,0.000,16.559
decode,real,3351,13281538206002830254,0,0,0,0,0.000,75,679220,8485.502,0,0,0.000,0,0,0.000,16.880
decode,real,3352,13281538206002830254,0,0,0,0,0.000,74,670080,8259.414,0,0,0.000,0,0,0.000,16.216
decode,real,3353,13281538206002830254,0,0,0,0,0.000,74,670154,8259.414,0,0,0.000,0,0,0.000,16.524
decode,real,3354,13281538206002830254,0,0,0,0,0.000,74,670228,8259.414,0,0,0.000,0,0,0.000,16.529
decode,real,3355,13281538206002830254,0,0,0,0,0.000,74,670302,8259.414,0,0,0.000,0,0,0.000,16.513
decode,real,3356,13281538206002830254,0,0,0,0,0.000,74,670376,8259.414,0,0,0.000,0,0,0.000,16.868
decode,real,3357,13281538206002830254,0,0,0,0,0.000,73,661235,8039.520,0,0,0.000,0,0,0.000,16.257
decode,real,3358,13281538206002830254,0,0,0,0,0.000,73,661308,8039.520,0,0,0.000,0,0,0.000,16.464
decode,real,3359,13281538206002830254,0,0,0,0,0.000,73,661381,8039.520,0,0,0.000,0,0,0.000,16.483
decode,real,3360,13281538206002830254,0,0,0,0,0.000,73,661454,8039.520,0,0,0.000,0,0,0.000,16.849
decode,real,3361,13281538206002830254,0,0,0,0,0.000,72,652312,7821.599,0,0,0.000,0,0,0.000,16.106
decode,real,3362,13281538206002830254,0,0,0,0,0.000,72,652384,7821.599,0,0,0.000,0,0,0.000,16.380
decode,real,3363,13281538206002830254,0,0,0,0,0.000,72,652456,7821.599,0,0,0.000,0,0,0.000,16.433
decode,real,3364,13281538206002830254,0,0,0,0,0.000,72,652528,7821.599,0,0,0.000,0,0,0.000,16.691
decode,real,3365,13281538206002830254,0,0,0,0,0.000,71,643385,7605.619,0,0,0.000,0,0,0.000,16.102
decode,real,3366,13281538206002830254,0,0,0,0,0.000,71,643456,7605.619,0,0,0.000,0,0,0.000,16.396
decode,real,3367,13281538206002830254,0,0,0,0,0.000,71,643527,7605.619,0,0,0.000,0,0,0.000,16.395
decode,real,3368,13281538206002830254,0,0,0,0,0.000,71,643598,7605.619,0,0,0.000,0,0,0.000,16.687
decode,real,3369,13281538206002830254,0,0,0,0,0.000,70,634454,7391.548,0,0,0.000,0,0,0.000,16.097
decode,real,3370,13281538206002830254,0,0,0,0,0.000,70,634524,7391.548,0,0,0.000,0,0,0.000,16.361
decode,real,3371,13281538206002830254,0,0,0,0,0.000,70,634594,7391.548,0,0,0.000,0,0,0.000,16.392
decode,real,3372,13281538206002830254,0,0,0,0,0.000,70,634664,7391.548,0,0,0.000,0,0,0.000,16.356
decode,real,3373,13281538206002830254,0,0,0,0,0.000,70,634734,7391.548,0,0,0.000,0,0,0.000,16.767
decode,real,3374,13281538206002830254,0,0,0,0,0.000,69,625589,7183.670,0,0,0.000,0,0,0.000,16.086
decode,real,3375,13281538206002830254,0,0,0,0,0.000,69,625658,7183.670,0,0,0.000,0,0,0.000,16.329
decode,real,3376,13281538206002830254,0,0,0,0,0.000,69,625727,7183.670,0,0,0.000,0,0,0.000,16.402
decode,real,3377,13281538206002830254,0,0,0,0,0.000,69,625796,7183.670,0,0,0.000,0,0,0.000,16.648
decode,real,3378,13281538206002830254,0,0,0,0,0.000,68,616650,6977.766,0,0,0.000,0,0,0.000,16.044
decode,real,3379,13281538206002830254,0,0,0,0,0.000,68,616718,6977.766,0,0,0.000,0,0,0.000,16.358
decode,real,3380,13281538206002830254,0,0,0,0,0.000,68,616786,6977.766,0,0,0.000,0,0,0.000,16.371
decode,real,3381,13281538206002830254,0,0,0,0,0.000,68,616854,6977.766,0,0,0.000,0,0,0.000,16.682
decode,real,3382,13281538206002830254,0,0,0,0,0.000,67,607707,6773.801,0,0,0.000,0,0,0.000,16.045
decode,real,3383,13281538206002830254,0,0,0,0,0.000,67,607774,6773.801,0,0,0.000,0,0,0.000,16.279
decode,real,3384,13281538206002830254,0,0,0,0,0.000,67,607841,6773.801,0,0,0.000,0,0,0.000,16.337
decode,real,3385,13281538206002830254,0,0,0,0,0.000,67,607908,6773.801,0,0,0.000,0,0,0.000,16.599
decode,real,3386,13281538206002830254,0,0,0,0,0.000,66,598760,6571.743,0,0,0.000,0,0,0.000,13.849
decode,real,3387,13281538206002830254,0,0,0,0,0.000,66,598826,6571.743,0,0,0.000,0,0,0.000,14.113
decode,real,3388,13281538206002830254,0,0,0,0,0.000,66,598892,6571.743,0,0,0.000,0,0,0.000,14.051
decode,real,3389,13281538206002830254,0,0,0,0,0.000,66,598958,6571.743,0,0,0.000,0,0,0.000,14.108
decode,real,3390,13281538206002830254,0,0,0,0,0.000,66,599024,6571.743,0,0,0.000,0,0,0.000,14.336
decode,real,3391,13281538206002830254,0,0,0,0,0.000,65,589875,6375.877,0,0,0.000,0,0,0.000,13.768
decode,real,3392,13281538206002830254,0,0,0,0,0.000,65,589940,6375.877,0,0,0.000,0,0,0.000,13.996
decode,real,3393,13281538206002830254,0,0,0,0,0.000,65,590005,6375.877,0,0,0.000,0,0,0.000,13.997
decode,real,3394,13281538206002830254,0,0,0,0,0.000,65,590070,6375.877,0,0,0.000,0,0,0.000,14.217
decode,real,3395,13281538206002830254,0,0,0,0,0.000,64,580920,6181.984,0,0,0.000,0,0,0.000,13.478
decode,real,3396,13281538206002830254,0,0,0,0,0.000,64,580984,6181.984,0,0,0.000,0,0,0.000,13.696
decode,real,3397,13281538206002830254,0,0,0,0,0.000,64,581048,6181.984,0,0,0.000,0,0,0.000,13.662
decode,real,3398,13281538206002830254,0,0,0,0,0.000,64,581112,6181.984,0,0,0.000,0,0,0.000,13.879
decode,real,3399,13281538206002830254,0,0,0,0,0.000,63,571961,5990.031,0,0,0.000,0,0,0.000,13.437
decode,real,3400,13281538206002830254,0,0,0,0,0.000,63,572024,5990.031,0,0,0.000,0,0,0.000,13.571
decode,real,3401,13281538206002830254,0,0,0,0,0.000,63,572087,5990.031,0,0,0.000,0,0,0.000,13.614
decode,real,3402,13281538206002830254,0,0,0,0,0.000,63,572150,5990.031,0,0,0.000,0,0,0.000,13.856
decode,real,3403,13281538206002830254,0,0,0,0,0.000,62,562998,5799.979,0,0,0.000,0,0,0.000,13.332
decode,real,3404,13281538206002830254,0,0,0,0,0.000,62,563060,5799.979,0,0,0.000,0,0,0.000,13.551
decode,real,3405,13281538206002830254,0,0,0,0,0.000,62,563122,5799.979,0,0,0.000,0,0,0.000,13.564
decode,real,3406,13281538206002830254,0,0,0,0,0.000,62,563184,5799.979,0,0,0.000,0,0,0.000,13.557
decode,real,3407,13281538206002830254,0,0,0,0,0.000,62,563246,5799.979,0,0,0.000,0,0,0.000,13.768
decode,real,3408,13281538206002830254,0,0,0,0,0.000,61,554093,5616.119,0,0,0.000,0,0,0.000,13.323
decode,real,3409,13281538206002830254,0,0,0,0,0.000,61,554154,5616.119,0,0,0.000,0,0,0.000,13.469
decode,real,3410,13281538206002830254,0,0,0,0,0.000,61,554215,5616.119,0,0,0.000,0,0,0.000,13.502
decode,real,3411,13281538206002830254,0,0,0,0,0.000,61,554276,5616.119,0,0,0.000,0,0,0.000,13.690
decode,real,3412,13281538206002830254,0,0,0,0,0.000,60,545122,5434.232,0,0,0.000,0,0,0.000,13.288
decode,real,3413,13281538206002830254,0,0,0,0,0.000,60,545182,5434.232,0,0,0.000,0,0,0.000,13.438
decode,real,3414,13281538206002830254,0,0,0,0,0.000,60,545242,5434.232,0,0,0.000,0,0,0.000,13.466
decode,real,3415,13281538206002830254,0,0,0,0,0.000,60,545302,5434.232,0,0,0.000,0,0,0.000,13.633
decode,real,3416,13281538206002830254,0,0,0,0,0.000,59,536147,5254.283,0,0,0.000,0,0,0.000,13.175
decode,real,3417,13281538206002830254,0,0,0,0,0.000,59,536206,5254.283,0,0,0.000,0,0,0.000,13.387
decode,real,3418,13281538206002830254,0,0,0,0,0.000,59,536265,5254.283,0,0,0.000,0,0,0.000,13.370
decode,real,3419,13281538206002830254,0,0,0,0,0.000,59,536324,5254.283,0,0,0.000,0,0,0.000,13.577
decode,real,3420,13281538206002830254,0,0,0,0,0.000,58,527168,5076.231,0,0,0.000,0,0,0.000,13.355
decode,real,3421,13281538206002830254,0,0,0,0,0.000,58,527226,5076.231,0,0,0.000,0,0,0.000,13.500
decode,real,3422,13281538206002830254,0,0,0,0,0.000,58,527284,5076.231,0,0,0.000,0,0,0.000,13.532
decode,real,3423,13281538206002830254,0,0,0,0,0.000,58,527342,5076.231,0,0,0.000,0,0,0.000,13.551
decode,real,3424,13281538206002830254,0,0,0,0,0.000,58,527400,5076.231,0,0,0.000,0,0,0.000,13.727
decode,real,3425,13281538206002830254,0,0,0,0,0.000,57,518243,4904.368,0,0,0.000,0,0,0.000,13.254
decode,real,3426,13281538206002830254,0,0,0,0,0.000,57,518300,4904.368,0,0,0.000,0,0,0.000,13.426
decode,real,3427,13281538206002830254,0,0,0,0,0.000,57,518357,4904.368,0,0,0.000,0,0,0.000,13.454
decode,real,3428,13281538206002830254,0,0,0,0,0.000,57,518414,4904.368,0,0,0.000,0,0,0.000,13.688
decode,real,3429,13281538206002830254,0,0,0,0,0.000,56,509256,4734.480,0,0,0.000,0,0,0.000,13.282
decode,real,3430,13281538206002830254,0,0,0,0,0.000,56,509312,4734.480,0,0,0.000,0,0,0.000,13.435
decode,real,3431,13281538206002830254,0,0,0,0,0.000,56,509368,4734.480,0,0,0.000,0,0,0.000,13.436
decode,real,3432,13281538206002830254,0,0,0,0,0.000,56,509424,4734.480,0,0,0.000,0,0,0.000,13.675
decode,real,3433,13281538206002830254,0,0,0,0,0.000,55,500265,4566.526,0,0,0.000,0,0,0.000,13.230
decode,real,3434,13281538206002830254,0,0,0,0,0.000,55,500320,4566.526,0,0,0.000,0,0,0.000,13.444
decode,real,3435,13281538206002830254,0,0,0,0,0.000,55,500375,4566.526,0,0,0.000,0,0,0.000,13.395
decode,real,3436,13281538206002830254,0,0,0,0,0.000,55,500430,4566.526,0,0,0.000,0,0,0.000,13.677
decode,real,3437,13281538206002830254,0,0,0,0,0.000,54,491270,4400.464,0,0,0.000,0,0,0.000,13.237
decode,real,3438,13281538206002830254,0,0,0,0,0.000,54,491324,4400.464,0,0,0.000,0,0,0.000,13.398
decode,real,3439,13281538206002830254,0,0,0,0,0.000,54,491378,4400.464,0,0,0.000,0,0,0.000,13.445
decode,real,3440,13281538206002830254,0,0,0,0,0.000,54,491432,4400.464,0,0,0.000,0,0,0.000,13.383
decode,real,3441,13281538206002830254,0,0,0,0,0.000,54,491486,4400.464,0,0,0.000,0,0,0.000,13.667
decode,real,3442,13281538206002830254,0,0,0,0,0.000,53,482325,4240.589,0,0,0.000,0,0,0.000,13.171
decode,real,3443,13281538206002830254,0,0,0,0,0.000,53,482378,4240.589,0,0,0.000,0,0,0.000,13.407
decode,real,3444,13281538206002830254,0,0,0,0,0.000,53,482431,4240.589,0,0,0.000,0,0,0.000,13.404
decode,real,3445,13281538206002830254,0,0,0,0,0.000,53,482484,4240.589,0,0,0.000,0,0,0.000,13.593
decode,real,3446,13281538206002830254,0,0,0,0,0.000,52,473322,4082.688,0,0,0.000,0,0,0.000,13.269
decode,real,3447,13281538206002830254,0,0,0,0,0.000,52,473374,4082.688,0,0,0.000,0,0,0.000,13.341
decode,real,3448,13281538206002830254,0,0,0,0,0.000,52,473426,4082.688,0,0,0.000,0,0,0.000,13.499
decode,real,3449,13281538206002830254,0,0,0,0,0.000,52,473478,4082.688,0,0,0.000,0,0,0.000,13.528
decode,real,3450,13281538206002830254,0,0,0,0,0.000,51,464315,3926.718,0,0,0.000,0,0,0.000,13.162
decode,real,3451,13281538206002830254,0,0,0,0,0.000,51,464366,3926.718,0,0,0.000,0,0,0.000,13.366
decode,real,3452,13281538206002830254,0,0,0,0,0.000,51,464417,3926.718,0,0,0.000,0,0,0.000,13.359
decode,real,3453,13281538206002830254,0,0,0,0,0.000,51,464468,3926.718,0,0,0.000,0,0,0.000,13.681
decode,real,3454,13281538206002830254,0,0,0,0,0.000,50,455304,3772.634,0,0,0.000,0,0,0.000,13.086
decode,real,3455,13281538206002830254,0,0,0,0,0.000,50,455354,3772.634,0,0,0.000,0,0,0.000,13.346
decode,real,3456,13281538206002830254,0,0,0,0,0.000,50,455404,3772.634,0,0,0.000,0,0,0.000,13.383
decode,real,3457,13281538206002830254,0,0,0,0,0.000,50,455454,3772.634,0,0,0.000,0,0,0.000,13.337
decode,real,3458,13281538206002830254,0,0,0,0,0.000,50,455504,3772.634,0,0,0.000,0,0,0.000,13.613
decode,real,3459,13281538206002830254,0,0,0,0,0.000,49,446339,3624.733,0,0,0.000,0,0,0.000,13.145
decode,real,3460,13281538206002830254,0,0,0,0,0.000,49,446388,3624.733,0,0,0.000,0,0,0.000,13.346
decode,real,3461,13281538206002830254,0,0,0,0,0.000,49,446437,3624.733,0,0,0.000,0,0,0.000,13.328
decode,real,3462,13281538206002830254,0,0,0,0,0.000,49,446486,3624.733,0,0,0.000,0,0,0.000,13.584
decode,real,3463,13281538206002830254,0,0,0,0,0.000,48,437320,3478.806,0,0,0.000,0,0,0.000,13.824
decode,real,3464,13281538206002830254,0,0,0,0,0.000,48,437368,3478.806,0,0,0.000,0,0,0.000,13.995
decode,real,3465,13281538206002830254,0,0,0,0,0.000,48,437416,3478.806,0,0,0.000,0,0,0.000,14.026
decode,real,3466,13281538206002830254,0,0,0,0,0.000,48,437464,3478.806,0,0,0.000,0,0,0.000,14.281
decode,real,3467,13281538206002830254,0,0,0,0,0.000,47,428297,3334.805,0,0,0.000,0,0,0.000,13.808
decode,real,3468,13281538206002830254,0,0,0,0,0.000,47,428344,3334.805,0,0,0.000,0,0,0.000,13.983
decode,real,3469,13281538206002830254,0,0,0,0,0.000,47,428391,3334.805,0,0,0.000,0,0,0.000,14.006
decode,real,3470,13281538206002830254,0,0,0,0,0.000,47,428438,3334.805,0,0,0.000,0,0,0.000,14.262
decode,real,3471,13281538206002830254,0,0,0,0,0.000,46,419270,3192.681,0,0,0.000,0,0,0.000,13.805
decode,real,3472,13281538206002830254,0,0,0,0,0.000,46,419316,3192.681,0,0,0.000,0,0,0.000,13.999
decode,real,3473,13281538206002830254,0,0,0,0,0.000,46,419362,3192.681,0,0,0.000,0,0,0.000,14.009
decode,real,3474,13281538206002830254,0,0,0,0,0.000,46,419408,3192.681,0,0,0.000,0,0,0.000,14.014
decode,real,3475,13281538206002830254,0,0,0,0,0.000,46,419454,3192.681,0,0,0.000,0,0,0.000,14.214
decode,real,3476,13281538206002830254,0,0,0,0,0.000,45,410285,3056.736,0,0,0.000,0,0,0.000,13.822
decode,real,3477,13281538206002830254,0,0,0,0,0.000,45,410330,3056.736,0,0,0.000,0,0,0.000,13.977
decode,real,3478,13281538206002830254,0,0,0,0,0.000,45,410375,3056.736,0,0,0.000,0,0,0.000,14.026
decode,real,3479,13281538206002830254,0,0,0,0,0.000,45,410420,3056.736,0,0,0.000,0,0,0.000,14.189
decode,real,3480,13281538206002830254,0,0,0,0,0.000,44,401250,2922.762,0,0,0.000,0,0,0.000,12.262
decode,real,3481,13281538206002830254,0,0,0,0,0.000,44,401294,2922.762,0,0,0.000,0,0,0.000,12.449
decode,real,3482,13281538206002830254,0,0,0,0,0.000,44,401338,2922.762,0,0,0.000,0,0,0.000,12.433
decode,real,3483,13281538206002830254,0,0,0,0,0.000,44,401382,2922.762,0,0,0.000,0,0,0.000,12.654
decode,real,3484,13281538206002830254,0,0,0,0,0.000,43,392211,2790.710,0,0,0.000,0,0,0.000,12.168
decode,real,3485,13281538206002830254,0,0,0,0,0.000,43,392254,2790.710,0,0,0.000,0,0,0.000,12.344
decode,real,3486,13281538206002830254,0,0,0,0,0.000,43,392297,2790.710,0,0,0.000,0,0,0.000,12.342
decode,real,3487,13281538206002830254,0,0,0,0,0.000,43,392340,2790.710,0,0,0.000,0,0,0.000,12.565
decode,real,3488,13281538206002830254,0,0,0,0,0.000,42,383168,2660.522,0,0,0.000,0,0,0.000,12.123
decode,real,3489,13281538206002830254,0,0,0,0,0.000,42,383210,2660.522,0,0,0.000,0,0,0.000,12.251
decode,real,3490,13281538206002830254,0,0,0,0,0.000,42,383252,2660.522,0,0,0.000,0,0,0.000,12.256
decode,real,3491,13281538206002830254,0,0,0,0,0.000,42,383294,2660.522,0,0,0.000,0,0,0.000,12.277
decode,real,3492,13281538206002830254,0,0,0,0,0.000,42,383336,2660.522,0,0,0.000,0,0,0.000,12.504
decode,real,3493,13281538206002830254,0,0,0,0,0.000,41,374163,2536.507,0,0,0.000,0,0,0.000,11.991
decode,real,3494,13281538206002830254,0,0,0,0,0.000,41,374204,2536.507,0,0,0.000,0,0,0.000,12.210
decode,real,3495,13281538206002830254,0,0,0,0,0.000,41,374245,2536.507,0,0,0.000,0,0,0.000,12.272
decode,real,3496,13281538206002830254,0,0,0,0,0.000,41,374286,2536.507,0,0,0.000,0,0,0.000,12.525
decode,real,3497,13281538206002830254,0,0,0,0,0.000,40,365112,2414.460,0,0,0.000,0,0,0.000,11.523
decode,real,3498,13281538206002830254,0,0,0,0,0.000,40,365152,2414.460,0,0,0.000,0,0,0.000,11.712
decode,real,3499,13281538206002830254,0,0,0,0,0.000,40,365192,2414.460,0,0,0.000,0,0,0.000,11.821
decode,real,3500,13281538206002830254,0,0,0,0,0.000,40,365232,2414.460,0,0,0.000,0,0,0.000,12.074
decode,real,3501,13281538206002830254,0,0,0,0,0.000,39,356057,2294.325,0,0,0.000,0,0,0.000,11.488
decode,real,3502,13281538206002830254,0,0,0,0,0.000,39,356096,2294.325,0,0,0.000,0,0,0.000,11.779
decode,real,3503,13281538206002830254,0,0,0,0,0.000,39,356135,2294.325,0,0,0.000,0,0,0.000,11.759
decode,real,3504,13281538206002830254,0,0,0,0,0.000,39,356174,2294.325,0,0,0.000,0,0,0.000,12.033
decode,real,3505,13281538206002830254,0,0,0,0,0.000,38,346998,2176.039,0,0,0.000,0,0,0.000,12.080
decode,real,3506,13281538206002830254,0,0,0,0,0.000,38,347036,2176.039,0,0,0.000,0,0,0.000,12.318
decode,real,3507,13281538206002830254,0,0,0,0,0.000,38,347074,2176.039,0,0,0.000,0,0,0.000,12.300
decode,real,3508,13281538206002830254,0,0,0,0,0.000,38,347112,2176.039,0,0,0.000,0,0,0.000,12.328
decode,real,3509,13281538206002830254,0,0,0,0,0.000,38,347150,2176.039,0,0,0.000,0,0,0.000,12.547
decode,real,3510,13281538206002830254,0,0,0,0,0.000,37,337973,2063.917,0,0,0.000,0,0,0.000,12.082
decode,real,3511,13281538206002830254,0,0,0,0,0.000,37,338010,2063.917,0,0,0.000,0,0,0.000,12.283
decode,real,3512,13281538206002830254,0,0,0,0,0.000,37,338047,2063.917,0,0,0.000,0,0,0.000,12.313
decode,real,3513,13281538206002830254,0,0,0,0,0.000,37,338084,2063.917,0,0,0.000,0,0,0.000,12.521
decode,real,3514,13281538206002830254,0,0,0,0,0.000,36,328906,1953.756,0,0,0.000,0,0,0.000,12.098
decode,real,3515,13281538206002830254,0,0,0,0,0.000,36,328942,1953.756,0,0,0.000,0,0,0.000,12.247
decode,real,3516,13281538206002830254,0,0,0,0,0.000,36,328978,1953.756,0,0,0.000,0,0,0.000,12.284
decode,real,3517,13281538206002830254,0,0,0,0,0.000,36,329014,1953.756,0,0,0.000,0,0,0.000,12.466
decode,real,3518,13281538206002830254,0,0,0,0,0.000,35,319835,1845.494,0,0,0.000,0,0,0.000,12.084
decode,real,3519,13281538206002830254,0,0,0,0,0.000,35,319870,1845.494,0,0,0.000,0,0,0.000,12.258
decode,real,3520,13281538206002830254,0,0,0,0,0.000,35,319905,1845.494,0,0,0.000,0,0,0.000,12.265
decode,real,3521,13281538206002830254,0,0,0,0,0.000,35,319940,1845.494,0,0,0.000,0,0,0.000,12.503
decode,real,3522,13281538206002830254,0,0,0,0,0.000,34,310760,1739.059,0,0,0.000,0,0,0.000,12.063
decode,real,3523,13281538206002830254,0,0,0,0,0.000,34,310794,1739.059,0,0,0.000,0,0,0.000,12.225
decode,real,3524,13281538206002830254,0,0,0,0,0.000,34,310828,1739.059,0,0,0.000,0,0,0.000,12.272
decode,real,3525,13281538206002830254,0,0,0,0,0.000,34,310862,1739.059,0,0,0.000,0,0,0.000,12.248
decode,real,3526,13281538206002830254,0,0,0,0,0.000,34,310896,1739.059,0,0,0.000,0,0,0.000,12.651
decode,real,3527,13281538206002830254,0,0,0,0,0.000,33,301715,1638.773,0,0,0.000,0,0,0.000,10.702
decode,real,3528,13281538206002830254,0,0,0,0,0.000,33,301748,1638.773,0,0,0.000,0,0,0.000,11.015
decode,real,3529,13281538206002830254,0,0,0,0,0.000,33,301781,1638.773,0,0,0.000,0,0,0.000,11.068
decode,real,3530,13281538206002830254,0,0,0,0,0.000,33,301814,1638.773,0,0,0.000,0,0,0.000,11.297
decode,real,3531,13281538206002830254,0,0,0,0,0.000,32,292632,1540.437,0,0,0.000,0,0,0.000,10.399
decode,real,3532,13281538206002830254,0,0,0,0,0.000,32,292664,1540.437,0,0,0.000,0,0,0.000,10.580
decode,real,3533,13281538206002830254,0,0,0,0,0.000,32,292696,1540.437,0,0,0.000,0,0,0.000,10.619
decode,real,3534,13281538206002830254,0,0,0,0,0.000,32,292728,1540.437,0,0,0.000,0,0,0.000,10.780
decode,real,3535,13281538206002830254,0,0,0,0,0.000,31,283545,1443.979,0,0,0.000,0,0,0.000,10.388
decode,real,3536,13281538206002830254,0,0,0,0,0.000,31,283576,1443.979,0,0,0.000,0,0,0.000,10.516
decode,real,3537,13281538206002830254,0,0,0,0,0.000,31,283607,1443.979,0,0,0.000,0,0,0.000,10.557
decode,real,3538,13281538206002830254,0,0,0,0,0.000,31,283638,1443.979,0,0,0.000,0,0,0.000,10.552
decode,real,3539,13281538206002830254,0,0,0,0,0.000,31,283669,1443.979,0,0,0.000,0,0,0.000,10.779
decode,real,3540,13281538206002830254,0,0,0,0,0.000,30,274485,1353.717,0,0,0.000,0,0,0.000,10.275
decode,real,3541,13281538206002830254,0,0,0,0,0.000,30,274515,1353.717,0,0,0.000,0,0,0.000,10.456
decode,real,3542,13281538206002830254,0,0,0,0,0.000,30,274545,1353.717,0,0,0.000,0,0,0.000,10.491
decode,real,3543,13281538206002830254,0,0,0,0,0.000,30,274575,1353.717,0,0,0.000,0,0,0.000,10.704
decode,real,3544,13281538206002830254,0,0,0,0,0.000,29,265390,1265.477,0,0,0.000,0,0,0.000,10.234
decode,real,3545,13281538206002830254,0,0,0,0,0.000,29,265419,1265.477,0,0,0.000,0,0,0.000,10.404
decode,real,3546,13281538206002830254,0,0,0,0,0.000,29,265448,1265.477,0,0,0.000,0,0,0.000,10.428
decode,real,3547,13281538206002830254,0,0,0,0,0.000,29,265477,1265.477,0,0,0.000,0,0,0.000,10.622
decode,real,3548,13281538206002830254,0,0,0,0,0.000,28,256291,1179.187,0,0,0.000,0,0,0.000,10.828
decode,real,3549,13281538206002830254,0,0,0,0,0.000,28,256319,1179.187,0,0,0.000,0,0,0.000,11.012
decode,real,3550,13281538206002830254,0,0,0,0,0.000,28,256347,1179.187,0,0,0.000,0,0,0.000,11.040
decode,real,3551,13281538206002830254,0,0,0,0,0.000,28,256375,1179.187,0,0,0.000,0,0,0.000,11.219
decode,real,3552,13281538206002830254,0,0,0,0,0.000,27,247188,1094.765,0,0,0.000,0,0,0.000,10.839
decode,real,3553,13281538206002830254,0,0,0,0,0.000,27,247215,1094.765,0,0,0.000,0,0,0.000,11.018
decode,real,3554,13281538206002830254,0,0,0,0,0.000,27,247242,1094.765,0,0,0.000,0,0,0.000,10.996
decode,real,3555,13281538206002830254,0,0,0,0,0.000,27,247269,1094.765,0,0,0.000,0,0,0.000,11.002
decode,real,3556,13281538206002830254,0,0,0,0,0.000,27,247296,1094.765,0,0,0.000,0,0,0.000,11.211
decode,real,3557,13281538206002830254,0,0,0,0,0.000,26,238108,1016.538,0,0,0.000,0,0,0.000,9.864
decode,real,3558,13281538206002830254,0,0,0,0,0.000,26,238134,1016.538,0,0,0.000,0,0,0.000,10.029
decode,real,3559,13281538206002830254,0,0,0,0,0.000,26,238160,1016.538,0,0,0.000,0,0,0.000,10.028
decode,real,3560,13281538206002830254,0,0,0,0,0.000,26,238186,1016.538,0,0,0.000,0,0,0.000,10.268
decode,real,3561,13281538206002830254,0,0,0,0,0.000,25,228997,940.346,0,0,0.000,0,0,0.000,9.772
decode,real,3562,13281538206002830254,0,0,0,0,0.000,25,229022,940.346,0,0,0.000,0,0,0.000,9.931
decode,real,3563,13281538206002830254,0,0,0,0,0.000,25,229047,940.346,0,0,0.000,0,0,0.000,9.956
decode,real,3564,13281538206002830254,0,0,0,0,0.000,25,229072,940.346,0,0,0.000,0,0,0.000,10.173
decode,real,3565,13281538206002830254,0,0,0,0,0.000,24,219882,866.104,0,0,0.000,0,0,0.000,9.300
decode,real,3566,13281538206002830254,0,0,0,0,0.000,24,219906,866.104,0,0,0.000,0,0,0.000,9.473
decode,real,3567,13281538206002830254,0,0,0,0,0.000,24,219930,866.104,0,0,0.000,0,0,0.000,9.480
decode,real,3568,13281538206002830254,0,0,0,0,0.000,24,219954,866.104,0,0,0.000,0,0,0.000,9.694
decode,real,3569,13281538206002830254,0,0,0,0,0.000,23,210763,793.716,0,0,0.000,0,0,0.000,9.950
decode,real,3570,13281538206002830254,0,0,0,0,0.000,23,210786,793.716,0,0,0.000,0,0,0.000,10.119
decode,real,3571,13281538206002830254,0,0,0,0,0.000,23,210809,793.716,0,0,0.000,0,0,0.000,10.177
decode,real,3572,13281538206002830254,0,0,0,0,0.000,23,210832,793.716,0,0,0.000,0,0,0.000,10.129
decode,real,3573,13281538206002830254,0,0,0,0,0.000,23,210855,793.716,0,0,0.000,0,0,0.000,10.388
decode,real,3574,13281538206002830254,0,0,0,0,0.000,22,201663,727.523,0,0,0.000,0,0,0.000,9.066
decode,real,3575,13281538206002830254,0,0,0,0,0.000,22,201685,727.523,0,0,0.000,0,0,0.000,9.252
decode,real,3576,13281538206002830254,0,0,0,0,0.000,22,201707,727.523,0,0,0.000,0,0,0.000,9.231
decode,real,3577,13281538206002830254,0,0,0,0,0.000,22,201729,727.523,0,0,0.000,0,0,0.000,9.491
decode,real,3578,13281538206002830254,0,0,0,0,0.000,21,192536,663.379,0,0,0.000,0,0,0.000,8.982
decode,real,3579,13281538206002830254,0,0,0,0,0.000,21,192557,663.379,0,0,0.000,0,0,0.000,9.135
decode,real,3580,13281538206002830254,0,0,0,0,0.000,21,192578,663.379,0,0,0.000,0,0,0.000,9.187
decode,real,3581,13281538206002830254,0,0,0,0,0.000,21,192599,663.379,0,0,0.000,0,0,0.000,9.327
decode,real,3582,13281538206002830254,0,0,0,0,0.000,20,183405,601.188,0,0,0.000,0,0,0.000,8.913
decode,real,3583,13281538206002830254,0,0,0,0,0.000,20,183425,601.188,0,0,0.000,0,0,0.000,9.067
decode,real,3584,13281538206002830254,0,0,0,0,0.000,20,183445,601.188,0,0,0.000,0,0,0.000,9.078
decode,real,3585,13281538206002830254,0,0,0,0,0.000,20,183465,601.188,0,0,0.000,0,0,0.000,9.295
decode,real,3586,13281538206002830254,0,0,0,0,0.000,19,174270,540.831,0,0,0.000,0,0,0.000,8.796
decode,real,3587,13281538206002830254,0,0,0,0,0.000,19,174289,540.831,0,0,0.000,0,0,0.000,8.970
decode,real,3588,13281538206002830254,0,0,0,0,0.000,19,174308,540.831,0,0,0.000,0,0,0.000,8.981
decode,real,3589,13281538206002830254,0,0,0,0,0.000,19,174327,540.831,0,0,0.000,0,0,0.000,8.977
decode,real,3590,13281538206002830254,0,0,0,0,0.000,19,174346,540.831,0,0,0.000,0,0,0.000,9.163
decode,real,3591,13281538206002830254,0,0,0,0,0.000,18,165150,486.667,0,0,0.000,0,0,0.000,8.677
decode,real,3592,13281538206002830254,0,0,0,0,0.000,18,165168,486.667,0,0,0.000,0,0,0.000,8.817
decode,real,3593,13281538206002830254,0,0,0,0,0.000,18,165186,486.667,0,0,0.000,0,0,0.000,8.830
decode,real,3594,13281538206002830254,0,0,0,0,0.000,18,165204,486.667,0,0,0.000,0,0,0.000,9.057
decode,real,3595,13281538206002830254,0,0,0,0,0.000,17,156007,434.574,0,0,0.000,0,0,0.000,8.508
decode,real,3596,13281538206002830254,0,0,0,0,0.000,17,156024,434.574,0,0,0.000,0,0,0.000,8.726
decode,real,3597,13281538206002830254,0,0,0,0,0.000,17,156041,434.574,0,0,0.000,0,0,0.000,8.709
decode,real,3598,13281538206002830254,0,0,0,0,0.000,17,156058,434.574,0,0,0.000,0,0,0.000,8.976
decode,real,3599,13281538206002830254,0,0,0,0,0.000,16,146860,384.437,0,0,0.000,0,0,0.000,8.056
decode,real,3600,13281538206002830254,0,0,0,0,0.000,16,146876,384.437,0,0,0.000,0,0,0.000,8.244
decode,real,3601,13281538206002830254,0,0,0,0,0.000,16,146892,384.437,0,0,0.000,0,0,0.000,8.262
decode,real,3602,13281538206002830254,0,0,0,0,0.000,16,146908,384.437,0,0,0.000,0,0,0.000,8.480
decode,real,3603,13281538206002830254,0,0,0,0,0.000,15,137709,336.107,0,0,0.000,0,0,0.000,7.988
decode,real,3604,13281538206002830254,0,0,0,0,0.000,15,137724,336.107,0,0,0.000,0,0,0.000,8.159
decode,real,3605,13281538206002830254,0,0,0,0,0.000,15,137739,336.107,0,0,0.000,0,0,0.000,8.165
decode,real,3606,13281538206002830254,0,0,0,0,0.000,15,137754,336.107,0,0,0.000,0,0,0.000,8.175
decode,real,3607,13281538206002830254,0,0,0,0,0.000,15,137769,336.107,0,0,0.000,0,0,0.000,8.393
decode,real,3608,13281538206002830254,0,0,0,0,0.000,14,128569,293.964,0,0,0.000,0,0,0.000,7.879
decode,real,3609,13281538206002830254,0,0,0,0,0.000,14,128583,293.964,0,0,0.000,0,0,0.000,8.071
decode,real,3610,13281538206002830254,0,0,0,0,0.000,14,128597,293.964,0,0,0.000,0,0,0.000,8.094
decode,real,3611,13281538206002830254,0,0,0,0,0.000,14,128611,293.964,0,0,0.000,0,0,0.000,8.303
decode,real,3612,13281538206002830254,0,0,0,0,0.000,13,119410,253.929,0,0,0.000,0,0,0.000,7.754
decode,real,3613,13281538206002830254,0,0,0,0,0.000,13,119423,253.929,0,0,0.000,0,0,0.000,7.946
decode,real,3614,13281538206002830254,0,0,0,0,0.000,13,119436,253.929,0,0,0.000,0,0,0.000,7.962
decode,real,3615,13281538206002830254,0,0,0,0,0.000,13,119449,253.929,0,0,0.000,0,0,0.000,8.192
decode,real,3616,13281538206002830254,0,0,0,0,0.000,12,110247,215.854,0,0,0.000,0,0,0.000,7.657
decode,real,3617,13281538206002830254,0,0,0,0,0.000,12,110259,215.854,0,0,0.000,0,0,0.000,7.855
decode,real,3618,13281538206002830254,0,0,0,0,0.000,12,110271,215.854,0,0,0.000,0,0,0.000,7.878
decode,real,3619,13281538206002830254,0,0,0,0,0.000,12,110283,215.854,0,0,0.000,0,0,0.000,8.024
decode,real,3620,13281538206002830254,0,0,0,0,0.000,11,101080,179.537,0,0,0.000,0,0,0.000,7.625
decode,real,3621,13281538206002830254,0,0,0,0,0.000,11,101091,179.537,0,0,0.000,0,0,0.000,7.747
decode,real,3622,13281538206002830254,0,0,0,0,0.000,11,101102,179.537,0,0,0.000,0,0,0.000,7.786
decode,real,3623,13281538206002830254,0,0,0,0,0.000,11,101113,179.537,0,0,0.000,0,0,0.000,7.771
decode,real,3624,13281538206002830254,0,0,0,0,0.000,11,101124,179.537,0,0,0.000,0,0,0.000,7.980
decode,real,3625,13281538206002830254,0,0,0,0,0.000,10,91920,149.400,0,0,0.000,0,0,0.000,7.496
decode,real,3626,13281538206002830254,0,0,0,0,0.000,10,91930,149.400,0,0,0.000,0,0,0.000,7.651
decode,real,3627,13281538206002830254,0,0,0,0,0.000,10,91940,149.400,0,0,0.000,0,0,0.000,7.653
decode,real,3628,13281538206002830254,0,0,0,0,0.000,10,91950,149.400,0,0,0.000,0,0,0.000,7.906
decode,real,3629,13281538206002830254,0,0,0,0,0.000,9,82745,121.432,0,0,0.000,0,0,0.000,7.371
decode,real,3630,13281538206002830254,0,0,0,0,0.000,9,82754,121.432,0,0,0.000,0,0,0.000,7.556
decode,real,3631,13281538206002830254,0,0,0,0,0.000,9,82763,121.432,0,0,0.000,0,0,0.000,7.549
decode,real,3632,13281538206002830254,0,0,0,0,0.000,9,82772,121.432,0,0,0.000,0,0,0.000,7.781
decode,real,3633,13281538206002830254,0,0,0,0,0.000,8,73566,95.438,0,0,0.000,0,0,0.000,6.869
decode,real,3634,13281538206002830254,0,0,0,0,0.000,8,73574,95.438,0,0,0.000,0,0,0.000,7.071
decode,real,3635,13281538206002830254,0,0,0,0,0.000,8,73582,95.438,0,0,0.000,0,0,0.000,7.079
decode,real,3636,13281538206002830254,0,0,0,0,0.000,8,73590,95.438,0,0,0.000,0,0,0.000,7.301
decode,real,3637,13281538206002830254,0,0,0,0,0.000,7,64383,71.102,0,0,0.000,0,0,0.000,6.843
decode,real,3638,13281538206002830254,0,0,0,0,0.000,7,64390,71.102,0,0,0.000,0,0,0.000,6.917
decode,real,3639,13281538206002830254,0,0,0,0,0.000,7,64397,71.102,0,0,0.000,0,0,0.000,6.970
decode,real,3640,13281538206002830254,0,0,0,0,0.000,7,64404,71.102,0,0,0.000,0,0,0.000,6.999
decode,real,3641,13281538206002830254,0,0,0,0,0.000,7,64411,71.102,0,0,0.000,0,0,0.000,7.213
decode,real,3642,13281538206002830254,0,0,0,0,0.000,6,55203,52.917,0,0,0.000,0,0,0.000,6.667
decode,real,3643,13281538206002830254,0,0,0,0,0.000,6,55209,52.917,0,0,0.000,0,0,0.000,6.882
decode,real,3644,13281538206002830254,0,0,0,0,0.000,6,55215,52.917,0,0,0.000,0,0,0.000,6.893
decode,real,3645,13281538206002830254,0,0,0,0,0.000,6,55221,52.917,0,0,0.000,0,0,0.000,7.106
decode,real,3646,13281538206002830254,0,0,0,0,0.000,5,46012,37.040,0,0,0.000,0,0,0.000,6.581
decode,real,3647,13281538206002830254,0,0,0,0,0.000,5,46017,37.040,0,0,0.000,0,0,0.000,6.779
decode,real,3648,13281538206002830254,0,0,0,0,0.000,5,46022,37.040,0,0,0.000,0,0,0.000,6.789
decode,real,3649,13281538206002830254,0,0,0,0,0.000,5,46027,37.040,0,0,0.000,0,0,0.000,6.982
decode,real,3650,13281538206002830254,0,0,0,0,0.000,4,36817,23.188,0,0,0.000,0,0,0.000,6.350
decode,real,3651,13281538206002830254,0,0,0,0,0.000,4,36821,23.188,0,0,0.000,0,0,0.000,6.485
decode,real,3652,13281538206002830254,0,0,0,0,0.000,4,36825,23.188,0,0,0.000,0,0,0.000,6.503
decode,real,3653,13281538206002830254,0,0,0,0,0.000,4,36829,23.188,0,0,0.000,0,0,0.000,6.730
decode,real,3654,13281538206002830254,0,0,0,0,0.000,3,27618,10.667,0,0,0.000,0,0,0.000,6.188
decode,real,3655,13281538206002830254,0,0,0,0,0.000,3,27621,10.667,0,0,0.000,0,0,0.000,6.388
decode,real,3656,13281538206002830254,0,0,0,0,0.000,3,27624,10.667,0,0,0.000,0,0,0.000,6.380
decode,real,3657,13281538206002830254,0,0,0,0,0.000,3,27627,10.667,0,0,0.000,0,0,0.000,6.408
decode,real,3658,13281538206002830254,0,0,0,0,0.000,3,27630,10.667,0,0,0.000,0,0,0.000,6.606
decode,real,3659,13281538206002830254,0,0,0,0,0.000,2,18418,4.000,0,0,0.000,0,0,0.000,6.027
decode,real,3660,13281538206002830254,0,0,0,0,0.000,2,18420,4.000,0,0,0.000,0,0,0.000,6.212
decode,real,3661,13281538206002830254,0,0,0,0,0.000,2,18422,4.000,0,0,0.000,0,0,0.000,6.242
decode,real,3662,13281538206002830254,0,0,0,0,0.000,2,18424,4.000,0,0,0.000,0,0,0.000,6.436
decode,real,3663,13281538206002830254,0,0,0,0,0.000,1,9211,0.000,0,0,0.000,0,0,0.000,5.883
decode,real,3664,13281538206002830254,0,0,0,0,0.000,1,9212,0.000,0,0,0.000,0,0,0.000,6.185
decode,real,3665,13281538206002830254,0,0,0,0,0.000,1,9213,0.000,0,0,0.000,0,0,0.000,6.102
decode,real,3666,13281538206002830254,0,0,0,0,0.000,1,9214,0.000,0,0,0.000,0,0,0.000,6.164
