phase,workload_segment,counter_id,worker_id,dp_rank,ctx_tokens,ctx_requests,ctx_kv_tokens,decode_tokens,decode_requests,decode_kv_tokens,mean_decode_kv_tokens,queued_ctx_tokens,queued_ctx_requests,queued_decode_requests,queued_decode_kv_tokens,latency_ms
context,real,1065,560535380832555837,0,2048,1,0,0,0,0,0.000,0,0,0,0,54.458
context,real,1066,560535380832555837,0,2048,1,2048,0,0,0,0.000,8192,1,0,0,47.124
context,real,1067,560535380832555837,0,2048,1,4096,0,0,0,0.000,122880,15,0,0,48.656
context,real,1068,560535380832555837,0,2048,1,6144,0,0,0,0.000,114688,14,0,0,50.601
mixed,real,1069,560535380832555837,0,2047,1,0,1,1,8192,8192.000,114688,14,0,0,50.396
mixed,real,1070,560535380832555837,0,2047,1,2047,1,1,8193,8193.000,114688,14,0,0,50.465
mixed,real,1071,560535380832555837,0,2047,1,4094,1,1,8194,8194.000,114688,14,0,0,50.592
mixed,real,1072,560535380832555837,0,2047,1,6141,1,1,8195,8195.000,106496,13,0,0,50.718
mixed,real,1073,560535380832555837,0,2047,2,8188,1,1,8196,8196.000,106496,13,0,0,50.562
mixed,real,1074,560535380832555837,0,2046,1,2043,2,2,16389,8194.500,106496,13,0,0,50.459
mixed,real,1075,560535380832555837,0,2046,1,4089,2,2,16391,8195.500,106496,13,0,0,50.863
mixed,real,1076,560535380832555837,0,2046,1,6135,2,2,16393,8196.500,98304,12,0,0,52.402
mixed,real,1077,560535380832555837,0,2046,2,8181,2,2,16395,8197.500,98304,12,0,0,52.479
mixed,real,1078,560535380832555837,0,2045,1,2035,3,3,24589,8196.333,98304,12,0,0,51.971
mixed,real,1079,560535380832555837,0,2045,1,4080,3,3,24592,8197.333,98304,12,0,0,51.445
mixed,real,1080,560535380832555837,0,2045,1,6125,3,3,24595,8198.333,90112,11,0,0,52.731
mixed,real,1081,560535380832555837,0,2045,2,8170,3,3,24598,8199.333,90112,11,0,0,52.051
mixed,real,1082,560535380832555837,0,2044,1,2023,4,4,32793,8198.250,90112,11,0,0,53.313
mixed,real,1083,560535380832555837,0,2044,1,4067,4,4,32797,8199.250,90112,11,0,0,53.015
mixed,real,1084,560535380832555837,0,2044,1,6111,4,4,32801,8200.250,81920,10,0,0,52.911
mixed,real,1085,560535380832555837,0,2044,2,8155,4,4,32805,8201.250,81920,10,0,0,52.232
mixed,real,1086,560535380832555837,0,2043,1,2007,5,5,41001,8200.200,81920,10,0,0,53.375
mixed,real,1087,560535380832555837,0,2043,1,4050,5,5,41006,8201.200,81920,10,0,0,54.170
mixed,real,1088,560535380832555837,0,2043,1,6093,5,5,41011,8202.200,73728,9,0,0,54.831
mixed,real,1089,560535380832555837,0,2043,2,8136,5,5,41016,8203.200,73728,9,0,0,50.856
mixed,real,1090,560535380832555837,0,2042,1,1987,6,6,49213,8202.167,73728,9,0,0,51.117
mixed,real,1091,560535380832555837,0,2042,1,4029,6,6,49219,8203.167,73728,9,0,0,51.585
mixed,real,1092,560535380832555837,0,2042,1,6071,6,6,49225,8204.167,65536,8,0,0,55.768
mixed,real,1093,560535380832555837,0,2042,2,8113,6,6,49231,8205.167,65536,8,0,0,50.679
mixed,real,1094,560535380832555837,0,2041,1,1963,7,7,57429,8204.143,65536,8,0,0,50.503
mixed,real,1095,560535380832555837,0,2041,1,4004,7,7,57436,8205.143,65536,8,0,0,51.008
mixed,real,1096,560535380832555837,0,2041,1,6045,7,7,57443,8206.143,57344,7,0,0,54.416
mixed,real,1097,560535380832555837,0,2041,2,8086,7,7,57450,8207.143,57344,7,0,0,51.804
mixed,real,1098,560535380832555837,0,2040,1,1935,8,8,65649,8206.125,57344,7,0,0,53.300
mixed,real,1099,560535380832555837,0,2040,1,3975,8,8,65657,8207.125,57344,7,0,0,51.301
mixed,real,1100,560535380832555837,0,2040,1,6015,8,8,65665,8208.125,49152,6,0,0,54.169
mixed,real,1101,560535380832555837,0,2040,2,8055,8,8,65673,8209.125,49152,6,0,0,50.608
mixed,real,1102,560535380832555837,0,2039,1,1903,9,9,73873,8208.111,49152,6,0,0,50.519
mixed,real,1103,560535380832555837,0,2039,1,3942,9,9,73882,8209.111,49152,6,0,0,51.433
mixed,real,1104,560535380832555837,0,2039,1,5981,9,9,73891,8210.111,40960,5,0,0,54.518
mixed,real,1105,560535380832555837,0,2039,2,8020,9,9,73900,8211.111,40960,5,0,0,50.789
mixed,real,1106,560535380832555837,0,2038,1,1867,10,10,82101,8210.100,40960,5,0,0,51.051
mixed,real,1107,560535380832555837,0,2038,1,3905,10,10,82111,8211.100,40960,5,0,0,52.164
mixed,real,1108,560535380832555837,0,2038,1,5943,10,10,82121,8212.100,32768,4,0,0,55.563
mixed,real,1109,560535380832555837,0,2038,2,7981,10,10,82131,8213.100,32768,4,0,0,51.689
mixed,real,1110,560535380832555837,0,2037,1,1827,11,11,90333,8212.091,32768,4,0,0,50.750
mixed,real,1111,560535380832555837,0,2037,1,3864,11,11,90344,8213.091,32768,4,0,0,51.326
mixed,real,1112,560535380832555837,0,2037,1,5901,11,11,90355,8214.091,24576,3,0,0,55.761
mixed,real,1113,560535380832555837,0,2037,2,7938,11,11,90366,8215.091,24576,3,0,0,50.651
mixed,real,1114,560535380832555837,0,2036,1,1783,12,12,98569,8214.083,24576,3,0,0,50.648
mixed,real,1115,560535380832555837,0,2036,1,3819,12,12,98581,8215.083,24576,3,0,0,51.222
mixed,real,1116,560535380832555837,0,2036,1,5855,12,12,98593,8216.083,16384,2,0,0,54.949
mixed,real,1117,560535380832555837,0,2036,2,7891,12,12,98605,8217.083,16384,2,0,0,51.027
mixed,real,1118,560535380832555837,0,2035,1,1735,13,13,106809,8216.077,16384,2,0,0,50.715
mixed,real,1119,560535380832555837,0,2035,1,3770,13,13,106822,8217.077,16384,2,0,0,51.762
mixed,real,1120,560535380832555837,0,2035,1,5805,13,13,106835,8218.077,8192,1,0,0,53.812
mixed,real,1121,560535380832555837,0,2035,2,7840,13,13,106848,8219.077,8192,1,0,0,52.108
mixed,real,1122,560535380832555837,0,2034,1,1683,14,14,115053,8218.071,8192,1,0,0,52.980
mixed,real,1123,560535380832555837,0,2034,1,3717,14,14,115067,8219.071,8192,1,0,0,52.681
mixed,real,1124,560535380832555837,0,2034,1,5751,14,14,115081,8220.071,0,0,0,0,55.066
mixed,real,1125,560535380832555837,0,2034,2,7785,14,14,115095,8221.071,0,0,0,0,47.978
mixed,real,1126,560535380832555837,0,2033,1,1627,15,15,123301,8220.067,0,0,0,0,50.747
mixed,real,1127,560535380832555837,0,2033,1,3660,15,15,123316,8221.067,0,0,0,0,51.505
mixed,real,1128,560535380832555837,0,2033,1,5693,15,15,123331,8222.067,0,0,0,0,54.116
mixed,real,1129,560535380832555837,0,466,1,7726,15,15,123346,8223.067,0,0,0,0,36.357
decode,real,1130,560535380832555837,0,0,0,0,16,16,131553,8222.062,0,0,0,0,10.443
decode,real,1131,560535380832555837,0,0,0,0,16,16,131569,8223.062,0,0,0,0,8.227
decode,real,1132,560535380832555837,0,0,0,0,16,16,131585,8224.062,0,0,0,0,8.262
decode,real,1133,560535380832555837,0,0,0,0,16,16,131601,8225.062,0,0,0,0,8.182
decode,real,1134,560535380832555837,0,0,0,0,16,16,131617,8226.062,0,0,0,0,8.235
decode,real,1135,560535380832555837,0,0,0,0,16,16,131633,8227.062,0,0,0,0,8.221
decode,real,1136,560535380832555837,0,0,0,0,16,16,131649,8228.062,0,0,0,0,8.266
decode,real,1137,560535380832555837,0,0,0,0,16,16,131665,8229.062,0,0,0,0,8.206
decode,real,1138,560535380832555837,0,0,0,0,16,16,131681,8230.062,0,0,0,0,8.195
decode,real,1139,560535380832555837,0,0,0,0,16,16,131697,8231.062,0,0,0,0,8.264
decode,real,1140,560535380832555837,0,0,0,0,16,16,131713,8232.062,0,0,0,0,8.259
decode,real,1141,560535380832555837,0,0,0,0,16,16,131729,8233.062,0,0,0,0,8.191
decode,real,1142,560535380832555837,0,0,0,0,16,16,131745,8234.062,0,0,0,0,8.215
decode,real,1143,560535380832555837,0,0,0,0,16,16,131761,8235.062,0,0,0,0,8.236
decode,real,1144,560535380832555837,0,0,0,0,16,16,131777,8236.062,0,0,0,0,8.275
decode,real,1145,560535380832555837,0,0,0,0,16,16,131793,8237.062,0,0,0,0,8.183
decode,real,1146,560535380832555837,0,0,0,0,16,16,131809,8238.062,0,0,0,0,8.200
decode,real,1147,560535380832555837,0,0,0,0,16,16,131825,8239.062,0,0,0,0,8.219
decode,real,1148,560535380832555837,0,0,0,0,16,16,131841,8240.062,0,0,0,0,8.201
decode,real,1149,560535380832555837,0,0,0,0,16,16,131857,8241.062,0,0,0,0,8.182
decode,real,1150,560535380832555837,0,0,0,0,16,16,131873,8242.062,0,0,0,0,8.199
decode,real,1151,560535380832555837,0,0,0,0,16,16,131889,8243.062,0,0,0,0,8.167
decode,real,1152,560535380832555837,0,0,0,0,16,16,131905,8244.062,0,0,0,0,8.195
decode,real,1153,560535380832555837,0,0,0,0,16,16,131921,8245.062,0,0,0,0,8.151
decode,real,1154,560535380832555837,0,0,0,0,16,16,131937,8246.062,0,0,0,0,8.180
decode,real,1155,560535380832555837,0,0,0,0,16,16,131953,8247.062,0,0,0,0,8.158
decode,real,1156,560535380832555837,0,0,0,0,16,16,131969,8248.062,0,0,0,0,8.200
decode,real,1157,560535380832555837,0,0,0,0,16,16,131985,8249.062,0,0,0,0,8.132
decode,real,1158,560535380832555837,0,0,0,0,16,16,132001,8250.062,0,0,0,0,8.183
decode,real,1159,560535380832555837,0,0,0,0,16,16,132017,8251.062,0,0,0,0,8.161
decode,real,1160,560535380832555837,0,0,0,0,16,16,132033,8252.062,0,0,0,0,8.196
decode,real,1161,560535380832555837,0,0,0,0,16,16,132049,8253.062,0,0,0,0,8.110
decode,real,1162,560535380832555837,0,0,0,0,16,16,132065,8254.062,0,0,0,0,8.148
decode,real,1163,560535380832555837,0,0,0,0,16,16,132081,8255.062,0,0,0,0,8.174
decode,real,1164,560535380832555837,0,0,0,0,16,16,132097,8256.062,0,0,0,0,8.140
decode,real,1165,560535380832555837,0,0,0,0,16,16,132113,8257.062,0,0,0,0,8.124
decode,real,1166,560535380832555837,0,0,0,0,16,16,132129,8258.062,0,0,0,0,8.161
decode,real,1167,560535380832555837,0,0,0,0,16,16,132145,8259.062,0,0,0,0,8.120
decode,real,1168,560535380832555837,0,0,0,0,16,16,132161,8260.062,0,0,0,0,8.165
decode,real,1169,560535380832555837,0,0,0,0,16,16,132177,8261.062,0,0,0,0,8.109
decode,real,1170,560535380832555837,0,0,0,0,16,16,132193,8262.062,0,0,0,0,8.140
decode,real,1171,560535380832555837,0,0,0,0,16,16,132209,8263.062,0,0,0,0,8.151
decode,real,1172,560535380832555837,0,0,0,0,16,16,132225,8264.062,0,0,0,0,8.133
decode,real,1173,560535380832555837,0,0,0,0,16,16,132241,8265.062,0,0,0,0,8.110
decode,real,1174,560535380832555837,0,0,0,0,16,16,132257,8266.062,0,0,0,0,8.127
decode,real,1175,560535380832555837,0,0,0,0,16,16,132273,8267.062,0,0,0,0,8.138
decode,real,1176,560535380832555837,0,0,0,0,16,16,132289,8268.062,0,0,0,0,8.157
decode,real,1177,560535380832555837,0,0,0,0,16,16,132305,8269.062,0,0,0,0,8.094
decode,real,1178,560535380832555837,0,0,0,0,16,16,132321,8270.062,0,0,0,0,8.107
decode,real,1179,560535380832555837,0,0,0,0,16,16,132337,8271.062,0,0,0,0,8.145
decode,real,1180,560535380832555837,0,0,0,0,16,16,132353,8272.062,0,0,0,0,8.132
decode,real,1181,560535380832555837,0,0,0,0,16,16,132369,8273.062,0,0,0,0,8.107
decode,real,1182,560535380832555837,0,0,0,0,16,16,132385,8274.062,0,0,0,0,8.136
decode,real,1183,560535380832555837,0,0,0,0,16,16,132401,8275.062,0,0,0,0,8.166
decode,real,1184,560535380832555837,0,0,0,0,16,16,132417,8276.062,0,0,0,0,8.130
decode,real,1185,560535380832555837,0,0,0,0,16,16,132433,8277.062,0,0,0,0,8.106
decode,real,1186,560535380832555837,0,0,0,0,16,16,132449,8278.062,0,0,0,0,8.115
decode,real,1187,560535380832555837,0,0,0,0,16,16,132465,8279.062,0,0,0,0,8.150
decode,real,1188,560535380832555837,0,0,0,0,16,16,132481,8280.062,0,0,0,0,8.138
decode,real,1189,560535380832555837,0,0,0,0,16,16,132497,8281.062,0,0,0,0,8.106
decode,real,1190,560535380832555837,0,0,0,0,16,16,132513,8282.062,0,0,0,0,8.140
decode,real,1191,560535380832555837,0,0,0,0,16,16,132529,8283.062,0,0,0,0,8.120
decode,real,1192,560535380832555837,0,0,0,0,16,16,132545,8284.062,0,0,0,0,8.179
decode,real,1193,560535380832555837,0,0,0,0,16,16,132561,8285.062,0,0,0,0,8.091
decode,real,1194,560535380832555837,0,0,0,0,16,16,132577,8286.062,0,0,0,0,8.139
decode,real,1195,560535380832555837,0,0,0,0,16,16,132593,8287.062,0,0,0,0,8.137
decode,real,1196,560535380832555837,0,0,0,0,16,16,132609,8288.062,0,0,0,0,8.127
decode,real,1197,560535380832555837,0,0,0,0,16,16,132625,8289.062,0,0,0,0,8.098
decode,real,1198,560535380832555837,0,0,0,0,16,16,132641,8290.062,0,0,0,0,8.138
decode,real,1199,560535380832555837,0,0,0,0,16,16,132657,8291.062,0,0,0,0,8.132
decode,real,1200,560535380832555837,0,0,0,0,16,16,132673,8292.062,0,0,0,0,8.183
decode,real,1201,560535380832555837,0,0,0,0,16,16,132689,8293.062,0,0,0,0,8.087
decode,real,1202,560535380832555837,0,0,0,0,16,16,132705,8294.062,0,0,0,0,8.135
decode,real,1203,560535380832555837,0,0,0,0,16,16,132721,8295.062,0,0,0,0,8.114
decode,real,1204,560535380832555837,0,0,0,0,16,16,132737,8296.062,0,0,0,0,8.169
decode,real,1205,560535380832555837,0,0,0,0,16,16,132753,8297.062,0,0,0,0,8.097
decode,real,1206,560535380832555837,0,0,0,0,16,16,132769,8298.062,0,0,0,0,8.136
decode,real,1207,560535380832555837,0,0,0,0,16,16,132785,8299.062,0,0,0,0,8.119
decode,real,1208,560535380832555837,0,0,0,0,16,16,132801,8300.062,0,0,0,0,8.159
decode,real,1209,560535380832555837,0,0,0,0,16,16,132817,8301.062,0,0,0,0,8.113
decode,real,1210,560535380832555837,0,0,0,0,16,16,132833,8302.062,0,0,0,0,8.115
decode,real,1211,560535380832555837,0,0,0,0,16,16,132849,8303.062,0,0,0,0,8.136
decode,real,1212,560535380832555837,0,0,0,0,16,16,132865,8304.062,0,0,0,0,8.136
decode,real,1213,560535380832555837,0,0,0,0,16,16,132881,8305.062,0,0,0,0,8.114
decode,real,1214,560535380832555837,0,0,0,0,16,16,132897,8306.062,0,0,0,0,8.121
decode,real,1215,560535380832555837,0,0,0,0,16,16,132913,8307.062,0,0,0,0,8.137
decode,real,1216,560535380832555837,0,0,0,0,16,16,132929,8308.062,0,0,0,0,8.156
decode,real,1217,560535380832555837,0,0,0,0,16,16,132945,8309.062,0,0,0,0,8.078
decode,real,1218,560535380832555837,0,0,0,0,16,16,132961,8310.062,0,0,0,0,8.130
decode,real,1219,560535380832555837,0,0,0,0,16,16,132977,8311.062,0,0,0,0,8.152
decode,real,1220,560535380832555837,0,0,0,0,16,16,132993,8312.062,0,0,0,0,8.155
decode,real,1221,560535380832555837,0,0,0,0,16,16,133009,8313.062,0,0,0,0,8.128
decode,real,1222,560535380832555837,0,0,0,0,16,16,133025,8314.062,0,0,0,0,8.120
decode,real,1223,560535380832555837,0,0,0,0,16,16,133041,8315.062,0,0,0,0,8.139
decode,real,1224,560535380832555837,0,0,0,0,16,16,133057,8316.062,0,0,0,0,8.134
decode,real,1225,560535380832555837,0,0,0,0,16,16,133073,8317.062,0,0,0,0,8.123
decode,real,1226,560535380832555837,0,0,0,0,16,16,133089,8318.062,0,0,0,0,8.120
decode,real,1227,560535380832555837,0,0,0,0,16,16,133105,8319.062,0,0,0,0,8.150
decode,real,1228,560535380832555837,0,0,0,0,16,16,133121,8320.062,0,0,0,0,8.137
decode,real,1229,560535380832555837,0,0,0,0,16,16,133137,8321.062,0,0,0,0,8.098
decode,real,1230,560535380832555837,0,0,0,0,16,16,133153,8322.062,0,0,0,0,8.136
decode,real,1231,560535380832555837,0,0,0,0,16,16,133169,8323.062,0,0,0,0,8.140
decode,real,1232,560535380832555837,0,0,0,0,16,16,133185,8324.062,0,0,0,0,8.156
decode,real,1233,560535380832555837,0,0,0,0,16,16,133201,8325.062,0,0,0,0,8.090
decode,real,1234,560535380832555837,0,0,0,0,16,16,133217,8326.062,0,0,0,0,8.141
decode,real,1235,560535380832555837,0,0,0,0,16,16,133233,8327.062,0,0,0,0,8.104
decode,real,1236,560535380832555837,0,0,0,0,16,16,133249,8328.062,0,0,0,0,8.179
decode,real,1237,560535380832555837,0,0,0,0,16,16,133265,8329.062,0,0,0,0,8.121
decode,real,1238,560535380832555837,0,0,0,0,16,16,133281,8330.062,0,0,0,0,8.122
decode,real,1239,560535380832555837,0,0,0,0,16,16,133297,8331.062,0,0,0,0,8.122
decode,real,1240,560535380832555837,0,0,0,0,16,16,133313,8332.062,0,0,0,0,8.154
decode,real,1241,560535380832555837,0,0,0,0,16,16,133329,8333.062,0,0,0,0,8.105
decode,real,1242,560535380832555837,0,0,0,0,16,16,133345,8334.062,0,0,0,0,8.142
decode,real,1243,560535380832555837,0,0,0,0,16,16,133361,8335.062,0,0,0,0,8.159
decode,real,1244,560535380832555837,0,0,0,0,16,16,133377,8336.062,0,0,0,0,8.132
decode,real,1245,560535380832555837,0,0,0,0,16,16,133393,8337.062,0,0,0,0,8.116
decode,real,1246,560535380832555837,0,0,0,0,16,16,133409,8338.062,0,0,0,0,8.124
decode,real,1247,560535380832555837,0,0,0,0,16,16,133425,8339.062,0,0,0,0,8.129
decode,real,1248,560535380832555837,0,0,0,0,16,16,133441,8340.062,0,0,0,0,8.161
decode,real,1249,560535380832555837,0,0,0,0,16,16,133457,8341.062,0,0,0,0,8.128
decode,real,1250,560535380832555837,0,0,0,0,16,16,133473,8342.062,0,0,0,0,8.115
decode,real,1251,560535380832555837,0,0,0,0,16,16,133489,8343.062,0,0,0,0,8.119
decode,real,1252,560535380832555837,0,0,0,0,16,16,133505,8344.062,0,0,0,0,8.172
decode,real,1253,560535380832555837,0,0,0,0,16,16,133521,8345.062,0,0,0,0,8.109
decode,real,1254,560535380832555837,0,0,0,0,16,16,133537,8346.062,0,0,0,0,8.127
decode,real,1255,560535380832555837,0,0,0,0,16,16,133553,8347.062,0,0,0,0,8.116
decode,real,1256,560535380832555837,0,0,0,0,16,16,133569,8348.062,0,0,0,0,8.185
decode,real,1257,560535380832555837,0,0,0,0,16,16,133585,8349.062,0,0,0,0,8.109
decode,real,1258,560535380832555837,0,0,0,0,16,16,133601,8350.062,0,0,0,0,8.127
decode,real,1259,560535380832555837,0,0,0,0,16,16,133617,8351.062,0,0,0,0,8.140
decode,real,1260,560535380832555837,0,0,0,0,16,16,133633,8352.062,0,0,0,0,8.131
decode,real,1261,560535380832555837,0,0,0,0,16,16,133649,8353.062,0,0,0,0,8.124
decode,real,1262,560535380832555837,0,0,0,0,16,16,133665,8354.062,0,0,0,0,8.133
decode,real,1263,560535380832555837,0,0,0,0,16,16,133681,8355.062,0,0,0,0,8.128
decode,real,1264,560535380832555837,0,0,0,0,16,16,133697,8356.062,0,0,0,0,8.131
decode,real,1265,560535380832555837,0,0,0,0,16,16,133713,8357.062,0,0,0,0,8.129
decode,real,1266,560535380832555837,0,0,0,0,16,16,133729,8358.062,0,0,0,0,8.131
decode,real,1267,560535380832555837,0,0,0,0,16,16,133745,8359.062,0,0,0,0,8.125
decode,real,1268,560535380832555837,0,0,0,0,16,16,133761,8360.062,0,0,0,0,8.186
decode,real,1269,560535380832555837,0,0,0,0,16,16,133777,8361.062,0,0,0,0,8.107
decode,real,1270,560535380832555837,0,0,0,0,16,16,133793,8362.062,0,0,0,0,8.128
decode,real,1271,560535380832555837,0,0,0,0,16,16,133809,8363.062,0,0,0,0,8.118
decode,real,1272,560535380832555837,0,0,0,0,16,16,133825,8364.062,0,0,0,0,8.149
decode,real,1273,560535380832555837,0,0,0,0,16,16,133841,8365.062,0,0,0,0,8.116
decode,real,1274,560535380832555837,0,0,0,0,16,16,133857,8366.062,0,0,0,0,8.139
decode,real,1275,560535380832555837,0,0,0,0,16,16,133873,8367.062,0,0,0,0,8.167
decode,real,1276,560535380832555837,0,0,0,0,16,16,133889,8368.062,0,0,0,0,8.139
decode,real,1277,560535380832555837,0,0,0,0,16,16,133905,8369.062,0,0,0,0,8.085
decode,real,1278,560535380832555837,0,0,0,0,16,16,133921,8370.062,0,0,0,0,8.157
decode,real,1279,560535380832555837,0,0,0,0,16,16,133937,8371.062,0,0,0,0,8.121
decode,real,1280,560535380832555837,0,0,0,0,16,16,133953,8372.062,0,0,0,0,8.157
decode,real,1281,560535380832555837,0,0,0,0,16,16,133969,8373.062,0,0,0,0,8.124
decode,real,1282,560535380832555837,0,0,0,0,16,16,133985,8374.062,0,0,0,0,8.137
decode,real,1283,560535380832555837,0,0,0,0,16,16,134001,8375.062,0,0,0,0,8.140
decode,real,1284,560535380832555837,0,0,0,0,16,16,134017,8376.062,0,0,0,0,8.168
decode,real,1285,560535380832555837,0,0,0,0,16,16,134033,8377.062,0,0,0,0,8.099
decode,real,1286,560535380832555837,0,0,0,0,16,16,134049,8378.062,0,0,0,0,8.134
decode,real,1287,560535380832555837,0,0,0,0,16,16,134065,8379.062,0,0,0,0,8.125
decode,real,1288,560535380832555837,0,0,0,0,16,16,134081,8380.062,0,0,0,0,8.184
decode,real,1289,560535380832555837,0,0,0,0,16,16,134097,8381.062,0,0,0,0,8.072
decode,real,1290,560535380832555837,0,0,0,0,16,16,134113,8382.062,0,0,0,0,8.162
decode,real,1291,560535380832555837,0,0,0,0,16,16,134129,8383.062,0,0,0,0,8.158
decode,real,1292,560535380832555837,0,0,0,0,16,16,134145,8384.062,0,0,0,0,8.137
decode,real,1293,560535380832555837,0,0,0,0,16,16,134161,8385.062,0,0,0,0,8.120
decode,real,1294,560535380832555837,0,0,0,0,16,16,134177,8386.062,0,0,0,0,8.106
decode,real,1295,560535380832555837,0,0,0,0,16,16,134193,8387.062,0,0,0,0,8.157
decode,real,1296,560535380832555837,0,0,0,0,16,16,134209,8388.062,0,0,0,0,8.204
decode,real,1297,560535380832555837,0,0,0,0,16,16,134225,8389.062,0,0,0,0,8.077
decode,real,1298,560535380832555837,0,0,0,0,16,16,134241,8390.062,0,0,0,0,8.158
decode,real,1299,560535380832555837,0,0,0,0,16,16,134257,8391.062,0,0,0,0,8.129
decode,real,1300,560535380832555837,0,0,0,0,16,16,134273,8392.062,0,0,0,0,8.165
decode,real,1301,560535380832555837,0,0,0,0,16,16,134289,8393.062,0,0,0,0,8.123
decode,real,1302,560535380832555837,0,0,0,0,16,16,134305,8394.062,0,0,0,0,8.134
decode,real,1303,560535380832555837,0,0,0,0,16,16,134321,8395.062,0,0,0,0,8.138
decode,real,1304,560535380832555837,0,0,0,0,16,16,134337,8396.062,0,0,0,0,8.149
decode,real,1305,560535380832555837,0,0,0,0,16,16,134353,8397.062,0,0,0,0,8.168
decode,real,1306,560535380832555837,0,0,0,0,16,16,134369,8398.062,0,0,0,0,8.124
decode,real,1307,560535380832555837,0,0,0,0,16,16,134385,8399.062,0,0,0,0,8.169
decode,real,1308,560535380832555837,0,0,0,0,16,16,134401,8400.062,0,0,0,0,8.103
decode,real,1309,560535380832555837,0,0,0,0,16,16,134417,8401.062,0,0,0,0,8.130
decode,real,1310,560535380832555837,0,0,0,0,16,16,134433,8402.062,0,0,0,0,8.127
decode,real,1311,560535380832555837,0,0,0,0,16,16,134449,8403.062,0,0,0,0,8.139
decode,real,1312,560535380832555837,0,0,0,0,16,16,134465,8404.062,0,0,0,0,8.170
decode,real,1313,560535380832555837,0,0,0,0,16,16,134481,8405.062,0,0,0,0,8.112
decode,real,1314,560535380832555837,0,0,0,0,16,16,134497,8406.062,0,0,0,0,8.182
decode,real,1315,560535380832555837,0,0,0,0,16,16,134513,8407.062,0,0,0,0,8.111
decode,real,1316,560535380832555837,0,0,0,0,16,16,134529,8408.062,0,0,0,0,8.165
decode,real,1317,560535380832555837,0,0,0,0,16,16,134545,8409.062,0,0,0,0,8.115
decode,real,1318,560535380832555837,0,0,0,0,16,16,134561,8410.062,0,0,0,0,8.164
decode,real,1319,560535380832555837,0,0,0,0,16,16,134577,8411.062,0,0,0,0,8.117
decode,real,1320,560535380832555837,0,0,0,0,16,16,134593,8412.062,0,0,0,0,8.172
decode,real,1321,560535380832555837,0,0,0,0,16,16,134609,8413.062,0,0,0,0,8.144
decode,real,1322,560535380832555837,0,0,0,0,16,16,134625,8414.062,0,0,0,0,8.150
decode,real,1323,560535380832555837,0,0,0,0,16,16,134641,8415.062,0,0,0,0,8.145
decode,real,1324,560535380832555837,0,0,0,0,16,16,134657,8416.062,0,0,0,0,8.147
decode,real,1325,560535380832555837,0,0,0,0,16,16,134673,8417.062,0,0,0,0,8.120
decode,real,1326,560535380832555837,0,0,0,0,16,16,134689,8418.062,0,0,0,0,8.124
decode,real,1327,560535380832555837,0,0,0,0,16,16,134705,8419.062,0,0,0,0,8.168
decode,real,1328,560535380832555837,0,0,0,0,16,16,134721,8420.062,0,0,0,0,8.175
decode,real,1329,560535380832555837,0,0,0,0,16,16,134737,8421.062,0,0,0,0,8.104
decode,real,1330,560535380832555837,0,0,0,0,16,16,134753,8422.062,0,0,0,0,8.154
decode,real,1331,560535380832555837,0,0,0,0,16,16,134769,8423.062,0,0,0,0,8.133
decode,real,1332,560535380832555837,0,0,0,0,16,16,134785,8424.062,0,0,0,0,8.199
decode,real,1333,560535380832555837,0,0,0,0,16,16,134801,8425.062,0,0,0,0,8.113
decode,real,1334,560535380832555837,0,0,0,0,16,16,134817,8426.062,0,0,0,0,8.122
decode,real,1335,560535380832555837,0,0,0,0,16,16,134833,8427.062,0,0,0,0,8.147
decode,real,1336,560535380832555837,0,0,0,0,16,16,134849,8428.062,0,0,0,0,8.144
decode,real,1337,560535380832555837,0,0,0,0,16,16,134865,8429.062,0,0,0,0,8.139
decode,real,1338,560535380832555837,0,0,0,0,16,16,134881,8430.062,0,0,0,0,8.141
decode,real,1339,560535380832555837,0,0,0,0,16,16,134897,8431.062,0,0,0,0,8.190
decode,real,1340,560535380832555837,0,0,0,0,16,16,134913,8432.062,0,0,0,0,8.155
decode,real,1341,560535380832555837,0,0,0,0,16,16,134929,8433.062,0,0,0,0,8.128
decode,real,1342,560535380832555837,0,0,0,0,16,16,134945,8434.062,0,0,0,0,8.148
decode,real,1343,560535380832555837,0,0,0,0,16,16,134961,8435.062,0,0,0,0,8.143
decode,real,1344,560535380832555837,0,0,0,0,16,16,134977,8436.062,0,0,0,0,8.174
decode,real,1345,560535380832555837,0,0,0,0,16,16,134993,8437.062,0,0,0,0,8.122
decode,real,1346,560535380832555837,0,0,0,0,16,16,135009,8438.062,0,0,0,0,8.139
decode,real,1347,560535380832555837,0,0,0,0,16,16,135025,8439.062,0,0,0,0,8.155
decode,real,1348,560535380832555837,0,0,0,0,16,16,135041,8440.062,0,0,0,0,8.142
decode,real,1349,560535380832555837,0,0,0,0,16,16,135057,8441.062,0,0,0,0,8.130
decode,real,1350,560535380832555837,0,0,0,0,16,16,135073,8442.062,0,0,0,0,8.141
decode,real,1351,560535380832555837,0,0,0,0,16,16,135089,8443.062,0,0,0,0,8.148
decode,real,1352,560535380832555837,0,0,0,0,16,16,135105,8444.062,0,0,0,0,8.179
decode,real,1353,560535380832555837,0,0,0,0,16,16,135121,8445.062,0,0,0,0,8.131
decode,real,1354,560535380832555837,0,0,0,0,16,16,135137,8446.062,0,0,0,0,8.157
decode,real,1355,560535380832555837,0,0,0,0,16,16,135153,8447.062,0,0,0,0,8.130
decode,real,1356,560535380832555837,0,0,0,0,16,16,135169,8448.062,0,0,0,0,8.161
decode,real,1357,560535380832555837,0,0,0,0,16,16,135185,8449.062,0,0,0,0,8.133
decode,real,1358,560535380832555837,0,0,0,0,16,16,135201,8450.062,0,0,0,0,8.148
decode,real,1359,560535380832555837,0,0,0,0,16,16,135217,8451.062,0,0,0,0,8.144
decode,real,1360,560535380832555837,0,0,0,0,16,16,135233,8452.062,0,0,0,0,8.308
decode,real,1361,560535380832555837,0,0,0,0,16,16,135249,8453.062,0,0,0,0,7.987
decode,real,1362,560535380832555837,0,0,0,0,16,16,135265,8454.062,0,0,0,0,8.113
decode,real,1363,560535380832555837,0,0,0,0,16,16,135281,8455.062,0,0,0,0,8.227
decode,real,1364,560535380832555837,0,0,0,0,16,16,135297,8456.062,0,0,0,0,8.101
decode,real,1365,560535380832555837,0,0,0,0,16,16,135313,8457.062,0,0,0,0,8.129
decode,real,1366,560535380832555837,0,0,0,0,16,16,135329,8458.062,0,0,0,0,8.162
decode,real,1367,560535380832555837,0,0,0,0,16,16,135345,8459.062,0,0,0,0,8.139
decode,real,1368,560535380832555837,0,0,0,0,16,16,135361,8460.062,0,0,0,0,8.155
decode,real,1369,560535380832555837,0,0,0,0,16,16,135377,8461.062,0,0,0,0,8.153
decode,real,1370,560535380832555837,0,0,0,0,16,16,135393,8462.062,0,0,0,0,8.115
decode,real,1371,560535380832555837,0,0,0,0,16,16,135409,8463.062,0,0,0,0,8.173
decode,real,1372,560535380832555837,0,0,0,0,16,16,135425,8464.062,0,0,0,0,8.132
decode,real,1373,560535380832555837,0,0,0,0,16,16,135441,8465.062,0,0,0,0,8.143
decode,real,1374,560535380832555837,0,0,0,0,16,16,135457,8466.062,0,0,0,0,8.146
decode,real,1375,560535380832555837,0,0,0,0,16,16,135473,8467.062,0,0,0,0,8.106
decode,real,1376,560535380832555837,0,0,0,0,16,16,135489,8468.062,0,0,0,0,8.200
decode,real,1377,560535380832555837,0,0,0,0,16,16,135505,8469.062,0,0,0,0,8.130
decode,real,1378,560535380832555837,0,0,0,0,16,16,135521,8470.062,0,0,0,0,8.123
decode,real,1379,560535380832555837,0,0,0,0,16,16,135537,8471.062,0,0,0,0,8.145
decode,real,1380,560535380832555837,0,0,0,0,16,16,135553,8472.062,0,0,0,0,8.193
decode,real,1381,560535380832555837,0,0,0,0,16,16,135569,8473.062,0,0,0,0,8.155
decode,real,1382,560535380832555837,0,0,0,0,16,16,135585,8474.062,0,0,0,0,8.104
decode,real,1383,560535380832555837,0,0,0,0,16,16,135601,8475.062,0,0,0,0,8.168
decode,real,1384,560535380832555837,0,0,0,0,16,16,135617,8476.062,0,0,0,0,8.144
decode,real,1385,560535380832555837,0,0,0,0,16,16,135633,8477.062,0,0,0,0,8.141
decode,real,1386,560535380832555837,0,0,0,0,16,16,135649,8478.062,0,0,0,0,8.181
decode,real,1387,560535380832555837,0,0,0,0,16,16,135665,8479.062,0,0,0,0,8.132
decode,real,1388,560535380832555837,0,0,0,0,16,16,135681,8480.062,0,0,0,0,8.171
decode,real,1389,560535380832555837,0,0,0,0,16,16,135697,8481.062,0,0,0,0,8.104
decode,real,1390,560535380832555837,0,0,0,0,16,16,135713,8482.062,0,0,0,0,8.143
decode,real,1391,560535380832555837,0,0,0,0,16,16,135729,8483.062,0,0,0,0,8.158
decode,real,1392,560535380832555837,0,0,0,0,16,16,135745,8484.062,0,0,0,0,8.165
decode,real,1393,560535380832555837,0,0,0,0,16,16,135761,8485.062,0,0,0,0,8.152
decode,real,1394,560535380832555837,0,0,0,0,16,16,135777,8486.062,0,0,0,0,8.118
decode,real,1395,560535380832555837,0,0,0,0,16,16,135793,8487.062,0,0,0,0,8.189
decode,real,1396,560535380832555837,0,0,0,0,16,16,135809,8488.062,0,0,0,0,8.143
decode,real,1397,560535380832555837,0,0,0,0,16,16,135825,8489.062,0,0,0,0,8.115
decode,real,1398,560535380832555837,0,0,0,0,16,16,135841,8490.062,0,0,0,0,8.144
decode,real,1399,560535380832555837,0,0,0,0,16,16,135857,8491.062,0,0,0,0,8.146
decode,real,1400,560535380832555837,0,0,0,0,16,16,135873,8492.062,0,0,0,0,8.162
decode,real,1401,560535380832555837,0,0,0,0,16,16,135889,8493.062,0,0,0,0,8.160
decode,real,1402,560535380832555837,0,0,0,0,16,16,135905,8494.062,0,0,0,0,8.141
decode,real,1403,560535380832555837,0,0,0,0,16,16,135921,8495.062,0,0,0,0,8.173
decode,real,1404,560535380832555837,0,0,0,0,16,16,135937,8496.062,0,0,0,0,8.168
decode,real,1405,560535380832555837,0,0,0,0,16,16,135953,8497.062,0,0,0,0,8.107
decode,real,1406,560535380832555837,0,0,0,0,16,16,135969,8498.062,0,0,0,0,8.159
decode,real,1407,560535380832555837,0,0,0,0,16,16,135985,8499.062,0,0,0,0,8.158
decode,real,1408,560535380832555837,0,0,0,0,16,16,136001,8500.062,0,0,0,0,8.188
decode,real,1409,560535380832555837,0,0,0,0,16,16,136017,8501.062,0,0,0,0,8.078
decode,real,1410,560535380832555837,0,0,0,0,16,16,136033,8502.062,0,0,0,0,8.143
decode,real,1411,560535380832555837,0,0,0,0,16,16,136049,8503.062,0,0,0,0,8.160
decode,real,1412,560535380832555837,0,0,0,0,16,16,136065,8504.062,0,0,0,0,8.168
decode,real,1413,560535380832555837,0,0,0,0,16,16,136081,8505.062,0,0,0,0,8.119
decode,real,1414,560535380832555837,0,0,0,0,16,16,136097,8506.062,0,0,0,0,8.164
decode,real,1415,560535380832555837,0,0,0,0,16,16,136113,8507.062,0,0,0,0,8.163
decode,real,1416,560535380832555837,0,0,0,0,16,16,136129,8508.062,0,0,0,0,8.165
decode,real,1417,560535380832555837,0,0,0,0,16,16,136145,8509.062,0,0,0,0,8.096
decode,real,1418,560535380832555837,0,0,0,0,16,16,136161,8510.062,0,0,0,0,8.167
decode,real,1419,560535380832555837,0,0,0,0,16,16,136177,8511.062,0,0,0,0,8.191
decode,real,1420,560535380832555837,0,0,0,0,16,16,136193,8512.062,0,0,0,0,8.123
decode,real,1421,560535380832555837,0,0,0,0,16,16,136209,8513.062,0,0,0,0,8.164
decode,real,1422,560535380832555837,0,0,0,0,16,16,136225,8514.062,0,0,0,0,8.138
decode,real,1423,560535380832555837,0,0,0,0,16,16,136241,8515.062,0,0,0,0,8.175
decode,real,1424,560535380832555837,0,0,0,0,16,16,136257,8516.062,0,0,0,0,8.154
decode,real,1425,560535380832555837,0,0,0,0,16,16,136273,8517.062,0,0,0,0,8.131
decode,real,1426,560535380832555837,0,0,0,0,16,16,136289,8518.062,0,0,0,0,8.124
decode,real,1427,560535380832555837,0,0,0,0,16,16,136305,8519.062,0,0,0,0,8.172
decode,real,1428,560535380832555837,0,0,0,0,16,16,136321,8520.062,0,0,0,0,8.230
decode,real,1429,560535380832555837,0,0,0,0,16,16,136337,8521.062,0,0,0,0,8.119
decode,real,1430,560535380832555837,0,0,0,0,16,16,136353,8522.062,0,0,0,0,8.140
decode,real,1431,560535380832555837,0,0,0,0,16,16,136369,8523.062,0,0,0,0,8.125
decode,real,1432,560535380832555837,0,0,0,0,16,16,136385,8524.062,0,0,0,0,8.184
decode,real,1433,560535380832555837,0,0,0,0,16,16,136401,8525.062,0,0,0,0,8.154
decode,real,1434,560535380832555837,0,0,0,0,16,16,136417,8526.062,0,0,0,0,8.161
decode,real,1435,560535380832555837,0,0,0,0,16,16,136433,8527.062,0,0,0,0,8.154
decode,real,1436,560535380832555837,0,0,0,0,16,16,136449,8528.062,0,0,0,0,8.155
decode,real,1437,560535380832555837,0,0,0,0,16,16,136465,8529.062,0,0,0,0,8.140
decode,real,1438,560535380832555837,0,0,0,0,16,16,136481,8530.062,0,0,0,0,8.149
decode,real,1439,560535380832555837,0,0,0,0,16,16,136497,8531.062,0,0,0,0,8.135
decode,real,1440,560535380832555837,0,0,0,0,16,16,136513,8532.062,0,0,0,0,8.198
decode,real,1441,560535380832555837,0,0,0,0,16,16,136529,8533.062,0,0,0,0,8.139
decode,real,1442,560535380832555837,0,0,0,0,16,16,136545,8534.062,0,0,0,0,8.146
decode,real,1443,560535380832555837,0,0,0,0,16,16,136561,8535.062,0,0,0,0,8.121
decode,real,1444,560535380832555837,0,0,0,0,16,16,136577,8536.062,0,0,0,0,8.207
decode,real,1445,560535380832555837,0,0,0,0,16,16,136593,8537.062,0,0,0,0,8.127
decode,real,1446,560535380832555837,0,0,0,0,16,16,136609,8538.062,0,0,0,0,8.212
decode,real,1447,560535380832555837,0,0,0,0,16,16,136625,8539.062,0,0,0,0,8.109
decode,real,1448,560535380832555837,0,0,0,0,16,16,136641,8540.062,0,0,0,0,8.206
decode,real,1449,560535380832555837,0,0,0,0,16,16,136657,8541.062,0,0,0,0,8.127
decode,real,1450,560535380832555837,0,0,0,0,16,16,136673,8542.062,0,0,0,0,8.137
decode,real,1451,560535380832555837,0,0,0,0,16,16,136689,8543.062,0,0,0,0,8.174
decode,real,1452,560535380832555837,0,0,0,0,16,16,136705,8544.062,0,0,0,0,8.173
decode,real,1453,560535380832555837,0,0,0,0,16,16,136721,8545.062,0,0,0,0,8.154
decode,real,1454,560535380832555837,0,0,0,0,16,16,136737,8546.062,0,0,0,0,8.139
decode,real,1455,560535380832555837,0,0,0,0,16,16,136753,8547.062,0,0,0,0,8.152
decode,real,1456,560535380832555837,0,0,0,0,16,16,136769,8548.062,0,0,0,0,8.169
decode,real,1457,560535380832555837,0,0,0,0,16,16,136785,8549.062,0,0,0,0,8.142
decode,real,1458,560535380832555837,0,0,0,0,16,16,136801,8550.062,0,0,0,0,8.148
decode,real,1459,560535380832555837,0,0,0,0,16,16,136817,8551.062,0,0,0,0,8.164
decode,real,1460,560535380832555837,0,0,0,0,16,16,136833,8552.062,0,0,0,0,8.223
decode,real,1461,560535380832555837,0,0,0,0,16,16,136849,8553.062,0,0,0,0,8.093
decode,real,1462,560535380832555837,0,0,0,0,16,16,136865,8554.062,0,0,0,0,8.160
decode,real,1463,560535380832555837,0,0,0,0,16,16,136881,8555.062,0,0,0,0,8.166
decode,real,1464,560535380832555837,0,0,0,0,16,16,136897,8556.062,0,0,0,0,8.191
decode,real,1465,560535380832555837,0,0,0,0,16,16,136913,8557.062,0,0,0,0,8.137
decode,real,1466,560535380832555837,0,0,0,0,16,16,136929,8558.062,0,0,0,0,8.150
decode,real,1467,560535380832555837,0,0,0,0,16,16,136945,8559.062,0,0,0,0,8.170
decode,real,1468,560535380832555837,0,0,0,0,16,16,136961,8560.062,0,0,0,0,8.185
decode,real,1469,560535380832555837,0,0,0,0,16,16,136977,8561.062,0,0,0,0,8.144
decode,real,1470,560535380832555837,0,0,0,0,16,16,136993,8562.062,0,0,0,0,8.143
decode,real,1471,560535380832555837,0,0,0,0,16,16,137009,8563.062,0,0,0,0,8.187
decode,real,1472,560535380832555837,0,0,0,0,16,16,137025,8564.062,0,0,0,0,8.209
decode,real,1473,560535380832555837,0,0,0,0,16,16,137041,8565.062,0,0,0,0,8.100
decode,real,1474,560535380832555837,0,0,0,0,16,16,137057,8566.062,0,0,0,0,8.185
decode,real,1475,560535380832555837,0,0,0,0,16,16,137073,8567.062,0,0,0,0,8.158
decode,real,1476,560535380832555837,0,0,0,0,16,16,137089,8568.062,0,0,0,0,8.157
decode,real,1477,560535380832555837,0,0,0,0,16,16,137105,8569.062,0,0,0,0,8.151
decode,real,1478,560535380832555837,0,0,0,0,16,16,137121,8570.062,0,0,0,0,8.157
decode,real,1479,560535380832555837,0,0,0,0,16,16,137137,8571.062,0,0,0,0,8.187
decode,real,1480,560535380832555837,0,0,0,0,16,16,137153,8572.062,0,0,0,0,8.156
decode,real,1481,560535380832555837,0,0,0,0,16,16,137169,8573.062,0,0,0,0,8.172
decode,real,1482,560535380832555837,0,0,0,0,16,16,137185,8574.062,0,0,0,0,8.150
decode,real,1483,560535380832555837,0,0,0,0,16,16,137201,8575.062,0,0,0,0,8.180
decode,real,1484,560535380832555837,0,0,0,0,16,16,137217,8576.062,0,0,0,0,8.172
decode,real,1485,560535380832555837,0,0,0,0,16,16,137233,8577.062,0,0,0,0,8.153
decode,real,1486,560535380832555837,0,0,0,0,16,16,137249,8578.062,0,0,0,0,8.167
decode,real,1487,560535380832555837,0,0,0,0,16,16,137265,8579.062,0,0,0,0,8.179
decode,real,1488,560535380832555837,0,0,0,0,16,16,137281,8580.062,0,0,0,0,8.221
decode,real,1489,560535380832555837,0,0,0,0,16,16,137297,8581.062,0,0,0,0,8.135
decode,real,1490,560535380832555837,0,0,0,0,16,16,137313,8582.062,0,0,0,0,8.162
decode,real,1491,560535380832555837,0,0,0,0,16,16,137329,8583.062,0,0,0,0,8.173
decode,real,1492,560535380832555837,0,0,0,0,16,16,137345,8584.062,0,0,0,0,8.188
decode,real,1493,560535380832555837,0,0,0,0,16,16,137361,8585.062,0,0,0,0,8.175
decode,real,1494,560535380832555837,0,0,0,0,16,16,137377,8586.062,0,0,0,0,8.161
decode,real,1495,560535380832555837,0,0,0,0,16,16,137393,8587.062,0,0,0,0,8.180
decode,real,1496,560535380832555837,0,0,0,0,16,16,137409,8588.062,0,0,0,0,8.213
decode,real,1497,560535380832555837,0,0,0,0,16,16,137425,8589.062,0,0,0,0,8.137
decode,real,1498,560535380832555837,0,0,0,0,16,16,137441,8590.062,0,0,0,0,8.179
decode,real,1499,560535380832555837,0,0,0,0,16,16,137457,8591.062,0,0,0,0,8.196
decode,real,1500,560535380832555837,0,0,0,0,16,16,137473,8592.062,0,0,0,0,8.170
decode,real,1501,560535380832555837,0,0,0,0,16,16,137489,8593.062,0,0,0,0,8.162
decode,real,1502,560535380832555837,0,0,0,0,16,16,137505,8594.062,0,0,0,0,8.209
decode,real,1503,560535380832555837,0,0,0,0,16,16,137521,8595.062,0,0,0,0,8.166
decode,real,1504,560535380832555837,0,0,0,0,16,16,137537,8596.062,0,0,0,0,8.188
decode,real,1505,560535380832555837,0,0,0,0,16,16,137553,8597.062,0,0,0,0,8.167
decode,real,1506,560535380832555837,0,0,0,0,16,16,137569,8598.062,0,0,0,0,8.177
decode,real,1507,560535380832555837,0,0,0,0,16,16,137585,8599.062,0,0,0,0,8.203
decode,real,1508,560535380832555837,0,0,0,0,16,16,137601,8600.062,0,0,0,0,8.183
decode,real,1509,560535380832555837,0,0,0,0,16,16,137617,8601.062,0,0,0,0,8.166
decode,real,1510,560535380832555837,0,0,0,0,16,16,137633,8602.062,0,0,0,0,8.181
decode,real,1511,560535380832555837,0,0,0,0,16,16,137649,8603.062,0,0,0,0,8.193
decode,real,1512,560535380832555837,0,0,0,0,16,16,137665,8604.062,0,0,0,0,8.204
decode,real,1513,560535380832555837,0,0,0,0,16,16,137681,8605.062,0,0,0,0,8.167
decode,real,1514,560535380832555837,0,0,0,0,16,16,137697,8606.062,0,0,0,0,8.202
decode,real,1515,560535380832555837,0,0,0,0,16,16,137713,8607.062,0,0,0,0,8.465
decode,real,1516,560535380832555837,0,0,0,0,16,16,137729,8608.062,0,0,0,0,7.914
decode,real,1517,560535380832555837,0,0,0,0,16,16,137745,8609.062,0,0,0,0,8.168
decode,real,1518,560535380832555837,0,0,0,0,16,16,137761,8610.062,0,0,0,0,8.200
decode,real,1519,560535380832555837,0,0,0,0,16,16,137777,8611.062,0,0,0,0,8.166
decode,real,1520,560535380832555837,0,0,0,0,16,16,137793,8612.062,0,0,0,0,8.200
decode,real,1521,560535380832555837,0,0,0,0,16,16,137809,8613.062,0,0,0,0,8.186
decode,real,1522,560535380832555837,0,0,0,0,16,16,137825,8614.062,0,0,0,0,8.181
decode,real,1523,560535380832555837,0,0,0,0,16,16,137841,8615.062,0,0,0,0,8.170
decode,real,1524,560535380832555837,0,0,0,0,16,16,137857,8616.062,0,0,0,0,8.222
decode,real,1525,560535380832555837,0,0,0,0,16,16,137873,8617.062,0,0,0,0,8.150
decode,real,1526,560535380832555837,0,0,0,0,16,16,137889,8618.062,0,0,0,0,8.184
decode,real,1527,560535380832555837,0,0,0,0,16,16,137905,8619.062,0,0,0,0,8.170
decode,real,1528,560535380832555837,0,0,0,0,16,16,137921,8620.062,0,0,0,0,8.255
decode,real,1529,560535380832555837,0,0,0,0,16,16,137937,8621.062,0,0,0,0,8.155
decode,real,1530,560535380832555837,0,0,0,0,16,16,137953,8622.062,0,0,0,0,8.159
decode,real,1531,560535380832555837,0,0,0,0,16,16,137969,8623.062,0,0,0,0,8.197
decode,real,1532,560535380832555837,0,0,0,0,16,16,137985,8624.062,0,0,0,0,8.206
decode,real,1533,560535380832555837,0,0,0,0,16,16,138001,8625.062,0,0,0,0,8.147
decode,real,1534,560535380832555837,0,0,0,0,16,16,138017,8626.062,0,0,0,0,8.189
decode,real,1535,560535380832555837,0,0,0,0,16,16,138033,8627.062,0,0,0,0,8.173
decode,real,1536,560535380832555837,0,0,0,0,16,16,138049,8628.062,0,0,0,0,8.219
decode,real,1537,560535380832555837,0,0,0,0,16,16,138065,8629.062,0,0,0,0,8.170
decode,real,1538,560535380832555837,0,0,0,0,16,16,138081,8630.062,0,0,0,0,8.158
decode,real,1539,560535380832555837,0,0,0,0,16,16,138097,8631.062,0,0,0,0,8.215
decode,real,1540,560535380832555837,0,0,0,0,16,16,138113,8632.062,0,0,0,0,8.212
decode,real,1541,560535380832555837,0,0,0,0,16,16,138129,8633.062,0,0,0,0,8.160
decode,real,1542,560535380832555837,0,0,0,0,16,16,138145,8634.062,0,0,0,0,8.204
decode,real,1543,560535380832555837,0,0,0,0,16,16,138161,8635.062,0,0,0,0,8.154
decode,real,1544,560535380832555837,0,0,0,0,16,16,138177,8636.062,0,0,0,0,8.202
decode,real,1545,560535380832555837,0,0,0,0,16,16,138193,8637.062,0,0,0,0,8.199
decode,real,1546,560535380832555837,0,0,0,0,16,16,138209,8638.062,0,0,0,0,8.174
decode,real,1547,560535380832555837,0,0,0,0,16,16,138225,8639.062,0,0,0,0,8.195
decode,real,1548,560535380832555837,0,0,0,0,16,16,138241,8640.062,0,0,0,0,8.191
decode,real,1549,560535380832555837,0,0,0,0,16,16,138257,8641.062,0,0,0,0,8.171
decode,real,1550,560535380832555837,0,0,0,0,16,16,138273,8642.062,0,0,0,0,8.185
decode,real,1551,560535380832555837,0,0,0,0,16,16,138289,8643.062,0,0,0,0,8.165
decode,real,1552,560535380832555837,0,0,0,0,16,16,138305,8644.062,0,0,0,0,8.218
decode,real,1553,560535380832555837,0,0,0,0,16,16,138321,8645.062,0,0,0,0,8.143
decode,real,1554,560535380832555837,0,0,0,0,16,16,138337,8646.062,0,0,0,0,8.197
decode,real,1555,560535380832555837,0,0,0,0,16,16,138353,8647.062,0,0,0,0,8.183
decode,real,1556,560535380832555837,0,0,0,0,16,16,138369,8648.062,0,0,0,0,8.275
decode,real,1557,560535380832555837,0,0,0,0,16,16,138385,8649.062,0,0,0,0,8.123
decode,real,1558,560535380832555837,0,0,0,0,16,16,138401,8650.062,0,0,0,0,8.169
decode,real,1559,560535380832555837,0,0,0,0,16,16,138417,8651.062,0,0,0,0,8.192
decode,real,1560,560535380832555837,0,0,0,0,16,16,138433,8652.062,0,0,0,0,8.221
decode,real,1561,560535380832555837,0,0,0,0,16,16,138449,8653.062,0,0,0,0,8.186
decode,real,1562,560535380832555837,0,0,0,0,16,16,138465,8654.062,0,0,0,0,8.178
decode,real,1563,560535380832555837,0,0,0,0,16,16,138481,8655.062,0,0,0,0,8.209
decode,real,1564,560535380832555837,0,0,0,0,16,16,138497,8656.062,0,0,0,0,8.183
decode,real,1565,560535380832555837,0,0,0,0,16,16,138513,8657.062,0,0,0,0,8.166
decode,real,1566,560535380832555837,0,0,0,0,16,16,138529,8658.062,0,0,0,0,8.176
decode,real,1567,560535380832555837,0,0,0,0,16,16,138545,8659.062,0,0,0,0,8.190
decode,real,1568,560535380832555837,0,0,0,0,16,16,138561,8660.062,0,0,0,0,8.230
decode,real,1569,560535380832555837,0,0,0,0,16,16,138577,8661.062,0,0,0,0,8.145
decode,real,1570,560535380832555837,0,0,0,0,16,16,138593,8662.062,0,0,0,0,8.177
decode,real,1571,560535380832555837,0,0,0,0,16,16,138609,8663.062,0,0,0,0,8.210
decode,real,1572,560535380832555837,0,0,0,0,16,16,138625,8664.062,0,0,0,0,8.215
decode,real,1573,560535380832555837,0,0,0,0,16,16,138641,8665.062,0,0,0,0,8.194
decode,real,1574,560535380832555837,0,0,0,0,16,16,138657,8666.062,0,0,0,0,8.190
decode,real,1575,560535380832555837,0,0,0,0,16,16,138673,8667.062,0,0,0,0,8.182
decode,real,1576,560535380832555837,0,0,0,0,16,16,138689,8668.062,0,0,0,0,8.211
decode,real,1577,560535380832555837,0,0,0,0,16,16,138705,8669.062,0,0,0,0,8.194
decode,real,1578,560535380832555837,0,0,0,0,16,16,138721,8670.062,0,0,0,0,8.175
decode,real,1579,560535380832555837,0,0,0,0,16,16,138737,8671.062,0,0,0,0,8.191
decode,real,1580,560535380832555837,0,0,0,0,16,16,138753,8672.062,0,0,0,0,8.213
decode,real,1581,560535380832555837,0,0,0,0,16,16,138769,8673.062,0,0,0,0,8.171
decode,real,1582,560535380832555837,0,0,0,0,16,16,138785,8674.062,0,0,0,0,8.225
decode,real,1583,560535380832555837,0,0,0,0,16,16,138801,8675.062,0,0,0,0,8.143
decode,real,1584,560535380832555837,0,0,0,0,16,16,138817,8676.062,0,0,0,0,8.219
decode,real,1585,560535380832555837,0,0,0,0,16,16,138833,8677.062,0,0,0,0,8.172
decode,real,1586,560535380832555837,0,0,0,0,16,16,138849,8678.062,0,0,0,0,8.199
decode,real,1587,560535380832555837,0,0,0,0,16,16,138865,8679.062,0,0,0,0,8.187
decode,real,1588,560535380832555837,0,0,0,0,16,16,138881,8680.062,0,0,0,0,8.212
decode,real,1589,560535380832555837,0,0,0,0,16,16,138897,8681.062,0,0,0,0,8.192
decode,real,1590,560535380832555837,0,0,0,0,16,16,138913,8682.062,0,0,0,0,8.160
decode,real,1591,560535380832555837,0,0,0,0,16,16,138929,8683.062,0,0,0,0,8.236
decode,real,1592,560535380832555837,0,0,0,0,16,16,138945,8684.062,0,0,0,0,8.208
decode,real,1593,560535380832555837,0,0,0,0,16,16,138961,8685.062,0,0,0,0,8.171
decode,real,1594,560535380832555837,0,0,0,0,16,16,138977,8686.062,0,0,0,0,8.196
decode,real,1595,560535380832555837,0,0,0,0,16,16,138993,8687.062,0,0,0,0,8.192
decode,real,1596,560535380832555837,0,0,0,0,16,16,139009,8688.062,0,0,0,0,8.189
decode,real,1597,560535380832555837,0,0,0,0,16,16,139025,8689.062,0,0,0,0,8.204
decode,real,1598,560535380832555837,0,0,0,0,16,16,139041,8690.062,0,0,0,0,8.182
decode,real,1599,560535380832555837,0,0,0,0,16,16,139057,8691.062,0,0,0,0,8.194
decode,real,1600,560535380832555837,0,0,0,0,16,16,139073,8692.062,0,0,0,0,8.219
decode,real,1601,560535380832555837,0,0,0,0,16,16,139089,8693.062,0,0,0,0,8.198
decode,real,1602,560535380832555837,0,0,0,0,16,16,139105,8694.062,0,0,0,0,8.185
decode,real,1603,560535380832555837,0,0,0,0,16,16,139121,8695.062,0,0,0,0,8.200
decode,real,1604,560535380832555837,0,0,0,0,16,16,139137,8696.062,0,0,0,0,8.251
decode,real,1605,560535380832555837,0,0,0,0,16,16,139153,8697.062,0,0,0,0,8.132
decode,real,1606,560535380832555837,0,0,0,0,16,16,139169,8698.062,0,0,0,0,8.205
decode,real,1607,560535380832555837,0,0,0,0,16,16,139185,8699.062,0,0,0,0,8.188
decode,real,1608,560535380832555837,0,0,0,0,16,16,139201,8700.062,0,0,0,0,8.234
decode,real,1609,560535380832555837,0,0,0,0,16,16,139217,8701.062,0,0,0,0,8.151
decode,real,1610,560535380832555837,0,0,0,0,16,16,139233,8702.062,0,0,0,0,8.259
decode,real,1611,560535380832555837,0,0,0,0,16,16,139249,8703.062,0,0,0,0,8.153
decode,real,1612,560535380832555837,0,0,0,0,16,16,139265,8704.062,0,0,0,0,8.220
decode,real,1613,560535380832555837,0,0,0,0,16,16,139281,8705.062,0,0,0,0,8.193
decode,real,1614,560535380832555837,0,0,0,0,16,16,139297,8706.062,0,0,0,0,8.170
decode,real,1615,560535380832555837,0,0,0,0,16,16,139313,8707.062,0,0,0,0,8.204
decode,real,1616,560535380832555837,0,0,0,0,16,16,139329,8708.062,0,0,0,0,8.222
decode,real,1617,560535380832555837,0,0,0,0,16,16,139345,8709.062,0,0,0,0,8.162
decode,real,1618,560535380832555837,0,0,0,0,16,16,139361,8710.062,0,0,0,0,8.206
decode,real,1619,560535380832555837,0,0,0,0,16,16,139377,8711.062,0,0,0,0,8.203
decode,real,1620,560535380832555837,0,0,0,0,16,16,139393,8712.062,0,0,0,0,8.227
decode,real,1621,560535380832555837,0,0,0,0,16,16,139409,8713.062,0,0,0,0,8.151
decode,real,1622,560535380832555837,0,0,0,0,16,16,139425,8714.062,0,0,0,0,8.200
decode,real,1623,560535380832555837,0,0,0,0,16,16,139441,8715.062,0,0,0,0,8.228
decode,real,1624,560535380832555837,0,0,0,0,16,16,139457,8716.062,0,0,0,0,8.559
decode,real,1625,560535380832555837,0,0,0,0,16,16,139473,8717.062,0,0,0,0,7.854
decode,real,1626,560535380832555837,0,0,0,0,16,16,139489,8718.062,0,0,0,0,8.181
decode,real,1627,560535380832555837,0,0,0,0,16,16,139505,8719.062,0,0,0,0,8.186
decode,real,1628,560535380832555837,0,0,0,0,16,16,139521,8720.062,0,0,0,0,8.241
decode,real,1629,560535380832555837,0,0,0,0,16,16,139537,8721.062,0,0,0,0,8.168
decode,real,1630,560535380832555837,0,0,0,0,16,16,139553,8722.062,0,0,0,0,8.187
decode,real,1631,560535380832555837,0,0,0,0,16,16,139569,8723.062,0,0,0,0,8.247
decode,real,1632,560535380832555837,0,0,0,0,16,16,139585,8724.062,0,0,0,0,8.227
decode,real,1633,560535380832555837,0,0,0,0,16,16,139601,8725.062,0,0,0,0,8.140
decode,real,1634,560535380832555837,0,0,0,0,16,16,139617,8726.062,0,0,0,0,8.209
decode,real,1635,560535380832555837,0,0,0,0,16,16,139633,8727.062,0,0,0,0,8.169
decode,real,1636,560535380832555837,0,0,0,0,16,16,139649,8728.062,0,0,0,0,8.243
decode,real,1637,560535380832555837,0,0,0,0,16,16,139665,8729.062,0,0,0,0,8.214
decode,real,1638,560535380832555837,0,0,0,0,16,16,139681,8730.062,0,0,0,0,8.153
decode,real,1639,560535380832555837,0,0,0,0,16,16,139697,8731.062,0,0,0,0,8.192
decode,real,1640,560535380832555837,0,0,0,0,16,16,139713,8732.062,0,0,0,0,8.249
decode,real,1641,560535380832555837,0,0,0,0,16,16,139729,8733.062,0,0,0,0,8.200
decode,real,1642,560535380832555837,0,0,0,0,16,16,139745,8734.062,0,0,0,0,8.192
decode,real,1643,560535380832555837,0,0,0,0,16,16,139761,8735.062,0,0,0,0,8.214
decode,real,1644,560535380832555837,0,0,0,0,16,16,139777,8736.062,0,0,0,0,8.227
decode,real,1645,560535380832555837,0,0,0,0,16,16,139793,8737.062,0,0,0,0,8.152
decode,real,1646,560535380832555837,0,0,0,0,16,16,139809,8738.062,0,0,0,0,8.214
decode,real,1647,560535380832555837,0,0,0,0,16,16,139825,8739.062,0,0,0,0,8.222
decode,real,1648,560535380832555837,0,0,0,0,16,16,139841,8740.062,0,0,0,0,8.239
decode,real,1649,560535380832555837,0,0,0,0,16,16,139857,8741.062,0,0,0,0,8.140
decode,real,1650,560535380832555837,0,0,0,0,16,16,139873,8742.062,0,0,0,0,8.222
decode,real,1651,560535380832555837,0,0,0,0,16,16,139889,8743.062,0,0,0,0,8.225
decode,real,1652,560535380832555837,0,0,0,0,16,16,139905,8744.062,0,0,0,0,8.247
decode,real,1653,560535380832555837,0,0,0,0,16,16,139921,8745.062,0,0,0,0,8.176
decode,real,1654,560535380832555837,0,0,0,0,16,16,139937,8746.062,0,0,0,0,8.172
decode,real,1655,560535380832555837,0,0,0,0,16,16,139953,8747.062,0,0,0,0,8.442
decode,real,1656,560535380832555837,0,0,0,0,16,16,139969,8748.062,0,0,0,0,8.035
decode,real,1657,560535380832555837,0,0,0,0,16,16,139985,8749.062,0,0,0,0,8.174
decode,real,1658,560535380832555837,0,0,0,0,16,16,140001,8750.062,0,0,0,0,8.208
decode,real,1659,560535380832555837,0,0,0,0,16,16,140017,8751.062,0,0,0,0,8.208
decode,real,1660,560535380832555837,0,0,0,0,16,16,140033,8752.062,0,0,0,0,8.198
decode,real,1661,560535380832555837,0,0,0,0,16,16,140049,8753.062,0,0,0,0,8.175
decode,real,1662,560535380832555837,0,0,0,0,16,16,140065,8754.062,0,0,0,0,8.229
decode,real,1663,560535380832555837,0,0,0,0,16,16,140081,8755.062,0,0,0,0,8.200
decode,real,1664,560535380832555837,0,0,0,0,16,16,140097,8756.062,0,0,0,0,8.251
decode,real,1665,560535380832555837,0,0,0,0,16,16,140113,8757.062,0,0,0,0,8.184
decode,real,1666,560535380832555837,0,0,0,0,16,16,140129,8758.062,0,0,0,0,8.186
decode,real,1667,560535380832555837,0,0,0,0,16,16,140145,8759.062,0,0,0,0,8.241
decode,real,1668,560535380832555837,0,0,0,0,16,16,140161,8760.062,0,0,0,0,8.231
decode,real,1669,560535380832555837,0,0,0,0,16,16,140177,8761.062,0,0,0,0,8.190
decode,real,1670,560535380832555837,0,0,0,0,16,16,140193,8762.062,0,0,0,0,8.194
decode,real,1671,560535380832555837,0,0,0,0,16,16,140209,8763.062,0,0,0,0,8.207
decode,real,1672,560535380832555837,0,0,0,0,16,16,140225,8764.062,0,0,0,0,8.230
decode,real,1673,560535380832555837,0,0,0,0,16,16,140241,8765.062,0,0,0,0,8.195
decode,real,1674,560535380832555837,0,0,0,0,16,16,140257,8766.062,0,0,0,0,8.192
decode,real,1675,560535380832555837,0,0,0,0,16,16,140273,8767.062,0,0,0,0,8.222
decode,real,1676,560535380832555837,0,0,0,0,16,16,140289,8768.062,0,0,0,0,8.241
decode,real,1677,560535380832555837,0,0,0,0,16,16,140305,8769.062,0,0,0,0,8.179
decode,real,1678,560535380832555837,0,0,0,0,16,16,140321,8770.062,0,0,0,0,8.209
decode,real,1679,560535380832555837,0,0,0,0,16,16,140337,8771.062,0,0,0,0,8.181
decode,real,1680,560535380832555837,0,0,0,0,16,16,140353,8772.062,0,0,0,0,8.271
decode,real,1681,560535380832555837,0,0,0,0,16,16,140369,8773.062,0,0,0,0,8.179
decode,real,1682,560535380832555837,0,0,0,0,16,16,140385,8774.062,0,0,0,0,8.206
decode,real,1683,560535380832555837,0,0,0,0,16,16,140401,8775.062,0,0,0,0,8.204
decode,real,1684,560535380832555837,0,0,0,0,16,16,140417,8776.062,0,0,0,0,8.239
decode,real,1685,560535380832555837,0,0,0,0,16,16,140433,8777.062,0,0,0,0,8.205
decode,real,1686,560535380832555837,0,0,0,0,16,16,140449,8778.062,0,0,0,0,8.245
decode,real,1687,560535380832555837,0,0,0,0,16,16,140465,8779.062,0,0,0,0,8.157
decode,real,1688,560535380832555837,0,0,0,0,16,16,140481,8780.062,0,0,0,0,8.241
decode,real,1689,560535380832555837,0,0,0,0,16,16,140497,8781.062,0,0,0,0,8.195
decode,real,1690,560535380832555837,0,0,0,0,16,16,140513,8782.062,0,0,0,0,8.180
decode,real,1691,560535380832555837,0,0,0,0,16,16,140529,8783.062,0,0,0,0,8.235
decode,real,1692,560535380832555837,0,0,0,0,16,16,140545,8784.062,0,0,0,0,8.234
decode,real,1693,560535380832555837,0,0,0,0,16,16,140561,8785.062,0,0,0,0,8.199
decode,real,1694,560535380832555837,0,0,0,0,16,16,140577,8786.062,0,0,0,0,8.198
decode,real,1695,560535380832555837,0,0,0,0,16,16,140593,8787.062,0,0,0,0,8.221
decode,real,1696,560535380832555837,0,0,0,0,16,16,140609,8788.062,0,0,0,0,8.229
decode,real,1697,560535380832555837,0,0,0,0,16,16,140625,8789.062,0,0,0,0,8.185
decode,real,1698,560535380832555837,0,0,0,0,16,16,140641,8790.062,0,0,0,0,8.218
decode,real,1699,560535380832555837,0,0,0,0,16,16,140657,8791.062,0,0,0,0,8.219
decode,real,1700,560535380832555837,0,0,0,0,16,16,140673,8792.062,0,0,0,0,8.233
decode,real,1701,560535380832555837,0,0,0,0,16,16,140689,8793.062,0,0,0,0,8.196
decode,real,1702,560535380832555837,0,0,0,0,16,16,140705,8794.062,0,0,0,0,8.211
decode,real,1703,560535380832555837,0,0,0,0,16,16,140721,8795.062,0,0,0,0,8.192
decode,real,1704,560535380832555837,0,0,0,0,16,16,140737,8796.062,0,0,0,0,8.238
decode,real,1705,560535380832555837,0,0,0,0,16,16,140753,8797.062,0,0,0,0,8.223
decode,real,1706,560535380832555837,0,0,0,0,16,16,140769,8798.062,0,0,0,0,8.187
decode,real,1707,560535380832555837,0,0,0,0,16,16,140785,8799.062,0,0,0,0,8.216
decode,real,1708,560535380832555837,0,0,0,0,16,16,140801,8800.062,0,0,0,0,8.233
decode,real,1709,560535380832555837,0,0,0,0,16,16,140817,8801.062,0,0,0,0,8.208
decode,real,1710,560535380832555837,0,0,0,0,16,16,140833,8802.062,0,0,0,0,8.180
decode,real,1711,560535380832555837,0,0,0,0,16,16,140849,8803.062,0,0,0,0,8.218
decode,real,1712,560535380832555837,0,0,0,0,16,16,140865,8804.062,0,0,0,0,8.253
decode,real,1713,560535380832555837,0,0,0,0,16,16,140881,8805.062,0,0,0,0,8.180
decode,real,1714,560535380832555837,0,0,0,0,16,16,140897,8806.062,0,0,0,0,8.219
decode,real,1715,560535380832555837,0,0,0,0,16,16,140913,8807.062,0,0,0,0,8.194
decode,real,1716,560535380832555837,0,0,0,0,16,16,140929,8808.062,0,0,0,0,8.217
decode,real,1717,560535380832555837,0,0,0,0,16,16,140945,8809.062,0,0,0,0,8.234
decode,real,1718,560535380832555837,0,0,0,0,16,16,140961,8810.062,0,0,0,0,8.217
decode,real,1719,560535380832555837,0,0,0,0,16,16,140977,8811.062,0,0,0,0,8.216
decode,real,1720,560535380832555837,0,0,0,0,16,16,140993,8812.062,0,0,0,0,8.292
decode,real,1721,560535380832555837,0,0,0,0,16,16,141009,8813.062,0,0,0,0,8.150
decode,real,1722,560535380832555837,0,0,0,0,16,16,141025,8814.062,0,0,0,0,8.201
decode,real,1723,560535380832555837,0,0,0,0,16,16,141041,8815.062,0,0,0,0,8.265
decode,real,1724,560535380832555837,0,0,0,0,16,16,141057,8816.062,0,0,0,0,8.192
decode,real,1725,560535380832555837,0,0,0,0,16,16,141073,8817.062,0,0,0,0,8.200
decode,real,1726,560535380832555837,0,0,0,0,16,16,141089,8818.062,0,0,0,0,8.213
decode,real,1727,560535380832555837,0,0,0,0,16,16,141105,8819.062,0,0,0,0,8.210
decode,real,1728,560535380832555837,0,0,0,0,16,16,141121,8820.062,0,0,0,0,8.231
decode,real,1729,560535380832555837,0,0,0,0,16,16,141137,8821.062,0,0,0,0,8.204
decode,real,1730,560535380832555837,0,0,0,0,16,16,141153,8822.062,0,0,0,0,8.207
decode,real,1731,560535380832555837,0,0,0,0,16,16,141169,8823.062,0,0,0,0,8.237
decode,real,1732,560535380832555837,0,0,0,0,16,16,141185,8824.062,0,0,0,0,8.251
decode,real,1733,560535380832555837,0,0,0,0,16,16,141201,8825.062,0,0,0,0,8.191
decode,real,1734,560535380832555837,0,0,0,0,16,16,141217,8826.062,0,0,0,0,8.230
decode,real,1735,560535380832555837,0,0,0,0,16,16,141233,8827.062,0,0,0,0,8.188
decode,real,1736,560535380832555837,0,0,0,0,16,16,141249,8828.062,0,0,0,0,8.275
decode,real,1737,560535380832555837,0,0,0,0,16,16,141265,8829.062,0,0,0,0,8.172
decode,real,1738,560535380832555837,0,0,0,0,16,16,141281,8830.062,0,0,0,0,8.227
decode,real,1739,560535380832555837,0,0,0,0,16,16,141297,8831.062,0,0,0,0,8.224
decode,real,1740,560535380832555837,0,0,0,0,16,16,141313,8832.062,0,0,0,0,8.245
decode,real,1741,560535380832555837,0,0,0,0,16,16,141329,8833.062,0,0,0,0,8.196
decode,real,1742,560535380832555837,0,0,0,0,16,16,141345,8834.062,0,0,0,0,8.216
decode,real,1743,560535380832555837,0,0,0,0,16,16,141361,8835.062,0,0,0,0,8.212
decode,real,1744,560535380832555837,0,0,0,0,16,16,141377,8836.062,0,0,0,0,8.250
decode,real,1745,560535380832555837,0,0,0,0,16,16,141393,8837.062,0,0,0,0,8.206
decode,real,1746,560535380832555837,0,0,0,0,16,16,141409,8838.062,0,0,0,0,8.212
decode,real,1747,560535380832555837,0,0,0,0,16,16,141425,8839.062,0,0,0,0,8.205
decode,real,1748,560535380832555837,0,0,0,0,16,16,141441,8840.062,0,0,0,0,8.251
decode,real,1749,560535380832555837,0,0,0,0,16,16,141457,8841.062,0,0,0,0,8.224
decode,real,1750,560535380832555837,0,0,0,0,16,16,141473,8842.062,0,0,0,0,8.209
decode,real,1751,560535380832555837,0,0,0,0,16,16,141489,8843.062,0,0,0,0,8.219
decode,real,1752,560535380832555837,0,0,0,0,16,16,141505,8844.062,0,0,0,0,8.245
decode,real,1753,560535380832555837,0,0,0,0,16,16,141521,8845.062,0,0,0,0,8.212
decode,real,1754,560535380832555837,0,0,0,0,16,16,141537,8846.062,0,0,0,0,8.209
decode,real,1755,560535380832555837,0,0,0,0,16,16,141553,8847.062,0,0,0,0,8.270
decode,real,1756,560535380832555837,0,0,0,0,16,16,141569,8848.062,0,0,0,0,8.226
decode,real,1757,560535380832555837,0,0,0,0,16,16,141585,8849.062,0,0,0,0,8.234
decode,real,1758,560535380832555837,0,0,0,0,16,16,141601,8850.062,0,0,0,0,8.233
decode,real,1759,560535380832555837,0,0,0,0,16,16,141617,8851.062,0,0,0,0,8.254
decode,real,1760,560535380832555837,0,0,0,0,16,16,141633,8852.062,0,0,0,0,8.245
decode,real,1761,560535380832555837,0,0,0,0,16,16,141649,8853.062,0,0,0,0,8.205
decode,real,1762,560535380832555837,0,0,0,0,16,16,141665,8854.062,0,0,0,0,8.225
decode,real,1763,560535380832555837,0,0,0,0,16,16,141681,8855.062,0,0,0,0,8.236
decode,real,1764,560535380832555837,0,0,0,0,16,16,141697,8856.062,0,0,0,0,8.240
decode,real,1765,560535380832555837,0,0,0,0,16,16,141713,8857.062,0,0,0,0,8.250
decode,real,1766,560535380832555837,0,0,0,0,16,16,141729,8858.062,0,0,0,0,8.219
decode,real,1767,560535380832555837,0,0,0,0,16,16,141745,8859.062,0,0,0,0,8.234
decode,real,1768,560535380832555837,0,0,0,0,16,16,141761,8860.062,0,0,0,0,8.284
decode,real,1769,560535380832555837,0,0,0,0,16,16,141777,8861.062,0,0,0,0,8.181
decode,real,1770,560535380832555837,0,0,0,0,16,16,141793,8862.062,0,0,0,0,8.203
decode,real,1771,560535380832555837,0,0,0,0,16,16,141809,8863.062,0,0,0,0,8.247
decode,real,1772,560535380832555837,0,0,0,0,16,16,141825,8864.062,0,0,0,0,8.256
decode,real,1773,560535380832555837,0,0,0,0,16,16,141841,8865.062,0,0,0,0,8.258
decode,real,1774,560535380832555837,0,0,0,0,16,16,141857,8866.062,0,0,0,0,8.164
decode,real,1775,560535380832555837,0,0,0,0,16,16,141873,8867.062,0,0,0,0,8.237
decode,real,1776,560535380832555837,0,0,0,0,16,16,141889,8868.062,0,0,0,0,8.268
decode,real,1777,560535380832555837,0,0,0,0,16,16,141905,8869.062,0,0,0,0,8.202
decode,real,1778,560535380832555837,0,0,0,0,16,16,141921,8870.062,0,0,0,0,8.219
decode,real,1779,560535380832555837,0,0,0,0,16,16,141937,8871.062,0,0,0,0,8.222
decode,real,1780,560535380832555837,0,0,0,0,16,16,141953,8872.062,0,0,0,0,8.263
decode,real,1781,560535380832555837,0,0,0,0,16,16,141969,8873.062,0,0,0,0,8.231
decode,real,1782,560535380832555837,0,0,0,0,16,16,141985,8874.062,0,0,0,0,8.210
decode,real,1783,560535380832555837,0,0,0,0,16,16,142001,8875.062,0,0,0,0,8.244
decode,real,1784,560535380832555837,0,0,0,0,16,16,142017,8876.062,0,0,0,0,8.257
decode,real,1785,560535380832555837,0,0,0,0,16,16,142033,8877.062,0,0,0,0,8.207
decode,real,1786,560535380832555837,0,0,0,0,16,16,142049,8878.062,0,0,0,0,8.218
decode,real,1787,560535380832555837,0,0,0,0,16,16,142065,8879.062,0,0,0,0,8.284
decode,real,1788,560535380832555837,0,0,0,0,16,16,142081,8880.062,0,0,0,0,8.266
decode,real,1789,560535380832555837,0,0,0,0,16,16,142097,8881.062,0,0,0,0,8.163
decode,real,1790,560535380832555837,0,0,0,0,16,16,142113,8882.062,0,0,0,0,8.222
decode,real,1791,560535380832555837,0,0,0,0,16,16,142129,8883.062,0,0,0,0,8.233
decode,real,1792,560535380832555837,0,0,0,0,16,16,142145,8884.062,0,0,0,0,8.268
decode,real,1793,560535380832555837,0,0,0,0,16,16,142161,8885.062,0,0,0,0,8.211
decode,real,1794,560535380832555837,0,0,0,0,16,16,142177,8886.062,0,0,0,0,8.239
decode,real,1795,560535380832555837,0,0,0,0,16,16,142193,8887.062,0,0,0,0,8.247
decode,real,1796,560535380832555837,0,0,0,0,16,16,142209,8888.062,0,0,0,0,8.232
decode,real,1797,560535380832555837,0,0,0,0,16,16,142225,8889.062,0,0,0,0,8.245
decode,real,1798,560535380832555837,0,0,0,0,16,16,142241,8890.062,0,0,0,0,8.237
decode,real,1799,560535380832555837,0,0,0,0,16,16,142257,8891.062,0,0,0,0,8.217
decode,real,1800,560535380832555837,0,0,0,0,16,16,142273,8892.062,0,0,0,0,8.286
decode,real,1801,560535380832555837,0,0,0,0,16,16,142289,8893.062,0,0,0,0,8.191
decode,real,1802,560535380832555837,0,0,0,0,16,16,142305,8894.062,0,0,0,0,8.271
decode,real,1803,560535380832555837,0,0,0,0,16,16,142321,8895.062,0,0,0,0,8.234
decode,real,1804,560535380832555837,0,0,0,0,16,16,142337,8896.062,0,0,0,0,8.229
decode,real,1805,560535380832555837,0,0,0,0,16,16,142353,8897.062,0,0,0,0,8.220
decode,real,1806,560535380832555837,0,0,0,0,16,16,142369,8898.062,0,0,0,0,8.262
decode,real,1807,560535380832555837,0,0,0,0,16,16,142385,8899.062,0,0,0,0,8.197
decode,real,1808,560535380832555837,0,0,0,0,16,16,142401,8900.062,0,0,0,0,8.281
decode,real,1809,560535380832555837,0,0,0,0,16,16,142417,8901.062,0,0,0,0,8.201
decode,real,1810,560535380832555837,0,0,0,0,16,16,142433,8902.062,0,0,0,0,8.259
decode,real,1811,560535380832555837,0,0,0,0,16,16,142449,8903.062,0,0,0,0,8.223
decode,real,1812,560535380832555837,0,0,0,0,16,16,142465,8904.062,0,0,0,0,8.300
decode,real,1813,560535380832555837,0,0,0,0,16,16,142481,8905.062,0,0,0,0,8.210
decode,real,1814,560535380832555837,0,0,0,0,16,16,142497,8906.062,0,0,0,0,8.209
decode,real,1815,560535380832555837,0,0,0,0,16,16,142513,8907.062,0,0,0,0,8.302
decode,real,1816,560535380832555837,0,0,0,0,16,16,142529,8908.062,0,0,0,0,8.228
decode,real,1817,560535380832555837,0,0,0,0,16,16,142545,8909.062,0,0,0,0,8.175
decode,real,1818,560535380832555837,0,0,0,0,16,16,142561,8910.062,0,0,0,0,8.243
decode,real,1819,560535380832555837,0,0,0,0,16,16,142577,8911.062,0,0,0,0,8.249
decode,real,1820,560535380832555837,0,0,0,0,16,16,142593,8912.062,0,0,0,0,8.257
decode,real,1821,560535380832555837,0,0,0,0,16,16,142609,8913.062,0,0,0,0,8.217
decode,real,1822,560535380832555837,0,0,0,0,16,16,142625,8914.062,0,0,0,0,8.225
decode,real,1823,560535380832555837,0,0,0,0,16,16,142641,8915.062,0,0,0,0,8.246
decode,real,1824,560535380832555837,0,0,0,0,16,16,142657,8916.062,0,0,0,0,8.239
decode,real,1825,560535380832555837,0,0,0,0,16,16,142673,8917.062,0,0,0,0,8.240
decode,real,1826,560535380832555837,0,0,0,0,16,16,142689,8918.062,0,0,0,0,8.225
decode,real,1827,560535380832555837,0,0,0,0,16,16,142705,8919.062,0,0,0,0,8.247
decode,real,1828,560535380832555837,0,0,0,0,16,16,142721,8920.062,0,0,0,0,8.267
decode,real,1829,560535380832555837,0,0,0,0,16,16,142737,8921.062,0,0,0,0,8.220
decode,real,1830,560535380832555837,0,0,0,0,16,16,142753,8922.062,0,0,0,0,8.210
decode,real,1831,560535380832555837,0,0,0,0,16,16,142769,8923.062,0,0,0,0,8.251
decode,real,1832,560535380832555837,0,0,0,0,16,16,142785,8924.062,0,0,0,0,8.276
decode,real,1833,560535380832555837,0,0,0,0,16,16,142801,8925.062,0,0,0,0,8.217
decode,real,1834,560535380832555837,0,0,0,0,16,16,142817,8926.062,0,0,0,0,8.226
decode,real,1835,560535380832555837,0,0,0,0,16,16,142833,8927.062,0,0,0,0,8.227
decode,real,1836,560535380832555837,0,0,0,0,16,16,142849,8928.062,0,0,0,0,8.247
decode,real,1837,560535380832555837,0,0,0,0,16,16,142865,8929.062,0,0,0,0,8.225
decode,real,1838,560535380832555837,0,0,0,0,16,16,142881,8930.062,0,0,0,0,8.245
decode,real,1839,560535380832555837,0,0,0,0,16,16,142897,8931.062,0,0,0,0,8.220
decode,real,1840,560535380832555837,0,0,0,0,16,16,142913,8932.062,0,0,0,0,8.256
decode,real,1841,560535380832555837,0,0,0,0,16,16,142929,8933.062,0,0,0,0,8.239
decode,real,1842,560535380832555837,0,0,0,0,16,16,142945,8934.062,0,0,0,0,8.211
decode,real,1843,560535380832555837,0,0,0,0,16,16,142961,8935.062,0,0,0,0,8.243
decode,real,1844,560535380832555837,0,0,0,0,16,16,142977,8936.062,0,0,0,0,8.293
decode,real,1845,560535380832555837,0,0,0,0,16,16,142993,8937.062,0,0,0,0,8.207
decode,real,1846,560535380832555837,0,0,0,0,16,16,143009,8938.062,0,0,0,0,8.219
decode,real,1847,560535380832555837,0,0,0,0,16,16,143025,8939.062,0,0,0,0,8.231
decode,real,1848,560535380832555837,0,0,0,0,16,16,143041,8940.062,0,0,0,0,8.452
decode,real,1849,560535380832555837,0,0,0,0,16,16,143057,8941.062,0,0,0,0,8.028
decode,real,1850,560535380832555837,0,0,0,0,16,16,143073,8942.062,0,0,0,0,8.253
decode,real,1851,560535380832555837,0,0,0,0,16,16,143089,8943.062,0,0,0,0,8.229
decode,real,1852,560535380832555837,0,0,0,0,16,16,143105,8944.062,0,0,0,0,8.228
decode,real,1853,560535380832555837,0,0,0,0,16,16,143121,8945.062,0,0,0,0,8.429
decode,real,1854,560535380832555837,0,0,0,0,16,16,143137,8946.062,0,0,0,0,8.044
decode,real,1855,560535380832555837,0,0,0,0,16,16,143153,8947.062,0,0,0,0,8.230
decode,real,1856,560535380832555837,0,0,0,0,16,16,143169,8948.062,0,0,0,0,8.304
decode,real,1857,560535380832555837,0,0,0,0,16,16,143185,8949.062,0,0,0,0,8.184
decode,real,1858,560535380832555837,0,0,0,0,16,16,143201,8950.062,0,0,0,0,8.209
decode,real,1859,560535380832555837,0,0,0,0,16,16,143217,8951.062,0,0,0,0,8.247
decode,real,1860,560535380832555837,0,0,0,0,16,16,143233,8952.062,0,0,0,0,8.274
decode,real,1861,560535380832555837,0,0,0,0,16,16,143249,8953.062,0,0,0,0,8.240
decode,real,1862,560535380832555837,0,0,0,0,16,16,143265,8954.062,0,0,0,0,8.252
decode,real,1863,560535380832555837,0,0,0,0,16,16,143281,8955.062,0,0,0,0,8.246
decode,real,1864,560535380832555837,0,0,0,0,16,16,143297,8956.062,0,0,0,0,8.263
decode,real,1865,560535380832555837,0,0,0,0,16,16,143313,8957.062,0,0,0,0,8.243
decode,real,1866,560535380832555837,0,0,0,0,16,16,143329,8958.062,0,0,0,0,8.199
decode,real,1867,560535380832555837,0,0,0,0,16,16,143345,8959.062,0,0,0,0,8.254
decode,real,1868,560535380832555837,0,0,0,0,16,16,143361,8960.062,0,0,0,0,8.256
decode,real,1869,560535380832555837,0,0,0,0,16,16,143377,8961.062,0,0,0,0,8.244
decode,real,1870,560535380832555837,0,0,0,0,16,16,143393,8962.062,0,0,0,0,8.236
decode,real,1871,560535380832555837,0,0,0,0,16,16,143409,8963.062,0,0,0,0,8.247
decode,real,1872,560535380832555837,0,0,0,0,16,16,143425,8964.062,0,0,0,0,8.291
decode,real,1873,560535380832555837,0,0,0,0,16,16,143441,8965.062,0,0,0,0,8.226
decode,real,1874,560535380832555837,0,0,0,0,16,16,143457,8966.062,0,0,0,0,8.268
decode,real,1875,560535380832555837,0,0,0,0,16,16,143473,8967.062,0,0,0,0,8.254
decode,real,1876,560535380832555837,0,0,0,0,16,16,143489,8968.062,0,0,0,0,8.260
decode,real,1877,560535380832555837,0,0,0,0,16,16,143505,8969.062,0,0,0,0,8.272
decode,real,1878,560535380832555837,0,0,0,0,16,16,143521,8970.062,0,0,0,0,8.333
decode,real,1879,560535380832555837,0,0,0,0,16,16,143537,8971.062,0,0,0,0,8.186
decode,real,1880,560535380832555837,0,0,0,0,16,16,143553,8972.062,0,0,0,0,8.290
decode,real,1881,560535380832555837,0,0,0,0,16,16,143569,8973.062,0,0,0,0,8.243
decode,real,1882,560535380832555837,0,0,0,0,16,16,143585,8974.062,0,0,0,0,8.258
decode,real,1883,560535380832555837,0,0,0,0,16,16,143601,8975.062,0,0,0,0,8.266
decode,real,1884,560535380832555837,0,0,0,0,16,16,143617,8976.062,0,0,0,0,8.276
decode,real,1885,560535380832555837,0,0,0,0,16,16,143633,8977.062,0,0,0,0,8.244
decode,real,1886,560535380832555837,0,0,0,0,16,16,143649,8978.062,0,0,0,0,8.272
decode,real,1887,560535380832555837,0,0,0,0,16,16,143665,8979.062,0,0,0,0,8.272
decode,real,1888,560535380832555837,0,0,0,0,16,16,143681,8980.062,0,0,0,0,8.288
decode,real,1889,560535380832555837,0,0,0,0,16,16,143697,8981.062,0,0,0,0,8.232
decode,real,1890,560535380832555837,0,0,0,0,16,16,143713,8982.062,0,0,0,0,8.260
decode,real,1891,560535380832555837,0,0,0,0,16,16,143729,8983.062,0,0,0,0,8.284
decode,real,1892,560535380832555837,0,0,0,0,16,16,143745,8984.062,0,0,0,0,8.280
decode,real,1893,560535380832555837,0,0,0,0,16,16,143761,8985.062,0,0,0,0,8.249
decode,real,1894,560535380832555837,0,0,0,0,16,16,143777,8986.062,0,0,0,0,8.213
decode,real,1895,560535380832555837,0,0,0,0,16,16,143793,8987.062,0,0,0,0,8.293
decode,real,1896,560535380832555837,0,0,0,0,16,16,143809,8988.062,0,0,0,0,8.220
decode,real,1897,560535380832555837,0,0,0,0,16,16,143825,8989.062,0,0,0,0,8.226
decode,real,1898,560535380832555837,0,0,0,0,16,16,143841,8990.062,0,0,0,0,8.219
decode,real,1899,560535380832555837,0,0,0,0,16,16,143857,8991.062,0,0,0,0,8.220
decode,real,1900,560535380832555837,0,0,0,0,16,16,143873,8992.062,0,0,0,0,8.231
decode,real,1901,560535380832555837,0,0,0,0,16,16,143889,8993.062,0,0,0,0,8.209
decode,real,1902,560535380832555837,0,0,0,0,16,16,143905,8994.062,0,0,0,0,8.265
decode,real,1903,560535380832555837,0,0,0,0,16,16,143921,8995.062,0,0,0,0,8.197
decode,real,1904,560535380832555837,0,0,0,0,16,16,143937,8996.062,0,0,0,0,8.283
decode,real,1905,560535380832555837,0,0,0,0,16,16,143953,8997.062,0,0,0,0,8.153
decode,real,1906,560535380832555837,0,0,0,0,16,16,143969,8998.062,0,0,0,0,8.225
decode,real,1907,560535380832555837,0,0,0,0,16,16,143985,8999.062,0,0,0,0,8.202
decode,real,1908,560535380832555837,0,0,0,0,16,16,144001,9000.062,0,0,0,0,8.229
decode,real,1909,560535380832555837,0,0,0,0,16,16,144017,9001.062,0,0,0,0,8.212
decode,real,1910,560535380832555837,0,0,0,0,16,16,144033,9002.062,0,0,0,0,8.210
decode,real,1911,560535380832555837,0,0,0,0,16,16,144049,9003.062,0,0,0,0,8.216
decode,real,1912,560535380832555837,0,0,0,0,16,16,144065,9004.062,0,0,0,0,8.250
decode,real,1913,560535380832555837,0,0,0,0,16,16,144081,9005.062,0,0,0,0,8.201
decode,real,1914,560535380832555837,0,0,0,0,16,16,144097,9006.062,0,0,0,0,8.227
decode,real,1915,560535380832555837,0,0,0,0,16,16,144113,9007.062,0,0,0,0,8.210
decode,real,1916,560535380832555837,0,0,0,0,16,16,144129,9008.062,0,0,0,0,8.264
decode,real,1917,560535380832555837,0,0,0,0,16,16,144145,9009.062,0,0,0,0,8.199
decode,real,1918,560535380832555837,0,0,0,0,16,16,144161,9010.062,0,0,0,0,8.220
decode,real,1919,560535380832555837,0,0,0,0,16,16,144177,9011.062,0,0,0,0,8.219
decode,real,1920,560535380832555837,0,0,0,0,16,16,144193,9012.062,0,0,0,0,8.247
decode,real,1921,560535380832555837,0,0,0,0,16,16,144209,9013.062,0,0,0,0,8.208
decode,real,1922,560535380832555837,0,0,0,0,16,16,144225,9014.062,0,0,0,0,8.213
decode,real,1923,560535380832555837,0,0,0,0,16,16,144241,9015.062,0,0,0,0,8.242
decode,real,1924,560535380832555837,0,0,0,0,16,16,144257,9016.062,0,0,0,0,8.229
decode,real,1925,560535380832555837,0,0,0,0,16,16,144273,9017.062,0,0,0,0,8.213
decode,real,1926,560535380832555837,0,0,0,0,16,16,144289,9018.062,0,0,0,0,8.219
decode,real,1927,560535380832555837,0,0,0,0,16,16,144305,9019.062,0,0,0,0,8.232
decode,real,1928,560535380832555837,0,0,0,0,16,16,144321,9020.062,0,0,0,0,8.230
decode,real,1929,560535380832555837,0,0,0,0,16,16,144337,9021.062,0,0,0,0,8.211
decode,real,1930,560535380832555837,0,0,0,0,16,16,144353,9022.062,0,0,0,0,8.221
decode,real,1931,560535380832555837,0,0,0,0,16,16,144369,9023.062,0,0,0,0,8.260
decode,real,1932,560535380832555837,0,0,0,0,16,16,144385,9024.062,0,0,0,0,8.244
decode,real,1933,560535380832555837,0,0,0,0,16,16,144401,9025.062,0,0,0,0,8.199
decode,real,1934,560535380832555837,0,0,0,0,16,16,144417,9026.062,0,0,0,0,8.220
decode,real,1935,560535380832555837,0,0,0,0,16,16,144433,9027.062,0,0,0,0,8.233
decode,real,1936,560535380832555837,0,0,0,0,16,16,144449,9028.062,0,0,0,0,8.268
decode,real,1937,560535380832555837,0,0,0,0,16,16,144465,9029.062,0,0,0,0,8.164
decode,real,1938,560535380832555837,0,0,0,0,16,16,144481,9030.062,0,0,0,0,8.227
decode,real,1939,560535380832555837,0,0,0,0,16,16,144497,9031.062,0,0,0,0,8.230
decode,real,1940,560535380832555837,0,0,0,0,16,16,144513,9032.062,0,0,0,0,8.264
decode,real,1941,560535380832555837,0,0,0,0,16,16,144529,9033.062,0,0,0,0,8.213
decode,real,1942,560535380832555837,0,0,0,0,16,16,144545,9034.062,0,0,0,0,8.209
decode,real,1943,560535380832555837,0,0,0,0,16,16,144561,9035.062,0,0,0,0,8.234
decode,real,1944,560535380832555837,0,0,0,0,16,16,144577,9036.062,0,0,0,0,8.231
decode,real,1945,560535380832555837,0,0,0,0,16,16,144593,9037.062,0,0,0,0,8.231
decode,real,1946,560535380832555837,0,0,0,0,16,16,144609,9038.062,0,0,0,0,8.211
decode,real,1947,560535380832555837,0,0,0,0,16,16,144625,9039.062,0,0,0,0,8.254
decode,real,1948,560535380832555837,0,0,0,0,16,16,144641,9040.062,0,0,0,0,8.235
decode,real,1949,560535380832555837,0,0,0,0,16,16,144657,9041.062,0,0,0,0,8.205
decode,real,1950,560535380832555837,0,0,0,0,16,16,144673,9042.062,0,0,0,0,8.222
decode,real,1951,560535380832555837,0,0,0,0,16,16,144689,9043.062,0,0,0,0,8.237
decode,real,1952,560535380832555837,0,0,0,0,16,16,144705,9044.062,0,0,0,0,8.241
decode,real,1953,560535380832555837,0,0,0,0,16,16,144721,9045.062,0,0,0,0,8.181
decode,real,1954,560535380832555837,0,0,0,0,16,16,144737,9046.062,0,0,0,0,8.260
decode,real,1955,560535380832555837,0,0,0,0,16,16,144753,9047.062,0,0,0,0,8.214
decode,real,1956,560535380832555837,0,0,0,0,16,16,144769,9048.062,0,0,0,0,8.294
decode,real,1957,560535380832555837,0,0,0,0,16,16,144785,9049.062,0,0,0,0,8.176
decode,real,1958,560535380832555837,0,0,0,0,16,16,144801,9050.062,0,0,0,0,8.217
decode,real,1959,560535380832555837,0,0,0,0,16,16,144817,9051.062,0,0,0,0,8.227
decode,real,1960,560535380832555837,0,0,0,0,16,16,144833,9052.062,0,0,0,0,8.256
decode,real,1961,560535380832555837,0,0,0,0,16,16,144849,9053.062,0,0,0,0,8.206
decode,real,1962,560535380832555837,0,0,0,0,16,16,144865,9054.062,0,0,0,0,8.228
decode,real,1963,560535380832555837,0,0,0,0,16,16,144881,9055.062,0,0,0,0,8.248
decode,real,1964,560535380832555837,0,0,0,0,16,16,144897,9056.062,0,0,0,0,8.245
decode,real,1965,560535380832555837,0,0,0,0,16,16,144913,9057.062,0,0,0,0,8.211
decode,real,1966,560535380832555837,0,0,0,0,16,16,144929,9058.062,0,0,0,0,8.221
decode,real,1967,560535380832555837,0,0,0,0,16,16,144945,9059.062,0,0,0,0,8.261
decode,real,1968,560535380832555837,0,0,0,0,16,16,144961,9060.062,0,0,0,0,8.238
decode,real,1969,560535380832555837,0,0,0,0,16,16,144977,9061.062,0,0,0,0,8.221
decode,real,1970,560535380832555837,0,0,0,0,16,16,144993,9062.062,0,0,0,0,8.215
decode,real,1971,560535380832555837,0,0,0,0,16,16,145009,9063.062,0,0,0,0,8.251
decode,real,1972,560535380832555837,0,0,0,0,16,16,145025,9064.062,0,0,0,0,8.239
decode,real,1973,560535380832555837,0,0,0,0,16,16,145041,9065.062,0,0,0,0,8.199
decode,real,1974,560535380832555837,0,0,0,0,16,16,145057,9066.062,0,0,0,0,8.241
decode,real,1975,560535380832555837,0,0,0,0,16,16,145073,9067.062,0,0,0,0,8.231
decode,real,1976,560535380832555837,0,0,0,0,16,16,145089,9068.062,0,0,0,0,8.268
decode,real,1977,560535380832555837,0,0,0,0,16,16,145105,9069.062,0,0,0,0,8.228
decode,real,1978,560535380832555837,0,0,0,0,16,16,145121,9070.062,0,0,0,0,8.220
decode,real,1979,560535380832555837,0,0,0,0,16,16,145137,9071.062,0,0,0,0,8.264
decode,real,1980,560535380832555837,0,0,0,0,16,16,145153,9072.062,0,0,0,0,8.235
decode,real,1981,560535380832555837,0,0,0,0,16,16,145169,9073.062,0,0,0,0,8.205
decode,real,1982,560535380832555837,0,0,0,0,16,16,145185,9074.062,0,0,0,0,8.216
decode,real,1983,560535380832555837,0,0,0,0,16,16,145201,9075.062,0,0,0,0,8.251
decode,real,1984,560535380832555837,0,0,0,0,16,16,145217,9076.062,0,0,0,0,8.258
decode,real,1985,560535380832555837,0,0,0,0,16,16,145233,9077.062,0,0,0,0,8.228
decode,real,1986,560535380832555837,0,0,0,0,16,16,145249,9078.062,0,0,0,0,8.226
decode,real,1987,560535380832555837,0,0,0,0,16,16,145265,9079.062,0,0,0,0,8.239
decode,real,1988,560535380832555837,0,0,0,0,16,16,145281,9080.062,0,0,0,0,8.260
decode,real,1989,560535380832555837,0,0,0,0,16,16,145297,9081.062,0,0,0,0,8.215
decode,real,1990,560535380832555837,0,0,0,0,16,16,145313,9082.062,0,0,0,0,8.234
decode,real,1991,560535380832555837,0,0,0,0,16,16,145329,9083.062,0,0,0,0,8.238
decode,real,1992,560535380832555837,0,0,0,0,16,16,145345,9084.062,0,0,0,0,8.269
decode,real,1993,560535380832555837,0,0,0,0,16,16,145361,9085.062,0,0,0,0,8.186
decode,real,1994,560535380832555837,0,0,0,0,16,16,145377,9086.062,0,0,0,0,8.258
decode,real,1995,560535380832555837,0,0,0,0,16,16,145393,9087.062,0,0,0,0,8.233
decode,real,1996,560535380832555837,0,0,0,0,16,16,145409,9088.062,0,0,0,0,8.296
decode,real,1997,560535380832555837,0,0,0,0,16,16,145425,9089.062,0,0,0,0,8.184
decode,real,1998,560535380832555837,0,0,0,0,16,16,145441,9090.062,0,0,0,0,8.271
decode,real,1999,560535380832555837,0,0,0,0,16,16,145457,9091.062,0,0,0,0,8.197
decode,real,2000,560535380832555837,0,0,0,0,16,16,145473,9092.062,0,0,0,0,8.240
decode,real,2001,560535380832555837,0,0,0,0,16,16,145489,9093.062,0,0,0,0,8.246
decode,real,2002,560535380832555837,0,0,0,0,16,16,145505,9094.062,0,0,0,0,8.224
decode,real,2003,560535380832555837,0,0,0,0,16,16,145521,9095.062,0,0,0,0,8.238
decode,real,2004,560535380832555837,0,0,0,0,16,16,145537,9096.062,0,0,0,0,8.281
decode,real,2005,560535380832555837,0,0,0,0,16,16,145553,9097.062,0,0,0,0,8.222
decode,real,2006,560535380832555837,0,0,0,0,16,16,145569,9098.062,0,0,0,0,8.218
decode,real,2007,560535380832555837,0,0,0,0,16,16,145585,9099.062,0,0,0,0,8.241
decode,real,2008,560535380832555837,0,0,0,0,16,16,145601,9100.062,0,0,0,0,8.268
decode,real,2009,560535380832555837,0,0,0,0,16,16,145617,9101.062,0,0,0,0,8.223
decode,real,2010,560535380832555837,0,0,0,0,16,16,145633,9102.062,0,0,0,0,8.207
decode,real,2011,560535380832555837,0,0,0,0,16,16,145649,9103.062,0,0,0,0,8.261
decode,real,2012,560535380832555837,0,0,0,0,16,16,145665,9104.062,0,0,0,0,8.245
decode,real,2013,560535380832555837,0,0,0,0,16,16,145681,9105.062,0,0,0,0,8.221
decode,real,2014,560535380832555837,0,0,0,0,16,16,145697,9106.062,0,0,0,0,8.231
decode,real,2015,560535380832555837,0,0,0,0,16,16,145713,9107.062,0,0,0,0,8.250
decode,real,2016,560535380832555837,0,0,0,0,16,16,145729,9108.062,0,0,0,0,8.265
decode,real,2017,560535380832555837,0,0,0,0,16,16,145745,9109.062,0,0,0,0,8.239
decode,real,2018,560535380832555837,0,0,0,0,16,16,145761,9110.062,0,0,0,0,8.211
decode,real,2019,560535380832555837,0,0,0,0,16,16,145777,9111.062,0,0,0,0,8.234
decode,real,2020,560535380832555837,0,0,0,0,16,16,145793,9112.062,0,0,0,0,8.266
decode,real,2021,560535380832555837,0,0,0,0,16,16,145809,9113.062,0,0,0,0,8.184
decode,real,2022,560535380832555837,0,0,0,0,16,16,145825,9114.062,0,0,0,0,8.305
decode,real,2023,560535380832555837,0,0,0,0,16,16,145841,9115.062,0,0,0,0,8.190
decode,real,2024,560535380832555837,0,0,0,0,16,16,145857,9116.062,0,0,0,0,8.266
decode,real,2025,560535380832555837,0,0,0,0,16,16,145873,9117.062,0,0,0,0,8.213
decode,real,2026,560535380832555837,0,0,0,0,16,16,145889,9118.062,0,0,0,0,8.241
decode,real,2027,560535380832555837,0,0,0,0,16,16,145905,9119.062,0,0,0,0,8.235
decode,real,2028,560535380832555837,0,0,0,0,16,16,145921,9120.062,0,0,0,0,8.277
decode,real,2029,560535380832555837,0,0,0,0,16,16,145937,9121.062,0,0,0,0,8.185
decode,real,2030,560535380832555837,0,0,0,0,16,16,145953,9122.062,0,0,0,0,8.255
decode,real,2031,560535380832555837,0,0,0,0,16,16,145969,9123.062,0,0,0,0,8.239
decode,real,2032,560535380832555837,0,0,0,0,16,16,145985,9124.062,0,0,0,0,8.256
decode,real,2033,560535380832555837,0,0,0,0,16,16,146001,9125.062,0,0,0,0,8.214
decode,real,2034,560535380832555837,0,0,0,0,16,16,146017,9126.062,0,0,0,0,8.212
decode,real,2035,560535380832555837,0,0,0,0,16,16,146033,9127.062,0,0,0,0,8.261
decode,real,2036,560535380832555837,0,0,0,0,16,16,146049,9128.062,0,0,0,0,8.253
decode,real,2037,560535380832555837,0,0,0,0,16,16,146065,9129.062,0,0,0,0,8.222
decode,real,2038,560535380832555837,0,0,0,0,16,16,146081,9130.062,0,0,0,0,8.237
decode,real,2039,560535380832555837,0,0,0,0,16,16,146097,9131.062,0,0,0,0,8.242
decode,real,2040,560535380832555837,0,0,0,0,16,16,146113,9132.062,0,0,0,0,8.278
decode,real,2041,560535380832555837,0,0,0,0,16,16,146129,9133.062,0,0,0,0,8.217
decode,real,2042,560535380832555837,0,0,0,0,16,16,146145,9134.062,0,0,0,0,8.231
decode,real,2043,560535380832555837,0,0,0,0,16,16,146161,9135.062,0,0,0,0,8.267
decode,real,2044,560535380832555837,0,0,0,0,16,16,146177,9136.062,0,0,0,0,8.237
decode,real,2045,560535380832555837,0,0,0,0,16,16,146193,9137.062,0,0,0,0,8.229
decode,real,2046,560535380832555837,0,0,0,0,16,16,146209,9138.062,0,0,0,0,8.257
decode,real,2047,560535380832555837,0,0,0,0,16,16,146225,9139.062,0,0,0,0,8.233
decode,real,2048,560535380832555837,0,0,0,0,16,16,146241,9140.062,0,0,0,0,8.260
decode,real,2049,560535380832555837,0,0,0,0,16,16,146257,9141.062,0,0,0,0,8.224
decode,real,2050,560535380832555837,0,0,0,0,16,16,146273,9142.062,0,0,0,0,8.747
decode,real,2051,560535380832555837,0,0,0,0,16,16,146289,9143.062,0,0,0,0,7.758
decode,real,2052,560535380832555837,0,0,0,0,16,16,146305,9144.062,0,0,0,0,8.270
decode,real,2053,560535380832555837,0,0,0,0,16,16,146321,9145.062,0,0,0,0,8.204
decode,real,2054,560535380832555837,0,0,0,0,16,16,146337,9146.062,0,0,0,0,8.225
decode,real,2055,560535380832555837,0,0,0,0,16,16,146353,9147.062,0,0,0,0,8.241
decode,real,2056,560535380832555837,0,0,0,0,16,16,146369,9148.062,0,0,0,0,8.278
decode,real,2057,560535380832555837,0,0,0,0,16,16,146385,9149.062,0,0,0,0,8.245
decode,real,2058,560535380832555837,0,0,0,0,16,16,146401,9150.062,0,0,0,0,8.206
decode,real,2059,560535380832555837,0,0,0,0,16,16,146417,9151.062,0,0,0,0,8.243
decode,real,2060,560535380832555837,0,0,0,0,16,16,146433,9152.062,0,0,0,0,8.260
decode,real,2061,560535380832555837,0,0,0,0,16,16,146449,9153.062,0,0,0,0,8.267
decode,real,2062,560535380832555837,0,0,0,0,16,16,146465,9154.062,0,0,0,0,8.201
decode,real,2063,560535380832555837,0,0,0,0,16,16,146481,9155.062,0,0,0,0,8.238
decode,real,2064,560535380832555837,0,0,0,0,16,16,146497,9156.062,0,0,0,0,8.284
decode,real,2065,560535380832555837,0,0,0,0,16,16,146513,9157.062,0,0,0,0,8.230
decode,real,2066,560535380832555837,0,0,0,0,16,16,146529,9158.062,0,0,0,0,8.256
decode,real,2067,560535380832555837,0,0,0,0,16,16,146545,9159.062,0,0,0,0,8.226
decode,real,2068,560535380832555837,0,0,0,0,16,16,146561,9160.062,0,0,0,0,8.272
decode,real,2069,560535380832555837,0,0,0,0,16,16,146577,9161.062,0,0,0,0,8.223
decode,real,2070,560535380832555837,0,0,0,0,16,16,146593,9162.062,0,0,0,0,8.229
decode,real,2071,560535380832555837,0,0,0,0,16,16,146609,9163.062,0,0,0,0,8.253
decode,real,2072,560535380832555837,0,0,0,0,16,16,146625,9164.062,0,0,0,0,8.245
decode,real,2073,560535380832555837,0,0,0,0,16,16,146641,9165.062,0,0,0,0,8.250
decode,real,2074,560535380832555837,0,0,0,0,16,16,146657,9166.062,0,0,0,0,8.231
decode,real,2075,560535380832555837,0,0,0,0,16,16,146673,9167.062,0,0,0,0,8.291
decode,real,2076,560535380832555837,0,0,0,0,16,16,146689,9168.062,0,0,0,0,8.214
decode,real,2077,560535380832555837,0,0,0,0,16,16,146705,9169.062,0,0,0,0,8.269
decode,real,2078,560535380832555837,0,0,0,0,16,16,146721,9170.062,0,0,0,0,8.229
decode,real,2079,560535380832555837,0,0,0,0,16,16,146737,9171.062,0,0,0,0,8.234
decode,real,2080,560535380832555837,0,0,0,0,16,16,146753,9172.062,0,0,0,0,8.287
decode,real,2081,560535380832555837,0,0,0,0,16,16,146769,9173.062,0,0,0,0,8.195
decode,real,2082,560535380832555837,0,0,0,0,16,16,146785,9174.062,0,0,0,0,8.246
decode,real,2083,560535380832555837,0,0,0,0,16,16,146801,9175.062,0,0,0,0,8.236
decode,real,2084,560535380832555837,0,0,0,0,16,16,146817,9176.062,0,0,0,0,8.269
decode,real,2085,560535380832555837,0,0,0,0,16,16,146833,9177.062,0,0,0,0,8.227
decode,real,2086,560535380832555837,0,0,0,0,16,16,146849,9178.062,0,0,0,0,8.230
decode,real,2087,560535380832555837,0,0,0,0,16,16,146865,9179.062,0,0,0,0,8.273
decode,real,2088,560535380832555837,0,0,0,0,16,16,146881,9180.062,0,0,0,0,8.263
decode,real,2089,560535380832555837,0,0,0,0,16,16,146897,9181.062,0,0,0,0,8.199
decode,real,2090,560535380832555837,0,0,0,0,16,16,146913,9182.062,0,0,0,0,8.280
decode,real,2091,560535380832555837,0,0,0,0,16,16,146929,9183.062,0,0,0,0,8.720
decode,real,2092,560535380832555837,0,0,0,0,15,15,137730,9182.000,0,0,0,0,7.718
decode,real,2093,560535380832555837,0,0,0,0,15,15,137745,9183.000,0,0,0,0,8.165
decode,real,2094,560535380832555837,0,0,0,0,15,15,137760,9184.000,0,0,0,0,8.274
mixed,real,2095,560535380832555837,0,2033,1,0,15,15,137775,9185.000,0,0,0,0,50.780
mixed,real,2096,560535380832555837,0,2033,1,2033,15,15,137790,9186.000,0,0,0,0,53.386
mixed,real,2097,560535380832555837,0,2034,1,4066,14,14,128590,9185.000,0,0,0,0,56.015
mixed,real,2098,560535380832555837,0,2034,1,6100,14,14,128604,9186.000,0,0,0,0,56.343
mixed,real,2099,560535380832555837,0,2034,2,8134,14,14,128618,9187.000,0,0,0,0,52.172
mixed,real,2100,560535380832555837,0,2033,1,1976,15,15,136824,9121.600,0,0,0,0,53.126
mixed,real,2101,560535380832555837,0,2034,1,4009,14,14,127624,9116.000,0,0,0,0,56.282
mixed,real,2102,560535380832555837,0,2034,1,6043,14,14,127638,9117.000,0,0,0,0,56.526
mixed,real,2103,560535380832555837,0,2034,2,8077,14,14,127652,9118.000,0,0,0,0,51.392
mixed,real,2104,560535380832555837,0,2033,1,1919,15,15,135858,9057.200,0,0,0,0,52.773
mixed,real,2105,560535380832555837,0,2034,1,3952,14,14,126658,9047.000,0,0,0,0,55.636
mixed,real,2106,560535380832555837,0,2034,1,5986,14,14,126672,9048.000,0,0,0,0,56.371
mixed,real,2107,560535380832555837,0,2034,2,8020,14,14,126686,9049.000,0,0,0,0,52.285
mixed,real,2108,560535380832555837,0,2033,1,1862,15,15,134892,8992.800,0,0,0,0,53.673
mixed,real,2109,560535380832555837,0,2034,1,3895,14,14,125692,8978.000,0,0,0,0,55.139
mixed,real,2110,560535380832555837,0,2034,1,5929,14,14,125706,8979.000,0,0,0,0,56.509
mixed,real,2111,560535380832555837,0,2034,2,7963,14,14,125720,8980.000,0,0,0,0,51.840
mixed,real,2112,560535380832555837,0,2033,1,1805,15,15,133926,8928.400,0,0,0,0,53.434
mixed,real,2113,560535380832555837,0,2034,1,3838,14,14,124726,8909.000,0,0,0,0,54.501
mixed,real,2114,560535380832555837,0,2034,1,5872,14,14,124740,8910.000,0,0,0,0,56.287
mixed,real,2115,560535380832555837,0,2034,2,7906,14,14,124754,8911.000,0,0,0,0,51.412
mixed,real,2116,560535380832555837,0,2033,1,1748,15,15,132960,8864.000,0,0,0,0,53.502
mixed,real,2117,560535380832555837,0,2034,1,3781,14,14,123760,8840.000,0,0,0,0,56.608
mixed,real,2118,560535380832555837,0,2034,1,5815,14,14,123774,8841.000,0,0,0,0,56.442
mixed,real,2119,560535380832555837,0,2034,2,7849,14,14,123788,8842.000,0,0,0,0,52.404
mixed,real,2120,560535380832555837,0,2033,1,1691,15,15,131994,8799.600,0,0,0,0,53.347
mixed,real,2121,560535380832555837,0,2034,1,3724,14,14,122794,8771.000,0,0,0,0,55.187
mixed,real,2122,560535380832555837,0,2034,1,5758,14,14,122808,8772.000,0,0,0,0,56.461
mixed,real,2123,560535380832555837,0,2034,2,7792,14,14,122822,8773.000,0,0,0,0,47.904
mixed,real,2124,560535380832555837,0,2033,1,1634,15,15,131028,8735.200,0,0,0,0,51.603
mixed,real,2125,560535380832555837,0,2034,1,3667,14,14,121828,8702.000,0,0,0,0,55.597
mixed,real,2126,560535380832555837,0,2034,1,5701,14,14,121842,8703.000,0,0,0,0,56.366
mixed,real,2127,560535380832555837,0,2034,2,7735,14,14,121856,8704.000,0,0,0,0,47.918
mixed,real,2128,560535380832555837,0,2033,1,1577,15,15,130062,8670.800,0,0,0,0,52.360
mixed,real,2129,560535380832555837,0,2034,1,3610,14,14,120862,8633.000,0,0,0,0,55.460
mixed,real,2130,560535380832555837,0,2034,1,5644,14,14,120876,8634.000,0,0,0,0,56.255
mixed,real,2131,560535380832555837,0,2034,2,7678,14,14,120890,8635.000,0,0,0,0,48.341
mixed,real,2132,560535380832555837,0,2033,1,1520,15,15,129096,8606.400,0,0,0,0,51.812
mixed,real,2133,560535380832555837,0,2034,1,3553,14,14,119896,8564.000,0,0,0,0,55.233
mixed,real,2134,560535380832555837,0,2034,1,5587,14,14,119910,8565.000,0,0,0,0,56.266
mixed,real,2135,560535380832555837,0,2034,2,7621,14,14,119924,8566.000,0,0,0,0,48.225
mixed,real,2136,560535380832555837,0,2033,1,1463,15,15,128130,8542.000,0,0,0,0,52.696
mixed,real,2137,560535380832555837,0,2034,1,3496,14,14,118930,8495.000,0,0,0,0,55.266
mixed,real,2138,560535380832555837,0,2034,1,5530,14,14,118944,8496.000,0,0,0,0,56.185
mixed,real,2139,560535380832555837,0,2034,2,7564,14,14,118958,8497.000,0,0,0,0,48.269
mixed,real,2140,560535380832555837,0,2033,1,1406,15,15,127164,8477.600,0,0,0,0,53.242
mixed,real,2141,560535380832555837,0,2034,1,3439,14,14,117964,8426.000,0,0,0,0,55.634
mixed,real,2142,560535380832555837,0,2034,1,5473,14,14,117978,8427.000,0,0,0,0,56.243
mixed,real,2143,560535380832555837,0,2034,2,7507,14,14,117992,8428.000,0,0,0,0,48.343
mixed,real,2144,560535380832555837,0,2033,1,1349,15,15,126198,8413.200,0,0,0,0,52.931
mixed,real,2145,560535380832555837,0,2034,1,3382,14,14,116998,8357.000,0,0,0,0,55.045
mixed,real,2146,560535380832555837,0,2034,1,5416,14,14,117012,8358.000,0,0,0,0,56.183
mixed,real,2147,560535380832555837,0,2034,2,7450,14,14,117026,8359.000,0,0,0,0,48.694
mixed,real,2148,560535380832555837,0,2033,1,1292,15,15,125232,8348.800,0,0,0,0,52.664
mixed,real,2149,560535380832555837,0,2034,1,3325,14,14,116032,8288.000,0,0,0,0,51.605
mixed,real,2150,560535380832555837,0,2034,1,5359,14,14,116046,8289.000,0,0,0,0,54.391
mixed,real,2151,560535380832555837,0,2034,2,7393,14,14,116060,8290.000,0,0,0,0,48.925
mixed,real,2152,560535380832555837,0,2033,1,1235,15,15,124266,8284.400,0,0,0,0,52.795
mixed,real,2153,560535380832555837,0,2034,1,3268,14,14,115066,8219.000,0,0,0,0,55.879
mixed,real,2154,560535380832555837,0,2034,1,5302,14,14,115080,8220.000,0,0,0,0,55.440
mixed,real,2155,560535380832555837,0,2034,2,7336,14,14,115094,8221.000,0,0,0,0,52.313
mixed,real,2156,560535380832555837,0,2033,1,1178,15,15,123300,8220.000,0,0,0,0,52.041
mixed,real,2157,560535380832555837,0,2033,1,3211,15,15,123315,8221.000,0,0,0,0,53.166
mixed,real,2158,560535380832555837,0,2033,1,5244,15,15,123330,8222.000,0,0,0,0,54.196
mixed,real,2159,560535380832555837,0,915,1,7277,15,15,123345,8223.000,0,0,0,0,38.115
decode,real,2160,560535380832555837,0,0,0,0,16,16,131552,8222.000,0,0,0,0,9.710
decode,real,2161,560535380832555837,0,0,0,0,16,16,131568,8223.000,0,0,0,0,8.231
decode,real,2162,560535380832555837,0,0,0,0,16,16,131584,8224.000,0,0,0,0,8.268
decode,real,2163,560535380832555837,0,0,0,0,16,16,131600,8225.000,0,0,0,0,8.179
decode,real,2164,560535380832555837,0,0,0,0,16,16,131616,8226.000,0,0,0,0,8.236
decode,real,2165,560535380832555837,0,0,0,0,16,16,131632,8227.000,0,0,0,0,8.220
decode,real,2166,560535380832555837,0,0,0,0,16,16,131648,8228.000,0,0,0,0,8.243
decode,real,2167,560535380832555837,0,0,0,0,16,16,131664,8229.000,0,0,0,0,8.230
decode,real,2168,560535380832555837,0,0,0,0,16,16,131680,8230.000,0,0,0,0,8.252
decode,real,2169,560535380832555837,0,0,0,0,16,16,131696,8231.000,0,0,0,0,8.215
decode,real,2170,560535380832555837,0,0,0,0,16,16,131712,8232.000,0,0,0,0,8.250
decode,real,2171,560535380832555837,0,0,0,0,16,16,131728,8233.000,0,0,0,0,8.204
decode,real,2172,560535380832555837,0,0,0,0,16,16,131744,8234.000,0,0,0,0,8.245
decode,real,2173,560535380832555837,0,0,0,0,16,16,131760,8235.000,0,0,0,0,8.218
decode,real,2174,560535380832555837,0,0,0,0,16,16,131776,8236.000,0,0,0,0,8.232
decode,real,2175,560535380832555837,0,0,0,0,16,16,131792,8237.000,0,0,0,0,8.229
decode,real,2176,560535380832555837,0,0,0,0,16,16,131808,8238.000,0,0,0,0,8.207
decode,real,2177,560535380832555837,0,0,0,0,16,16,131824,8239.000,0,0,0,0,8.204
decode,real,2178,560535380832555837,0,0,0,0,16,16,131840,8240.000,0,0,0,0,8.242
decode,real,2179,560535380832555837,0,0,0,0,16,16,131856,8241.000,0,0,0,0,8.199
decode,real,2180,560535380832555837,0,0,0,0,16,16,131872,8242.000,0,0,0,0,8.201
decode,real,2181,560535380832555837,0,0,0,0,16,16,131888,8243.000,0,0,0,0,8.194
decode,real,2182,560535380832555837,0,0,0,0,16,16,131904,8244.000,0,0,0,0,8.209
decode,real,2183,560535380832555837,0,0,0,0,16,16,131920,8245.000,0,0,0,0,8.150
decode,real,2184,560535380832555837,0,0,0,0,16,16,131936,8246.000,0,0,0,0,8.153
decode,real,2185,560535380832555837,0,0,0,0,16,16,131952,8247.000,0,0,0,0,8.178
decode,real,2186,560535380832555837,0,0,0,0,16,16,131968,8248.000,0,0,0,0,8.183
decode,real,2187,560535380832555837,0,0,0,0,16,16,131984,8249.000,0,0,0,0,8.164
decode,real,2188,560535380832555837,0,0,0,0,16,16,132000,8250.000,0,0,0,0,8.156
decode,real,2189,560535380832555837,0,0,0,0,16,16,132016,8251.000,0,0,0,0,8.153
decode,real,2190,560535380832555837,0,0,0,0,16,16,132032,8252.000,0,0,0,0,8.208
decode,real,2191,560535380832555837,0,0,0,0,16,16,132048,8253.000,0,0,0,0,8.136
decode,real,2192,560535380832555837,0,0,0,0,16,16,132064,8254.000,0,0,0,0,8.176
decode,real,2193,560535380832555837,0,0,0,0,16,16,132080,8255.000,0,0,0,0,8.138
decode,real,2194,560535380832555837,0,0,0,0,16,16,132096,8256.000,0,0,0,0,8.186
decode,real,2195,560535380832555837,0,0,0,0,16,16,132112,8257.000,0,0,0,0,8.121
decode,real,2196,560535380832555837,0,0,0,0,16,16,132128,8258.000,0,0,0,0,8.131
decode,real,2197,560535380832555837,0,0,0,0,16,16,132144,8259.000,0,0,0,0,8.151
decode,real,2198,560535380832555837,0,0,0,0,16,16,132160,8260.000,0,0,0,0,8.179
decode,real,2199,560535380832555837,0,0,0,0,16,16,132176,8261.000,0,0,0,0,8.109
decode,real,2200,560535380832555837,0,0,0,0,16,16,132192,8262.000,0,0,0,0,8.143
decode,real,2201,560535380832555837,0,0,0,0,16,16,132208,8263.000,0,0,0,0,8.165
decode,real,2202,560535380832555837,0,0,0,0,16,16,132224,8264.000,0,0,0,0,8.159
decode,real,2203,560535380832555837,0,0,0,0,16,16,132240,8265.000,0,0,0,0,8.134
decode,real,2204,560535380832555837,0,0,0,0,16,16,132256,8266.000,0,0,0,0,8.119
decode,real,2205,560535380832555837,0,0,0,0,16,16,132272,8267.000,0,0,0,0,8.157
decode,real,2206,560535380832555837,0,0,0,0,16,16,132288,8268.000,0,0,0,0,8.167
decode,real,2207,560535380832555837,0,0,0,0,16,16,132304,8269.000,0,0,0,0,8.093
decode,real,2208,560535380832555837,0,0,0,0,16,16,132320,8270.000,0,0,0,0,8.165
decode,real,2209,560535380832555837,0,0,0,0,16,16,132336,8271.000,0,0,0,0,8.128
decode,real,2210,560535380832555837,0,0,0,0,16,16,132352,8272.000,0,0,0,0,8.148
decode,real,2211,560535380832555837,0,0,0,0,16,16,132368,8273.000,0,0,0,0,8.130
decode,real,2212,560535380832555837,0,0,0,0,16,16,132384,8274.000,0,0,0,0,8.157
decode,real,2213,560535380832555837,0,0,0,0,16,16,132400,8275.000,0,0,0,0,8.113
decode,real,2214,560535380832555837,0,0,0,0,16,16,132416,8276.000,0,0,0,0,8.175
decode,real,2215,560535380832555837,0,0,0,0,16,16,132432,8277.000,0,0,0,0,8.111
decode,real,2216,560535380832555837,0,0,0,0,16,16,132448,8278.000,0,0,0,0,8.179
decode,real,2217,560535380832555837,0,0,0,0,16,16,132464,8279.000,0,0,0,0,8.098
decode,real,2218,560535380832555837,0,0,0,0,16,16,132480,8280.000,0,0,0,0,8.158
decode,real,2219,560535380832555837,0,0,0,0,16,16,132496,8281.000,0,0,0,0,8.137
decode,real,2220,560535380832555837,0,0,0,0,16,16,132512,8282.000,0,0,0,0,8.127
decode,real,2221,560535380832555837,0,0,0,0,16,16,132528,8283.000,0,0,0,0,8.135
decode,real,2222,560535380832555837,0,0,0,0,16,16,132544,8284.000,0,0,0,0,8.147
decode,real,2223,560535380832555837,0,0,0,0,16,16,132560,8285.000,0,0,0,0,8.126
decode,real,2224,560535380832555837,0,0,0,0,16,16,132576,8286.000,0,0,0,0,8.131
decode,real,2225,560535380832555837,0,0,0,0,16,16,132592,8287.000,0,0,0,0,8.155
decode,real,2226,560535380832555837,0,0,0,0,16,16,132608,8288.000,0,0,0,0,8.163
decode,real,2227,560535380832555837,0,0,0,0,16,16,132624,8289.000,0,0,0,0,8.115
decode,real,2228,560535380832555837,0,0,0,0,16,16,132640,8290.000,0,0,0,0,8.149
decode,real,2229,560535380832555837,0,0,0,0,16,16,132656,8291.000,0,0,0,0,8.124
decode,real,2230,560535380832555837,0,0,0,0,16,16,132672,8292.000,0,0,0,0,8.154
decode,real,2231,560535380832555837,0,0,0,0,16,16,132688,8293.000,0,0,0,0,8.129
decode,real,2232,560535380832555837,0,0,0,0,16,16,132704,8294.000,0,0,0,0,8.120
decode,real,2233,560535380832555837,0,0,0,0,16,16,132720,8295.000,0,0,0,0,8.134
decode,real,2234,560535380832555837,0,0,0,0,16,16,132736,8296.000,0,0,0,0,8.150
decode,real,2235,560535380832555837,0,0,0,0,16,16,132752,8297.000,0,0,0,0,8.109
decode,real,2236,560535380832555837,0,0,0,0,16,16,132768,8298.000,0,0,0,0,8.133
decode,real,2237,560535380832555837,0,0,0,0,16,16,132784,8299.000,0,0,0,0,8.136
decode,real,2238,560535380832555837,0,0,0,0,16,16,132800,8300.000,0,0,0,0,8.182
decode,real,2239,560535380832555837,0,0,0,0,16,16,132816,8301.000,0,0,0,0,8.108
decode,real,2240,560535380832555837,0,0,0,0,16,16,132832,8302.000,0,0,0,0,8.138
decode,real,2241,560535380832555837,0,0,0,0,16,16,132848,8303.000,0,0,0,0,8.166
decode,real,2242,560535380832555837,0,0,0,0,16,16,132864,8304.000,0,0,0,0,8.142
decode,real,2243,560535380832555837,0,0,0,0,16,16,132880,8305.000,0,0,0,0,8.149
decode,real,2244,560535380832555837,0,0,0,0,16,16,132896,8306.000,0,0,0,0,8.124
decode,real,2245,560535380832555837,0,0,0,0,16,16,132912,8307.000,0,0,0,0,8.139
decode,real,2246,560535380832555837,0,0,0,0,16,16,132928,8308.000,0,0,0,0,8.174
decode,real,2247,560535380832555837,0,0,0,0,16,16,132944,8309.000,0,0,0,0,8.104
decode,real,2248,560535380832555837,0,0,0,0,16,16,132960,8310.000,0,0,0,0,8.154
decode,real,2249,560535380832555837,0,0,0,0,16,16,132976,8311.000,0,0,0,0,8.124
decode,real,2250,560535380832555837,0,0,0,0,16,16,132992,8312.000,0,0,0,0,8.161
decode,real,2251,560535380832555837,0,0,0,0,16,16,133008,8313.000,0,0,0,0,8.102
decode,real,2252,560535380832555837,0,0,0,0,16,16,133024,8314.000,0,0,0,0,8.185
decode,real,2253,560535380832555837,0,0,0,0,16,16,133040,8315.000,0,0,0,0,8.096
decode,real,2254,560535380832555837,0,0,0,0,16,16,133056,8316.000,0,0,0,0,8.172
decode,real,2255,560535380832555837,0,0,0,0,16,16,133072,8317.000,0,0,0,0,8.105
decode,real,2256,560535380832555837,0,0,0,0,16,16,133088,8318.000,0,0,0,0,8.166
decode,real,2257,560535380832555837,0,0,0,0,16,16,133104,8319.000,0,0,0,0,8.150
decode,real,2258,560535380832555837,0,0,0,0,16,16,133120,8320.000,0,0,0,0,8.157
decode,real,2259,560535380832555837,0,0,0,0,16,16,133136,8321.000,0,0,0,0,8.091
decode,real,2260,560535380832555837,0,0,0,0,16,16,133152,8322.000,0,0,0,0,8.138
decode,real,2261,560535380832555837,0,0,0,0,16,16,133168,8323.000,0,0,0,0,8.153
decode,real,2262,560535380832555837,0,0,0,0,16,16,133184,8324.000,0,0,0,0,8.148
decode,real,2263,560535380832555837,0,0,0,0,16,16,133200,8325.000,0,0,0,0,8.163
decode,real,2264,560535380832555837,0,0,0,0,16,16,133216,8326.000,0,0,0,0,8.123
decode,real,2265,560535380832555837,0,0,0,0,16,16,133232,8327.000,0,0,0,0,8.137
decode,real,2266,560535380832555837,0,0,0,0,16,16,133248,8328.000,0,0,0,0,8.165
decode,real,2267,560535380832555837,0,0,0,0,16,16,133264,8329.000,0,0,0,0,8.107
decode,real,2268,560535380832555837,0,0,0,0,16,16,133280,8330.000,0,0,0,0,8.139
decode,real,2269,560535380832555837,0,0,0,0,16,16,133296,8331.000,0,0,0,0,8.148
decode,real,2270,560535380832555837,0,0,0,0,16,16,133312,8332.000,0,0,0,0,8.165
decode,real,2271,560535380832555837,0,0,0,0,16,16,133328,8333.000,0,0,0,0,8.094
decode,real,2272,560535380832555837,0,0,0,0,16,16,133344,8334.000,0,0,0,0,8.149
decode,real,2273,560535380832555837,0,0,0,0,16,16,133360,8335.000,0,0,0,0,8.153
decode,real,2274,560535380832555837,0,0,0,0,16,16,133376,8336.000,0,0,0,0,8.160
decode,real,2275,560535380832555837,0,0,0,0,16,16,133392,8337.000,0,0,0,0,8.125
decode,real,2276,560535380832555837,0,0,0,0,16,16,133408,8338.000,0,0,0,0,8.140
decode,real,2277,560535380832555837,0,0,0,0,16,16,133424,8339.000,0,0,0,0,8.183
decode,real,2278,560535380832555837,0,0,0,0,16,16,133440,8340.000,0,0,0,0,8.128
decode,real,2279,560535380832555837,0,0,0,0,16,16,133456,8341.000,0,0,0,0,8.132
decode,real,2280,560535380832555837,0,0,0,0,16,16,133472,8342.000,0,0,0,0,8.132
decode,real,2281,560535380832555837,0,0,0,0,16,16,133488,8343.000,0,0,0,0,8.128
decode,real,2282,560535380832555837,0,0,0,0,16,16,133504,8344.000,0,0,0,0,8.175
decode,real,2283,560535380832555837,0,0,0,0,16,16,133520,8345.000,0,0,0,0,8.130
decode,real,2284,560535380832555837,0,0,0,0,16,16,133536,8346.000,0,0,0,0,8.145
decode,real,2285,560535380832555837,0,0,0,0,16,16,133552,8347.000,0,0,0,0,8.130
decode,real,2286,560535380832555837,0,0,0,0,16,16,133568,8348.000,0,0,0,0,8.186
decode,real,2287,560535380832555837,0,0,0,0,16,16,133584,8349.000,0,0,0,0,8.111
decode,real,2288,560535380832555837,0,0,0,0,16,16,133600,8350.000,0,0,0,0,8.124
decode,real,2289,560535380832555837,0,0,0,0,16,16,133616,8351.000,0,0,0,0,8.147
decode,real,2290,560535380832555837,0,0,0,0,16,16,133632,8352.000,0,0,0,0,8.158
decode,real,2291,560535380832555837,0,0,0,0,16,16,133648,8353.000,0,0,0,0,8.144
decode,real,2292,560535380832555837,0,0,0,0,16,16,133664,8354.000,0,0,0,0,8.118
decode,real,2293,560535380832555837,0,0,0,0,16,16,133680,8355.000,0,0,0,0,8.154
decode,real,2294,560535380832555837,0,0,0,0,16,16,133696,8356.000,0,0,0,0,8.160
decode,real,2295,560535380832555837,0,0,0,0,16,16,133712,8357.000,0,0,0,0,8.129
decode,real,2296,560535380832555837,0,0,0,0,16,16,133728,8358.000,0,0,0,0,8.127
decode,real,2297,560535380832555837,0,0,0,0,16,16,133744,8359.000,0,0,0,0,8.137
decode,real,2298,560535380832555837,0,0,0,0,16,16,133760,8360.000,0,0,0,0,8.200
decode,real,2299,560535380832555837,0,0,0,0,16,16,133776,8361.000,0,0,0,0,8.090
decode,real,2300,560535380832555837,0,0,0,0,16,16,133792,8362.000,0,0,0,0,8.146
decode,real,2301,560535380832555837,0,0,0,0,16,16,133808,8363.000,0,0,0,0,8.150
decode,real,2302,560535380832555837,0,0,0,0,16,16,133824,8364.000,0,0,0,0,8.155
decode,real,2303,560535380832555837,0,0,0,0,16,16,133840,8365.000,0,0,0,0,8.102
decode,real,2304,560535380832555837,0,0,0,0,16,16,133856,8366.000,0,0,0,0,8.144
decode,real,2305,560535380832555837,0,0,0,0,16,16,133872,8367.000,0,0,0,0,8.123
decode,real,2306,560535380832555837,0,0,0,0,16,16,133888,8368.000,0,0,0,0,8.162
decode,real,2307,560535380832555837,0,0,0,0,16,16,133904,8369.000,0,0,0,0,8.120
decode,real,2308,560535380832555837,0,0,0,0,16,16,133920,8370.000,0,0,0,0,8.173
decode,real,2309,560535380832555837,0,0,0,0,16,16,133936,8371.000,0,0,0,0,8.123
decode,real,2310,560535380832555837,0,0,0,0,16,16,133952,8372.000,0,0,0,0,8.194
decode,real,2311,560535380832555837,0,0,0,0,16,16,133968,8373.000,0,0,0,0,8.102
decode,real,2312,560535380832555837,0,0,0,0,16,16,133984,8374.000,0,0,0,0,8.142
decode,real,2313,560535380832555837,0,0,0,0,16,16,134000,8375.000,0,0,0,0,8.140
decode,real,2314,560535380832555837,0,0,0,0,16,16,134016,8376.000,0,0,0,0,8.165
decode,real,2315,560535380832555837,0,0,0,0,16,16,134032,8377.000,0,0,0,0,8.110
decode,real,2316,560535380832555837,0,0,0,0,16,16,134048,8378.000,0,0,0,0,8.125
decode,real,2317,560535380832555837,0,0,0,0,16,16,134064,8379.000,0,0,0,0,8.151
decode,real,2318,560535380832555837,0,0,0,0,16,16,134080,8380.000,0,0,0,0,8.171
decode,real,2319,560535380832555837,0,0,0,0,16,16,134096,8381.000,0,0,0,0,8.139
decode,real,2320,560535380832555837,0,0,0,0,16,16,134112,8382.000,0,0,0,0,8.137
decode,real,2321,560535380832555837,0,0,0,0,16,16,134128,8383.000,0,0,0,0,8.145
decode,real,2322,560535380832555837,0,0,0,0,16,16,134144,8384.000,0,0,0,0,8.181
decode,real,2323,560535380832555837,0,0,0,0,16,16,134160,8385.000,0,0,0,0,8.121
decode,real,2324,560535380832555837,0,0,0,0,16,16,134176,8386.000,0,0,0,0,8.153
decode,real,2325,560535380832555837,0,0,0,0,16,16,134192,8387.000,0,0,0,0,8.127
decode,real,2326,560535380832555837,0,0,0,0,16,16,134208,8388.000,0,0,0,0,8.178
decode,real,2327,560535380832555837,0,0,0,0,16,16,134224,8389.000,0,0,0,0,8.116
decode,real,2328,560535380832555837,0,0,0,0,16,16,134240,8390.000,0,0,0,0,8.143
decode,real,2329,560535380832555837,0,0,0,0,16,16,134256,8391.000,0,0,0,0,8.138
decode,real,2330,560535380832555837,0,0,0,0,16,16,134272,8392.000,0,0,0,0,8.186
decode,real,2331,560535380832555837,0,0,0,0,16,16,134288,8393.000,0,0,0,0,8.140
decode,real,2332,560535380832555837,0,0,0,0,16,16,134304,8394.000,0,0,0,0,8.116
decode,real,2333,560535380832555837,0,0,0,0,16,16,134320,8395.000,0,0,0,0,8.167
decode,real,2334,560535380832555837,0,0,0,0,16,16,134336,8396.000,0,0,0,0,8.161
decode,real,2335,560535380832555837,0,0,0,0,16,16,134352,8397.000,0,0,0,0,8.161
decode,real,2336,560535380832555837,0,0,0,0,16,16,134368,8398.000,0,0,0,0,8.108
decode,real,2337,560535380832555837,0,0,0,0,16,16,134384,8399.000,0,0,0,0,8.160
decode,real,2338,560535380832555837,0,0,0,0,16,16,134400,8400.000,0,0,0,0,8.193
decode,real,2339,560535380832555837,0,0,0,0,16,16,134416,8401.000,0,0,0,0,8.114
decode,real,2340,560535380832555837,0,0,0,0,16,16,134432,8402.000,0,0,0,0,8.152
decode,real,2341,560535380832555837,0,0,0,0,16,16,134448,8403.000,0,0,0,0,8.136
decode,real,2342,560535380832555837,0,0,0,0,16,16,134464,8404.000,0,0,0,0,8.149
decode,real,2343,560535380832555837,0,0,0,0,16,16,134480,8405.000,0,0,0,0,8.155
decode,real,2344,560535380832555837,0,0,0,0,16,16,134496,8406.000,0,0,0,0,8.118
decode,real,2345,560535380832555837,0,0,0,0,16,16,134512,8407.000,0,0,0,0,8.187
decode,real,2346,560535380832555837,0,0,0,0,16,16,134528,8408.000,0,0,0,0,8.136
decode,real,2347,560535380832555837,0,0,0,0,16,16,134544,8409.000,0,0,0,0,8.128
decode,real,2348,560535380832555837,0,0,0,0,16,16,134560,8410.000,0,0,0,0,8.149
decode,real,2349,560535380832555837,0,0,0,0,16,16,134576,8411.000,0,0,0,0,8.146
decode,real,2350,560535380832555837,0,0,0,0,16,16,134592,8412.000,0,0,0,0,8.200
decode,real,2351,560535380832555837,0,0,0,0,16,16,134608,8413.000,0,0,0,0,8.111
decode,real,2352,560535380832555837,0,0,0,0,16,16,134624,8414.000,0,0,0,0,8.149
decode,real,2353,560535380832555837,0,0,0,0,16,16,134640,8415.000,0,0,0,0,8.154
decode,real,2354,560535380832555837,0,0,0,0,16,16,134656,8416.000,0,0,0,0,8.168
decode,real,2355,560535380832555837,0,0,0,0,16,16,134672,8417.000,0,0,0,0,8.138
decode,real,2356,560535380832555837,0,0,0,0,16,16,134688,8418.000,0,0,0,0,8.151
decode,real,2357,560535380832555837,0,0,0,0,16,16,134704,8419.000,0,0,0,0,8.149
decode,real,2358,560535380832555837,0,0,0,0,16,16,134720,8420.000,0,0,0,0,8.173
decode,real,2359,560535380832555837,0,0,0,0,16,16,134736,8421.000,0,0,0,0,8.151
decode,real,2360,560535380832555837,0,0,0,0,16,16,134752,8422.000,0,0,0,0,8.137
decode,real,2361,560535380832555837,0,0,0,0,16,16,134768,8423.000,0,0,0,0,8.136
decode,real,2362,560535380832555837,0,0,0,0,16,16,134784,8424.000,0,0,0,0,8.187
decode,real,2363,560535380832555837,0,0,0,0,16,16,134800,8425.000,0,0,0,0,8.121
decode,real,2364,560535380832555837,0,0,0,0,16,16,134816,8426.000,0,0,0,0,8.157
decode,real,2365,560535380832555837,0,0,0,0,16,16,134832,8427.000,0,0,0,0,8.140
decode,real,2366,560535380832555837,0,0,0,0,16,16,134848,8428.000,0,0,0,0,8.222
decode,real,2367,560535380832555837,0,0,0,0,16,16,134864,8429.000,0,0,0,0,8.105
decode,real,2368,560535380832555837,0,0,0,0,16,16,134880,8430.000,0,0,0,0,8.142
decode,real,2369,560535380832555837,0,0,0,0,16,16,134896,8431.000,0,0,0,0,8.158
decode,real,2370,560535380832555837,0,0,0,0,16,16,134912,8432.000,0,0,0,0,8.176
decode,real,2371,560535380832555837,0,0,0,0,16,16,134928,8433.000,0,0,0,0,8.155
decode,real,2372,560535380832555837,0,0,0,0,16,16,134944,8434.000,0,0,0,0,8.140
decode,real,2373,560535380832555837,0,0,0,0,16,16,134960,8435.000,0,0,0,0,8.144
decode,real,2374,560535380832555837,0,0,0,0,16,16,134976,8436.000,0,0,0,0,8.194
decode,real,2375,560535380832555837,0,0,0,0,16,16,134992,8437.000,0,0,0,0,8.133
decode,real,2376,560535380832555837,0,0,0,0,16,16,135008,8438.000,0,0,0,0,8.160
decode,real,2377,560535380832555837,0,0,0,0,16,16,135024,8439.000,0,0,0,0,8.150
decode,real,2378,560535380832555837,0,0,0,0,16,16,135040,8440.000,0,0,0,0,8.175
decode,real,2379,560535380832555837,0,0,0,0,16,16,135056,8441.000,0,0,0,0,8.156
decode,real,2380,560535380832555837,0,0,0,0,16,16,135072,8442.000,0,0,0,0,8.139
decode,real,2381,560535380832555837,0,0,0,0,16,16,135088,8443.000,0,0,0,0,8.148
decode,real,2382,560535380832555837,0,0,0,0,16,16,135104,8444.000,0,0,0,0,8.184
decode,real,2383,560535380832555837,0,0,0,0,16,16,135120,8445.000,0,0,0,0,8.139
decode,real,2384,560535380832555837,0,0,0,0,16,16,135136,8446.000,0,0,0,0,8.147
decode,real,2385,560535380832555837,0,0,0,0,16,16,135152,8447.000,0,0,0,0,8.172
decode,real,2386,560535380832555837,0,0,0,0,16,16,135168,8448.000,0,0,0,0,8.168
decode,real,2387,560535380832555837,0,0,0,0,16,16,135184,8449.000,0,0,0,0,8.124
decode,real,2388,560535380832555837,0,0,0,0,16,16,135200,8450.000,0,0,0,0,8.167
decode,real,2389,560535380832555837,0,0,0,0,16,16,135216,8451.000,0,0,0,0,8.168
decode,real,2390,560535380832555837,0,0,0,0,16,16,135232,8452.000,0,0,0,0,8.178
decode,real,2391,560535380832555837,0,0,0,0,16,16,135248,8453.000,0,0,0,0,8.115
decode,real,2392,560535380832555837,0,0,0,0,16,16,135264,8454.000,0,0,0,0,8.144
decode,real,2393,560535380832555837,0,0,0,0,16,16,135280,8455.000,0,0,0,0,8.183
decode,real,2394,560535380832555837,0,0,0,0,16,16,135296,8456.000,0,0,0,0,8.179
decode,real,2395,560535380832555837,0,0,0,0,16,16,135312,8457.000,0,0,0,0,8.109
decode,real,2396,560535380832555837,0,0,0,0,16,16,135328,8458.000,0,0,0,0,8.179
decode,real,2397,560535380832555837,0,0,0,0,16,16,135344,8459.000,0,0,0,0,8.132
decode,real,2398,560535380832555837,0,0,0,0,16,16,135360,8460.000,0,0,0,0,8.184
decode,real,2399,560535380832555837,0,0,0,0,16,16,135376,8461.000,0,0,0,0,8.118
decode,real,2400,560535380832555837,0,0,0,0,16,16,135392,8462.000,0,0,0,0,8.147
decode,real,2401,560535380832555837,0,0,0,0,16,16,135408,8463.000,0,0,0,0,8.151
decode,real,2402,560535380832555837,0,0,0,0,16,16,135424,8464.000,0,0,0,0,8.181
decode,real,2403,560535380832555837,0,0,0,0,16,16,135440,8465.000,0,0,0,0,8.148
decode,real,2404,560535380832555837,0,0,0,0,16,16,135456,8466.000,0,0,0,0,8.126
decode,real,2405,560535380832555837,0,0,0,0,16,16,135472,8467.000,0,0,0,0,8.168
decode,real,2406,560535380832555837,0,0,0,0,16,16,135488,8468.000,0,0,0,0,8.170
decode,real,2407,560535380832555837,0,0,0,0,16,16,135504,8469.000,0,0,0,0,8.136
decode,real,2408,560535380832555837,0,0,0,0,16,16,135520,8470.000,0,0,0,0,8.152
decode,real,2409,560535380832555837,0,0,0,0,16,16,135536,8471.000,0,0,0,0,8.165
decode,real,2410,560535380832555837,0,0,0,0,16,16,135552,8472.000,0,0,0,0,8.154
decode,real,2411,560535380832555837,0,0,0,0,16,16,135568,8473.000,0,0,0,0,8.185
decode,real,2412,560535380832555837,0,0,0,0,16,16,135584,8474.000,0,0,0,0,8.129
decode,real,2413,560535380832555837,0,0,0,0,16,16,135600,8475.000,0,0,0,0,8.147
decode,real,2414,560535380832555837,0,0,0,0,16,16,135616,8476.000,0,0,0,0,8.215
decode,real,2415,560535380832555837,0,0,0,0,16,16,135632,8477.000,0,0,0,0,8.109
decode,real,2416,560535380832555837,0,0,0,0,16,16,135648,8478.000,0,0,0,0,8.141
decode,real,2417,560535380832555837,0,0,0,0,16,16,135664,8479.000,0,0,0,0,8.140
decode,real,2418,560535380832555837,0,0,0,0,16,16,135680,8480.000,0,0,0,0,8.186
decode,real,2419,560535380832555837,0,0,0,0,16,16,135696,8481.000,0,0,0,0,8.165
decode,real,2420,560535380832555837,0,0,0,0,16,16,135712,8482.000,0,0,0,0,8.132
decode,real,2421,560535380832555837,0,0,0,0,16,16,135728,8483.000,0,0,0,0,8.156
decode,real,2422,560535380832555837,0,0,0,0,16,16,135744,8484.000,0,0,0,0,8.151
decode,real,2423,560535380832555837,0,0,0,0,16,16,135760,8485.000,0,0,0,0,8.151
decode,real,2424,560535380832555837,0,0,0,0,16,16,135776,8486.000,0,0,0,0,8.171
decode,real,2425,560535380832555837,0,0,0,0,16,16,135792,8487.000,0,0,0,0,8.126
decode,real,2426,560535380832555837,0,0,0,0,16,16,135808,8488.000,0,0,0,0,8.162
decode,real,2427,560535380832555837,0,0,0,0,16,16,135824,8489.000,0,0,0,0,8.170
decode,real,2428,560535380832555837,0,0,0,0,16,16,135840,8490.000,0,0,0,0,8.139
decode,real,2429,560535380832555837,0,0,0,0,16,16,135856,8491.000,0,0,0,0,8.159
decode,real,2430,560535380832555837,0,0,0,0,16,16,135872,8492.000,0,0,0,0,8.173
decode,real,2431,560535380832555837,0,0,0,0,16,16,135888,8493.000,0,0,0,0,8.157
decode,real,2432,560535380832555837,0,0,0,0,16,16,135904,8494.000,0,0,0,0,8.125
decode,real,2433,560535380832555837,0,0,0,0,16,16,135920,8495.000,0,0,0,0,8.164
decode,real,2434,560535380832555837,0,0,0,0,16,16,135936,8496.000,0,0,0,0,8.186
decode,real,2435,560535380832555837,0,0,0,0,16,16,135952,8497.000,0,0,0,0,8.124
decode,real,2436,560535380832555837,0,0,0,0,16,16,135968,8498.000,0,0,0,0,8.172
decode,real,2437,560535380832555837,0,0,0,0,16,16,135984,8499.000,0,0,0,0,8.148
decode,real,2438,560535380832555837,0,0,0,0,16,16,136000,8500.000,0,0,0,0,8.159
decode,real,2439,560535380832555837,0,0,0,0,16,16,136016,8501.000,0,0,0,0,8.133
decode,real,2440,560535380832555837,0,0,0,0,16,16,136032,8502.000,0,0,0,0,8.174
decode,real,2441,560535380832555837,0,0,0,0,16,16,136048,8503.000,0,0,0,0,8.158
decode,real,2442,560535380832555837,0,0,0,0,16,16,136064,8504.000,0,0,0,0,8.179
decode,real,2443,560535380832555837,0,0,0,0,16,16,136080,8505.000,0,0,0,0,8.121
decode,real,2444,560535380832555837,0,0,0,0,16,16,136096,8506.000,0,0,0,0,8.174
decode,real,2445,560535380832555837,0,0,0,0,16,16,136112,8507.000,0,0,0,0,8.162
decode,real,2446,560535380832555837,0,0,0,0,16,16,136128,8508.000,0,0,0,0,8.168
decode,real,2447,560535380832555837,0,0,0,0,16,16,136144,8509.000,0,0,0,0,8.141
decode,real,2448,560535380832555837,0,0,0,0,16,16,136160,8510.000,0,0,0,0,8.158
decode,real,2449,560535380832555837,0,0,0,0,16,16,136176,8511.000,0,0,0,0,8.202
decode,real,2450,560535380832555837,0,0,0,0,16,16,136192,8512.000,0,0,0,0,8.159
decode,real,2451,560535380832555837,0,0,0,0,16,16,136208,8513.000,0,0,0,0,8.141
decode,real,2452,560535380832555837,0,0,0,0,16,16,136224,8514.000,0,0,0,0,8.132
decode,real,2453,560535380832555837,0,0,0,0,16,16,136240,8515.000,0,0,0,0,8.181
decode,real,2454,560535380832555837,0,0,0,0,16,16,136256,8516.000,0,0,0,0,8.179
decode,real,2455,560535380832555837,0,0,0,0,16,16,136272,8517.000,0,0,0,0,8.148
decode,real,2456,560535380832555837,0,0,0,0,16,16,136288,8518.000,0,0,0,0,8.128
decode,real,2457,560535380832555837,0,0,0,0,16,16,136304,8519.000,0,0,0,0,8.164
decode,real,2458,560535380832555837,0,0,0,0,16,16,136320,8520.000,0,0,0,0,8.190
decode,real,2459,560535380832555837,0,0,0,0,16,16,136336,8521.000,0,0,0,0,8.137
decode,real,2460,560535380832555837,0,0,0,0,16,16,136352,8522.000,0,0,0,0,8.158
decode,real,2461,560535380832555837,0,0,0,0,16,16,136368,8523.000,0,0,0,0,8.165
decode,real,2462,560535380832555837,0,0,0,0,16,16,136384,8524.000,0,0,0,0,8.178
decode,real,2463,560535380832555837,0,0,0,0,16,16,136400,8525.000,0,0,0,0,8.130
decode,real,2464,560535380832555837,0,0,0,0,16,16,136416,8526.000,0,0,0,0,8.185
decode,real,2465,560535380832555837,0,0,0,0,16,16,136432,8527.000,0,0,0,0,8.173
decode,real,2466,560535380832555837,0,0,0,0,16,16,136448,8528.000,0,0,0,0,8.166
decode,real,2467,560535380832555837,0,0,0,0,16,16,136464,8529.000,0,0,0,0,8.133
decode,real,2468,560535380832555837,0,0,0,0,16,16,136480,8530.000,0,0,0,0,8.164
decode,real,2469,560535380832555837,0,0,0,0,16,16,136496,8531.000,0,0,0,0,8.167
decode,real,2470,560535380832555837,0,0,0,0,16,16,136512,8532.000,0,0,0,0,8.208
decode,real,2471,560535380832555837,0,0,0,0,16,16,136528,8533.000,0,0,0,0,8.118
decode,real,2472,560535380832555837,0,0,0,0,16,16,136544,8534.000,0,0,0,0,8.154
decode,real,2473,560535380832555837,0,0,0,0,16,16,136560,8535.000,0,0,0,0,8.146
decode,real,2474,560535380832555837,0,0,0,0,16,16,136576,8536.000,0,0,0,0,8.191
decode,real,2475,560535380832555837,0,0,0,0,16,16,136592,8537.000,0,0,0,0,8.178
decode,real,2476,560535380832555837,0,0,0,0,16,16,136608,8538.000,0,0,0,0,8.161
decode,real,2477,560535380832555837,0,0,0,0,16,16,136624,8539.000,0,0,0,0,8.152
decode,real,2478,560535380832555837,0,0,0,0,16,16,136640,8540.000,0,0,0,0,8.203
decode,real,2479,560535380832555837,0,0,0,0,16,16,136656,8541.000,0,0,0,0,8.134
decode,real,2480,560535380832555837,0,0,0,0,16,16,136672,8542.000,0,0,0,0,8.177
decode,real,2481,560535380832555837,0,0,0,0,16,16,136688,8543.000,0,0,0,0,8.156
decode,real,2482,560535380832555837,0,0,0,0,16,16,136704,8544.000,0,0,0,0,8.186
decode,real,2483,560535380832555837,0,0,0,0,16,16,136720,8545.000,0,0,0,0,8.164
decode,real,2484,560535380832555837,0,0,0,0,16,16,136736,8546.000,0,0,0,0,8.150
decode,real,2485,560535380832555837,0,0,0,0,16,16,136752,8547.000,0,0,0,0,8.146
decode,real,2486,560535380832555837,0,0,0,0,16,16,136768,8548.000,0,0,0,0,8.180
decode,real,2487,560535380832555837,0,0,0,0,16,16,136784,8549.000,0,0,0,0,8.154
decode,real,2488,560535380832555837,0,0,0,0,16,16,136800,8550.000,0,0,0,0,8.140
decode,real,2489,560535380832555837,0,0,0,0,16,16,136816,8551.000,0,0,0,0,8.221
decode,real,2490,560535380832555837,0,0,0,0,16,16,136832,8552.000,0,0,0,0,8.161
decode,real,2491,560535380832555837,0,0,0,0,16,16,136848,8553.000,0,0,0,0,8.146
decode,real,2492,560535380832555837,0,0,0,0,16,16,136864,8554.000,0,0,0,0,8.160
decode,real,2493,560535380832555837,0,0,0,0,16,16,136880,8555.000,0,0,0,0,8.152
decode,real,2494,560535380832555837,0,0,0,0,16,16,136896,8556.000,0,0,0,0,8.196
decode,real,2495,560535380832555837,0,0,0,0,16,16,136912,8557.000,0,0,0,0,8.140
decode,real,2496,560535380832555837,0,0,0,0,16,16,136928,8558.000,0,0,0,0,8.154
decode,real,2497,560535380832555837,0,0,0,0,16,16,136944,8559.000,0,0,0,0,8.169
decode,real,2498,560535380832555837,0,0,0,0,16,16,136960,8560.000,0,0,0,0,8.194
decode,real,2499,560535380832555837,0,0,0,0,16,16,136976,8561.000,0,0,0,0,8.161
decode,real,2500,560535380832555837,0,0,0,0,16,16,136992,8562.000,0,0,0,0,8.163
decode,real,2501,560535380832555837,0,0,0,0,16,16,137008,8563.000,0,0,0,0,8.143
decode,real,2502,560535380832555837,0,0,0,0,16,16,137024,8564.000,0,0,0,0,8.224
decode,real,2503,560535380832555837,0,0,0,0,16,16,137040,8565.000,0,0,0,0,8.146
decode,real,2504,560535380832555837,0,0,0,0,16,16,137056,8566.000,0,0,0,0,8.149
decode,real,2505,560535380832555837,0,0,0,0,16,16,137072,8567.000,0,0,0,0,8.155
decode,real,2506,560535380832555837,0,0,0,0,16,16,137088,8568.000,0,0,0,0,8.216
decode,real,2507,560535380832555837,0,0,0,0,16,16,137104,8569.000,0,0,0,0,8.146
decode,real,2508,560535380832555837,0,0,0,0,16,16,137120,8570.000,0,0,0,0,8.174
decode,real,2509,560535380832555837,0,0,0,0,16,16,137136,8571.000,0,0,0,0,8.153
decode,real,2510,560535380832555837,0,0,0,0,16,16,137152,8572.000,0,0,0,0,8.219
decode,real,2511,560535380832555837,0,0,0,0,16,16,137168,8573.000,0,0,0,0,8.114
decode,real,2512,560535380832555837,0,0,0,0,16,16,137184,8574.000,0,0,0,0,8.172
decode,real,2513,560535380832555837,0,0,0,0,16,16,137200,8575.000,0,0,0,0,8.173
decode,real,2514,560535380832555837,0,0,0,0,16,16,137216,8576.000,0,0,0,0,8.201
decode,real,2515,560535380832555837,0,0,0,0,16,16,137232,8577.000,0,0,0,0,8.130
decode,real,2516,560535380832555837,0,0,0,0,16,16,137248,8578.000,0,0,0,0,8.168
decode,real,2517,560535380832555837,0,0,0,0,16,16,137264,8579.000,0,0,0,0,8.174
decode,real,2518,560535380832555837,0,0,0,0,16,16,137280,8580.000,0,0,0,0,8.198
decode,real,2519,560535380832555837,0,0,0,0,16,16,137296,8581.000,0,0,0,0,8.157
decode,real,2520,560535380832555837,0,0,0,0,16,16,137312,8582.000,0,0,0,0,8.178
decode,real,2521,560535380832555837,0,0,0,0,16,16,137328,8583.000,0,0,0,0,8.172
decode,real,2522,560535380832555837,0,0,0,0,16,16,137344,8584.000,0,0,0,0,8.219
decode,real,2523,560535380832555837,0,0,0,0,16,16,137360,8585.000,0,0,0,0,8.112
decode,real,2524,560535380832555837,0,0,0,0,16,16,137376,8586.000,0,0,0,0,8.187
decode,real,2525,560535380832555837,0,0,0,0,16,16,137392,8587.000,0,0,0,0,8.169
decode,real,2526,560535380832555837,0,0,0,0,16,16,137408,8588.000,0,0,0,0,8.202
decode,real,2527,560535380832555837,0,0,0,0,16,16,137424,8589.000,0,0,0,0,8.157
decode,real,2528,560535380832555837,0,0,0,0,16,16,137440,8590.000,0,0,0,0,8.188
decode,real,2529,560535380832555837,0,0,0,0,16,16,137456,8591.000,0,0,0,0,8.161
decode,real,2530,560535380832555837,0,0,0,0,16,16,137472,8592.000,0,0,0,0,8.187
decode,real,2531,560535380832555837,0,0,0,0,16,16,137488,8593.000,0,0,0,0,8.167
decode,real,2532,560535380832555837,0,0,0,0,16,16,137504,8594.000,0,0,0,0,8.181
decode,real,2533,560535380832555837,0,0,0,0,16,16,137520,8595.000,0,0,0,0,8.171
decode,real,2534,560535380832555837,0,0,0,0,16,16,137536,8596.000,0,0,0,0,8.216
decode,real,2535,560535380832555837,0,0,0,0,16,16,137552,8597.000,0,0,0,0,8.147
decode,real,2536,560535380832555837,0,0,0,0,16,16,137568,8598.000,0,0,0,0,8.182
decode,real,2537,560535380832555837,0,0,0,0,16,16,137584,8599.000,0,0,0,0,8.206
decode,real,2538,560535380832555837,0,0,0,0,16,16,137600,8600.000,0,0,0,0,8.255
decode,real,2539,560535380832555837,0,0,0,0,16,16,137616,8601.000,0,0,0,0,8.118
decode,real,2540,560535380832555837,0,0,0,0,16,16,137632,8602.000,0,0,0,0,8.151
decode,real,2541,560535380832555837,0,0,0,0,16,16,137648,8603.000,0,0,0,0,8.206
decode,real,2542,560535380832555837,0,0,0,0,16,16,137664,8604.000,0,0,0,0,8.191
decode,real,2543,560535380832555837,0,0,0,0,16,16,137680,8605.000,0,0,0,0,8.179
decode,real,2544,560535380832555837,0,0,0,0,16,16,137696,8606.000,0,0,0,0,8.191
decode,real,2545,560535380832555837,0,0,0,0,16,16,137712,8607.000,0,0,0,0,8.170
decode,real,2546,560535380832555837,0,0,0,0,16,16,137728,8608.000,0,0,0,0,8.217
decode,real,2547,560535380832555837,0,0,0,0,16,16,137744,8609.000,0,0,0,0,8.148
decode,real,2548,560535380832555837,0,0,0,0,16,16,137760,8610.000,0,0,0,0,8.178
decode,real,2549,560535380832555837,0,0,0,0,16,16,137776,8611.000,0,0,0,0,8.177
decode,real,2550,560535380832555837,0,0,0,0,16,16,137792,8612.000,0,0,0,0,8.245
decode,real,2551,560535380832555837,0,0,0,0,16,16,137808,8613.000,0,0,0,0,8.140
decode,real,2552,560535380832555837,0,0,0,0,16,16,137824,8614.000,0,0,0,0,8.182
decode,real,2553,560535380832555837,0,0,0,0,16,16,137840,8615.000,0,0,0,0,8.193
decode,real,2554,560535380832555837,0,0,0,0,16,16,137856,8616.000,0,0,0,0,8.206
decode,real,2555,560535380832555837,0,0,0,0,16,16,137872,8617.000,0,0,0,0,8.175
decode,real,2556,560535380832555837,0,0,0,0,16,16,137888,8618.000,0,0,0,0,8.181
decode,real,2557,560535380832555837,0,0,0,0,16,16,137904,8619.000,0,0,0,0,8.146
decode,real,2558,560535380832555837,0,0,0,0,16,16,137920,8620.000,0,0,0,0,8.213
decode,real,2559,560535380832555837,0,0,0,0,16,16,137936,8621.000,0,0,0,0,8.193
decode,real,2560,560535380832555837,0,0,0,0,16,16,137952,8622.000,0,0,0,0,8.171
decode,real,2561,560535380832555837,0,0,0,0,16,16,137968,8623.000,0,0,0,0,8.174
decode,real,2562,560535380832555837,0,0,0,0,16,16,137984,8624.000,0,0,0,0,8.212
decode,real,2563,560535380832555837,0,0,0,0,16,16,138000,8625.000,0,0,0,0,8.179
decode,real,2564,560535380832555837,0,0,0,0,16,16,138016,8626.000,0,0,0,0,8.176
decode,real,2565,560535380832555837,0,0,0,0,16,16,138032,8627.000,0,0,0,0,8.160
decode,real,2566,560535380832555837,0,0,0,0,16,16,138048,8628.000,0,0,0,0,8.237
decode,real,2567,560535380832555837,0,0,0,0,16,16,138064,8629.000,0,0,0,0,8.159
decode,real,2568,560535380832555837,0,0,0,0,16,16,138080,8630.000,0,0,0,0,8.183
decode,real,2569,560535380832555837,0,0,0,0,16,16,138096,8631.000,0,0,0,0,8.176
decode,real,2570,560535380832555837,0,0,0,0,16,16,138112,8632.000,0,0,0,0,8.208
decode,real,2571,560535380832555837,0,0,0,0,16,16,138128,8633.000,0,0,0,0,8.179
decode,real,2572,560535380832555837,0,0,0,0,16,16,138144,8634.000,0,0,0,0,8.195
decode,real,2573,560535380832555837,0,0,0,0,16,16,138160,8635.000,0,0,0,0,8.180
decode,real,2574,560535380832555837,0,0,0,0,16,16,138176,8636.000,0,0,0,0,8.210
decode,real,2575,560535380832555837,0,0,0,0,16,16,138192,8637.000,0,0,0,0,8.168
decode,real,2576,560535380832555837,0,0,0,0,16,16,138208,8638.000,0,0,0,0,8.176
decode,real,2577,560535380832555837,0,0,0,0,16,16,138224,8639.000,0,0,0,0,8.203
decode,real,2578,560535380832555837,0,0,0,0,16,16,138240,8640.000,0,0,0,0,8.200
decode,real,2579,560535380832555837,0,0,0,0,16,16,138256,8641.000,0,0,0,0,8.174
decode,real,2580,560535380832555837,0,0,0,0,16,16,138272,8642.000,0,0,0,0,8.181
decode,real,2581,560535380832555837,0,0,0,0,16,16,138288,8643.000,0,0,0,0,8.188
decode,real,2582,560535380832555837,0,0,0,0,16,16,138304,8644.000,0,0,0,0,8.237
decode,real,2583,560535380832555837,0,0,0,0,16,16,138320,8645.000,0,0,0,0,8.169
decode,real,2584,560535380832555837,0,0,0,0,16,16,138336,8646.000,0,0,0,0,8.152
decode,real,2585,560535380832555837,0,0,0,0,16,16,138352,8647.000,0,0,0,0,8.212
decode,real,2586,560535380832555837,0,0,0,0,16,16,138368,8648.000,0,0,0,0,8.212
decode,real,2587,560535380832555837,0,0,0,0,16,16,138384,8649.000,0,0,0,0,8.147
decode,real,2588,560535380832555837,0,0,0,0,16,16,138400,8650.000,0,0,0,0,8.212
decode,real,2589,560535380832555837,0,0,0,0,16,16,138416,8651.000,0,0,0,0,8.158
decode,real,2590,560535380832555837,0,0,0,0,16,16,138432,8652.000,0,0,0,0,8.203
decode,real,2591,560535380832555837,0,0,0,0,16,16,138448,8653.000,0,0,0,0,8.193
decode,real,2592,560535380832555837,0,0,0,0,16,16,138464,8654.000,0,0,0,0,8.188
decode,real,2593,560535380832555837,0,0,0,0,16,16,138480,8655.000,0,0,0,0,8.191
decode,real,2594,560535380832555837,0,0,0,0,16,16,138496,8656.000,0,0,0,0,8.185
decode,real,2595,560535380832555837,0,0,0,0,16,16,138512,8657.000,0,0,0,0,8.197
decode,real,2596,560535380832555837,0,0,0,0,16,16,138528,8658.000,0,0,0,0,8.170
decode,real,2597,560535380832555837,0,0,0,0,16,16,138544,8659.000,0,0,0,0,8.190
decode,real,2598,560535380832555837,0,0,0,0,16,16,138560,8660.000,0,0,0,0,8.230
decode,real,2599,560535380832555837,0,0,0,0,16,16,138576,8661.000,0,0,0,0,8.175
decode,real,2600,560535380832555837,0,0,0,0,16,16,138592,8662.000,0,0,0,0,8.197
decode,real,2601,560535380832555837,0,0,0,0,16,16,138608,8663.000,0,0,0,0,8.184
decode,real,2602,560535380832555837,0,0,0,0,16,16,138624,8664.000,0,0,0,0,8.199
decode,real,2603,560535380832555837,0,0,0,0,16,16,138640,8665.000,0,0,0,0,8.182
decode,real,2604,560535380832555837,0,0,0,0,16,16,138656,8666.000,0,0,0,0,8.161
decode,real,2605,560535380832555837,0,0,0,0,16,16,138672,8667.000,0,0,0,0,8.220
decode,real,2606,560535380832555837,0,0,0,0,16,16,138688,8668.000,0,0,0,0,8.196
decode,real,2607,560535380832555837,0,0,0,0,16,16,138704,8669.000,0,0,0,0,8.167
decode,real,2608,560535380832555837,0,0,0,0,16,16,138720,8670.000,0,0,0,0,8.195
decode,real,2609,560535380832555837,0,0,0,0,16,16,138736,8671.000,0,0,0,0,8.210
decode,real,2610,560535380832555837,0,0,0,0,16,16,138752,8672.000,0,0,0,0,8.176
decode,real,2611,560535380832555837,0,0,0,0,16,16,138768,8673.000,0,0,0,0,8.187
decode,real,2612,560535380832555837,0,0,0,0,16,16,138784,8674.000,0,0,0,0,8.167
decode,real,2613,560535380832555837,0,0,0,0,16,16,138800,8675.000,0,0,0,0,8.230
decode,real,2614,560535380832555837,0,0,0,0,16,16,138816,8676.000,0,0,0,0,8.222
decode,real,2615,560535380832555837,0,0,0,0,16,16,138832,8677.000,0,0,0,0,8.162
decode,real,2616,560535380832555837,0,0,0,0,16,16,138848,8678.000,0,0,0,0,8.168
decode,real,2617,560535380832555837,0,0,0,0,16,16,138864,8679.000,0,0,0,0,8.209
decode,real,2618,560535380832555837,0,0,0,0,16,16,138880,8680.000,0,0,0,0,8.197
decode,real,2619,560535380832555837,0,0,0,0,16,16,138896,8681.000,0,0,0,0,8.223
decode,real,2620,560535380832555837,0,0,0,0,16,16,138912,8682.000,0,0,0,0,8.140
decode,real,2621,560535380832555837,0,0,0,0,16,16,138928,8683.000,0,0,0,0,8.198
decode,real,2622,560535380832555837,0,0,0,0,16,16,138944,8684.000,0,0,0,0,8.221
decode,real,2623,560535380832555837,0,0,0,0,16,16,138960,8685.000,0,0,0,0,8.152
decode,real,2624,560535380832555837,0,0,0,0,16,16,138976,8686.000,0,0,0,0,8.245
decode,real,2625,560535380832555837,0,0,0,0,16,16,138992,8687.000,0,0,0,0,8.171
decode,real,2626,560535380832555837,0,0,0,0,16,16,139008,8688.000,0,0,0,0,8.194
decode,real,2627,560535380832555837,0,0,0,0,16,16,139024,8689.000,0,0,0,0,8.172
decode,real,2628,560535380832555837,0,0,0,0,16,16,139040,8690.000,0,0,0,0,8.181
decode,real,2629,560535380832555837,0,0,0,0,16,16,139056,8691.000,0,0,0,0,8.198
decode,real,2630,560535380832555837,0,0,0,0,16,16,139072,8692.000,0,0,0,0,8.216
decode,real,2631,560535380832555837,0,0,0,0,16,16,139088,8693.000,0,0,0,0,8.174
decode,real,2632,560535380832555837,0,0,0,0,16,16,139104,8694.000,0,0,0,0,8.189
decode,real,2633,560535380832555837,0,0,0,0,16,16,139120,8695.000,0,0,0,0,8.219
decode,real,2634,560535380832555837,0,0,0,0,16,16,139136,8696.000,0,0,0,0,8.225
decode,real,2635,560535380832555837,0,0,0,0,16,16,139152,8697.000,0,0,0,0,8.172
decode,real,2636,560535380832555837,0,0,0,0,16,16,139168,8698.000,0,0,0,0,8.186
decode,real,2637,560535380832555837,0,0,0,0,16,16,139184,8699.000,0,0,0,0,8.200
decode,real,2638,560535380832555837,0,0,0,0,16,16,139200,8700.000,0,0,0,0,8.224
decode,real,2639,560535380832555837,0,0,0,0,16,16,139216,8701.000,0,0,0,0,8.168
decode,real,2640,560535380832555837,0,0,0,0,16,16,139232,8702.000,0,0,0,0,8.197
decode,real,2641,560535380832555837,0,0,0,0,16,16,139248,8703.000,0,0,0,0,8.179
decode,real,2642,560535380832555837,0,0,0,0,16,16,139264,8704.000,0,0,0,0,8.241
decode,real,2643,560535380832555837,0,0,0,0,16,16,139280,8705.000,0,0,0,0,8.144
decode,real,2644,560535380832555837,0,0,0,0,16,16,139296,8706.000,0,0,0,0,8.210
decode,real,2645,560535380832555837,0,0,0,0,16,16,139312,8707.000,0,0,0,0,8.183
decode,real,2646,560535380832555837,0,0,0,0,16,16,139328,8708.000,0,0,0,0,8.209
decode,real,2647,560535380832555837,0,0,0,0,16,16,139344,8709.000,0,0,0,0,8.198
decode,real,2648,560535380832555837,0,0,0,0,16,16,139360,8710.000,0,0,0,0,8.173
decode,real,2649,560535380832555837,0,0,0,0,16,16,139376,8711.000,0,0,0,0,8.188
decode,real,2650,560535380832555837,0,0,0,0,16,16,139392,8712.000,0,0,0,0,8.234
decode,real,2651,560535380832555837,0,0,0,0,16,16,139408,8713.000,0,0,0,0,8.164
decode,real,2652,560535380832555837,0,0,0,0,16,16,139424,8714.000,0,0,0,0,8.194
decode,real,2653,560535380832555837,0,0,0,0,16,16,139440,8715.000,0,0,0,0,8.185
decode,real,2654,560535380832555837,0,0,0,0,16,16,139456,8716.000,0,0,0,0,8.247
decode,real,2655,560535380832555837,0,0,0,0,16,16,139472,8717.000,0,0,0,0,8.159
decode,real,2656,560535380832555837,0,0,0,0,16,16,139488,8718.000,0,0,0,0,8.167
decode,real,2657,560535380832555837,0,0,0,0,16,16,139504,8719.000,0,0,0,0,8.199
decode,real,2658,560535380832555837,0,0,0,0,16,16,139520,8720.000,0,0,0,0,8.234
decode,real,2659,560535380832555837,0,0,0,0,16,16,139536,8721.000,0,0,0,0,8.185
decode,real,2660,560535380832555837,0,0,0,0,16,16,139552,8722.000,0,0,0,0,8.194
decode,real,2661,560535380832555837,0,0,0,0,16,16,139568,8723.000,0,0,0,0,8.208
decode,real,2662,560535380832555837,0,0,0,0,16,16,139584,8724.000,0,0,0,0,8.203
decode,real,2663,560535380832555837,0,0,0,0,16,16,139600,8725.000,0,0,0,0,8.190
decode,real,2664,560535380832555837,0,0,0,0,16,16,139616,8726.000,0,0,0,0,8.179
decode,real,2665,560535380832555837,0,0,0,0,16,16,139632,8727.000,0,0,0,0,8.227
decode,real,2666,560535380832555837,0,0,0,0,16,16,139648,8728.000,0,0,0,0,8.214
decode,real,2667,560535380832555837,0,0,0,0,16,16,139664,8729.000,0,0,0,0,8.177
decode,real,2668,560535380832555837,0,0,0,0,16,16,139680,8730.000,0,0,0,0,8.174
decode,real,2669,560535380832555837,0,0,0,0,16,16,139696,8731.000,0,0,0,0,8.205
decode,real,2670,560535380832555837,0,0,0,0,16,16,139712,8732.000,0,0,0,0,8.232
decode,real,2671,560535380832555837,0,0,0,0,16,16,139728,8733.000,0,0,0,0,8.171
decode,real,2672,560535380832555837,0,0,0,0,16,16,139744,8734.000,0,0,0,0,8.187
decode,real,2673,560535380832555837,0,0,0,0,16,16,139760,8735.000,0,0,0,0,8.216
decode,real,2674,560535380832555837,0,0,0,0,16,16,139776,8736.000,0,0,0,0,8.230
decode,real,2675,560535380832555837,0,0,0,0,16,16,139792,8737.000,0,0,0,0,8.193
decode,real,2676,560535380832555837,0,0,0,0,16,16,139808,8738.000,0,0,0,0,8.186
decode,real,2677,560535380832555837,0,0,0,0,16,16,139824,8739.000,0,0,0,0,8.209
decode,real,2678,560535380832555837,0,0,0,0,16,16,139840,8740.000,0,0,0,0,8.236
decode,real,2679,560535380832555837,0,0,0,0,16,16,139856,8741.000,0,0,0,0,8.187
decode,real,2680,560535380832555837,0,0,0,0,16,16,139872,8742.000,0,0,0,0,8.202
decode,real,2681,560535380832555837,0,0,0,0,16,16,139888,8743.000,0,0,0,0,8.204
decode,real,2682,560535380832555837,0,0,0,0,16,16,139904,8744.000,0,0,0,0,8.230
decode,real,2683,560535380832555837,0,0,0,0,16,16,139920,8745.000,0,0,0,0,8.179
decode,real,2684,560535380832555837,0,0,0,0,16,16,139936,8746.000,0,0,0,0,8.157
decode,real,2685,560535380832555837,0,0,0,0,16,16,139952,8747.000,0,0,0,0,8.235
decode,real,2686,560535380832555837,0,0,0,0,16,16,139968,8748.000,0,0,0,0,8.209
decode,real,2687,560535380832555837,0,0,0,0,16,16,139984,8749.000,0,0,0,0,8.196
decode,real,2688,560535380832555837,0,0,0,0,16,16,140000,8750.000,0,0,0,0,8.179
decode,real,2689,560535380832555837,0,0,0,0,16,16,140016,8751.000,0,0,0,0,8.215
decode,real,2690,560535380832555837,0,0,0,0,16,16,140032,8752.000,0,0,0,0,8.276
decode,real,2691,560535380832555837,0,0,0,0,16,16,140048,8753.000,0,0,0,0,8.104
decode,real,2692,560535380832555837,0,0,0,0,16,16,140064,8754.000,0,0,0,0,8.210
decode,real,2693,560535380832555837,0,0,0,0,16,16,140080,8755.000,0,0,0,0,8.199
decode,real,2694,560535380832555837,0,0,0,0,16,16,140096,8756.000,0,0,0,0,8.241
decode,real,2695,560535380832555837,0,0,0,0,16,16,140112,8757.000,0,0,0,0,8.181
decode,real,2696,560535380832555837,0,0,0,0,16,16,140128,8758.000,0,0,0,0,8.194
decode,real,2697,560535380832555837,0,0,0,0,16,16,140144,8759.000,0,0,0,0,8.198
decode,real,2698,560535380832555837,0,0,0,0,16,16,140160,8760.000,0,0,0,0,8.213
decode,real,2699,560535380832555837,0,0,0,0,16,16,140176,8761.000,0,0,0,0,8.207
decode,real,2700,560535380832555837,0,0,0,0,16,16,140192,8762.000,0,0,0,0,8.215
decode,real,2701,560535380832555837,0,0,0,0,16,16,140208,8763.000,0,0,0,0,8.199
decode,real,2702,560535380832555837,0,0,0,0,16,16,140224,8764.000,0,0,0,0,8.229
decode,real,2703,560535380832555837,0,0,0,0,16,16,140240,8765.000,0,0,0,0,8.180
decode,real,2704,560535380832555837,0,0,0,0,16,16,140256,8766.000,0,0,0,0,8.201
decode,real,2705,560535380832555837,0,0,0,0,16,16,140272,8767.000,0,0,0,0,8.212
decode,real,2706,560535380832555837,0,0,0,0,16,16,140288,8768.000,0,0,0,0,8.231
decode,real,2707,560535380832555837,0,0,0,0,16,16,140304,8769.000,0,0,0,0,8.185
decode,real,2708,560535380832555837,0,0,0,0,16,16,140320,8770.000,0,0,0,0,8.181
decode,real,2709,560535380832555837,0,0,0,0,16,16,140336,8771.000,0,0,0,0,8.263
decode,real,2710,560535380832555837,0,0,0,0,16,16,140352,8772.000,0,0,0,0,8.190
decode,real,2711,560535380832555837,0,0,0,0,16,16,140368,8773.000,0,0,0,0,8.168
decode,real,2712,560535380832555837,0,0,0,0,16,16,140384,8774.000,0,0,0,0,8.228
decode,real,2713,560535380832555837,0,0,0,0,16,16,140400,8775.000,0,0,0,0,8.194
decode,real,2714,560535380832555837,0,0,0,0,16,16,140416,8776.000,0,0,0,0,8.252
decode,real,2715,560535380832555837,0,0,0,0,16,16,140432,8777.000,0,0,0,0,8.159
decode,real,2716,560535380832555837,0,0,0,0,16,16,140448,8778.000,0,0,0,0,8.192
decode,real,2717,560535380832555837,0,0,0,0,16,16,140464,8779.000,0,0,0,0,8.216
decode,real,2718,560535380832555837,0,0,0,0,16,16,140480,8780.000,0,0,0,0,8.238
decode,real,2719,560535380832555837,0,0,0,0,16,16,140496,8781.000,0,0,0,0,8.189
decode,real,2720,560535380832555837,0,0,0,0,16,16,140512,8782.000,0,0,0,0,8.220
decode,real,2721,560535380832555837,0,0,0,0,16,16,140528,8783.000,0,0,0,0,8.232
decode,real,2722,560535380832555837,0,0,0,0,16,16,140544,8784.000,0,0,0,0,8.207
decode,real,2723,560535380832555837,0,0,0,0,16,16,140560,8785.000,0,0,0,0,8.178
decode,real,2724,560535380832555837,0,0,0,0,16,16,140576,8786.000,0,0,0,0,8.226
decode,real,2725,560535380832555837,0,0,0,0,16,16,140592,8787.000,0,0,0,0,8.185
decode,real,2726,560535380832555837,0,0,0,0,16,16,140608,8788.000,0,0,0,0,8.239
decode,real,2727,560535380832555837,0,0,0,0,16,16,140624,8789.000,0,0,0,0,8.184
decode,real,2728,560535380832555837,0,0,0,0,16,16,140640,8790.000,0,0,0,0,8.231
decode,real,2729,560535380832555837,0,0,0,0,16,16,140656,8791.000,0,0,0,0,8.196
decode,real,2730,560535380832555837,0,0,0,0,16,16,140672,8792.000,0,0,0,0,8.250
decode,real,2731,560535380832555837,0,0,0,0,16,16,140688,8793.000,0,0,0,0,8.188
decode,real,2732,560535380832555837,0,0,0,0,16,16,140704,8794.000,0,0,0,0,8.197
decode,real,2733,560535380832555837,0,0,0,0,16,16,140720,8795.000,0,0,0,0,8.214
decode,real,2734,560535380832555837,0,0,0,0,16,16,140736,8796.000,0,0,0,0,8.232
decode,real,2735,560535380832555837,0,0,0,0,16,16,140752,8797.000,0,0,0,0,8.192
decode,real,2736,560535380832555837,0,0,0,0,16,16,140768,8798.000,0,0,0,0,8.216
decode,real,2737,560535380832555837,0,0,0,0,16,16,140784,8799.000,0,0,0,0,8.198
decode,real,2738,560535380832555837,0,0,0,0,16,16,140800,8800.000,0,0,0,0,8.261
decode,real,2739,560535380832555837,0,0,0,0,16,16,140816,8801.000,0,0,0,0,8.170
decode,real,2740,560535380832555837,0,0,0,0,16,16,140832,8802.000,0,0,0,0,8.222
decode,real,2741,560535380832555837,0,0,0,0,16,16,140848,8803.000,0,0,0,0,8.173
decode,real,2742,560535380832555837,0,0,0,0,16,16,140864,8804.000,0,0,0,0,8.263
decode,real,2743,560535380832555837,0,0,0,0,16,16,140880,8805.000,0,0,0,0,8.191
decode,real,2744,560535380832555837,0,0,0,0,16,16,140896,8806.000,0,0,0,0,8.180
decode,real,2745,560535380832555837,0,0,0,0,16,16,140912,8807.000,0,0,0,0,8.201
decode,real,2746,560535380832555837,0,0,0,0,16,16,140928,8808.000,0,0,0,0,8.253
decode,real,2747,560535380832555837,0,0,0,0,16,16,140944,8809.000,0,0,0,0,8.192
decode,real,2748,560535380832555837,0,0,0,0,16,16,140960,8810.000,0,0,0,0,8.217
decode,real,2749,560535380832555837,0,0,0,0,16,16,140976,8811.000,0,0,0,0,8.195
decode,real,2750,560535380832555837,0,0,0,0,16,16,140992,8812.000,0,0,0,0,8.227
decode,real,2751,560535380832555837,0,0,0,0,16,16,141008,8813.000,0,0,0,0,8.193
decode,real,2752,560535380832555837,0,0,0,0,16,16,141024,8814.000,0,0,0,0,8.232
decode,real,2753,560535380832555837,0,0,0,0,16,16,141040,8815.000,0,0,0,0,8.209
decode,real,2754,560535380832555837,0,0,0,0,16,16,141056,8816.000,0,0,0,0,8.222
decode,real,2755,560535380832555837,0,0,0,0,16,16,141072,8817.000,0,0,0,0,8.228
decode,real,2756,560535380832555837,0,0,0,0,16,16,141088,8818.000,0,0,0,0,8.196
decode,real,2757,560535380832555837,0,0,0,0,16,16,141104,8819.000,0,0,0,0,8.258
decode,real,2758,560535380832555837,0,0,0,0,16,16,141120,8820.000,0,0,0,0,8.195
decode,real,2759,560535380832555837,0,0,0,0,16,16,141136,8821.000,0,0,0,0,8.212
decode,real,2760,560535380832555837,0,0,0,0,16,16,141152,8822.000,0,0,0,0,8.192
decode,real,2761,560535380832555837,0,0,0,0,16,16,141168,8823.000,0,0,0,0,8.223
decode,real,2762,560535380832555837,0,0,0,0,16,16,141184,8824.000,0,0,0,0,8.237
decode,real,2763,560535380832555837,0,0,0,0,16,16,141200,8825.000,0,0,0,0,8.220
decode,real,2764,560535380832555837,0,0,0,0,16,16,141216,8826.000,0,0,0,0,8.197
decode,real,2765,560535380832555837,0,0,0,0,16,16,141232,8827.000,0,0,0,0,8.213
decode,real,2766,560535380832555837,0,0,0,0,16,16,141248,8828.000,0,0,0,0,8.269
decode,real,2767,560535380832555837,0,0,0,0,16,16,141264,8829.000,0,0,0,0,8.171
decode,real,2768,560535380832555837,0,0,0,0,16,16,141280,8830.000,0,0,0,0,8.212
decode,real,2769,560535380832555837,0,0,0,0,16,16,141296,8831.000,0,0,0,0,8.245
decode,real,2770,560535380832555837,0,0,0,0,16,16,141312,8832.000,0,0,0,0,8.270
decode,real,2771,560535380832555837,0,0,0,0,16,16,141328,8833.000,0,0,0,0,8.187
decode,real,2772,560535380832555837,0,0,0,0,16,16,141344,8834.000,0,0,0,0,8.218
decode,real,2773,560535380832555837,0,0,0,0,16,16,141360,8835.000,0,0,0,0,8.213
decode,real,2774,560535380832555837,0,0,0,0,16,16,141376,8836.000,0,0,0,0,8.243
decode,real,2775,560535380832555837,0,0,0,0,16,16,141392,8837.000,0,0,0,0,8.205
decode,real,2776,560535380832555837,0,0,0,0,16,16,141408,8838.000,0,0,0,0,8.188
decode,real,2777,560535380832555837,0,0,0,0,16,16,141424,8839.000,0,0,0,0,8.236
decode,real,2778,560535380832555837,0,0,0,0,16,16,141440,8840.000,0,0,0,0,8.276
decode,real,2779,560535380832555837,0,0,0,0,16,16,141456,8841.000,0,0,0,0,8.183
decode,real,2780,560535380832555837,0,0,0,0,16,16,141472,8842.000,0,0,0,0,8.234
decode,real,2781,560535380832555837,0,0,0,0,16,16,141488,8843.000,0,0,0,0,8.230
decode,real,2782,560535380832555837,0,0,0,0,16,16,141504,8844.000,0,0,0,0,8.247
decode,real,2783,560535380832555837,0,0,0,0,16,16,141520,8845.000,0,0,0,0,8.180
decode,real,2784,560535380832555837,0,0,0,0,16,16,141536,8846.000,0,0,0,0,8.238
decode,real,2785,560535380832555837,0,0,0,0,16,16,141552,8847.000,0,0,0,0,8.239
decode,real,2786,560535380832555837,0,0,0,0,16,16,141568,8848.000,0,0,0,0,8.225
decode,real,2787,560535380832555837,0,0,0,0,16,16,141584,8849.000,0,0,0,0,8.187
decode,real,2788,560535380832555837,0,0,0,0,16,16,141600,8850.000,0,0,0,0,8.214
decode,real,2789,560535380832555837,0,0,0,0,16,16,141616,8851.000,0,0,0,0,8.231
decode,real,2790,560535380832555837,0,0,0,0,16,16,141632,8852.000,0,0,0,0,8.253
decode,real,2791,560535380832555837,0,0,0,0,16,16,141648,8853.000,0,0,0,0,8.227
decode,real,2792,560535380832555837,0,0,0,0,16,16,141664,8854.000,0,0,0,0,8.211
decode,real,2793,560535380832555837,0,0,0,0,16,16,141680,8855.000,0,0,0,0,8.253
decode,real,2794,560535380832555837,0,0,0,0,16,16,141696,8856.000,0,0,0,0,8.216
decode,real,2795,560535380832555837,0,0,0,0,16,16,141712,8857.000,0,0,0,0,8.241
decode,real,2796,560535380832555837,0,0,0,0,16,16,141728,8858.000,0,0,0,0,8.223
decode,real,2797,560535380832555837,0,0,0,0,16,16,141744,8859.000,0,0,0,0,8.194
decode,real,2798,560535380832555837,0,0,0,0,16,16,141760,8860.000,0,0,0,0,8.255
decode,real,2799,560535380832555837,0,0,0,0,16,16,141776,8861.000,0,0,0,0,8.237
decode,real,2800,560535380832555837,0,0,0,0,16,16,141792,8862.000,0,0,0,0,8.205
decode,real,2801,560535380832555837,0,0,0,0,16,16,141808,8863.000,0,0,0,0,8.246
decode,real,2802,560535380832555837,0,0,0,0,16,16,141824,8864.000,0,0,0,0,8.249
decode,real,2803,560535380832555837,0,0,0,0,16,16,141840,8865.000,0,0,0,0,8.227
decode,real,2804,560535380832555837,0,0,0,0,16,16,141856,8866.000,0,0,0,0,8.204
decode,real,2805,560535380832555837,0,0,0,0,16,16,141872,8867.000,0,0,0,0,8.193
decode,real,2806,560535380832555837,0,0,0,0,16,16,141888,8868.000,0,0,0,0,8.278
decode,real,2807,560535380832555837,0,0,0,0,16,16,141904,8869.000,0,0,0,0,8.210
decode,real,2808,560535380832555837,0,0,0,0,16,16,141920,8870.000,0,0,0,0,8.240
decode,real,2809,560535380832555837,0,0,0,0,16,16,141936,8871.000,0,0,0,0,8.243
decode,real,2810,560535380832555837,0,0,0,0,16,16,141952,8872.000,0,0,0,0,8.208
decode,real,2811,560535380832555837,0,0,0,0,16,16,141968,8873.000,0,0,0,0,8.241
decode,real,2812,560535380832555837,0,0,0,0,16,16,141984,8874.000,0,0,0,0,8.184
decode,real,2813,560535380832555837,0,0,0,0,16,16,142000,8875.000,0,0,0,0,8.240
decode,real,2814,560535380832555837,0,0,0,0,16,16,142016,8876.000,0,0,0,0,8.256
decode,real,2815,560535380832555837,0,0,0,0,16,16,142032,8877.000,0,0,0,0,8.213
decode,real,2816,560535380832555837,0,0,0,0,16,16,142048,8878.000,0,0,0,0,8.203
decode,real,2817,560535380832555837,0,0,0,0,16,16,142064,8879.000,0,0,0,0,8.245
decode,real,2818,560535380832555837,0,0,0,0,16,16,142080,8880.000,0,0,0,0,8.260
decode,real,2819,560535380832555837,0,0,0,0,16,16,142096,8881.000,0,0,0,0,8.217
decode,real,2820,560535380832555837,0,0,0,0,16,16,142112,8882.000,0,0,0,0,8.220
decode,real,2821,560535380832555837,0,0,0,0,16,16,142128,8883.000,0,0,0,0,8.236
decode,real,2822,560535380832555837,0,0,0,0,16,16,142144,8884.000,0,0,0,0,8.269
decode,real,2823,560535380832555837,0,0,0,0,16,16,142160,8885.000,0,0,0,0,8.223
decode,real,2824,560535380832555837,0,0,0,0,16,16,142176,8886.000,0,0,0,0,8.222
decode,real,2825,560535380832555837,0,0,0,0,16,16,142192,8887.000,0,0,0,0,8.226
decode,real,2826,560535380832555837,0,0,0,0,16,16,142208,8888.000,0,0,0,0,8.241
decode,real,2827,560535380832555837,0,0,0,0,16,16,142224,8889.000,0,0,0,0,8.207
decode,real,2828,560535380832555837,0,0,0,0,16,16,142240,8890.000,0,0,0,0,8.232
decode,real,2829,560535380832555837,0,0,0,0,16,16,142256,8891.000,0,0,0,0,8.268
decode,real,2830,560535380832555837,0,0,0,0,16,16,142272,8892.000,0,0,0,0,8.228
decode,real,2831,560535380832555837,0,0,0,0,16,16,142288,8893.000,0,0,0,0,8.191
decode,real,2832,560535380832555837,0,0,0,0,16,16,142304,8894.000,0,0,0,0,8.243
decode,real,2833,560535380832555837,0,0,0,0,16,16,142320,8895.000,0,0,0,0,8.223
decode,real,2834,560535380832555837,0,0,0,0,16,16,142336,8896.000,0,0,0,0,8.258
decode,real,2835,560535380832555837,0,0,0,0,16,16,142352,8897.000,0,0,0,0,8.223
decode,real,2836,560535380832555837,0,0,0,0,16,16,142368,8898.000,0,0,0,0,8.186
decode,real,2837,560535380832555837,0,0,0,0,16,16,142384,8899.000,0,0,0,0,8.255
decode,real,2838,560535380832555837,0,0,0,0,16,16,142400,8900.000,0,0,0,0,8.234
decode,real,2839,560535380832555837,0,0,0,0,16,16,142416,8901.000,0,0,0,0,8.223
decode,real,2840,560535380832555837,0,0,0,0,16,16,142432,8902.000,0,0,0,0,8.212
decode,real,2841,560535380832555837,0,0,0,0,16,16,142448,8903.000,0,0,0,0,8.243
decode,real,2842,560535380832555837,0,0,0,0,16,16,142464,8904.000,0,0,0,0,8.256
decode,real,2843,560535380832555837,0,0,0,0,16,16,142480,8905.000,0,0,0,0,8.209
decode,real,2844,560535380832555837,0,0,0,0,16,16,142496,8906.000,0,0,0,0,8.208
decode,real,2845,560535380832555837,0,0,0,0,16,16,142512,8907.000,0,0,0,0,8.237
decode,real,2846,560535380832555837,0,0,0,0,16,16,142528,8908.000,0,0,0,0,8.273
decode,real,2847,560535380832555837,0,0,0,0,16,16,142544,8909.000,0,0,0,0,8.223
decode,real,2848,560535380832555837,0,0,0,0,16,16,142560,8910.000,0,0,0,0,8.229
decode,real,2849,560535380832555837,0,0,0,0,16,16,142576,8911.000,0,0,0,0,8.226
decode,real,2850,560535380832555837,0,0,0,0,16,16,142592,8912.000,0,0,0,0,8.260
decode,real,2851,560535380832555837,0,0,0,0,16,16,142608,8913.000,0,0,0,0,8.217
decode,real,2852,560535380832555837,0,0,0,0,16,16,142624,8914.000,0,0,0,0,8.235
decode,real,2853,560535380832555837,0,0,0,0,16,16,142640,8915.000,0,0,0,0,8.257
decode,real,2854,560535380832555837,0,0,0,0,16,16,142656,8916.000,0,0,0,0,8.261
decode,real,2855,560535380832555837,0,0,0,0,16,16,142672,8917.000,0,0,0,0,8.204
decode,real,2856,560535380832555837,0,0,0,0,16,16,142688,8918.000,0,0,0,0,8.223
decode,real,2857,560535380832555837,0,0,0,0,16,16,142704,8919.000,0,0,0,0,8.257
decode,real,2858,560535380832555837,0,0,0,0,16,16,142720,8920.000,0,0,0,0,8.248
decode,real,2859,560535380832555837,0,0,0,0,16,16,142736,8921.000,0,0,0,0,8.225
decode,real,2860,560535380832555837,0,0,0,0,16,16,142752,8922.000,0,0,0,0,8.237
decode,real,2861,560535380832555837,0,0,0,0,16,16,142768,8923.000,0,0,0,0,8.268
decode,real,2862,560535380832555837,0,0,0,0,16,16,142784,8924.000,0,0,0,0,8.261
decode,real,2863,560535380832555837,0,0,0,0,16,16,142800,8925.000,0,0,0,0,8.216
decode,real,2864,560535380832555837,0,0,0,0,16,16,142816,8926.000,0,0,0,0,8.227
decode,real,2865,560535380832555837,0,0,0,0,16,16,142832,8927.000,0,0,0,0,8.224
decode,real,2866,560535380832555837,0,0,0,0,16,16,142848,8928.000,0,0,0,0,8.274
decode,real,2867,560535380832555837,0,0,0,0,16,16,142864,8929.000,0,0,0,0,8.215
decode,real,2868,560535380832555837,0,0,0,0,16,16,142880,8930.000,0,0,0,0,8.208
decode,real,2869,560535380832555837,0,0,0,0,16,16,142896,8931.000,0,0,0,0,8.265
decode,real,2870,560535380832555837,0,0,0,0,16,16,142912,8932.000,0,0,0,0,8.241
decode,real,2871,560535380832555837,0,0,0,0,16,16,142928,8933.000,0,0,0,0,8.237
decode,real,2872,560535380832555837,0,0,0,0,16,16,142944,8934.000,0,0,0,0,8.230
decode,real,2873,560535380832555837,0,0,0,0,16,16,142960,8935.000,0,0,0,0,8.247
decode,real,2874,560535380832555837,0,0,0,0,16,16,142976,8936.000,0,0,0,0,8.256
decode,real,2875,560535380832555837,0,0,0,0,16,16,142992,8937.000,0,0,0,0,8.224
decode,real,2876,560535380832555837,0,0,0,0,16,16,143008,8938.000,0,0,0,0,8.234
decode,real,2877,560535380832555837,0,0,0,0,16,16,143024,8939.000,0,0,0,0,8.254
decode,real,2878,560535380832555837,0,0,0,0,16,16,143040,8940.000,0,0,0,0,8.244
decode,real,2879,560535380832555837,0,0,0,0,16,16,143056,8941.000,0,0,0,0,8.222
decode,real,2880,560535380832555837,0,0,0,0,16,16,143072,8942.000,0,0,0,0,8.218
decode,real,2881,560535380832555837,0,0,0,0,16,16,143088,8943.000,0,0,0,0,8.244
decode,real,2882,560535380832555837,0,0,0,0,16,16,143104,8944.000,0,0,0,0,8.262
decode,real,2883,560535380832555837,0,0,0,0,16,16,143120,8945.000,0,0,0,0,8.239
decode,real,2884,560535380832555837,0,0,0,0,16,16,143136,8946.000,0,0,0,0,8.210
decode,real,2885,560535380832555837,0,0,0,0,16,16,143152,8947.000,0,0,0,0,8.252
decode,real,2886,560535380832555837,0,0,0,0,16,16,143168,8948.000,0,0,0,0,8.232
decode,real,2887,560535380832555837,0,0,0,0,16,16,143184,8949.000,0,0,0,0,8.241
decode,real,2888,560535380832555837,0,0,0,0,16,16,143200,8950.000,0,0,0,0,8.244
decode,real,2889,560535380832555837,0,0,0,0,16,16,143216,8951.000,0,0,0,0,8.254
decode,real,2890,560535380832555837,0,0,0,0,16,16,143232,8952.000,0,0,0,0,8.222
decode,real,2891,560535380832555837,0,0,0,0,16,16,143248,8953.000,0,0,0,0,8.265
decode,real,2892,560535380832555837,0,0,0,0,16,16,143264,8954.000,0,0,0,0,8.236
decode,real,2893,560535380832555837,0,0,0,0,16,16,143280,8955.000,0,0,0,0,8.245
decode,real,2894,560535380832555837,0,0,0,0,16,16,143296,8956.000,0,0,0,0,8.281
decode,real,2895,560535380832555837,0,0,0,0,16,16,143312,8957.000,0,0,0,0,8.231
decode,real,2896,560535380832555837,0,0,0,0,16,16,143328,8958.000,0,0,0,0,8.269
decode,real,2897,560535380832555837,0,0,0,0,16,16,143344,8959.000,0,0,0,0,8.269
decode,real,2898,560535380832555837,0,0,0,0,16,16,143360,8960.000,0,0,0,0,8.266
decode,real,2899,560535380832555837,0,0,0,0,16,16,143376,8961.000,0,0,0,0,8.255
decode,real,2900,560535380832555837,0,0,0,0,16,16,143392,8962.000,0,0,0,0,8.216
decode,real,2901,560535380832555837,0,0,0,0,16,16,143408,8963.000,0,0,0,0,8.278
decode,real,2902,560535380832555837,0,0,0,0,16,16,143424,8964.000,0,0,0,0,8.275
decode,real,2903,560535380832555837,0,0,0,0,16,16,143440,8965.000,0,0,0,0,8.272
decode,real,2904,560535380832555837,0,0,0,0,16,16,143456,8966.000,0,0,0,0,8.227
decode,real,2905,560535380832555837,0,0,0,0,16,16,143472,8967.000,0,0,0,0,8.267
decode,real,2906,560535380832555837,0,0,0,0,16,16,143488,8968.000,0,0,0,0,8.302
decode,real,2907,560535380832555837,0,0,0,0,16,16,143504,8969.000,0,0,0,0,8.242
decode,real,2908,560535380832555837,0,0,0,0,16,16,143520,8970.000,0,0,0,0,8.258
decode,real,2909,560535380832555837,0,0,0,0,16,16,143536,8971.000,0,0,0,0,8.258
decode,real,2910,560535380832555837,0,0,0,0,16,16,143552,8972.000,0,0,0,0,8.264
decode,real,2911,560535380832555837,0,0,0,0,16,16,143568,8973.000,0,0,0,0,8.271
decode,real,2912,560535380832555837,0,0,0,0,16,16,143584,8974.000,0,0,0,0,8.268
decode,real,2913,560535380832555837,0,0,0,0,16,16,143600,8975.000,0,0,0,0,8.276
decode,real,2914,560535380832555837,0,0,0,0,16,16,143616,8976.000,0,0,0,0,8.276
decode,real,2915,560535380832555837,0,0,0,0,16,16,143632,8977.000,0,0,0,0,8.245
decode,real,2916,560535380832555837,0,0,0,0,16,16,143648,8978.000,0,0,0,0,8.257
decode,real,2917,560535380832555837,0,0,0,0,16,16,143664,8979.000,0,0,0,0,8.284
decode,real,2918,560535380832555837,0,0,0,0,16,16,143680,8980.000,0,0,0,0,8.311
decode,real,2919,560535380832555837,0,0,0,0,16,16,143696,8981.000,0,0,0,0,8.247
decode,real,2920,560535380832555837,0,0,0,0,16,16,143712,8982.000,0,0,0,0,8.255
decode,real,2921,560535380832555837,0,0,0,0,16,16,143728,8983.000,0,0,0,0,8.271
decode,real,2922,560535380832555837,0,0,0,0,16,16,143744,8984.000,0,0,0,0,8.302
decode,real,2923,560535380832555837,0,0,0,0,16,16,143760,8985.000,0,0,0,0,8.217
decode,real,2924,560535380832555837,0,0,0,0,16,16,143776,8986.000,0,0,0,0,8.238
decode,real,2925,560535380832555837,0,0,0,0,16,16,143792,8987.000,0,0,0,0,8.266
decode,real,2926,560535380832555837,0,0,0,0,16,16,143808,8988.000,0,0,0,0,8.245
decode,real,2927,560535380832555837,0,0,0,0,16,16,143824,8989.000,0,0,0,0,8.290
decode,real,2928,560535380832555837,0,0,0,0,16,16,143840,8990.000,0,0,0,0,8.214
decode,real,2929,560535380832555837,0,0,0,0,16,16,143856,8991.000,0,0,0,0,8.185
decode,real,2930,560535380832555837,0,0,0,0,16,16,143872,8992.000,0,0,0,0,8.252
decode,real,2931,560535380832555837,0,0,0,0,16,16,143888,8993.000,0,0,0,0,8.201
decode,real,2932,560535380832555837,0,0,0,0,16,16,143904,8994.000,0,0,0,0,8.229
decode,real,2933,560535380832555837,0,0,0,0,16,16,143920,8995.000,0,0,0,0,8.231
decode,real,2934,560535380832555837,0,0,0,0,16,16,143936,8996.000,0,0,0,0,8.243
decode,real,2935,560535380832555837,0,0,0,0,16,16,143952,8997.000,0,0,0,0,8.200
decode,real,2936,560535380832555837,0,0,0,0,16,16,143968,8998.000,0,0,0,0,8.255
decode,real,2937,560535380832555837,0,0,0,0,16,16,143984,8999.000,0,0,0,0,8.217
decode,real,2938,560535380832555837,0,0,0,0,16,16,144000,9000.000,0,0,0,0,8.243
decode,real,2939,560535380832555837,0,0,0,0,16,16,144016,9001.000,0,0,0,0,8.224
decode,real,2940,560535380832555837,0,0,0,0,16,16,144032,9002.000,0,0,0,0,8.232
decode,real,2941,560535380832555837,0,0,0,0,16,16,144048,9003.000,0,0,0,0,8.210
decode,real,2942,560535380832555837,0,0,0,0,16,16,144064,9004.000,0,0,0,0,8.259
decode,real,2943,560535380832555837,0,0,0,0,16,16,144080,9005.000,0,0,0,0,8.241
decode,real,2944,560535380832555837,0,0,0,0,16,16,144096,9006.000,0,0,0,0,8.213
decode,real,2945,560535380832555837,0,0,0,0,16,16,144112,9007.000,0,0,0,0,8.223
decode,real,2946,560535380832555837,0,0,0,0,16,16,144128,9008.000,0,0,0,0,8.244
decode,real,2947,560535380832555837,0,0,0,0,16,16,144144,9009.000,0,0,0,0,8.209
decode,real,2948,560535380832555837,0,0,0,0,16,16,144160,9010.000,0,0,0,0,8.235
decode,real,2949,560535380832555837,0,0,0,0,16,16,144176,9011.000,0,0,0,0,8.285
decode,real,2950,560535380832555837,0,0,0,0,16,16,144192,9012.000,0,0,0,0,8.224
decode,real,2951,560535380832555837,0,0,0,0,16,16,144208,9013.000,0,0,0,0,8.192
decode,real,2952,560535380832555837,0,0,0,0,16,16,144224,9014.000,0,0,0,0,8.249
decode,real,2953,560535380832555837,0,0,0,0,16,16,144240,9015.000,0,0,0,0,8.230
decode,real,2954,560535380832555837,0,0,0,0,16,16,144256,9016.000,0,0,0,0,8.284
decode,real,2955,560535380832555837,0,0,0,0,16,16,144272,9017.000,0,0,0,0,8.197
decode,real,2956,560535380832555837,0,0,0,0,16,16,144288,9018.000,0,0,0,0,8.236
decode,real,2957,560535380832555837,0,0,0,0,16,16,144304,9019.000,0,0,0,0,8.236
decode,real,2958,560535380832555837,0,0,0,0,16,16,144320,9020.000,0,0,0,0,8.276
decode,real,2959,560535380832555837,0,0,0,0,16,16,144336,9021.000,0,0,0,0,8.190
decode,real,2960,560535380832555837,0,0,0,0,16,16,144352,9022.000,0,0,0,0,8.252
decode,real,2961,560535380832555837,0,0,0,0,16,16,144368,9023.000,0,0,0,0,8.234
decode,real,2962,560535380832555837,0,0,0,0,16,16,144384,9024.000,0,0,0,0,8.277
decode,real,2963,560535380832555837,0,0,0,0,16,16,144400,9025.000,0,0,0,0,8.199
decode,real,2964,560535380832555837,0,0,0,0,16,16,144416,9026.000,0,0,0,0,8.222
decode,real,2965,560535380832555837,0,0,0,0,16,16,144432,9027.000,0,0,0,0,8.232
decode,real,2966,560535380832555837,0,0,0,0,16,16,144448,9028.000,0,0,0,0,8.265
decode,real,2967,560535380832555837,0,0,0,0,16,16,144464,9029.000,0,0,0,0,8.224
decode,real,2968,560535380832555837,0,0,0,0,16,16,144480,9030.000,0,0,0,0,8.240
decode,real,2969,560535380832555837,0,0,0,0,16,16,144496,9031.000,0,0,0,0,8.222
decode,real,2970,560535380832555837,0,0,0,0,16,16,144512,9032.000,0,0,0,0,8.238
decode,real,2971,560535380832555837,0,0,0,0,16,16,144528,9033.000,0,0,0,0,8.202
decode,real,2972,560535380832555837,0,0,0,0,16,16,144544,9034.000,0,0,0,0,8.251
decode,real,2973,560535380832555837,0,0,0,0,16,16,144560,9035.000,0,0,0,0,8.250
decode,real,2974,560535380832555837,0,0,0,0,16,16,144576,9036.000,0,0,0,0,8.279
decode,real,2975,560535380832555837,0,0,0,0,16,16,144592,9037.000,0,0,0,0,8.185
decode,real,2976,560535380832555837,0,0,0,0,16,16,144608,9038.000,0,0,0,0,8.236
decode,real,2977,560535380832555837,0,0,0,0,16,16,144624,9039.000,0,0,0,0,8.247
decode,real,2978,560535380832555837,0,0,0,0,16,16,144640,9040.000,0,0,0,0,8.274
decode,real,2979,560535380832555837,0,0,0,0,16,16,144656,9041.000,0,0,0,0,8.220
decode,real,2980,560535380832555837,0,0,0,0,16,16,144672,9042.000,0,0,0,0,8.198
decode,real,2981,560535380832555837,0,0,0,0,16,16,144688,9043.000,0,0,0,0,8.243
decode,real,2982,560535380832555837,0,0,0,0,16,16,144704,9044.000,0,0,0,0,8.256
decode,real,2983,560535380832555837,0,0,0,0,16,16,144720,9045.000,0,0,0,0,8.222
decode,real,2984,560535380832555837,0,0,0,0,16,16,144736,9046.000,0,0,0,0,8.240
decode,real,2985,560535380832555837,0,0,0,0,16,16,144752,9047.000,0,0,0,0,8.229
decode,real,2986,560535380832555837,0,0,0,0,16,16,144768,9048.000,0,0,0,0,8.261
decode,real,2987,560535380832555837,0,0,0,0,16,16,144784,9049.000,0,0,0,0,8.229
decode,real,2988,560535380832555837,0,0,0,0,16,16,144800,9050.000,0,0,0,0,8.219
decode,real,2989,560535380832555837,0,0,0,0,16,16,144816,9051.000,0,0,0,0,8.284
decode,real,2990,560535380832555837,0,0,0,0,16,16,144832,9052.000,0,0,0,0,8.234
decode,real,2991,560535380832555837,0,0,0,0,16,16,144848,9053.000,0,0,0,0,8.191
decode,real,2992,560535380832555837,0,0,0,0,16,16,144864,9054.000,0,0,0,0,8.259
decode,real,2993,560535380832555837,0,0,0,0,16,16,144880,9055.000,0,0,0,0,8.224
decode,real,2994,560535380832555837,0,0,0,0,16,16,144896,9056.000,0,0,0,0,8.272
decode,real,2995,560535380832555837,0,0,0,0,16,16,144912,9057.000,0,0,0,0,8.240
decode,real,2996,560535380832555837,0,0,0,0,16,16,144928,9058.000,0,0,0,0,8.230
decode,real,2997,560535380832555837,0,0,0,0,16,16,144944,9059.000,0,0,0,0,8.244
decode,real,2998,560535380832555837,0,0,0,0,16,16,144960,9060.000,0,0,0,0,8.256
decode,real,2999,560535380832555837,0,0,0,0,16,16,144976,9061.000,0,0,0,0,8.238
decode,real,3000,560535380832555837,0,0,0,0,16,16,144992,9062.000,0,0,0,0,8.243
decode,real,3001,560535380832555837,0,0,0,0,16,16,145008,9063.000,0,0,0,0,8.234
decode,real,3002,560535380832555837,0,0,0,0,16,16,145024,9064.000,0,0,0,0,8.284
decode,real,3003,560535380832555837,0,0,0,0,16,16,145040,9065.000,0,0,0,0,8.207
decode,real,3004,560535380832555837,0,0,0,0,16,16,145056,9066.000,0,0,0,0,8.237
decode,real,3005,560535380832555837,0,0,0,0,16,16,145072,9067.000,0,0,0,0,8.248
decode,real,3006,560535380832555837,0,0,0,0,16,16,145088,9068.000,0,0,0,0,8.273
decode,real,3007,560535380832555837,0,0,0,0,16,16,145104,9069.000,0,0,0,0,8.203
decode,real,3008,560535380832555837,0,0,0,0,16,16,145120,9070.000,0,0,0,0,8.235
decode,real,3009,560535380832555837,0,0,0,0,16,16,145136,9071.000,0,0,0,0,8.244
decode,real,3010,560535380832555837,0,0,0,0,16,16,145152,9072.000,0,0,0,0,8.263
decode,real,3011,560535380832555837,0,0,0,0,16,16,145168,9073.000,0,0,0,0,8.225
decode,real,3012,560535380832555837,0,0,0,0,16,16,145184,9074.000,0,0,0,0,8.238
decode,real,3013,560535380832555837,0,0,0,0,16,16,145200,9075.000,0,0,0,0,8.269
decode,real,3014,560535380832555837,0,0,0,0,16,16,145216,9076.000,0,0,0,0,8.231
decode,real,3015,560535380832555837,0,0,0,0,16,16,145232,9077.000,0,0,0,0,8.203
decode,real,3016,560535380832555837,0,0,0,0,16,16,145248,9078.000,0,0,0,0,8.244
decode,real,3017,560535380832555837,0,0,0,0,16,16,145264,9079.000,0,0,0,0,8.239
decode,real,3018,560535380832555837,0,0,0,0,16,16,145280,9080.000,0,0,0,0,8.294
decode,real,3019,560535380832555837,0,0,0,0,16,16,145296,9081.000,0,0,0,0,8.217
decode,real,3020,560535380832555837,0,0,0,0,16,16,145312,9082.000,0,0,0,0,8.247
decode,real,3021,560535380832555837,0,0,0,0,16,16,145328,9083.000,0,0,0,0,8.243
decode,real,3022,560535380832555837,0,0,0,0,16,16,145344,9084.000,0,0,0,0,8.231
decode,real,3023,560535380832555837,0,0,0,0,16,16,145360,9085.000,0,0,0,0,8.251
decode,real,3024,560535380832555837,0,0,0,0,16,16,145376,9086.000,0,0,0,0,8.201
decode,real,3025,560535380832555837,0,0,0,0,16,16,145392,9087.000,0,0,0,0,8.270
decode,real,3026,560535380832555837,0,0,0,0,16,16,145408,9088.000,0,0,0,0,8.264
decode,real,3027,560535380832555837,0,0,0,0,16,16,145424,9089.000,0,0,0,0,8.236
decode,real,3028,560535380832555837,0,0,0,0,16,16,145440,9090.000,0,0,0,0,8.222
decode,real,3029,560535380832555837,0,0,0,0,16,16,145456,9091.000,0,0,0,0,8.261
decode,real,3030,560535380832555837,0,0,0,0,16,16,145472,9092.000,0,0,0,0,8.243
decode,real,3031,560535380832555837,0,0,0,0,16,16,145488,9093.000,0,0,0,0,8.198
decode,real,3032,560535380832555837,0,0,0,0,16,16,145504,9094.000,0,0,0,0,8.247
decode,real,3033,560535380832555837,0,0,0,0,16,16,145520,9095.000,0,0,0,0,8.263
decode,real,3034,560535380832555837,0,0,0,0,16,16,145536,9096.000,0,0,0,0,8.269
decode,real,3035,560535380832555837,0,0,0,0,16,16,145552,9097.000,0,0,0,0,8.221
decode,real,3036,560535380832555837,0,0,0,0,16,16,145568,9098.000,0,0,0,0,8.234
decode,real,3037,560535380832555837,0,0,0,0,16,16,145584,9099.000,0,0,0,0,8.247
decode,real,3038,560535380832555837,0,0,0,0,16,16,145600,9100.000,0,0,0,0,8.276
decode,real,3039,560535380832555837,0,0,0,0,16,16,145616,9101.000,0,0,0,0,8.219
decode,real,3040,560535380832555837,0,0,0,0,16,16,145632,9102.000,0,0,0,0,8.216
decode,real,3041,560535380832555837,0,0,0,0,16,16,145648,9103.000,0,0,0,0,8.249
decode,real,3042,560535380832555837,0,0,0,0,16,16,145664,9104.000,0,0,0,0,8.284
decode,real,3043,560535380832555837,0,0,0,0,16,16,145680,9105.000,0,0,0,0,8.213
decode,real,3044,560535380832555837,0,0,0,0,16,16,145696,9106.000,0,0,0,0,8.284
decode,real,3045,560535380832555837,0,0,0,0,16,16,145712,9107.000,0,0,0,0,8.251
decode,real,3046,560535380832555837,0,0,0,0,16,16,145728,9108.000,0,0,0,0,8.233
decode,real,3047,560535380832555837,0,0,0,0,16,16,145744,9109.000,0,0,0,0,8.242
decode,real,3048,560535380832555837,0,0,0,0,16,16,145760,9110.000,0,0,0,0,8.227
decode,real,3049,560535380832555837,0,0,0,0,16,16,145776,9111.000,0,0,0,0,8.245
decode,real,3050,560535380832555837,0,0,0,0,16,16,145792,9112.000,0,0,0,0,8.251
decode,real,3051,560535380832555837,0,0,0,0,16,16,145808,9113.000,0,0,0,0,8.251
decode,real,3052,560535380832555837,0,0,0,0,16,16,145824,9114.000,0,0,0,0,8.232
decode,real,3053,560535380832555837,0,0,0,0,16,16,145840,9115.000,0,0,0,0,8.232
decode,real,3054,560535380832555837,0,0,0,0,16,16,145856,9116.000,0,0,0,0,8.270
decode,real,3055,560535380832555837,0,0,0,0,16,16,145872,9117.000,0,0,0,0,8.241
decode,real,3056,560535380832555837,0,0,0,0,16,16,145888,9118.000,0,0,0,0,8.244
decode,real,3057,560535380832555837,0,0,0,0,16,16,145904,9119.000,0,0,0,0,8.265
decode,real,3058,560535380832555837,0,0,0,0,16,16,145920,9120.000,0,0,0,0,8.240
decode,real,3059,560535380832555837,0,0,0,0,16,16,145936,9121.000,0,0,0,0,8.233
decode,real,3060,560535380832555837,0,0,0,0,16,16,145952,9122.000,0,0,0,0,8.251
decode,real,3061,560535380832555837,0,0,0,0,16,16,145968,9123.000,0,0,0,0,8.224
decode,real,3062,560535380832555837,0,0,0,0,16,16,145984,9124.000,0,0,0,0,8.268
decode,real,3063,560535380832555837,0,0,0,0,16,16,146000,9125.000,0,0,0,0,8.232
decode,real,3064,560535380832555837,0,0,0,0,16,16,146016,9126.000,0,0,0,0,8.266
decode,real,3065,560535380832555837,0,0,0,0,16,16,146032,9127.000,0,0,0,0,8.217
decode,real,3066,560535380832555837,0,0,0,0,16,16,146048,9128.000,0,0,0,0,8.292
decode,real,3067,560535380832555837,0,0,0,0,16,16,146064,9129.000,0,0,0,0,8.214
decode,real,3068,560535380832555837,0,0,0,0,16,16,146080,9130.000,0,0,0,0,8.248
decode,real,3069,560535380832555837,0,0,0,0,16,16,146096,9131.000,0,0,0,0,8.252
decode,real,3070,560535380832555837,0,0,0,0,16,16,146112,9132.000,0,0,0,0,8.269
decode,real,3071,560535380832555837,0,0,0,0,16,16,146128,9133.000,0,0,0,0,8.251
decode,real,3072,560535380832555837,0,0,0,0,16,16,146144,9134.000,0,0,0,0,8.239
decode,real,3073,560535380832555837,0,0,0,0,16,16,146160,9135.000,0,0,0,0,8.240
decode,real,3074,560535380832555837,0,0,0,0,16,16,146176,9136.000,0,0,0,0,8.294
decode,real,3075,560535380832555837,0,0,0,0,16,16,146192,9137.000,0,0,0,0,8.223
decode,real,3076,560535380832555837,0,0,0,0,16,16,146208,9138.000,0,0,0,0,8.244
decode,real,3077,560535380832555837,0,0,0,0,16,16,146224,9139.000,0,0,0,0,8.256
decode,real,3078,560535380832555837,0,0,0,0,16,16,146240,9140.000,0,0,0,0,8.279
decode,real,3079,560535380832555837,0,0,0,0,16,16,146256,9141.000,0,0,0,0,8.227
decode,real,3080,560535380832555837,0,0,0,0,16,16,146272,9142.000,0,0,0,0,8.246
decode,real,3081,560535380832555837,0,0,0,0,16,16,146288,9143.000,0,0,0,0,8.238
decode,real,3082,560535380832555837,0,0,0,0,16,16,146304,9144.000,0,0,0,0,8.274
decode,real,3083,560535380832555837,0,0,0,0,16,16,146320,9145.000,0,0,0,0,8.244
decode,real,3084,560535380832555837,0,0,0,0,16,16,146336,9146.000,0,0,0,0,8.247
decode,real,3085,560535380832555837,0,0,0,0,16,16,146352,9147.000,0,0,0,0,8.244
decode,real,3086,560535380832555837,0,0,0,0,16,16,146368,9148.000,0,0,0,0,8.287
decode,real,3087,560535380832555837,0,0,0,0,16,16,146384,9149.000,0,0,0,0,8.227
decode,real,3088,560535380832555837,0,0,0,0,16,16,146400,9150.000,0,0,0,0,8.263
decode,real,3089,560535380832555837,0,0,0,0,16,16,146416,9151.000,0,0,0,0,8.225
decode,real,3090,560535380832555837,0,0,0,0,16,16,146432,9152.000,0,0,0,0,8.278
decode,real,3091,560535380832555837,0,0,0,0,16,16,146448,9153.000,0,0,0,0,8.236
decode,real,3092,560535380832555837,0,0,0,0,16,16,146464,9154.000,0,0,0,0,8.252
decode,real,3093,560535380832555837,0,0,0,0,16,16,146480,9155.000,0,0,0,0,8.247
decode,real,3094,560535380832555837,0,0,0,0,16,16,146496,9156.000,0,0,0,0,8.279
decode,real,3095,560535380832555837,0,0,0,0,16,16,146512,9157.000,0,0,0,0,8.249
decode,real,3096,560535380832555837,0,0,0,0,16,16,146528,9158.000,0,0,0,0,8.259
decode,real,3097,560535380832555837,0,0,0,0,16,16,146544,9159.000,0,0,0,0,8.258
decode,real,3098,560535380832555837,0,0,0,0,16,16,146560,9160.000,0,0,0,0,8.265
decode,real,3099,560535380832555837,0,0,0,0,16,16,146576,9161.000,0,0,0,0,8.222
decode,real,3100,560535380832555837,0,0,0,0,16,16,146592,9162.000,0,0,0,0,8.257
decode,real,3101,560535380832555837,0,0,0,0,16,16,146608,9163.000,0,0,0,0,8.231
decode,real,3102,560535380832555837,0,0,0,0,16,16,146624,9164.000,0,0,0,0,8.295
decode,real,3103,560535380832555837,0,0,0,0,16,16,146640,9165.000,0,0,0,0,8.219
decode,real,3104,560535380832555837,0,0,0,0,16,16,146656,9166.000,0,0,0,0,8.264
decode,real,3105,560535380832555837,0,0,0,0,16,16,146672,9167.000,0,0,0,0,8.257
decode,real,3106,560535380832555837,0,0,0,0,16,16,146688,9168.000,0,0,0,0,8.271
decode,real,3107,560535380832555837,0,0,0,0,16,16,146704,9169.000,0,0,0,0,8.237
decode,real,3108,560535380832555837,0,0,0,0,16,16,146720,9170.000,0,0,0,0,8.257
decode,real,3109,560535380832555837,0,0,0,0,16,16,146736,9171.000,0,0,0,0,8.259
decode,real,3110,560535380832555837,0,0,0,0,16,16,146752,9172.000,0,0,0,0,8.276
decode,real,3111,560535380832555837,0,0,0,0,16,16,146768,9173.000,0,0,0,0,8.231
decode,real,3112,560535380832555837,0,0,0,0,16,16,146784,9174.000,0,0,0,0,8.244
decode,real,3113,560535380832555837,0,0,0,0,16,16,146800,9175.000,0,0,0,0,8.255
decode,real,3114,560535380832555837,0,0,0,0,16,16,146816,9176.000,0,0,0,0,8.257
decode,real,3115,560535380832555837,0,0,0,0,16,16,146832,9177.000,0,0,0,0,8.247
decode,real,3116,560535380832555837,0,0,0,0,16,16,146848,9178.000,0,0,0,0,8.285
decode,real,3117,560535380832555837,0,0,0,0,16,16,146864,9179.000,0,0,0,0,8.241
decode,real,3118,560535380832555837,0,0,0,0,16,16,146880,9180.000,0,0,0,0,8.279
decode,real,3119,560535380832555837,0,0,0,0,16,16,146896,9181.000,0,0,0,0,8.240
decode,real,3120,560535380832555837,0,0,0,0,16,16,146912,9182.000,0,0,0,0,8.241
decode,real,3121,560535380832555837,0,0,0,0,16,16,146928,9183.000,0,0,0,0,8.234
decode,real,3122,560535380832555837,0,0,0,0,16,16,146944,9184.000,0,0,0,0,8.467
decode,real,3123,560535380832555837,0,0,0,0,15,15,137745,9183.000,0,0,0,0,8.013
decode,real,3124,560535380832555837,0,0,0,0,15,15,137760,9184.000,0,0,0,0,8.187
decode,real,3125,560535380832555837,0,0,0,0,15,15,137775,9185.000,0,0,0,0,8.143
decode,real,3126,560535380832555837,0,0,0,0,15,15,137790,9186.000,0,0,0,0,8.436
decode,real,3127,560535380832555837,0,0,0,0,14,14,128590,9185.000,0,0,0,0,7.881
decode,real,3128,560535380832555837,0,0,0,0,14,14,128604,9186.000,0,0,0,0,8.079
decode,real,3129,560535380832555837,0,0,0,0,14,14,128618,9187.000,0,0,0,0,8.088
decode,real,3130,560535380832555837,0,0,0,0,14,14,128632,9188.000,0,0,0,0,8.337
decode,real,3131,560535380832555837,0,0,0,0,13,13,119431,9187.000,0,0,0,0,7.749
decode,real,3132,560535380832555837,0,0,0,0,13,13,119444,9188.000,0,0,0,0,7.982
decode,real,3133,560535380832555837,0,0,0,0,13,13,119457,9189.000,0,0,0,0,7.963
decode,real,3134,560535380832555837,0,0,0,0,13,13,119470,9190.000,0,0,0,0,8.184
decode,real,3135,560535380832555837,0,0,0,0,12,12,110268,9189.000,0,0,0,0,7.703
decode,real,3136,560535380832555837,0,0,0,0,12,12,110280,9190.000,0,0,0,0,7.894
decode,real,3137,560535380832555837,0,0,0,0,12,12,110292,9191.000,0,0,0,0,7.910
decode,real,3138,560535380832555837,0,0,0,0,12,12,110304,9192.000,0,0,0,0,8.076
decode,real,3139,560535380832555837,0,0,0,0,11,11,101101,9191.000,0,0,0,0,7.620
decode,real,3140,560535380832555837,0,0,0,0,11,11,101112,9192.000,0,0,0,0,7.755
decode,real,3141,560535380832555837,0,0,0,0,11,11,101123,9193.000,0,0,0,0,7.840
decode,real,3142,560535380832555837,0,0,0,0,11,11,101134,9194.000,0,0,0,0,7.932
decode,real,3143,560535380832555837,0,0,0,0,10,10,91930,9193.000,0,0,0,0,7.574
decode,real,3144,560535380832555837,0,0,0,0,10,10,91940,9194.000,0,0,0,0,7.654
decode,real,3145,560535380832555837,0,0,0,0,10,10,91950,9195.000,0,0,0,0,7.730
decode,real,3146,560535380832555837,0,0,0,0,10,10,91960,9196.000,0,0,0,0,7.872
decode,real,3147,560535380832555837,0,0,0,0,9,9,82755,9195.000,0,0,0,0,7.395
decode,real,3148,560535380832555837,0,0,0,0,9,9,82764,9196.000,0,0,0,0,7.587
decode,real,3149,560535380832555837,0,0,0,0,9,9,82773,9197.000,0,0,0,0,7.604
decode,real,3150,560535380832555837,0,0,0,0,9,9,82782,9198.000,0,0,0,0,7.772
decode,real,3151,560535380832555837,0,0,0,0,8,8,73576,9197.000,0,0,0,0,6.909
decode,real,3152,560535380832555837,0,0,0,0,8,8,73584,9198.000,0,0,0,0,7.093
decode,real,3153,560535380832555837,0,0,0,0,8,8,73592,9199.000,0,0,0,0,7.116
decode,real,3154,560535380832555837,0,0,0,0,8,8,73600,9200.000,0,0,0,0,7.292
decode,real,3155,560535380832555837,0,0,0,0,7,7,64393,9199.000,0,0,0,0,6.829
decode,real,3156,560535380832555837,0,0,0,0,7,7,64400,9200.000,0,0,0,0,7.013
decode,real,3157,560535380832555837,0,0,0,0,7,7,64407,9201.000,0,0,0,0,7.024
decode,real,3158,560535380832555837,0,0,0,0,7,7,64414,9202.000,0,0,0,0,7.189
decode,real,3159,560535380832555837,0,0,0,0,6,6,55206,9201.000,0,0,0,0,6.730
decode,real,3160,560535380832555837,0,0,0,0,6,6,55212,9202.000,0,0,0,0,6.889
decode,real,3161,560535380832555837,0,0,0,0,6,6,55218,9203.000,0,0,0,0,6.908
decode,real,3162,560535380832555837,0,0,0,0,6,6,55224,9204.000,0,0,0,0,7.087
decode,real,3163,560535380832555837,0,0,0,0,5,5,46015,9203.000,0,0,0,0,6.641
decode,real,3164,560535380832555837,0,0,0,0,5,5,46020,9204.000,0,0,0,0,6.790
decode,real,3165,560535380832555837,0,0,0,0,5,5,46025,9205.000,0,0,0,0,6.811
decode,real,3166,560535380832555837,0,0,0,0,5,5,46030,9206.000,0,0,0,0,6.987
decode,real,3167,560535380832555837,0,0,0,0,4,4,36820,9205.000,0,0,0,0,6.340
decode,real,3168,560535380832555837,0,0,0,0,4,4,36824,9206.000,0,0,0,0,6.565
decode,real,3169,560535380832555837,0,0,0,0,4,4,36828,9207.000,0,0,0,0,6.489
decode,real,3170,560535380832555837,0,0,0,0,4,4,36832,9208.000,0,0,0,0,6.744
decode,real,3171,560535380832555837,0,0,0,0,3,3,27621,9207.000,0,0,0,0,6.195
decode,real,3172,560535380832555837,0,0,0,0,3,3,27624,9208.000,0,0,0,0,6.411
decode,real,3173,560535380832555837,0,0,0,0,3,3,27627,9209.000,0,0,0,0,6.442
decode,real,3174,560535380832555837,0,0,0,0,3,3,27630,9210.000,0,0,0,0,6.592
decode,real,3175,560535380832555837,0,0,0,0,2,2,18418,9209.000,0,0,0,0,6.047
decode,real,3176,560535380832555837,0,0,0,0,2,2,18420,9210.000,0,0,0,0,6.220
decode,real,3177,560535380832555837,0,0,0,0,2,2,18422,9211.000,0,0,0,0,6.228
decode,real,3178,560535380832555837,0,0,0,0,2,2,18424,9212.000,0,0,0,0,6.384
decode,real,3179,560535380832555837,0,0,0,0,1,1,9211,9211.000,0,0,0,0,5.947
decode,real,3180,560535380832555837,0,0,0,0,1,1,9212,9212.000,0,0,0,0,6.111
decode,real,3181,560535380832555837,0,0,0,0,1,1,9213,9213.000,0,0,0,0,6.120
decode,real,3182,560535380832555837,0,0,0,0,1,1,9214,9214.000,0,0,0,0,6.148
