phase,workload_segment,counter_id,worker_id,dp_rank,sum_prefill_tokens,num_prefill_requests,sum_prefill_kv_tokens,var_prefill_length,num_decode_requests,sum_decode_kv_tokens,var_decode_kv_tokens,queued_prefill_requests,queued_prefill_tokens,queued_var_prefill_length,queued_decode_requests,queued_decode_kv_tokens,queued_var_decode_kv_tokens,latency_ms
context,real,1065,560535380832555837,0,2048,1,0,0.000,0,0,0.000,0,0,0.000,0,0,0.000,54.458
context,real,1066,560535380832555837,0,2048,1,2048,0.000,0,0,0.000,1,8192,0.000,0,0,0.000,47.124
context,real,1067,560535380832555837,0,2048,1,4096,0.000,0,0,0.000,15,122880,0.000,0,0,0.000,48.656
context,real,1068,560535380832555837,0,2048,1,6144,0.000,0,0,0.000,14,114688,0.000,0,0,0.000,50.601
mixed,real,1069,560535380832555837,0,2047,1,0,0.000,1,8192,0.000,14,114688,0.000,0,0,0.000,50.396
mixed,real,1070,560535380832555837,0,2047,1,2047,0.000,1,8193,0.000,14,114688,0.000,0,0,0.000,50.465
mixed,real,1071,560535380832555837,0,2047,1,4094,0.000,1,8194,0.000,14,114688,0.000,0,0,0.000,50.592
mixed,real,1072,560535380832555837,0,2047,1,6141,0.000,1,8195,0.000,13,106496,0.000,0,0,0.000,50.718
mixed,real,1073,560535380832555837,0,2047,2,8188,0.000,1,8196,0.000,13,106496,0.000,0,0,0.000,50.562
mixed,real,1074,560535380832555837,0,2046,1,2043,0.000,2,16389,6.250,13,106496,0.000,0,0,0.000,50.459
mixed,real,1075,560535380832555837,0,2046,1,4089,0.000,2,16391,6.250,13,106496,0.000,0,0,0.000,50.863
mixed,real,1076,560535380832555837,0,2046,1,6135,0.000,2,16393,6.250,12,98304,0.000,0,0,0.000,52.402
mixed,real,1077,560535380832555837,0,2046,2,8181,0.000,2,16395,6.250,12,98304,0.000,0,0,0.000,52.479
mixed,real,1078,560535380832555837,0,2045,1,2035,0.000,3,24589,13.556,12,98304,0.000,0,0,0.000,51.971
mixed,real,1079,560535380832555837,0,2045,1,4080,0.000,3,24592,13.556,12,98304,0.000,0,0,0.000,51.445
mixed,real,1080,560535380832555837,0,2045,1,6125,0.000,3,24595,13.556,11,90112,0.000,0,0,0.000,52.731
mixed,real,1081,560535380832555837,0,2045,2,8170,0.000,3,24598,13.556,11,90112,0.000,0,0,0.000,52.051
mixed,real,1082,560535380832555837,0,2044,1,2023,0.000,4,32793,23.188,11,90112,0.000,0,0,0.000,53.313
mixed,real,1083,560535380832555837,0,2044,1,4067,0.000,4,32797,23.188,11,90112,0.000,0,0,0.000,53.015
mixed,real,1084,560535380832555837,0,2044,1,6111,0.000,4,32801,23.188,10,81920,0.000,0,0,0.000,52.911
mixed,real,1085,560535380832555837,0,2044,2,8155,0.000,4,32805,23.188,10,81920,0.000,0,0,0.000,52.232
mixed,real,1086,560535380832555837,0,2043,1,2007,0.000,5,41001,35.360,10,81920,0.000,0,0,0.000,53.375
mixed,real,1087,560535380832555837,0,2043,1,4050,0.000,5,41006,35.360,10,81920,0.000,0,0,0.000,54.170
mixed,real,1088,560535380832555837,0,2043,1,6093,0.000,5,41011,35.360,9,73728,0.000,0,0,0.000,54.831
mixed,real,1089,560535380832555837,0,2043,2,8136,0.000,5,41016,35.360,9,73728,0.000,0,0,0.000,50.856
mixed,real,1090,560535380832555837,0,2042,1,1987,0.000,6,49213,50.139,9,73728,0.000,0,0,0.000,51.117
mixed,real,1091,560535380832555837,0,2042,1,4029,0.000,6,49219,50.139,9,73728,0.000,0,0,0.000,51.585
mixed,real,1092,560535380832555837,0,2042,1,6071,0.000,6,49225,50.139,8,65536,0.000,0,0,0.000,55.768
mixed,real,1093,560535380832555837,0,2042,2,8113,0.000,6,49231,50.139,8,65536,0.000,0,0,0.000,50.679
mixed,real,1094,560535380832555837,0,2041,1,1963,0.000,7,57429,67.551,8,65536,0.000,0,0,0.000,50.503
mixed,real,1095,560535380832555837,0,2041,1,4004,0.000,7,57436,67.551,8,65536,0.000,0,0,0.000,51.008
mixed,real,1096,560535380832555837,0,2041,1,6045,0.000,7,57443,67.551,7,57344,0.000,0,0,0.000,54.416
mixed,real,1097,560535380832555837,0,2041,2,8086,0.000,7,57450,67.551,7,57344,0.000,0,0,0.000,51.804
mixed,real,1098,560535380832555837,0,2040,1,1935,0.000,8,65649,87.609,7,57344,0.000,0,0,0.000,53.300
mixed,real,1099,560535380832555837,0,2040,1,3975,0.000,8,65657,87.609,7,57344,0.000,0,0,0.000,51.301
mixed,real,1100,560535380832555837,0,2040,1,6015,0.000,8,65665,87.609,6,49152,0.000,0,0,0.000,54.169
mixed,real,1101,560535380832555837,0,2040,2,8055,0.000,8,65673,87.609,6,49152,0.000,0,0,0.000,50.608
mixed,real,1102,560535380832555837,0,2039,1,1903,0.000,9,73873,110.321,6,49152,0.000,0,0,0.000,50.519
mixed,real,1103,560535380832555837,0,2039,1,3942,0.000,9,73882,110.321,6,49152,0.000,0,0,0.000,51.433
mixed,real,1104,560535380832555837,0,2039,1,5981,0.000,9,73891,110.321,5,40960,0.000,0,0,0.000,54.518
mixed,real,1105,560535380832555837,0,2039,2,8020,0.000,9,73900,110.321,5,40960,0.000,0,0,0.000,50.789
mixed,real,1106,560535380832555837,0,2038,1,1867,0.000,10,82101,135.690,5,40960,0.000,0,0,0.000,51.051
mixed,real,1107,560535380832555837,0,2038,1,3905,0.000,10,82111,135.690,5,40960,0.000,0,0,0.000,52.164
mixed,real,1108,560535380832555837,0,2038,1,5943,0.000,10,82121,135.690,4,32768,0.000,0,0,0.000,55.563
mixed,real,1109,560535380832555837,0,2038,2,7981,0.000,10,82131,135.690,4,32768,0.000,0,0,0.000,51.689
mixed,real,1110,560535380832555837,0,2037,1,1827,0.000,11,90333,163.719,4,32768,0.000,0,0,0.000,50.750
mixed,real,1111,560535380832555837,0,2037,1,3864,0.000,11,90344,163.719,4,32768,0.000,0,0,0.000,51.326
mixed,real,1112,560535380832555837,0,2037,1,5901,0.000,11,90355,163.719,3,24576,0.000,0,0,0.000,55.761
mixed,real,1113,560535380832555837,0,2037,2,7938,0.000,11,90366,163.719,3,24576,0.000,0,0,0.000,50.651
mixed,real,1114,560535380832555837,0,2036,1,1783,0.000,12,98569,194.410,3,24576,0.000,0,0,0.000,50.648
mixed,real,1115,560535380832555837,0,2036,1,3819,0.000,12,98581,194.410,3,24576,0.000,0,0,0.000,51.222
mixed,real,1116,560535380832555837,0,2036,1,5855,0.000,12,98593,194.410,2,16384,0.000,0,0,0.000,54.949
mixed,real,1117,560535380832555837,0,2036,2,7891,0.000,12,98605,194.410,2,16384,0.000,0,0,0.000,51.027
mixed,real,1118,560535380832555837,0,2035,1,1735,0.000,13,106809,227.763,2,16384,0.000,0,0,0.000,50.715
mixed,real,1119,560535380832555837,0,2035,1,3770,0.000,13,106822,227.763,2,16384,0.000,0,0,0.000,51.762
mixed,real,1120,560535380832555837,0,2035,1,5805,0.000,13,106835,227.763,1,8192,0.000,0,0,0.000,53.812
mixed,real,1121,560535380832555837,0,2035,2,7840,0.000,13,106848,227.763,1,8192,0.000,0,0,0.000,52.108
mixed,real,1122,560535380832555837,0,2034,1,1683,0.000,14,115053,263.781,1,8192,0.000,0,0,0.000,52.980
mixed,real,1123,560535380832555837,0,2034,1,3717,0.000,14,115067,263.781,1,8192,0.000,0,0,0.000,52.681
mixed,real,1124,560535380832555837,0,2034,1,5751,0.000,14,115081,263.781,0,0,0.000,0,0,0.000,55.066
mixed,real,1125,560535380832555837,0,2034,2,7785,0.000,14,115095,263.781,0,0,0.000,0,0,0.000,47.978
mixed,real,1126,560535380832555837,0,2033,1,1627,0.000,15,123301,302.462,0,0,0.000,0,0,0.000,50.747
mixed,real,1127,560535380832555837,0,2033,1,3660,0.000,15,123316,302.462,0,0,0.000,0,0,0.000,51.505
mixed,real,1128,560535380832555837,0,2033,1,5693,0.000,15,123331,302.462,0,0,0.000,0,0,0.000,54.116
mixed,real,1129,560535380832555837,0,466,1,7726,0.000,15,123346,302.462,0,0,0.000,0,0,0.000,36.357
decode,real,1130,560535380832555837,0,0,0,0,0.000,16,131553,343.809,0,0,0.000,0,0,0.000,10.443
decode,real,1131,560535380832555837,0,0,0,0,0.000,16,131569,343.809,0,0,0.000,0,0,0.000,8.227
decode,real,1132,560535380832555837,0,0,0,0,0.000,16,131585,343.809,0,0,0.000,0,0,0.000,8.262
decode,real,1133,560535380832555837,0,0,0,0,0.000,16,131601,343.809,0,0,0.000,0,0,0.000,8.182
decode,real,1134,560535380832555837,0,0,0,0,0.000,16,131617,343.809,0,0,0.000,0,0,0.000,8.235
decode,real,1135,560535380832555837,0,0,0,0,0.000,16,131633,343.809,0,0,0.000,0,0,0.000,8.221
decode,real,1136,560535380832555837,0,0,0,0,0.000,16,131649,343.809,0,0,0.000,0,0,0.000,8.266
decode,real,1137,560535380832555837,0,0,0,0,0.000,16,131665,343.809,0,0,0.000,0,0,0.000,8.206
decode,real,1138,560535380832555837,0,0,0,0,0.000,16,131681,343.809,0,0,0.000,0,0,0.000,8.195
decode,real,1139,560535380832555837,0,0,0,0,0.000,16,131697,343.809,0,0,0.000,0,0,0.000,8.264
decode,real,1140,560535380832555837,0,0,0,0,0.000,16,131713,343.809,0,0,0.000,0,0,0.000,8.259
decode,real,1141,560535380832555837,0,0,0,0,0.000,16,131729,343.809,0,0,0.000,0,0,0.000,8.191
decode,real,1142,560535380832555837,0,0,0,0,0.000,16,131745,343.809,0,0,0.000,0,0,0.000,8.215
decode,real,1143,560535380832555837,0,0,0,0,0.000,16,131761,343.809,0,0,0.000,0,0,0.000,8.236
decode,real,1144,560535380832555837,0,0,0,0,0.000,16,131777,343.809,0,0,0.000,0,0,0.000,8.275
decode,real,1145,560535380832555837,0,0,0,0,0.000,16,131793,343.809,0,0,0.000,0,0,0.000,8.183
decode,real,1146,560535380832555837,0,0,0,0,0.000,16,131809,343.809,0,0,0.000,0,0,0.000,8.200
decode,real,1147,560535380832555837,0,0,0,0,0.000,16,131825,343.809,0,0,0.000,0,0,0.000,8.219
decode,real,1148,560535380832555837,0,0,0,0,0.000,16,131841,343.809,0,0,0.000,0,0,0.000,8.201
decode,real,1149,560535380832555837,0,0,0,0,0.000,16,131857,343.809,0,0,0.000,0,0,0.000,8.182
decode,real,1150,560535380832555837,0,0,0,0,0.000,16,131873,343.809,0,0,0.000,0,0,0.000,8.199
decode,real,1151,560535380832555837,0,0,0,0,0.000,16,131889,343.809,0,0,0.000,0,0,0.000,8.167
decode,real,1152,560535380832555837,0,0,0,0,0.000,16,131905,343.809,0,0,0.000,0,0,0.000,8.195
decode,real,1153,560535380832555837,0,0,0,0,0.000,16,131921,343.809,0,0,0.000,0,0,0.000,8.151
decode,real,1154,560535380832555837,0,0,0,0,0.000,16,131937,343.809,0,0,0.000,0,0,0.000,8.180
decode,real,1155,560535380832555837,0,0,0,0,0.000,16,131953,343.809,0,0,0.000,0,0,0.000,8.158
decode,real,1156,560535380832555837,0,0,0,0,0.000,16,131969,343.809,0,0,0.000,0,0,0.000,8.200
decode,real,1157,560535380832555837,0,0,0,0,0.000,16,131985,343.809,0,0,0.000,0,0,0.000,8.132
decode,real,1158,560535380832555837,0,0,0,0,0.000,16,132001,343.809,0,0,0.000,0,0,0.000,8.183
decode,real,1159,560535380832555837,0,0,0,0,0.000,16,132017,343.809,0,0,0.000,0,0,0.000,8.161
decode,real,1160,560535380832555837,0,0,0,0,0.000,16,132033,343.809,0,0,0.000,0,0,0.000,8.196
decode,real,1161,560535380832555837,0,0,0,0,0.000,16,132049,343.809,0,0,0.000,0,0,0.000,8.110
decode,real,1162,560535380832555837,0,0,0,0,0.000,16,132065,343.809,0,0,0.000,0,0,0.000,8.148
decode,real,1163,560535380832555837,0,0,0,0,0.000,16,132081,343.809,0,0,0.000,0,0,0.000,8.174
decode,real,1164,560535380832555837,0,0,0,0,0.000,16,132097,343.809,0,0,0.000,0,0,0.000,8.140
decode,real,1165,560535380832555837,0,0,0,0,0.000,16,132113,343.809,0,0,0.000,0,0,0.000,8.124
decode,real,1166,560535380832555837,0,0,0,0,0.000,16,132129,343.809,0,0,0.000,0,0,0.000,8.161
decode,real,1167,560535380832555837,0,0,0,0,0.000,16,132145,343.809,0,0,0.000,0,0,0.000,8.120
decode,real,1168,560535380832555837,0,0,0,0,0.000,16,132161,343.809,0,0,0.000,0,0,0.000,8.165
decode,real,1169,560535380832555837,0,0,0,0,0.000,16,132177,343.809,0,0,0.000,0,0,0.000,8.109
decode,real,1170,560535380832555837,0,0,0,0,0.000,16,132193,343.809,0,0,0.000,0,0,0.000,8.140
decode,real,1171,560535380832555837,0,0,0,0,0.000,16,132209,343.809,0,0,0.000,0,0,0.000,8.151
decode,real,1172,560535380832555837,0,0,0,0,0.000,16,132225,343.809,0,0,0.000,0,0,0.000,8.133
decode,real,1173,560535380832555837,0,0,0,0,0.000,16,132241,343.809,0,0,0.000,0,0,0.000,8.110
decode,real,1174,560535380832555837,0,0,0,0,0.000,16,132257,343.809,0,0,0.000,0,0,0.000,8.127
decode,real,1175,560535380832555837,0,0,0,0,0.000,16,132273,343.809,0,0,0.000,0,0,0.000,8.138
decode,real,1176,560535380832555837,0,0,0,0,0.000,16,132289,343.809,0,0,0.000,0,0,0.000,8.157
decode,real,1177,560535380832555837,0,0,0,0,0.000,16,132305,343.809,0,0,0.000,0,0,0.000,8.094
decode,real,1178,560535380832555837,0,0,0,0,0.000,16,132321,343.809,0,0,0.000,0,0,0.000,8.107
decode,real,1179,560535380832555837,0,0,0,0,0.000,16,132337,343.809,0,0,0.000,0,0,0.000,8.145
decode,real,1180,560535380832555837,0,0,0,0,0.000,16,132353,343.809,0,0,0.000,0,0,0.000,8.132
decode,real,1181,560535380832555837,0,0,0,0,0.000,16,132369,343.809,0,0,0.000,0,0,0.000,8.107
decode,real,1182,560535380832555837,0,0,0,0,0.000,16,132385,343.809,0,0,0.000,0,0,0.000,8.136
decode,real,1183,560535380832555837,0,0,0,0,0.000,16,132401,343.809,0,0,0.000,0,0,0.000,8.166
decode,real,1184,560535380832555837,0,0,0,0,0.000,16,132417,343.809,0,0,0.000,0,0,0.000,8.130
decode,real,1185,560535380832555837,0,0,0,0,0.000,16,132433,343.809,0,0,0.000,0,0,0.000,8.106
decode,real,1186,560535380832555837,0,0,0,0,0.000,16,132449,343.809,0,0,0.000,0,0,0.000,8.115
decode,real,1187,560535380832555837,0,0,0,0,0.000,16,132465,343.809,0,0,0.000,0,0,0.000,8.150
decode,real,1188,560535380832555837,0,0,0,0,0.000,16,132481,343.809,0,0,0.000,0,0,0.000,8.138
decode,real,1189,560535380832555837,0,0,0,0,0.000,16,132497,343.809,0,0,0.000,0,0,0.000,8.106
decode,real,1190,560535380832555837,0,0,0,0,0.000,16,132513,343.809,0,0,0.000,0,0,0.000,8.140
decode,real,1191,560535380832555837,0,0,0,0,0.000,16,132529,343.809,0,0,0.000,0,0,0.000,8.120
decode,real,1192,560535380832555837,0,0,0,0,0.000,16,132545,343.809,0,0,0.000,0,0,0.000,8.179
decode,real,1193,560535380832555837,0,0,0,0,0.000,16,132561,343.809,0,0,0.000,0,0,0.000,8.091
decode,real,1194,560535380832555837,0,0,0,0,0.000,16,132577,343.809,0,0,0.000,0,0,0.000,8.139
decode,real,1195,560535380832555837,0,0,0,0,0.000,16,132593,343.809,0,0,0.000,0,0,0.000,8.137
decode,real,1196,560535380832555837,0,0,0,0,0.000,16,132609,343.809,0,0,0.000,0,0,0.000,8.127
decode,real,1197,560535380832555837,0,0,0,0,0.000,16,132625,343.809,0,0,0.000,0,0,0.000,8.098
decode,real,1198,560535380832555837,0,0,0,0,0.000,16,132641,343.809,0,0,0.000,0,0,0.000,8.138
decode,real,1199,560535380832555837,0,0,0,0,0.000,16,132657,343.809,0,0,0.000,0,0,0.000,8.132
decode,real,1200,560535380832555837,0,0,0,0,0.000,16,132673,343.809,0,0,0.000,0,0,0.000,8.183
decode,real,1201,560535380832555837,0,0,0,0,0.000,16,132689,343.809,0,0,0.000,0,0,0.000,8.087
decode,real,1202,560535380832555837,0,0,0,0,0.000,16,132705,343.809,0,0,0.000,0,0,0.000,8.135
decode,real,1203,560535380832555837,0,0,0,0,0.000,16,132721,343.809,0,0,0.000,0,0,0.000,8.114
decode,real,1204,560535380832555837,0,0,0,0,0.000,16,132737,343.809,0,0,0.000,0,0,0.000,8.169
decode,real,1205,560535380832555837,0,0,0,0,0.000,16,132753,343.809,0,0,0.000,0,0,0.000,8.097
decode,real,1206,560535380832555837,0,0,0,0,0.000,16,132769,343.809,0,0,0.000,0,0,0.000,8.136
decode,real,1207,560535380832555837,0,0,0,0,0.000,16,132785,343.809,0,0,0.000,0,0,0.000,8.119
decode,real,1208,560535380832555837,0,0,0,0,0.000,16,132801,343.809,0,0,0.000,0,0,0.000,8.159
decode,real,1209,560535380832555837,0,0,0,0,0.000,16,132817,343.809,0,0,0.000,0,0,0.000,8.113
decode,real,1210,560535380832555837,0,0,0,0,0.000,16,132833,343.809,0,0,0.000,0,0,0.000,8.115
decode,real,1211,560535380832555837,0,0,0,0,0.000,16,132849,343.809,0,0,0.000,0,0,0.000,8.136
decode,real,1212,560535380832555837,0,0,0,0,0.000,16,132865,343.809,0,0,0.000,0,0,0.000,8.136
decode,real,1213,560535380832555837,0,0,0,0,0.000,16,132881,343.809,0,0,0.000,0,0,0.000,8.114
decode,real,1214,560535380832555837,0,0,0,0,0.000,16,132897,343.809,0,0,0.000,0,0,0.000,8.121
decode,real,1215,560535380832555837,0,0,0,0,0.000,16,132913,343.809,0,0,0.000,0,0,0.000,8.137
decode,real,1216,560535380832555837,0,0,0,0,0.000,16,132929,343.809,0,0,0.000,0,0,0.000,8.156
decode,real,1217,560535380832555837,0,0,0,0,0.000,16,132945,343.809,0,0,0.000,0,0,0.000,8.078
decode,real,1218,560535380832555837,0,0,0,0,0.000,16,132961,343.809,0,0,0.000,0,0,0.000,8.130
decode,real,1219,560535380832555837,0,0,0,0,0.000,16,132977,343.809,0,0,0.000,0,0,0.000,8.152
decode,real,1220,560535380832555837,0,0,0,0,0.000,16,132993,343.809,0,0,0.000,0,0,0.000,8.155
decode,real,1221,560535380832555837,0,0,0,0,0.000,16,133009,343.809,0,0,0.000,0,0,0.000,8.128
decode,real,1222,560535380832555837,0,0,0,0,0.000,16,133025,343.809,0,0,0.000,0,0,0.000,8.120
decode,real,1223,560535380832555837,0,0,0,0,0.000,16,133041,343.809,0,0,0.000,0,0,0.000,8.139
decode,real,1224,560535380832555837,0,0,0,0,0.000,16,133057,343.809,0,0,0.000,0,0,0.000,8.134
decode,real,1225,560535380832555837,0,0,0,0,0.000,16,133073,343.809,0,0,0.000,0,0,0.000,8.123
decode,real,1226,560535380832555837,0,0,0,0,0.000,16,133089,343.809,0,0,0.000,0,0,0.000,8.120
decode,real,1227,560535380832555837,0,0,0,0,0.000,16,133105,343.809,0,0,0.000,0,0,0.000,8.150
decode,real,1228,560535380832555837,0,0,0,0,0.000,16,133121,343.809,0,0,0.000,0,0,0.000,8.137
decode,real,1229,560535380832555837,0,0,0,0,0.000,16,133137,343.809,0,0,0.000,0,0,0.000,8.098
decode,real,1230,560535380832555837,0,0,0,0,0.000,16,133153,343.809,0,0,0.000,0,0,0.000,8.136
decode,real,1231,560535380832555837,0,0,0,0,0.000,16,133169,343.809,0,0,0.000,0,0,0.000,8.140
decode,real,1232,560535380832555837,0,0,0,0,0.000,16,133185,343.809,0,0,0.000,0,0,0.000,8.156
decode,real,1233,560535380832555837,0,0,0,0,0.000,16,133201,343.809,0,0,0.000,0,0,0.000,8.090
decode,real,1234,560535380832555837,0,0,0,0,0.000,16,133217,343.809,0,0,0.000,0,0,0.000,8.141
decode,real,1235,560535380832555837,0,0,0,0,0.000,16,133233,343.809,0,0,0.000,0,0,0.000,8.104
decode,real,1236,560535380832555837,0,0,0,0,0.000,16,133249,343.809,0,0,0.000,0,0,0.000,8.179
decode,real,1237,560535380832555837,0,0,0,0,0.000,16,133265,343.809,0,0,0.000,0,0,0.000,8.121
decode,real,1238,560535380832555837,0,0,0,0,0.000,16,133281,343.809,0,0,0.000,0,0,0.000,8.122
decode,real,1239,560535380832555837,0,0,0,0,0.000,16,133297,343.809,0,0,0.000,0,0,0.000,8.122
decode,real,1240,560535380832555837,0,0,0,0,0.000,16,133313,343.809,0,0,0.000,0,0,0.000,8.154
decode,real,1241,560535380832555837,0,0,0,0,0.000,16,133329,343.809,0,0,0.000,0,0,0.000,8.105
decode,real,1242,560535380832555837,0,0,0,0,0.000,16,133345,343.809,0,0,0.000,0,0,0.000,8.142
decode,real,1243,560535380832555837,0,0,0,0,0.000,16,133361,343.809,0,0,0.000,0,0,0.000,8.159
decode,real,1244,560535380832555837,0,0,0,0,0.000,16,133377,343.809,0,0,0.000,0,0,0.000,8.132
decode,real,1245,560535380832555837,0,0,0,0,0.000,16,133393,343.809,0,0,0.000,0,0,0.000,8.116
decode,real,1246,560535380832555837,0,0,0,0,0.000,16,133409,343.809,0,0,0.000,0,0,0.000,8.124
decode,real,1247,560535380832555837,0,0,0,0,0.000,16,133425,343.809,0,0,0.000,0,0,0.000,8.129
decode,real,1248,560535380832555837,0,0,0,0,0.000,16,133441,343.809,0,0,0.000,0,0,0.000,8.161
decode,real,1249,560535380832555837,0,0,0,0,0.000,16,133457,343.809,0,0,0.000,0,0,0.000,8.128
decode,real,1250,560535380832555837,0,0,0,0,0.000,16,133473,343.809,0,0,0.000,0,0,0.000,8.115
decode,real,1251,560535380832555837,0,0,0,0,0.000,16,133489,343.809,0,0,0.000,0,0,0.000,8.119
decode,real,1252,560535380832555837,0,0,0,0,0.000,16,133505,343.809,0,0,0.000,0,0,0.000,8.172
decode,real,1253,560535380832555837,0,0,0,0,0.000,16,133521,343.809,0,0,0.000,0,0,0.000,8.109
decode,real,1254,560535380832555837,0,0,0,0,0.000,16,133537,343.809,0,0,0.000,0,0,0.000,8.127
decode,real,1255,560535380832555837,0,0,0,0,0.000,16,133553,343.809,0,0,0.000,0,0,0.000,8.116
decode,real,1256,560535380832555837,0,0,0,0,0.000,16,133569,343.809,0,0,0.000,0,0,0.000,8.185
decode,real,1257,560535380832555837,0,0,0,0,0.000,16,133585,343.809,0,0,0.000,0,0,0.000,8.109
decode,real,1258,560535380832555837,0,0,0,0,0.000,16,133601,343.809,0,0,0.000,0,0,0.000,8.127
decode,real,1259,560535380832555837,0,0,0,0,0.000,16,133617,343.809,0,0,0.000,0,0,0.000,8.140
decode,real,1260,560535380832555837,0,0,0,0,0.000,16,133633,343.809,0,0,0.000,0,0,0.000,8.131
decode,real,1261,560535380832555837,0,0,0,0,0.000,16,133649,343.809,0,0,0.000,0,0,0.000,8.124
decode,real,1262,560535380832555837,0,0,0,0,0.000,16,133665,343.809,0,0,0.000,0,0,0.000,8.133
decode,real,1263,560535380832555837,0,0,0,0,0.000,16,133681,343.809,0,0,0.000,0,0,0.000,8.128
decode,real,1264,560535380832555837,0,0,0,0,0.000,16,133697,343.809,0,0,0.000,0,0,0.000,8.131
decode,real,1265,560535380832555837,0,0,0,0,0.000,16,133713,343.809,0,0,0.000,0,0,0.000,8.129
decode,real,1266,560535380832555837,0,0,0,0,0.000,16,133729,343.809,0,0,0.000,0,0,0.000,8.131
decode,real,1267,560535380832555837,0,0,0,0,0.000,16,133745,343.809,0,0,0.000,0,0,0.000,8.125
decode,real,1268,560535380832555837,0,0,0,0,0.000,16,133761,343.809,0,0,0.000,0,0,0.000,8.186
decode,real,1269,560535380832555837,0,0,0,0,0.000,16,133777,343.809,0,0,0.000,0,0,0.000,8.107
decode,real,1270,560535380832555837,0,0,0,0,0.000,16,133793,343.809,0,0,0.000,0,0,0.000,8.128
decode,real,1271,560535380832555837,0,0,0,0,0.000,16,133809,343.809,0,0,0.000,0,0,0.000,8.118
decode,real,1272,560535380832555837,0,0,0,0,0.000,16,133825,343.809,0,0,0.000,0,0,0.000,8.149
decode,real,1273,560535380832555837,0,0,0,0,0.000,16,133841,343.809,0,0,0.000,0,0,0.000,8.116
decode,real,1274,560535380832555837,0,0,0,0,0.000,16,133857,343.809,0,0,0.000,0,0,0.000,8.139
decode,real,1275,560535380832555837,0,0,0,0,0.000,16,133873,343.809,0,0,0.000,0,0,0.000,8.167
decode,real,1276,560535380832555837,0,0,0,0,0.000,16,133889,343.809,0,0,0.000,0,0,0.000,8.139
decode,real,1277,560535380832555837,0,0,0,0,0.000,16,133905,343.809,0,0,0.000,0,0,0.000,8.085
decode,real,1278,560535380832555837,0,0,0,0,0.000,16,133921,343.809,0,0,0.000,0,0,0.000,8.157
decode,real,1279,560535380832555837,0,0,0,0,0.000,16,133937,343.809,0,0,0.000,0,0,0.000,8.121
decode,real,1280,560535380832555837,0,0,0,0,0.000,16,133953,343.809,0,0,0.000,0,0,0.000,8.157
decode,real,1281,560535380832555837,0,0,0,0,0.000,16,133969,343.809,0,0,0.000,0,0,0.000,8.124
decode,real,1282,560535380832555837,0,0,0,0,0.000,16,133985,343.809,0,0,0.000,0,0,0.000,8.137
decode,real,1283,560535380832555837,0,0,0,0,0.000,16,134001,343.809,0,0,0.000,0,0,0.000,8.140
decode,real,1284,560535380832555837,0,0,0,0,0.000,16,134017,343.809,0,0,0.000,0,0,0.000,8.168
decode,real,1285,560535380832555837,0,0,0,0,0.000,16,134033,343.809,0,0,0.000,0,0,0.000,8.099
decode,real,1286,560535380832555837,0,0,0,0,0.000,16,134049,343.809,0,0,0.000,0,0,0.000,8.134
decode,real,1287,560535380832555837,0,0,0,0,0.000,16,134065,343.809,0,0,0.000,0,0,0.000,8.125
decode,real,1288,560535380832555837,0,0,0,0,0.000,16,134081,343.809,0,0,0.000,0,0,0.000,8.184
decode,real,1289,560535380832555837,0,0,0,0,0.000,16,134097,343.809,0,0,0.000,0,0,0.000,8.072
decode,real,1290,560535380832555837,0,0,0,0,0.000,16,134113,343.809,0,0,0.000,0,0,0.000,8.162
decode,real,1291,560535380832555837,0,0,0,0,0.000,16,134129,343.809,0,0,0.000,0,0,0.000,8.158
decode,real,1292,560535380832555837,0,0,0,0,0.000,16,134145,343.809,0,0,0.000,0,0,0.000,8.137
decode,real,1293,560535380832555837,0,0,0,0,0.000,16,134161,343.809,0,0,0.000,0,0,0.000,8.120
decode,real,1294,560535380832555837,0,0,0,0,0.000,16,134177,343.809,0,0,0.000,0,0,0.000,8.106
decode,real,1295,560535380832555837,0,0,0,0,0.000,16,134193,343.809,0,0,0.000,0,0,0.000,8.157
decode,real,1296,560535380832555837,0,0,0,0,0.000,16,134209,343.809,0,0,0.000,0,0,0.000,8.204
decode,real,1297,560535380832555837,0,0,0,0,0.000,16,134225,343.809,0,0,0.000,0,0,0.000,8.077
decode,real,1298,560535380832555837,0,0,0,0,0.000,16,134241,343.809,0,0,0.000,0,0,0.000,8.158
decode,real,1299,560535380832555837,0,0,0,0,0.000,16,134257,343.809,0,0,0.000,0,0,0.000,8.129
decode,real,1300,560535380832555837,0,0,0,0,0.000,16,134273,343.809,0,0,0.000,0,0,0.000,8.165
decode,real,1301,560535380832555837,0,0,0,0,0.000,16,134289,343.809,0,0,0.000,0,0,0.000,8.123
decode,real,1302,560535380832555837,0,0,0,0,0.000,16,134305,343.809,0,0,0.000,0,0,0.000,8.134
decode,real,1303,560535380832555837,0,0,0,0,0.000,16,134321,343.809,0,0,0.000,0,0,0.000,8.138
decode,real,1304,560535380832555837,0,0,0,0,0.000,16,134337,343.809,0,0,0.000,0,0,0.000,8.149
decode,real,1305,560535380832555837,0,0,0,0,0.000,16,134353,343.809,0,0,0.000,0,0,0.000,8.168
decode,real,1306,560535380832555837,0,0,0,0,0.000,16,134369,343.809,0,0,0.000,0,0,0.000,8.124
decode,real,1307,560535380832555837,0,0,0,0,0.000,16,134385,343.809,0,0,0.000,0,0,0.000,8.169
decode,real,1308,560535380832555837,0,0,0,0,0.000,16,134401,343.809,0,0,0.000,0,0,0.000,8.103
decode,real,1309,560535380832555837,0,0,0,0,0.000,16,134417,343.809,0,0,0.000,0,0,0.000,8.130
decode,real,1310,560535380832555837,0,0,0,0,0.000,16,134433,343.809,0,0,0.000,0,0,0.000,8.127
decode,real,1311,560535380832555837,0,0,0,0,0.000,16,134449,343.809,0,0,0.000,0,0,0.000,8.139
decode,real,1312,560535380832555837,0,0,0,0,0.000,16,134465,343.809,0,0,0.000,0,0,0.000,8.170
decode,real,1313,560535380832555837,0,0,0,0,0.000,16,134481,343.809,0,0,0.000,0,0,0.000,8.112
decode,real,1314,560535380832555837,0,0,0,0,0.000,16,134497,343.809,0,0,0.000,0,0,0.000,8.182
decode,real,1315,560535380832555837,0,0,0,0,0.000,16,134513,343.809,0,0,0.000,0,0,0.000,8.111
decode,real,1316,560535380832555837,0,0,0,0,0.000,16,134529,343.809,0,0,0.000,0,0,0.000,8.165
decode,real,1317,560535380832555837,0,0,0,0,0.000,16,134545,343.809,0,0,0.000,0,0,0.000,8.115
decode,real,1318,560535380832555837,0,0,0,0,0.000,16,134561,343.809,0,0,0.000,0,0,0.000,8.164
decode,real,1319,560535380832555837,0,0,0,0,0.000,16,134577,343.809,0,0,0.000,0,0,0.000,8.117
decode,real,1320,560535380832555837,0,0,0,0,0.000,16,134593,343.809,0,0,0.000,0,0,0.000,8.172
decode,real,1321,560535380832555837,0,0,0,0,0.000,16,134609,343.809,0,0,0.000,0,0,0.000,8.144
decode,real,1322,560535380832555837,0,0,0,0,0.000,16,134625,343.809,0,0,0.000,0,0,0.000,8.150
decode,real,1323,560535380832555837,0,0,0,0,0.000,16,134641,343.809,0,0,0.000,0,0,0.000,8.145
decode,real,1324,560535380832555837,0,0,0,0,0.000,16,134657,343.809,0,0,0.000,0,0,0.000,8.147
decode,real,1325,560535380832555837,0,0,0,0,0.000,16,134673,343.809,0,0,0.000,0,0,0.000,8.120
decode,real,1326,560535380832555837,0,0,0,0,0.000,16,134689,343.809,0,0,0.000,0,0,0.000,8.124
decode,real,1327,560535380832555837,0,0,0,0,0.000,16,134705,343.809,0,0,0.000,0,0,0.000,8.168
decode,real,1328,560535380832555837,0,0,0,0,0.000,16,134721,343.809,0,0,0.000,0,0,0.000,8.175
decode,real,1329,560535380832555837,0,0,0,0,0.000,16,134737,343.809,0,0,0.000,0,0,0.000,8.104
decode,real,1330,560535380832555837,0,0,0,0,0.000,16,134753,343.809,0,0,0.000,0,0,0.000,8.154
decode,real,1331,560535380832555837,0,0,0,0,0.000,16,134769,343.809,0,0,0.000,0,0,0.000,8.133
decode,real,1332,560535380832555837,0,0,0,0,0.000,16,134785,343.809,0,0,0.000,0,0,0.000,8.199
decode,real,1333,560535380832555837,0,0,0,0,0.000,16,134801,343.809,0,0,0.000,0,0,0.000,8.113
decode,real,1334,560535380832555837,0,0,0,0,0.000,16,134817,343.809,0,0,0.000,0,0,0.000,8.122
decode,real,1335,560535380832555837,0,0,0,0,0.000,16,134833,343.809,0,0,0.000,0,0,0.000,8.147
decode,real,1336,560535380832555837,0,0,0,0,0.000,16,134849,343.809,0,0,0.000,0,0,0.000,8.144
decode,real,1337,560535380832555837,0,0,0,0,0.000,16,134865,343.809,0,0,0.000,0,0,0.000,8.139
decode,real,1338,560535380832555837,0,0,0,0,0.000,16,134881,343.809,0,0,0.000,0,0,0.000,8.141
decode,real,1339,560535380832555837,0,0,0,0,0.000,16,134897,343.809,0,0,0.000,0,0,0.000,8.190
decode,real,1340,560535380832555837,0,0,0,0,0.000,16,134913,343.809,0,0,0.000,0,0,0.000,8.155
decode,real,1341,560535380832555837,0,0,0,0,0.000,16,134929,343.809,0,0,0.000,0,0,0.000,8.128
decode,real,1342,560535380832555837,0,0,0,0,0.000,16,134945,343.809,0,0,0.000,0,0,0.000,8.148
decode,real,1343,560535380832555837,0,0,0,0,0.000,16,134961,343.809,0,0,0.000,0,0,0.000,8.143
decode,real,1344,560535380832555837,0,0,0,0,0.000,16,134977,343.809,0,0,0.000,0,0,0.000,8.174
decode,real,1345,560535380832555837,0,0,0,0,0.000,16,134993,343.809,0,0,0.000,0,0,0.000,8.122
decode,real,1346,560535380832555837,0,0,0,0,0.000,16,135009,343.809,0,0,0.000,0,0,0.000,8.139
decode,real,1347,560535380832555837,0,0,0,0,0.000,16,135025,343.809,0,0,0.000,0,0,0.000,8.155
decode,real,1348,560535380832555837,0,0,0,0,0.000,16,135041,343.809,0,0,0.000,0,0,0.000,8.142
decode,real,1349,560535380832555837,0,0,0,0,0.000,16,135057,343.809,0,0,0.000,0,0,0.000,8.130
decode,real,1350,560535380832555837,0,0,0,0,0.000,16,135073,343.809,0,0,0.000,0,0,0.000,8.141
decode,real,1351,560535380832555837,0,0,0,0,0.000,16,135089,343.809,0,0,0.000,0,0,0.000,8.148
decode,real,1352,560535380832555837,0,0,0,0,0.000,16,135105,343.809,0,0,0.000,0,0,0.000,8.179
decode,real,1353,560535380832555837,0,0,0,0,0.000,16,135121,343.809,0,0,0.000,0,0,0.000,8.131
decode,real,1354,560535380832555837,0,0,0,0,0.000,16,135137,343.809,0,0,0.000,0,0,0.000,8.157
decode,real,1355,560535380832555837,0,0,0,0,0.000,16,135153,343.809,0,0,0.000,0,0,0.000,8.130
decode,real,1356,560535380832555837,0,0,0,0,0.000,16,135169,343.809,0,0,0.000,0,0,0.000,8.161
decode,real,1357,560535380832555837,0,0,0,0,0.000,16,135185,343.809,0,0,0.000,0,0,0.000,8.133
decode,real,1358,560535380832555837,0,0,0,0,0.000,16,135201,343.809,0,0,0.000,0,0,0.000,8.148
decode,real,1359,560535380832555837,0,0,0,0,0.000,16,135217,343.809,0,0,0.000,0,0,0.000,8.144
decode,real,1360,560535380832555837,0,0,0,0,0.000,16,135233,343.809,0,0,0.000,0,0,0.000,8.308
decode,real,1361,560535380832555837,0,0,0,0,0.000,16,135249,343.809,0,0,0.000,0,0,0.000,7.987
decode,real,1362,560535380832555837,0,0,0,0,0.000,16,135265,343.809,0,0,0.000,0,0,0.000,8.113
decode,real,1363,560535380832555837,0,0,0,0,0.000,16,135281,343.809,0,0,0.000,0,0,0.000,8.227
decode,real,1364,560535380832555837,0,0,0,0,0.000,16,135297,343.809,0,0,0.000,0,0,0.000,8.101
decode,real,1365,560535380832555837,0,0,0,0,0.000,16,135313,343.809,0,0,0.000,0,0,0.000,8.129
decode,real,1366,560535380832555837,0,0,0,0,0.000,16,135329,343.809,0,0,0.000,0,0,0.000,8.162
decode,real,1367,560535380832555837,0,0,0,0,0.000,16,135345,343.809,0,0,0.000,0,0,0.000,8.139
decode,real,1368,560535380832555837,0,0,0,0,0.000,16,135361,343.809,0,0,0.000,0,0,0.000,8.155
decode,real,1369,560535380832555837,0,0,0,0,0.000,16,135377,343.809,0,0,0.000,0,0,0.000,8.153
decode,real,1370,560535380832555837,0,0,0,0,0.000,16,135393,343.809,0,0,0.000,0,0,0.000,8.115
decode,real,1371,560535380832555837,0,0,0,0,0.000,16,135409,343.809,0,0,0.000,0,0,0.000,8.173
decode,real,1372,560535380832555837,0,0,0,0,0.000,16,135425,343.809,0,0,0.000,0,0,0.000,8.132
decode,real,1373,560535380832555837,0,0,0,0,0.000,16,135441,343.809,0,0,0.000,0,0,0.000,8.143
decode,real,1374,560535380832555837,0,0,0,0,0.000,16,135457,343.809,0,0,0.000,0,0,0.000,8.146
decode,real,1375,560535380832555837,0,0,0,0,0.000,16,135473,343.809,0,0,0.000,0,0,0.000,8.106
decode,real,1376,560535380832555837,0,0,0,0,0.000,16,135489,343.809,0,0,0.000,0,0,0.000,8.200
decode,real,1377,560535380832555837,0,0,0,0,0.000,16,135505,343.809,0,0,0.000,0,0,0.000,8.130
decode,real,1378,560535380832555837,0,0,0,0,0.000,16,135521,343.809,0,0,0.000,0,0,0.000,8.123
decode,real,1379,560535380832555837,0,0,0,0,0.000,16,135537,343.809,0,0,0.000,0,0,0.000,8.145
decode,real,1380,560535380832555837,0,0,0,0,0.000,16,135553,343.809,0,0,0.000,0,0,0.000,8.193
decode,real,1381,560535380832555837,0,0,0,0,0.000,16,135569,343.809,0,0,0.000,0,0,0.000,8.155
decode,real,1382,560535380832555837,0,0,0,0,0.000,16,135585,343.809,0,0,0.000,0,0,0.000,8.104
decode,real,1383,560535380832555837,0,0,0,0,0.000,16,135601,343.809,0,0,0.000,0,0,0.000,8.168
decode,real,1384,560535380832555837,0,0,0,0,0.000,16,135617,343.809,0,0,0.000,0,0,0.000,8.144
decode,real,1385,560535380832555837,0,0,0,0,0.000,16,135633,343.809,0,0,0.000,0,0,0.000,8.141
decode,real,1386,560535380832555837,0,0,0,0,0.000,16,135649,343.809,0,0,0.000,0,0,0.000,8.181
decode,real,1387,560535380832555837,0,0,0,0,0.000,16,135665,343.809,0,0,0.000,0,0,0.000,8.132
decode,real,1388,560535380832555837,0,0,0,0,0.000,16,135681,343.809,0,0,0.000,0,0,0.000,8.171
decode,real,1389,560535380832555837,0,0,0,0,0.000,16,135697,343.809,0,0,0.000,0,0,0.000,8.104
decode,real,1390,560535380832555837,0,0,0,0,0.000,16,135713,343.809,0,0,0.000,0,0,0.000,8.143
decode,real,1391,560535380832555837,0,0,0,0,0.000,16,135729,343.809,0,0,0.000,0,0,0.000,8.158
decode,real,1392,560535380832555837,0,0,0,0,0.000,16,135745,343.809,0,0,0.000,0,0,0.000,8.165
decode,real,1393,560535380832555837,0,0,0,0,0.000,16,135761,343.809,0,0,0.000,0,0,0.000,8.152
decode,real,1394,560535380832555837,0,0,0,0,0.000,16,135777,343.809,0,0,0.000,0,0,0.000,8.118
decode,real,1395,560535380832555837,0,0,0,0,0.000,16,135793,343.809,0,0,0.000,0,0,0.000,8.189
decode,real,1396,560535380832555837,0,0,0,0,0.000,16,135809,343.809,0,0,0.000,0,0,0.000,8.143
decode,real,1397,560535380832555837,0,0,0,0,0.000,16,135825,343.809,0,0,0.000,0,0,0.000,8.115
decode,real,1398,560535380832555837,0,0,0,0,0.000,16,135841,343.809,0,0,0.000,0,0,0.000,8.144
decode,real,1399,560535380832555837,0,0,0,0,0.000,16,135857,343.809,0,0,0.000,0,0,0.000,8.146
decode,real,1400,560535380832555837,0,0,0,0,0.000,16,135873,343.809,0,0,0.000,0,0,0.000,8.162
decode,real,1401,560535380832555837,0,0,0,0,0.000,16,135889,343.809,0,0,0.000,0,0,0.000,8.160
decode,real,1402,560535380832555837,0,0,0,0,0.000,16,135905,343.809,0,0,0.000,0,0,0.000,8.141
decode,real,1403,560535380832555837,0,0,0,0,0.000,16,135921,343.809,0,0,0.000,0,0,0.000,8.173
decode,real,1404,560535380832555837,0,0,0,0,0.000,16,135937,343.809,0,0,0.000,0,0,0.000,8.168
decode,real,1405,560535380832555837,0,0,0,0,0.000,16,135953,343.809,0,0,0.000,0,0,0.000,8.107
decode,real,1406,560535380832555837,0,0,0,0,0.000,16,135969,343.809,0,0,0.000,0,0,0.000,8.159
decode,real,1407,560535380832555837,0,0,0,0,0.000,16,135985,343.809,0,0,0.000,0,0,0.000,8.158
decode,real,1408,560535380832555837,0,0,0,0,0.000,16,136001,343.809,0,0,0.000,0,0,0.000,8.188
decode,real,1409,560535380832555837,0,0,0,0,0.000,16,136017,343.809,0,0,0.000,0,0,0.000,8.078
decode,real,1410,560535380832555837,0,0,0,0,0.000,16,136033,343.809,0,0,0.000,0,0,0.000,8.143
decode,real,1411,560535380832555837,0,0,0,0,0.000,16,136049,343.809,0,0,0.000,0,0,0.000,8.160
decode,real,1412,560535380832555837,0,0,0,0,0.000,16,136065,343.809,0,0,0.000,0,0,0.000,8.168
decode,real,1413,560535380832555837,0,0,0,0,0.000,16,136081,343.809,0,0,0.000,0,0,0.000,8.119
decode,real,1414,560535380832555837,0,0,0,0,0.000,16,136097,343.809,0,0,0.000,0,0,0.000,8.164
decode,real,1415,560535380832555837,0,0,0,0,0.000,16,136113,343.809,0,0,0.000,0,0,0.000,8.163
decode,real,1416,560535380832555837,0,0,0,0,0.000,16,136129,343.809,0,0,0.000,0,0,0.000,8.165
decode,real,1417,560535380832555837,0,0,0,0,0.000,16,136145,343.809,0,0,0.000,0,0,0.000,8.096
decode,real,1418,560535380832555837,0,0,0,0,0.000,16,136161,343.809,0,0,0.000,0,0,0.000,8.167
decode,real,1419,560535380832555837,0,0,0,0,0.000,16,136177,343.809,0,0,0.000,0,0,0.000,8.191
decode,real,1420,560535380832555837,0,0,0,0,0.000,16,136193,343.809,0,0,0.000,0,0,0.000,8.123
decode,real,1421,560535380832555837,0,0,0,0,0.000,16,136209,343.809,0,0,0.000,0,0,0.000,8.164
decode,real,1422,560535380832555837,0,0,0,0,0.000,16,136225,343.809,0,0,0.000,0,0,0.000,8.138
decode,real,1423,560535380832555837,0,0,0,0,0.000,16,136241,343.809,0,0,0.000,0,0,0.000,8.175
decode,real,1424,560535380832555837,0,0,0,0,0.000,16,136257,343.809,0,0,0.000,0,0,0.000,8.154
decode,real,1425,560535380832555837,0,0,0,0,0.000,16,136273,343.809,0,0,0.000,0,0,0.000,8.131
decode,real,1426,560535380832555837,0,0,0,0,0.000,16,136289,343.809,0,0,0.000,0,0,0.000,8.124
decode,real,1427,560535380832555837,0,0,0,0,0.000,16,136305,343.809,0,0,0.000,0,0,0.000,8.172
decode,real,1428,560535380832555837,0,0,0,0,0.000,16,136321,343.809,0,0,0.000,0,0,0.000,8.230
decode,real,1429,560535380832555837,0,0,0,0,0.000,16,136337,343.809,0,0,0.000,0,0,0.000,8.119
decode,real,1430,560535380832555837,0,0,0,0,0.000,16,136353,343.809,0,0,0.000,0,0,0.000,8.140
decode,real,1431,560535380832555837,0,0,0,0,0.000,16,136369,343.809,0,0,0.000,0,0,0.000,8.125
decode,real,1432,560535380832555837,0,0,0,0,0.000,16,136385,343.809,0,0,0.000,0,0,0.000,8.184
decode,real,1433,560535380832555837,0,0,0,0,0.000,16,136401,343.809,0,0,0.000,0,0,0.000,8.154
decode,real,1434,560535380832555837,0,0,0,0,0.000,16,136417,343.809,0,0,0.000,0,0,0.000,8.161
decode,real,1435,560535380832555837,0,0,0,0,0.000,16,136433,343.809,0,0,0.000,0,0,0.000,8.154
decode,real,1436,560535380832555837,0,0,0,0,0.000,16,136449,343.809,0,0,0.000,0,0,0.000,8.155
decode,real,1437,560535380832555837,0,0,0,0,0.000,16,136465,343.809,0,0,0.000,0,0,0.000,8.140
decode,real,1438,560535380832555837,0,0,0,0,0.000,16,136481,343.809,0,0,0.000,0,0,0.000,8.149
decode,real,1439,560535380832555837,0,0,0,0,0.000,16,136497,343.809,0,0,0.000,0,0,0.000,8.135
decode,real,1440,560535380832555837,0,0,0,0,0.000,16,136513,343.809,0,0,0.000,0,0,0.000,8.198
decode,real,1441,560535380832555837,0,0,0,0,0.000,16,136529,343.809,0,0,0.000,0,0,0.000,8.139
decode,real,1442,560535380832555837,0,0,0,0,0.000,16,136545,343.809,0,0,0.000,0,0,0.000,8.146
decode,real,1443,560535380832555837,0,0,0,0,0.000,16,136561,343.809,0,0,0.000,0,0,0.000,8.121
decode,real,1444,560535380832555837,0,0,0,0,0.000,16,136577,343.809,0,0,0.000,0,0,0.000,8.207
decode,real,1445,560535380832555837,0,0,0,0,0.000,16,136593,343.809,0,0,0.000,0,0,0.000,8.127
decode,real,1446,560535380832555837,0,0,0,0,0.000,16,136609,343.809,0,0,0.000,0,0,0.000,8.212
decode,real,1447,560535380832555837,0,0,0,0,0.000,16,136625,343.809,0,0,0.000,0,0,0.000,8.109
decode,real,1448,560535380832555837,0,0,0,0,0.000,16,136641,343.809,0,0,0.000,0,0,0.000,8.206
decode,real,1449,560535380832555837,0,0,0,0,0.000,16,136657,343.809,0,0,0.000,0,0,0.000,8.127
decode,real,1450,560535380832555837,0,0,0,0,0.000,16,136673,343.809,0,0,0.000,0,0,0.000,8.137
decode,real,1451,560535380832555837,0,0,0,0,0.000,16,136689,343.809,0,0,0.000,0,0,0.000,8.174
decode,real,1452,560535380832555837,0,0,0,0,0.000,16,136705,343.809,0,0,0.000,0,0,0.000,8.173
decode,real,1453,560535380832555837,0,0,0,0,0.000,16,136721,343.809,0,0,0.000,0,0,0.000,8.154
decode,real,1454,560535380832555837,0,0,0,0,0.000,16,136737,343.809,0,0,0.000,0,0,0.000,8.139
decode,real,1455,560535380832555837,0,0,0,0,0.000,16,136753,343.809,0,0,0.000,0,0,0.000,8.152
decode,real,1456,560535380832555837,0,0,0,0,0.000,16,136769,343.809,0,0,0.000,0,0,0.000,8.169
decode,real,1457,560535380832555837,0,0,0,0,0.000,16,136785,343.809,0,0,0.000,0,0,0.000,8.142
decode,real,1458,560535380832555837,0,0,0,0,0.000,16,136801,343.809,0,0,0.000,0,0,0.000,8.148
decode,real,1459,560535380832555837,0,0,0,0,0.000,16,136817,343.809,0,0,0.000,0,0,0.000,8.164
decode,real,1460,560535380832555837,0,0,0,0,0.000,16,136833,343.809,0,0,0.000,0,0,0.000,8.223
decode,real,1461,560535380832555837,0,0,0,0,0.000,16,136849,343.809,0,0,0.000,0,0,0.000,8.093
decode,real,1462,560535380832555837,0,0,0,0,0.000,16,136865,343.809,0,0,0.000,0,0,0.000,8.160
decode,real,1463,560535380832555837,0,0,0,0,0.000,16,136881,343.809,0,0,0.000,0,0,0.000,8.166
decode,real,1464,560535380832555837,0,0,0,0,0.000,16,136897,343.809,0,0,0.000,0,0,0.000,8.191
decode,real,1465,560535380832555837,0,0,0,0,0.000,16,136913,343.809,0,0,0.000,0,0,0.000,8.137
decode,real,1466,560535380832555837,0,0,0,0,0.000,16,136929,343.809,0,0,0.000,0,0,0.000,8.150
decode,real,1467,560535380832555837,0,0,0,0,0.000,16,136945,343.809,0,0,0.000,0,0,0.000,8.170
decode,real,1468,560535380832555837,0,0,0,0,0.000,16,136961,343.809,0,0,0.000,0,0,0.000,8.185
decode,real,1469,560535380832555837,0,0,0,0,0.000,16,136977,343.809,0,0,0.000,0,0,0.000,8.144
decode,real,1470,560535380832555837,0,0,0,0,0.000,16,136993,343.809,0,0,0.000,0,0,0.000,8.143
decode,real,1471,560535380832555837,0,0,0,0,0.000,16,137009,343.809,0,0,0.000,0,0,0.000,8.187
decode,real,1472,560535380832555837,0,0,0,0,0.000,16,137025,343.809,0,0,0.000,0,0,0.000,8.209
decode,real,1473,560535380832555837,0,0,0,0,0.000,16,137041,343.809,0,0,0.000,0,0,0.000,8.100
decode,real,1474,560535380832555837,0,0,0,0,0.000,16,137057,343.809,0,0,0.000,0,0,0.000,8.185
decode,real,1475,560535380832555837,0,0,0,0,0.000,16,137073,343.809,0,0,0.000,0,0,0.000,8.158
decode,real,1476,560535380832555837,0,0,0,0,0.000,16,137089,343.809,0,0,0.000,0,0,0.000,8.157
decode,real,1477,560535380832555837,0,0,0,0,0.000,16,137105,343.809,0,0,0.000,0,0,0.000,8.151
decode,real,1478,560535380832555837,0,0,0,0,0.000,16,137121,343.809,0,0,0.000,0,0,0.000,8.157
decode,real,1479,560535380832555837,0,0,0,0,0.000,16,137137,343.809,0,0,0.000,0,0,0.000,8.187
decode,real,1480,560535380832555837,0,0,0,0,0.000,16,137153,343.809,0,0,0.000,0,0,0.000,8.156
decode,real,1481,560535380832555837,0,0,0,0,0.000,16,137169,343.809,0,0,0.000,0,0,0.000,8.172
decode,real,1482,560535380832555837,0,0,0,0,0.000,16,137185,343.809,0,0,0.000,0,0,0.000,8.150
decode,real,1483,560535380832555837,0,0,0,0,0.000,16,137201,343.809,0,0,0.000,0,0,0.000,8.180
decode,real,1484,560535380832555837,0,0,0,0,0.000,16,137217,343.809,0,0,0.000,0,0,0.000,8.172
decode,real,1485,560535380832555837,0,0,0,0,0.000,16,137233,343.809,0,0,0.000,0,0,0.000,8.153
decode,real,1486,560535380832555837,0,0,0,0,0.000,16,137249,343.809,0,0,0.000,0,0,0.000,8.167
decode,real,1487,560535380832555837,0,0,0,0,0.000,16,137265,343.809,0,0,0.000,0,0,0.000,8.179
decode,real,1488,560535380832555837,0,0,0,0,0.000,16,137281,343.809,0,0,0.000,0,0,0.000,8.221
decode,real,1489,560535380832555837,0,0,0,0,0.000,16,137297,343.809,0,0,0.000,0,0,0.000,8.135
decode,real,1490,560535380832555837,0,0,0,0,0.000,16,137313,343.809,0,0,0.000,0,0,0.000,8.162
decode,real,1491,560535380832555837,0,0,0,0,0.000,16,137329,343.809,0,0,0.000,0,0,0.000,8.173
decode,real,1492,560535380832555837,0,0,0,0,0.000,16,137345,343.809,0,0,0.000,0,0,0.000,8.188
decode,real,1493,560535380832555837,0,0,0,0,0.000,16,137361,343.809,0,0,0.000,0,0,0.000,8.175
decode,real,1494,560535380832555837,0,0,0,0,0.000,16,137377,343.809,0,0,0.000,0,0,0.000,8.161
decode,real,1495,560535380832555837,0,0,0,0,0.000,16,137393,343.809,0,0,0.000,0,0,0.000,8.180
decode,real,1496,560535380832555837,0,0,0,0,0.000,16,137409,343.809,0,0,0.000,0,0,0.000,8.213
decode,real,1497,560535380832555837,0,0,0,0,0.000,16,137425,343.809,0,0,0.000,0,0,0.000,8.137
decode,real,1498,560535380832555837,0,0,0,0,0.000,16,137441,343.809,0,0,0.000,0,0,0.000,8.179
decode,real,1499,560535380832555837,0,0,0,0,0.000,16,137457,343.809,0,0,0.000,0,0,0.000,8.196
decode,real,1500,560535380832555837,0,0,0,0,0.000,16,137473,343.809,0,0,0.000,0,0,0.000,8.170
decode,real,1501,560535380832555837,0,0,0,0,0.000,16,137489,343.809,0,0,0.000,0,0,0.000,8.162
decode,real,1502,560535380832555837,0,0,0,0,0.000,16,137505,343.809,0,0,0.000,0,0,0.000,8.209
decode,real,1503,560535380832555837,0,0,0,0,0.000,16,137521,343.809,0,0,0.000,0,0,0.000,8.166
decode,real,1504,560535380832555837,0,0,0,0,0.000,16,137537,343.809,0,0,0.000,0,0,0.000,8.188
decode,real,1505,560535380832555837,0,0,0,0,0.000,16,137553,343.809,0,0,0.000,0,0,0.000,8.167
decode,real,1506,560535380832555837,0,0,0,0,0.000,16,137569,343.809,0,0,0.000,0,0,0.000,8.177
decode,real,1507,560535380832555837,0,0,0,0,0.000,16,137585,343.809,0,0,0.000,0,0,0.000,8.203
decode,real,1508,560535380832555837,0,0,0,0,0.000,16,137601,343.809,0,0,0.000,0,0,0.000,8.183
decode,real,1509,560535380832555837,0,0,0,0,0.000,16,137617,343.809,0,0,0.000,0,0,0.000,8.166
decode,real,1510,560535380832555837,0,0,0,0,0.000,16,137633,343.809,0,0,0.000,0,0,0.000,8.181
decode,real,1511,560535380832555837,0,0,0,0,0.000,16,137649,343.809,0,0,0.000,0,0,0.000,8.193
decode,real,1512,560535380832555837,0,0,0,0,0.000,16,137665,343.809,0,0,0.000,0,0,0.000,8.204
decode,real,1513,560535380832555837,0,0,0,0,0.000,16,137681,343.809,0,0,0.000,0,0,0.000,8.167
decode,real,1514,560535380832555837,0,0,0,0,0.000,16,137697,343.809,0,0,0.000,0,0,0.000,8.202
decode,real,1515,560535380832555837,0,0,0,0,0.000,16,137713,343.809,0,0,0.000,0,0,0.000,8.465
decode,real,1516,560535380832555837,0,0,0,0,0.000,16,137729,343.809,0,0,0.000,0,0,0.000,7.914
decode,real,1517,560535380832555837,0,0,0,0,0.000,16,137745,343.809,0,0,0.000,0,0,0.000,8.168
decode,real,1518,560535380832555837,0,0,0,0,0.000,16,137761,343.809,0,0,0.000,0,0,0.000,8.200
decode,real,1519,560535380832555837,0,0,0,0,0.000,16,137777,343.809,0,0,0.000,0,0,0.000,8.166
decode,real,1520,560535380832555837,0,0,0,0,0.000,16,137793,343.809,0,0,0.000,0,0,0.000,8.200
decode,real,1521,560535380832555837,0,0,0,0,0.000,16,137809,343.809,0,0,0.000,0,0,0.000,8.186
decode,real,1522,560535380832555837,0,0,0,0,0.000,16,137825,343.809,0,0,0.000,0,0,0.000,8.181
decode,real,1523,560535380832555837,0,0,0,0,0.000,16,137841,343.809,0,0,0.000,0,0,0.000,8.170
decode,real,1524,560535380832555837,0,0,0,0,0.000,16,137857,343.809,0,0,0.000,0,0,0.000,8.222
decode,real,1525,560535380832555837,0,0,0,0,0.000,16,137873,343.809,0,0,0.000,0,0,0.000,8.150
decode,real,1526,560535380832555837,0,0,0,0,0.000,16,137889,343.809,0,0,0.000,0,0,0.000,8.184
decode,real,1527,560535380832555837,0,0,0,0,0.000,16,137905,343.809,0,0,0.000,0,0,0.000,8.170
decode,real,1528,560535380832555837,0,0,0,0,0.000,16,137921,343.809,0,0,0.000,0,0,0.000,8.255
decode,real,1529,560535380832555837,0,0,0,0,0.000,16,137937,343.809,0,0,0.000,0,0,0.000,8.155
decode,real,1530,560535380832555837,0,0,0,0,0.000,16,137953,343.809,0,0,0.000,0,0,0.000,8.159
decode,real,1531,560535380832555837,0,0,0,0,0.000,16,137969,343.809,0,0,0.000,0,0,0.000,8.197
decode,real,1532,560535380832555837,0,0,0,0,0.000,16,137985,343.809,0,0,0.000,0,0,0.000,8.206
decode,real,1533,560535380832555837,0,0,0,0,0.000,16,138001,343.809,0,0,0.000,0,0,0.000,8.147
decode,real,1534,560535380832555837,0,0,0,0,0.000,16,138017,343.809,0,0,0.000,0,0,0.000,8.189
decode,real,1535,560535380832555837,0,0,0,0,0.000,16,138033,343.809,0,0,0.000,0,0,0.000,8.173
decode,real,1536,560535380832555837,0,0,0,0,0.000,16,138049,343.809,0,0,0.000,0,0,0.000,8.219
decode,real,1537,560535380832555837,0,0,0,0,0.000,16,138065,343.809,0,0,0.000,0,0,0.000,8.170
decode,real,1538,560535380832555837,0,0,0,0,0.000,16,138081,343.809,0,0,0.000,0,0,0.000,8.158
decode,real,1539,560535380832555837,0,0,0,0,0.000,16,138097,343.809,0,0,0.000,0,0,0.000,8.215
decode,real,1540,560535380832555837,0,0,0,0,0.000,16,138113,343.809,0,0,0.000,0,0,0.000,8.212
decode,real,1541,560535380832555837,0,0,0,0,0.000,16,138129,343.809,0,0,0.000,0,0,0.000,8.160
decode,real,1542,560535380832555837,0,0,0,0,0.000,16,138145,343.809,0,0,0.000,0,0,0.000,8.204
decode,real,1543,560535380832555837,0,0,0,0,0.000,16,138161,343.809,0,0,0.000,0,0,0.000,8.154
decode,real,1544,560535380832555837,0,0,0,0,0.000,16,138177,343.809,0,0,0.000,0,0,0.000,8.202
decode,real,1545,560535380832555837,0,0,0,0,0.000,16,138193,343.809,0,0,0.000,0,0,0.000,8.199
decode,real,1546,560535380832555837,0,0,0,0,0.000,16,138209,343.809,0,0,0.000,0,0,0.000,8.174
decode,real,1547,560535380832555837,0,0,0,0,0.000,16,138225,343.809,0,0,0.000,0,0,0.000,8.195
decode,real,1548,560535380832555837,0,0,0,0,0.000,16,138241,343.809,0,0,0.000,0,0,0.000,8.191
decode,real,1549,560535380832555837,0,0,0,0,0.000,16,138257,343.809,0,0,0.000,0,0,0.000,8.171
decode,real,1550,560535380832555837,0,0,0,0,0.000,16,138273,343.809,0,0,0.000,0,0,0.000,8.185
decode,real,1551,560535380832555837,0,0,0,0,0.000,16,138289,343.809,0,0,0.000,0,0,0.000,8.165
decode,real,1552,560535380832555837,0,0,0,0,0.000,16,138305,343.809,0,0,0.000,0,0,0.000,8.218
decode,real,1553,560535380832555837,0,0,0,0,0.000,16,138321,343.809,0,0,0.000,0,0,0.000,8.143
decode,real,1554,560535380832555837,0,0,0,0,0.000,16,138337,343.809,0,0,0.000,0,0,0.000,8.197
decode,real,1555,560535380832555837,0,0,0,0,0.000,16,138353,343.809,0,0,0.000,0,0,0.000,8.183
decode,real,1556,560535380832555837,0,0,0,0,0.000,16,138369,343.809,0,0,0.000,0,0,0.000,8.275
decode,real,1557,560535380832555837,0,0,0,0,0.000,16,138385,343.809,0,0,0.000,0,0,0.000,8.123
decode,real,1558,560535380832555837,0,0,0,0,0.000,16,138401,343.809,0,0,0.000,0,0,0.000,8.169
decode,real,1559,560535380832555837,0,0,0,0,0.000,16,138417,343.809,0,0,0.000,0,0,0.000,8.192
decode,real,1560,560535380832555837,0,0,0,0,0.000,16,138433,343.809,0,0,0.000,0,0,0.000,8.221
decode,real,1561,560535380832555837,0,0,0,0,0.000,16,138449,343.809,0,0,0.000,0,0,0.000,8.186
decode,real,1562,560535380832555837,0,0,0,0,0.000,16,138465,343.809,0,0,0.000,0,0,0.000,8.178
decode,real,1563,560535380832555837,0,0,0,0,0.000,16,138481,343.809,0,0,0.000,0,0,0.000,8.209
decode,real,1564,560535380832555837,0,0,0,0,0.000,16,138497,343.809,0,0,0.000,0,0,0.000,8.183
decode,real,1565,560535380832555837,0,0,0,0,0.000,16,138513,343.809,0,0,0.000,0,0,0.000,8.166
decode,real,1566,560535380832555837,0,0,0,0,0.000,16,138529,343.809,0,0,0.000,0,0,0.000,8.176
decode,real,1567,560535380832555837,0,0,0,0,0.000,16,138545,343.809,0,0,0.000,0,0,0.000,8.190
decode,real,1568,560535380832555837,0,0,0,0,0.000,16,138561,343.809,0,0,0.000,0,0,0.000,8.230
decode,real,1569,560535380832555837,0,0,0,0,0.000,16,138577,343.809,0,0,0.000,0,0,0.000,8.145
decode,real,1570,560535380832555837,0,0,0,0,0.000,16,138593,343.809,0,0,0.000,0,0,0.000,8.177
decode,real,1571,560535380832555837,0,0,0,0,0.000,16,138609,343.809,0,0,0.000,0,0,0.000,8.210
decode,real,1572,560535380832555837,0,0,0,0,0.000,16,138625,343.809,0,0,0.000,0,0,0.000,8.215
decode,real,1573,560535380832555837,0,0,0,0,0.000,16,138641,343.809,0,0,0.000,0,0,0.000,8.194
decode,real,1574,560535380832555837,0,0,0,0,0.000,16,138657,343.809,0,0,0.000,0,0,0.000,8.190
decode,real,1575,560535380832555837,0,0,0,0,0.000,16,138673,343.809,0,0,0.000,0,0,0.000,8.182
decode,real,1576,560535380832555837,0,0,0,0,0.000,16,138689,343.809,0,0,0.000,0,0,0.000,8.211
decode,real,1577,560535380832555837,0,0,0,0,0.000,16,138705,343.809,0,0,0.000,0,0,0.000,8.194
decode,real,1578,560535380832555837,0,0,0,0,0.000,16,138721,343.809,0,0,0.000,0,0,0.000,8.175
decode,real,1579,560535380832555837,0,0,0,0,0.000,16,138737,343.809,0,0,0.000,0,0,0.000,8.191
decode,real,1580,560535380832555837,0,0,0,0,0.000,16,138753,343.809,0,0,0.000,0,0,0.000,8.213
decode,real,1581,560535380832555837,0,0,0,0,0.000,16,138769,343.809,0,0,0.000,0,0,0.000,8.171
decode,real,1582,560535380832555837,0,0,0,0,0.000,16,138785,343.809,0,0,0.000,0,0,0.000,8.225
decode,real,1583,560535380832555837,0,0,0,0,0.000,16,138801,343.809,0,0,0.000,0,0,0.000,8.143
decode,real,1584,560535380832555837,0,0,0,0,0.000,16,138817,343.809,0,0,0.000,0,0,0.000,8.219
decode,real,1585,560535380832555837,0,0,0,0,0.000,16,138833,343.809,0,0,0.000,0,0,0.000,8.172
decode,real,1586,560535380832555837,0,0,0,0,0.000,16,138849,343.809,0,0,0.000,0,0,0.000,8.199
decode,real,1587,560535380832555837,0,0,0,0,0.000,16,138865,343.809,0,0,0.000,0,0,0.000,8.187
decode,real,1588,560535380832555837,0,0,0,0,0.000,16,138881,343.809,0,0,0.000,0,0,0.000,8.212
decode,real,1589,560535380832555837,0,0,0,0,0.000,16,138897,343.809,0,0,0.000,0,0,0.000,8.192
decode,real,1590,560535380832555837,0,0,0,0,0.000,16,138913,343.809,0,0,0.000,0,0,0.000,8.160
decode,real,1591,560535380832555837,0,0,0,0,0.000,16,138929,343.809,0,0,0.000,0,0,0.000,8.236
decode,real,1592,560535380832555837,0,0,0,0,0.000,16,138945,343.809,0,0,0.000,0,0,0.000,8.208
decode,real,1593,560535380832555837,0,0,0,0,0.000,16,138961,343.809,0,0,0.000,0,0,0.000,8.171
decode,real,1594,560535380832555837,0,0,0,0,0.000,16,138977,343.809,0,0,0.000,0,0,0.000,8.196
decode,real,1595,560535380832555837,0,0,0,0,0.000,16,138993,343.809,0,0,0.000,0,0,0.000,8.192
decode,real,1596,560535380832555837,0,0,0,0,0.000,16,139009,343.809,0,0,0.000,0,0,0.000,8.189
decode,real,1597,560535380832555837,0,0,0,0,0.000,16,139025,343.809,0,0,0.000,0,0,0.000,8.204
decode,real,1598,560535380832555837,0,0,0,0,0.000,16,139041,343.809,0,0,0.000,0,0,0.000,8.182
decode,real,1599,560535380832555837,0,0,0,0,0.000,16,139057,343.809,0,0,0.000,0,0,0.000,8.194
decode,real,1600,560535380832555837,0,0,0,0,0.000,16,139073,343.809,0,0,0.000,0,0,0.000,8.219
decode,real,1601,560535380832555837,0,0,0,0,0.000,16,139089,343.809,0,0,0.000,0,0,0.000,8.198
decode,real,1602,560535380832555837,0,0,0,0,0.000,16,139105,343.809,0,0,0.000,0,0,0.000,8.185
decode,real,1603,560535380832555837,0,0,0,0,0.000,16,139121,343.809,0,0,0.000,0,0,0.000,8.200
decode,real,1604,560535380832555837,0,0,0,0,0.000,16,139137,343.809,0,0,0.000,0,0,0.000,8.251
decode,real,1605,560535380832555837,0,0,0,0,0.000,16,139153,343.809,0,0,0.000,0,0,0.000,8.132
decode,real,1606,560535380832555837,0,0,0,0,0.000,16,139169,343.809,0,0,0.000,0,0,0.000,8.205
decode,real,1607,560535380832555837,0,0,0,0,0.000,16,139185,343.809,0,0,0.000,0,0,0.000,8.188
decode,real,1608,560535380832555837,0,0,0,0,0.000,16,139201,343.809,0,0,0.000,0,0,0.000,8.234
decode,real,1609,560535380832555837,0,0,0,0,0.000,16,139217,343.809,0,0,0.000,0,0,0.000,8.151
decode,real,1610,560535380832555837,0,0,0,0,0.000,16,139233,343.809,0,0,0.000,0,0,0.000,8.259
decode,real,1611,560535380832555837,0,0,0,0,0.000,16,139249,343.809,0,0,0.000,0,0,0.000,8.153
decode,real,1612,560535380832555837,0,0,0,0,0.000,16,139265,343.809,0,0,0.000,0,0,0.000,8.220
decode,real,1613,560535380832555837,0,0,0,0,0.000,16,139281,343.809,0,0,0.000,0,0,0.000,8.193
decode,real,1614,560535380832555837,0,0,0,0,0.000,16,139297,343.809,0,0,0.000,0,0,0.000,8.170
decode,real,1615,560535380832555837,0,0,0,0,0.000,16,139313,343.809,0,0,0.000,0,0,0.000,8.204
decode,real,1616,560535380832555837,0,0,0,0,0.000,16,139329,343.809,0,0,0.000,0,0,0.000,8.222
decode,real,1617,560535380832555837,0,0,0,0,0.000,16,139345,343.809,0,0,0.000,0,0,0.000,8.162
decode,real,1618,560535380832555837,0,0,0,0,0.000,16,139361,343.809,0,0,0.000,0,0,0.000,8.206
decode,real,1619,560535380832555837,0,0,0,0,0.000,16,139377,343.809,0,0,0.000,0,0,0.000,8.203
decode,real,1620,560535380832555837,0,0,0,0,0.000,16,139393,343.809,0,0,0.000,0,0,0.000,8.227
decode,real,1621,560535380832555837,0,0,0,0,0.000,16,139409,343.809,0,0,0.000,0,0,0.000,8.151
decode,real,1622,560535380832555837,0,0,0,0,0.000,16,139425,343.809,0,0,0.000,0,0,0.000,8.200
decode,real,1623,560535380832555837,0,0,0,0,0.000,16,139441,343.809,0,0,0.000,0,0,0.000,8.228
decode,real,1624,560535380832555837,0,0,0,0,0.000,16,139457,343.809,0,0,0.000,0,0,0.000,8.559
decode,real,1625,560535380832555837,0,0,0,0,0.000,16,139473,343.809,0,0,0.000,0,0,0.000,7.854
decode,real,1626,560535380832555837,0,0,0,0,0.000,16,139489,343.809,0,0,0.000,0,0,0.000,8.181
decode,real,1627,560535380832555837,0,0,0,0,0.000,16,139505,343.809,0,0,0.000,0,0,0.000,8.186
decode,real,1628,560535380832555837,0,0,0,0,0.000,16,139521,343.809,0,0,0.000,0,0,0.000,8.241
decode,real,1629,560535380832555837,0,0,0,0,0.000,16,139537,343.809,0,0,0.000,0,0,0.000,8.168
decode,real,1630,560535380832555837,0,0,0,0,0.000,16,139553,343.809,0,0,0.000,0,0,0.000,8.187
decode,real,1631,560535380832555837,0,0,0,0,0.000,16,139569,343.809,0,0,0.000,0,0,0.000,8.247
decode,real,1632,560535380832555837,0,0,0,0,0.000,16,139585,343.809,0,0,0.000,0,0,0.000,8.227
decode,real,1633,560535380832555837,0,0,0,0,0.000,16,139601,343.809,0,0,0.000,0,0,0.000,8.140
decode,real,1634,560535380832555837,0,0,0,0,0.000,16,139617,343.809,0,0,0.000,0,0,0.000,8.209
decode,real,1635,560535380832555837,0,0,0,0,0.000,16,139633,343.809,0,0,0.000,0,0,0.000,8.169
decode,real,1636,560535380832555837,0,0,0,0,0.000,16,139649,343.809,0,0,0.000,0,0,0.000,8.243
decode,real,1637,560535380832555837,0,0,0,0,0.000,16,139665,343.809,0,0,0.000,0,0,0.000,8.214
decode,real,1638,560535380832555837,0,0,0,0,0.000,16,139681,343.809,0,0,0.000,0,0,0.000,8.153
decode,real,1639,560535380832555837,0,0,0,0,0.000,16,139697,343.809,0,0,0.000,0,0,0.000,8.192
decode,real,1640,560535380832555837,0,0,0,0,0.000,16,139713,343.809,0,0,0.000,0,0,0.000,8.249
decode,real,1641,560535380832555837,0,0,0,0,0.000,16,139729,343.809,0,0,0.000,0,0,0.000,8.200
decode,real,1642,560535380832555837,0,0,0,0,0.000,16,139745,343.809,0,0,0.000,0,0,0.000,8.192
decode,real,1643,560535380832555837,0,0,0,0,0.000,16,139761,343.809,0,0,0.000,0,0,0.000,8.214
decode,real,1644,560535380832555837,0,0,0,0,0.000,16,139777,343.809,0,0,0.000,0,0,0.000,8.227
decode,real,1645,560535380832555837,0,0,0,0,0.000,16,139793,343.809,0,0,0.000,0,0,0.000,8.152
decode,real,1646,560535380832555837,0,0,0,0,0.000,16,139809,343.809,0,0,0.000,0,0,0.000,8.214
decode,real,1647,560535380832555837,0,0,0,0,0.000,16,139825,343.809,0,0,0.000,0,0,0.000,8.222
decode,real,1648,560535380832555837,0,0,0,0,0.000,16,139841,343.809,0,0,0.000,0,0,0.000,8.239
decode,real,1649,560535380832555837,0,0,0,0,0.000,16,139857,343.809,0,0,0.000,0,0,0.000,8.140
decode,real,1650,560535380832555837,0,0,0,0,0.000,16,139873,343.809,0,0,0.000,0,0,0.000,8.222
decode,real,1651,560535380832555837,0,0,0,0,0.000,16,139889,343.809,0,0,0.000,0,0,0.000,8.225
decode,real,1652,560535380832555837,0,0,0,0,0.000,16,139905,343.809,0,0,0.000,0,0,0.000,8.247
decode,real,1653,560535380832555837,0,0,0,0,0.000,16,139921,343.809,0,0,0.000,0,0,0.000,8.176
decode,real,1654,560535380832555837,0,0,0,0,0.000,16,139937,343.809,0,0,0.000,0,0,0.000,8.172
decode,real,1655,560535380832555837,0,0,0,0,0.000,16,139953,343.809,0,0,0.000,0,0,0.000,8.442
decode,real,1656,560535380832555837,0,0,0,0,0.000,16,139969,343.809,0,0,0.000,0,0,0.000,8.035
decode,real,1657,560535380832555837,0,0,0,0,0.000,16,139985,343.809,0,0,0.000,0,0,0.000,8.174
decode,real,1658,560535380832555837,0,0,0,0,0.000,16,140001,343.809,0,0,0.000,0,0,0.000,8.208
decode,real,1659,560535380832555837,0,0,0,0,0.000,16,140017,343.809,0,0,0.000,0,0,0.000,8.208
decode,real,1660,560535380832555837,0,0,0,0,0.000,16,140033,343.809,0,0,0.000,0,0,0.000,8.198
decode,real,1661,560535380832555837,0,0,0,0,0.000,16,140049,343.809,0,0,0.000,0,0,0.000,8.175
decode,real,1662,560535380832555837,0,0,0,0,0.000,16,140065,343.809,0,0,0.000,0,0,0.000,8.229
decode,real,1663,560535380832555837,0,0,0,0,0.000,16,140081,343.809,0,0,0.000,0,0,0.000,8.200
decode,real,1664,560535380832555837,0,0,0,0,0.000,16,140097,343.809,0,0,0.000,0,0,0.000,8.251
decode,real,1665,560535380832555837,0,0,0,0,0.000,16,140113,343.809,0,0,0.000,0,0,0.000,8.184
decode,real,1666,560535380832555837,0,0,0,0,0.000,16,140129,343.809,0,0,0.000,0,0,0.000,8.186
decode,real,1667,560535380832555837,0,0,0,0,0.000,16,140145,343.809,0,0,0.000,0,0,0.000,8.241
decode,real,1668,560535380832555837,0,0,0,0,0.000,16,140161,343.809,0,0,0.000,0,0,0.000,8.231
decode,real,1669,560535380832555837,0,0,0,0,0.000,16,140177,343.809,0,0,0.000,0,0,0.000,8.190
decode,real,1670,560535380832555837,0,0,0,0,0.000,16,140193,343.809,0,0,0.000,0,0,0.000,8.194
decode,real,1671,560535380832555837,0,0,0,0,0.000,16,140209,343.809,0,0,0.000,0,0,0.000,8.207
decode,real,1672,560535380832555837,0,0,0,0,0.000,16,140225,343.809,0,0,0.000,0,0,0.000,8.230
decode,real,1673,560535380832555837,0,0,0,0,0.000,16,140241,343.809,0,0,0.000,0,0,0.000,8.195
decode,real,1674,560535380832555837,0,0,0,0,0.000,16,140257,343.809,0,0,0.000,0,0,0.000,8.192
decode,real,1675,560535380832555837,0,0,0,0,0.000,16,140273,343.809,0,0,0.000,0,0,0.000,8.222
decode,real,1676,560535380832555837,0,0,0,0,0.000,16,140289,343.809,0,0,0.000,0,0,0.000,8.241
decode,real,1677,560535380832555837,0,0,0,0,0.000,16,140305,343.809,0,0,0.000,0,0,0.000,8.179
decode,real,1678,560535380832555837,0,0,0,0,0.000,16,140321,343.809,0,0,0.000,0,0,0.000,8.209
decode,real,1679,560535380832555837,0,0,0,0,0.000,16,140337,343.809,0,0,0.000,0,0,0.000,8.181
decode,real,1680,560535380832555837,0,0,0,0,0.000,16,140353,343.809,0,0,0.000,0,0,0.000,8.271
decode,real,1681,560535380832555837,0,0,0,0,0.000,16,140369,343.809,0,0,0.000,0,0,0.000,8.179
decode,real,1682,560535380832555837,0,0,0,0,0.000,16,140385,343.809,0,0,0.000,0,0,0.000,8.206
decode,real,1683,560535380832555837,0,0,0,0,0.000,16,140401,343.809,0,0,0.000,0,0,0.000,8.204
decode,real,1684,560535380832555837,0,0,0,0,0.000,16,140417,343.809,0,0,0.000,0,0,0.000,8.239
decode,real,1685,560535380832555837,0,0,0,0,0.000,16,140433,343.809,0,0,0.000,0,0,0.000,8.205
decode,real,1686,560535380832555837,0,0,0,0,0.000,16,140449,343.809,0,0,0.000,0,0,0.000,8.245
decode,real,1687,560535380832555837,0,0,0,0,0.000,16,140465,343.809,0,0,0.000,0,0,0.000,8.157
decode,real,1688,560535380832555837,0,0,0,0,0.000,16,140481,343.809,0,0,0.000,0,0,0.000,8.241
decode,real,1689,560535380832555837,0,0,0,0,0.000,16,140497,343.809,0,0,0.000,0,0,0.000,8.195
decode,real,1690,560535380832555837,0,0,0,0,0.000,16,140513,343.809,0,0,0.000,0,0,0.000,8.180
decode,real,1691,560535380832555837,0,0,0,0,0.000,16,140529,343.809,0,0,0.000,0,0,0.000,8.235
decode,real,1692,560535380832555837,0,0,0,0,0.000,16,140545,343.809,0,0,0.000,0,0,0.000,8.234
decode,real,1693,560535380832555837,0,0,0,0,0.000,16,140561,343.809,0,0,0.000,0,0,0.000,8.199
decode,real,1694,560535380832555837,0,0,0,0,0.000,16,140577,343.809,0,0,0.000,0,0,0.000,8.198
decode,real,1695,560535380832555837,0,0,0,0,0.000,16,140593,343.809,0,0,0.000,0,0,0.000,8.221
decode,real,1696,560535380832555837,0,0,0,0,0.000,16,140609,343.809,0,0,0.000,0,0,0.000,8.229
decode,real,1697,560535380832555837,0,0,0,0,0.000,16,140625,343.809,0,0,0.000,0,0,0.000,8.185
decode,real,1698,560535380832555837,0,0,0,0,0.000,16,140641,343.809,0,0,0.000,0,0,0.000,8.218
decode,real,1699,560535380832555837,0,0,0,0,0.000,16,140657,343.809,0,0,0.000,0,0,0.000,8.219
decode,real,1700,560535380832555837,0,0,0,0,0.000,16,140673,343.809,0,0,0.000,0,0,0.000,8.233
decode,real,1701,560535380832555837,0,0,0,0,0.000,16,140689,343.809,0,0,0.000,0,0,0.000,8.196
decode,real,1702,560535380832555837,0,0,0,0,0.000,16,140705,343.809,0,0,0.000,0,0,0.000,8.211
decode,real,1703,560535380832555837,0,0,0,0,0.000,16,140721,343.809,0,0,0.000,0,0,0.000,8.192
decode,real,1704,560535380832555837,0,0,0,0,0.000,16,140737,343.809,0,0,0.000,0,0,0.000,8.238
decode,real,1705,560535380832555837,0,0,0,0,0.000,16,140753,343.809,0,0,0.000,0,0,0.000,8.223
decode,real,1706,560535380832555837,0,0,0,0,0.000,16,140769,343.809,0,0,0.000,0,0,0.000,8.187
decode,real,1707,560535380832555837,0,0,0,0,0.000,16,140785,343.809,0,0,0.000,0,0,0.000,8.216
decode,real,1708,560535380832555837,0,0,0,0,0.000,16,140801,343.809,0,0,0.000,0,0,0.000,8.233
decode,real,1709,560535380832555837,0,0,0,0,0.000,16,140817,343.809,0,0,0.000,0,0,0.000,8.208
decode,real,1710,560535380832555837,0,0,0,0,0.000,16,140833,343.809,0,0,0.000,0,0,0.000,8.180
decode,real,1711,560535380832555837,0,0,0,0,0.000,16,140849,343.809,0,0,0.000,0,0,0.000,8.218
decode,real,1712,560535380832555837,0,0,0,0,0.000,16,140865,343.809,0,0,0.000,0,0,0.000,8.253
decode,real,1713,560535380832555837,0,0,0,0,0.000,16,140881,343.809,0,0,0.000,0,0,0.000,8.180
decode,real,1714,560535380832555837,0,0,0,0,0.000,16,140897,343.809,0,0,0.000,0,0,0.000,8.219
decode,real,1715,560535380832555837,0,0,0,0,0.000,16,140913,343.809,0,0,0.000,0,0,0.000,8.194
decode,real,1716,560535380832555837,0,0,0,0,0.000,16,140929,343.809,0,0,0.000,0,0,0.000,8.217
decode,real,1717,560535380832555837,0,0,0,0,0.000,16,140945,343.809,0,0,0.000,0,0,0.000,8.234
decode,real,1718,560535380832555837,0,0,0,0,0.000,16,140961,343.809,0,0,0.000,0,0,0.000,8.217
decode,real,1719,560535380832555837,0,0,0,0,0.000,16,140977,343.809,0,0,0.000,0,0,0.000,8.216
decode,real,1720,560535380832555837,0,0,0,0,0.000,16,140993,343.809,0,0,0.000,0,0,0.000,8.292
decode,real,1721,560535380832555837,0,0,0,0,0.000,16,141009,343.809,0,0,0.000,0,0,0.000,8.150
decode,real,1722,560535380832555837,0,0,0,0,0.000,16,141025,343.809,0,0,0.000,0,0,0.000,8.201
decode,real,1723,560535380832555837,0,0,0,0,0.000,16,141041,343.809,0,0,0.000,0,0,0.000,8.265
decode,real,1724,560535380832555837,0,0,0,0,0.000,16,141057,343.809,0,0,0.000,0,0,0.000,8.192
decode,real,1725,560535380832555837,0,0,0,0,0.000,16,141073,343.809,0,0,0.000,0,0,0.000,8.200
decode,real,1726,560535380832555837,0,0,0,0,0.000,16,141089,343.809,0,0,0.000,0,0,0.000,8.213
decode,real,1727,560535380832555837,0,0,0,0,0.000,16,141105,343.809,0,0,0.000,0,0,0.000,8.210
decode,real,1728,560535380832555837,0,0,0,0,0.000,16,141121,343.809,0,0,0.000,0,0,0.000,8.231
decode,real,1729,560535380832555837,0,0,0,0,0.000,16,141137,343.809,0,0,0.000,0,0,0.000,8.204
decode,real,1730,560535380832555837,0,0,0,0,0.000,16,141153,343.809,0,0,0.000,0,0,0.000,8.207
decode,real,1731,560535380832555837,0,0,0,0,0.000,16,141169,343.809,0,0,0.000,0,0,0.000,8.237
decode,real,1732,560535380832555837,0,0,0,0,0.000,16,141185,343.809,0,0,0.000,0,0,0.000,8.251
decode,real,1733,560535380832555837,0,0,0,0,0.000,16,141201,343.809,0,0,0.000,0,0,0.000,8.191
decode,real,1734,560535380832555837,0,0,0,0,0.000,16,141217,343.809,0,0,0.000,0,0,0.000,8.230
decode,real,1735,560535380832555837,0,0,0,0,0.000,16,141233,343.809,0,0,0.000,0,0,0.000,8.188
decode,real,1736,560535380832555837,0,0,0,0,0.000,16,141249,343.809,0,0,0.000,0,0,0.000,8.275
decode,real,1737,560535380832555837,0,0,0,0,0.000,16,141265,343.809,0,0,0.000,0,0,0.000,8.172
decode,real,1738,560535380832555837,0,0,0,0,0.000,16,141281,343.809,0,0,0.000,0,0,0.000,8.227
decode,real,1739,560535380832555837,0,0,0,0,0.000,16,141297,343.809,0,0,0.000,0,0,0.000,8.224
decode,real,1740,560535380832555837,0,0,0,0,0.000,16,141313,343.809,0,0,0.000,0,0,0.000,8.245
decode,real,1741,560535380832555837,0,0,0,0,0.000,16,141329,343.809,0,0,0.000,0,0,0.000,8.196
decode,real,1742,560535380832555837,0,0,0,0,0.000,16,141345,343.809,0,0,0.000,0,0,0.000,8.216
decode,real,1743,560535380832555837,0,0,0,0,0.000,16,141361,343.809,0,0,0.000,0,0,0.000,8.212
decode,real,1744,560535380832555837,0,0,0,0,0.000,16,141377,343.809,0,0,0.000,0,0,0.000,8.250
decode,real,1745,560535380832555837,0,0,0,0,0.000,16,141393,343.809,0,0,0.000,0,0,0.000,8.206
decode,real,1746,560535380832555837,0,0,0,0,0.000,16,141409,343.809,0,0,0.000,0,0,0.000,8.212
decode,real,1747,560535380832555837,0,0,0,0,0.000,16,141425,343.809,0,0,0.000,0,0,0.000,8.205
decode,real,1748,560535380832555837,0,0,0,0,0.000,16,141441,343.809,0,0,0.000,0,0,0.000,8.251
decode,real,1749,560535380832555837,0,0,0,0,0.000,16,141457,343.809,0,0,0.000,0,0,0.000,8.224
decode,real,1750,560535380832555837,0,0,0,0,0.000,16,141473,343.809,0,0,0.000,0,0,0.000,8.209
decode,real,1751,560535380832555837,0,0,0,0,0.000,16,141489,343.809,0,0,0.000,0,0,0.000,8.219
decode,real,1752,560535380832555837,0,0,0,0,0.000,16,141505,343.809,0,0,0.000,0,0,0.000,8.245
decode,real,1753,560535380832555837,0,0,0,0,0.000,16,141521,343.809,0,0,0.000,0,0,0.000,8.212
decode,real,1754,560535380832555837,0,0,0,0,0.000,16,141537,343.809,0,0,0.000,0,0,0.000,8.209
decode,real,1755,560535380832555837,0,0,0,0,0.000,16,141553,343.809,0,0,0.000,0,0,0.000,8.270
decode,real,1756,560535380832555837,0,0,0,0,0.000,16,141569,343.809,0,0,0.000,0,0,0.000,8.226
decode,real,1757,560535380832555837,0,0,0,0,0.000,16,141585,343.809,0,0,0.000,0,0,0.000,8.234
decode,real,1758,560535380832555837,0,0,0,0,0.000,16,141601,343.809,0,0,0.000,0,0,0.000,8.233
decode,real,1759,560535380832555837,0,0,0,0,0.000,16,141617,343.809,0,0,0.000,0,0,0.000,8.254
decode,real,1760,560535380832555837,0,0,0,0,0.000,16,141633,343.809,0,0,0.000,0,0,0.000,8.245
decode,real,1761,560535380832555837,0,0,0,0,0.000,16,141649,343.809,0,0,0.000,0,0,0.000,8.205
decode,real,1762,560535380832555837,0,0,0,0,0.000,16,141665,343.809,0,0,0.000,0,0,0.000,8.225
decode,real,1763,560535380832555837,0,0,0,0,0.000,16,141681,343.809,0,0,0.000,0,0,0.000,8.236
decode,real,1764,560535380832555837,0,0,0,0,0.000,16,141697,343.809,0,0,0.000,0,0,0.000,8.240
decode,real,1765,560535380832555837,0,0,0,0,0.000,16,141713,343.809,0,0,0.000,0,0,0.000,8.250
decode,real,1766,560535380832555837,0,0,0,0,0.000,16,141729,343.809,0,0,0.000,0,0,0.000,8.219
decode,real,1767,560535380832555837,0,0,0,0,0.000,16,141745,343.809,0,0,0.000,0,0,0.000,8.234
decode,real,1768,560535380832555837,0,0,0,0,0.000,16,141761,343.809,0,0,0.000,0,0,0.000,8.284
decode,real,1769,560535380832555837,0,0,0,0,0.000,16,141777,343.809,0,0,0.000,0,0,0.000,8.181
decode,real,1770,560535380832555837,0,0,0,0,0.000,16,141793,343.809,0,0,0.000,0,0,0.000,8.203
decode,real,1771,560535380832555837,0,0,0,0,0.000,16,141809,343.809,0,0,0.000,0,0,0.000,8.247
decode,real,1772,560535380832555837,0,0,0,0,0.000,16,141825,343.809,0,0,0.000,0,0,0.000,8.256
decode,real,1773,560535380832555837,0,0,0,0,0.000,16,141841,343.809,0,0,0.000,0,0,0.000,8.258
decode,real,1774,560535380832555837,0,0,0,0,0.000,16,141857,343.809,0,0,0.000,0,0,0.000,8.164
decode,real,1775,560535380832555837,0,0,0,0,0.000,16,141873,343.809,0,0,0.000,0,0,0.000,8.237
decode,real,1776,560535380832555837,0,0,0,0,0.000,16,141889,343.809,0,0,0.000,0,0,0.000,8.268
decode,real,1777,560535380832555837,0,0,0,0,0.000,16,141905,343.809,0,0,0.000,0,0,0.000,8.202
decode,real,1778,560535380832555837,0,0,0,0,0.000,16,141921,343.809,0,0,0.000,0,0,0.000,8.219
decode,real,1779,560535380832555837,0,0,0,0,0.000,16,141937,343.809,0,0,0.000,0,0,0.000,8.222
decode,real,1780,560535380832555837,0,0,0,0,0.000,16,141953,343.809,0,0,0.000,0,0,0.000,8.263
decode,real,1781,560535380832555837,0,0,0,0,0.000,16,141969,343.809,0,0,0.000,0,0,0.000,8.231
decode,real,1782,560535380832555837,0,0,0,0,0.000,16,141985,343.809,0,0,0.000,0,0,0.000,8.210
decode,real,1783,560535380832555837,0,0,0,0,0.000,16,142001,343.809,0,0,0.000,0,0,0.000,8.244
decode,real,1784,560535380832555837,0,0,0,0,0.000,16,142017,343.809,0,0,0.000,0,0,0.000,8.257
decode,real,1785,560535380832555837,0,0,0,0,0.000,16,142033,343.809,0,0,0.000,0,0,0.000,8.207
decode,real,1786,560535380832555837,0,0,0,0,0.000,16,142049,343.809,0,0,0.000,0,0,0.000,8.218
decode,real,1787,560535380832555837,0,0,0,0,0.000,16,142065,343.809,0,0,0.000,0,0,0.000,8.284
decode,real,1788,560535380832555837,0,0,0,0,0.000,16,142081,343.809,0,0,0.000,0,0,0.000,8.266
decode,real,1789,560535380832555837,0,0,0,0,0.000,16,142097,343.809,0,0,0.000,0,0,0.000,8.163
decode,real,1790,560535380832555837,0,0,0,0,0.000,16,142113,343.809,0,0,0.000,0,0,0.000,8.222
decode,real,1791,560535380832555837,0,0,0,0,0.000,16,142129,343.809,0,0,0.000,0,0,0.000,8.233
decode,real,1792,560535380832555837,0,0,0,0,0.000,16,142145,343.809,0,0,0.000,0,0,0.000,8.268
decode,real,1793,560535380832555837,0,0,0,0,0.000,16,142161,343.809,0,0,0.000,0,0,0.000,8.211
decode,real,1794,560535380832555837,0,0,0,0,0.000,16,142177,343.809,0,0,0.000,0,0,0.000,8.239
decode,real,1795,560535380832555837,0,0,0,0,0.000,16,142193,343.809,0,0,0.000,0,0,0.000,8.247
decode,real,1796,560535380832555837,0,0,0,0,0.000,16,142209,343.809,0,0,0.000,0,0,0.000,8.232
decode,real,1797,560535380832555837,0,0,0,0,0.000,16,142225,343.809,0,0,0.000,0,0,0.000,8.245
decode,real,1798,560535380832555837,0,0,0,0,0.000,16,142241,343.809,0,0,0.000,0,0,0.000,8.237
decode,real,1799,560535380832555837,0,0,0,0,0.000,16,142257,343.809,0,0,0.000,0,0,0.000,8.217
decode,real,1800,560535380832555837,0,0,0,0,0.000,16,142273,343.809,0,0,0.000,0,0,0.000,8.286
decode,real,1801,560535380832555837,0,0,0,0,0.000,16,142289,343.809,0,0,0.000,0,0,0.000,8.191
decode,real,1802,560535380832555837,0,0,0,0,0.000,16,142305,343.809,0,0,0.000,0,0,0.000,8.271
decode,real,1803,560535380832555837,0,0,0,0,0.000,16,142321,343.809,0,0,0.000,0,0,0.000,8.234
decode,real,1804,560535380832555837,0,0,0,0,0.000,16,142337,343.809,0,0,0.000,0,0,0.000,8.229
decode,real,1805,560535380832555837,0,0,0,0,0.000,16,142353,343.809,0,0,0.000,0,0,0.000,8.220
decode,real,1806,560535380832555837,0,0,0,0,0.000,16,142369,343.809,0,0,0.000,0,0,0.000,8.262
decode,real,1807,560535380832555837,0,0,0,0,0.000,16,142385,343.809,0,0,0.000,0,0,0.000,8.197
decode,real,1808,560535380832555837,0,0,0,0,0.000,16,142401,343.809,0,0,0.000,0,0,0.000,8.281
decode,real,1809,560535380832555837,0,0,0,0,0.000,16,142417,343.809,0,0,0.000,0,0,0.000,8.201
decode,real,1810,560535380832555837,0,0,0,0,0.000,16,142433,343.809,0,0,0.000,0,0,0.000,8.259
decode,real,1811,560535380832555837,0,0,0,0,0.000,16,142449,343.809,0,0,0.000,0,0,0.000,8.223
decode,real,1812,560535380832555837,0,0,0,0,0.000,16,142465,343.809,0,0,0.000,0,0,0.000,8.300
decode,real,1813,560535380832555837,0,0,0,0,0.000,16,142481,343.809,0,0,0.000,0,0,0.000,8.210
decode,real,1814,560535380832555837,0,0,0,0,0.000,16,142497,343.809,0,0,0.000,0,0,0.000,8.209
decode,real,1815,560535380832555837,0,0,0,0,0.000,16,142513,343.809,0,0,0.000,0,0,0.000,8.302
decode,real,1816,560535380832555837,0,0,0,0,0.000,16,142529,343.809,0,0,0.000,0,0,0.000,8.228
decode,real,1817,560535380832555837,0,0,0,0,0.000,16,142545,343.809,0,0,0.000,0,0,0.000,8.175
decode,real,1818,560535380832555837,0,0,0,0,0.000,16,142561,343.809,0,0,0.000,0,0,0.000,8.243
decode,real,1819,560535380832555837,0,0,0,0,0.000,16,142577,343.809,0,0,0.000,0,0,0.000,8.249
decode,real,1820,560535380832555837,0,0,0,0,0.000,16,142593,343.809,0,0,0.000,0,0,0.000,8.257
decode,real,1821,560535380832555837,0,0,0,0,0.000,16,142609,343.809,0,0,0.000,0,0,0.000,8.217
decode,real,1822,560535380832555837,0,0,0,0,0.000,16,142625,343.809,0,0,0.000,0,0,0.000,8.225
decode,real,1823,560535380832555837,0,0,0,0,0.000,16,142641,343.809,0,0,0.000,0,0,0.000,8.246
decode,real,1824,560535380832555837,0,0,0,0,0.000,16,142657,343.809,0,0,0.000,0,0,0.000,8.239
decode,real,1825,560535380832555837,0,0,0,0,0.000,16,142673,343.809,0,0,0.000,0,0,0.000,8.240
decode,real,1826,560535380832555837,0,0,0,0,0.000,16,142689,343.809,0,0,0.000,0,0,0.000,8.225
decode,real,1827,560535380832555837,0,0,0,0,0.000,16,142705,343.809,0,0,0.000,0,0,0.000,8.247
decode,real,1828,560535380832555837,0,0,0,0,0.000,16,142721,343.809,0,0,0.000,0,0,0.000,8.267
decode,real,1829,560535380832555837,0,0,0,0,0.000,16,142737,343.809,0,0,0.000,0,0,0.000,8.220
decode,real,1830,560535380832555837,0,0,0,0,0.000,16,142753,343.809,0,0,0.000,0,0,0.000,8.210
decode,real,1831,560535380832555837,0,0,0,0,0.000,16,142769,343.809,0,0,0.000,0,0,0.000,8.251
decode,real,1832,560535380832555837,0,0,0,0,0.000,16,142785,343.809,0,0,0.000,0,0,0.000,8.276
decode,real,1833,560535380832555837,0,0,0,0,0.000,16,142801,343.809,0,0,0.000,0,0,0.000,8.217
decode,real,1834,560535380832555837,0,0,0,0,0.000,16,142817,343.809,0,0,0.000,0,0,0.000,8.226
decode,real,1835,560535380832555837,0,0,0,0,0.000,16,142833,343.809,0,0,0.000,0,0,0.000,8.227
decode,real,1836,560535380832555837,0,0,0,0,0.000,16,142849,343.809,0,0,0.000,0,0,0.000,8.247
decode,real,1837,560535380832555837,0,0,0,0,0.000,16,142865,343.809,0,0,0.000,0,0,0.000,8.225
decode,real,1838,560535380832555837,0,0,0,0,0.000,16,142881,343.809,0,0,0.000,0,0,0.000,8.245
decode,real,1839,560535380832555837,0,0,0,0,0.000,16,142897,343.809,0,0,0.000,0,0,0.000,8.220
decode,real,1840,560535380832555837,0,0,0,0,0.000,16,142913,343.809,0,0,0.000,0,0,0.000,8.256
decode,real,1841,560535380832555837,0,0,0,0,0.000,16,142929,343.809,0,0,0.000,0,0,0.000,8.239
decode,real,1842,560535380832555837,0,0,0,0,0.000,16,142945,343.809,0,0,0.000,0,0,0.000,8.211
decode,real,1843,560535380832555837,0,0,0,0,0.000,16,142961,343.809,0,0,0.000,0,0,0.000,8.243
decode,real,1844,560535380832555837,0,0,0,0,0.000,16,142977,343.809,0,0,0.000,0,0,0.000,8.293
decode,real,1845,560535380832555837,0,0,0,0,0.000,16,142993,343.809,0,0,0.000,0,0,0.000,8.207
decode,real,1846,560535380832555837,0,0,0,0,0.000,16,143009,343.809,0,0,0.000,0,0,0.000,8.219
decode,real,1847,560535380832555837,0,0,0,0,0.000,16,143025,343.809,0,0,0.000,0,0,0.000,8.231
decode,real,1848,560535380832555837,0,0,0,0,0.000,16,143041,343.809,0,0,0.000,0,0,0.000,8.452
decode,real,1849,560535380832555837,0,0,0,0,0.000,16,143057,343.809,0,0,0.000,0,0,0.000,8.028
decode,real,1850,560535380832555837,0,0,0,0,0.000,16,143073,343.809,0,0,0.000,0,0,0.000,8.253
decode,real,1851,560535380832555837,0,0,0,0,0.000,16,143089,343.809,0,0,0.000,0,0,0.000,8.229
decode,real,1852,560535380832555837,0,0,0,0,0.000,16,143105,343.809,0,0,0.000,0,0,0.000,8.228
decode,real,1853,560535380832555837,0,0,0,0,0.000,16,143121,343.809,0,0,0.000,0,0,0.000,8.429
decode,real,1854,560535380832555837,0,0,0,0,0.000,16,143137,343.809,0,0,0.000,0,0,0.000,8.044
decode,real,1855,560535380832555837,0,0,0,0,0.000,16,143153,343.809,0,0,0.000,0,0,0.000,8.230
decode,real,1856,560535380832555837,0,0,0,0,0.000,16,143169,343.809,0,0,0.000,0,0,0.000,8.304
decode,real,1857,560535380832555837,0,0,0,0,0.000,16,143185,343.809,0,0,0.000,0,0,0.000,8.184
decode,real,1858,560535380832555837,0,0,0,0,0.000,16,143201,343.809,0,0,0.000,0,0,0.000,8.209
decode,real,1859,560535380832555837,0,0,0,0,0.000,16,143217,343.809,0,0,0.000,0,0,0.000,8.247
decode,real,1860,560535380832555837,0,0,0,0,0.000,16,143233,343.809,0,0,0.000,0,0,0.000,8.274
decode,real,1861,560535380832555837,0,0,0,0,0.000,16,143249,343.809,0,0,0.000,0,0,0.000,8.240
decode,real,1862,560535380832555837,0,0,0,0,0.000,16,143265,343.809,0,0,0.000,0,0,0.000,8.252
decode,real,1863,560535380832555837,0,0,0,0,0.000,16,143281,343.809,0,0,0.000,0,0,0.000,8.246
decode,real,1864,560535380832555837,0,0,0,0,0.000,16,143297,343.809,0,0,0.000,0,0,0.000,8.263
decode,real,1865,560535380832555837,0,0,0,0,0.000,16,143313,343.809,0,0,0.000,0,0,0.000,8.243
decode,real,1866,560535380832555837,0,0,0,0,0.000,16,143329,343.809,0,0,0.000,0,0,0.000,8.199
decode,real,1867,560535380832555837,0,0,0,0,0.000,16,143345,343.809,0,0,0.000,0,0,0.000,8.254
decode,real,1868,560535380832555837,0,0,0,0,0.000,16,143361,343.809,0,0,0.000,0,0,0.000,8.256
decode,real,1869,560535380832555837,0,0,0,0,0.000,16,143377,343.809,0,0,0.000,0,0,0.000,8.244
decode,real,1870,560535380832555837,0,0,0,0,0.000,16,143393,343.809,0,0,0.000,0,0,0.000,8.236
decode,real,1871,560535380832555837,0,0,0,0,0.000,16,143409,343.809,0,0,0.000,0,0,0.000,8.247
decode,real,1872,560535380832555837,0,0,0,0,0.000,16,143425,343.809,0,0,0.000,0,0,0.000,8.291
decode,real,1873,560535380832555837,0,0,0,0,0.000,16,143441,343.809,0,0,0.000,0,0,0.000,8.226
decode,real,1874,560535380832555837,0,0,0,0,0.000,16,143457,343.809,0,0,0.000,0,0,0.000,8.268
decode,real,1875,560535380832555837,0,0,0,0,0.000,16,143473,343.809,0,0,0.000,0,0,0.000,8.254
decode,real,1876,560535380832555837,0,0,0,0,0.000,16,143489,343.809,0,0,0.000,0,0,0.000,8.260
decode,real,1877,560535380832555837,0,0,0,0,0.000,16,143505,343.809,0,0,0.000,0,0,0.000,8.272
decode,real,1878,560535380832555837,0,0,0,0,0.000,16,143521,343.809,0,0,0.000,0,0,0.000,8.333
decode,real,1879,560535380832555837,0,0,0,0,0.000,16,143537,343.809,0,0,0.000,0,0,0.000,8.186
decode,real,1880,560535380832555837,0,0,0,0,0.000,16,143553,343.809,0,0,0.000,0,0,0.000,8.290
decode,real,1881,560535380832555837,0,0,0,0,0.000,16,143569,343.809,0,0,0.000,0,0,0.000,8.243
decode,real,1882,560535380832555837,0,0,0,0,0.000,16,143585,343.809,0,0,0.000,0,0,0.000,8.258
decode,real,1883,560535380832555837,0,0,0,0,0.000,16,143601,343.809,0,0,0.000,0,0,0.000,8.266
decode,real,1884,560535380832555837,0,0,0,0,0.000,16,143617,343.809,0,0,0.000,0,0,0.000,8.276
decode,real,1885,560535380832555837,0,0,0,0,0.000,16,143633,343.809,0,0,0.000,0,0,0.000,8.244
decode,real,1886,560535380832555837,0,0,0,0,0.000,16,143649,343.809,0,0,0.000,0,0,0.000,8.272
decode,real,1887,560535380832555837,0,0,0,0,0.000,16,143665,343.809,0,0,0.000,0,0,0.000,8.272
decode,real,1888,560535380832555837,0,0,0,0,0.000,16,143681,343.809,0,0,0.000,0,0,0.000,8.288
decode,real,1889,560535380832555837,0,0,0,0,0.000,16,143697,343.809,0,0,0.000,0,0,0.000,8.232
decode,real,1890,560535380832555837,0,0,0,0,0.000,16,143713,343.809,0,0,0.000,0,0,0.000,8.260
decode,real,1891,560535380832555837,0,0,0,0,0.000,16,143729,343.809,0,0,0.000,0,0,0.000,8.284
decode,real,1892,560535380832555837,0,0,0,0,0.000,16,143745,343.809,0,0,0.000,0,0,0.000,8.280
decode,real,1893,560535380832555837,0,0,0,0,0.000,16,143761,343.809,0,0,0.000,0,0,0.000,8.249
decode,real,1894,560535380832555837,0,0,0,0,0.000,16,143777,343.809,0,0,0.000,0,0,0.000,8.213
decode,real,1895,560535380832555837,0,0,0,0,0.000,16,143793,343.809,0,0,0.000,0,0,0.000,8.293
decode,real,1896,560535380832555837,0,0,0,0,0.000,16,143809,343.809,0,0,0.000,0,0,0.000,8.220
decode,real,1897,560535380832555837,0,0,0,0,0.000,16,143825,343.809,0,0,0.000,0,0,0.000,8.226
decode,real,1898,560535380832555837,0,0,0,0,0.000,16,143841,343.809,0,0,0.000,0,0,0.000,8.219
decode,real,1899,560535380832555837,0,0,0,0,0.000,16,143857,343.809,0,0,0.000,0,0,0.000,8.220
decode,real,1900,560535380832555837,0,0,0,0,0.000,16,143873,343.809,0,0,0.000,0,0,0.000,8.231
decode,real,1901,560535380832555837,0,0,0,0,0.000,16,143889,343.809,0,0,0.000,0,0,0.000,8.209
decode,real,1902,560535380832555837,0,0,0,0,0.000,16,143905,343.809,0,0,0.000,0,0,0.000,8.265
decode,real,1903,560535380832555837,0,0,0,0,0.000,16,143921,343.809,0,0,0.000,0,0,0.000,8.197
decode,real,1904,560535380832555837,0,0,0,0,0.000,16,143937,343.809,0,0,0.000,0,0,0.000,8.283
decode,real,1905,560535380832555837,0,0,0,0,0.000,16,143953,343.809,0,0,0.000,0,0,0.000,8.153
decode,real,1906,560535380832555837,0,0,0,0,0.000,16,143969,343.809,0,0,0.000,0,0,0.000,8.225
decode,real,1907,560535380832555837,0,0,0,0,0.000,16,143985,343.809,0,0,0.000,0,0,0.000,8.202
decode,real,1908,560535380832555837,0,0,0,0,0.000,16,144001,343.809,0,0,0.000,0,0,0.000,8.229
decode,real,1909,560535380832555837,0,0,0,0,0.000,16,144017,343.809,0,0,0.000,0,0,0.000,8.212
decode,real,1910,560535380832555837,0,0,0,0,0.000,16,144033,343.809,0,0,0.000,0,0,0.000,8.210
decode,real,1911,560535380832555837,0,0,0,0,0.000,16,144049,343.809,0,0,0.000,0,0,0.000,8.216
decode,real,1912,560535380832555837,0,0,0,0,0.000,16,144065,343.809,0,0,0.000,0,0,0.000,8.250
decode,real,1913,560535380832555837,0,0,0,0,0.000,16,144081,343.809,0,0,0.000,0,0,0.000,8.201
decode,real,1914,560535380832555837,0,0,0,0,0.000,16,144097,343.809,0,0,0.000,0,0,0.000,8.227
decode,real,1915,560535380832555837,0,0,0,0,0.000,16,144113,343.809,0,0,0.000,0,0,0.000,8.210
decode,real,1916,560535380832555837,0,0,0,0,0.000,16,144129,343.809,0,0,0.000,0,0,0.000,8.264
decode,real,1917,560535380832555837,0,0,0,0,0.000,16,144145,343.809,0,0,0.000,0,0,0.000,8.199
decode,real,1918,560535380832555837,0,0,0,0,0.000,16,144161,343.809,0,0,0.000,0,0,0.000,8.220
decode,real,1919,560535380832555837,0,0,0,0,0.000,16,144177,343.809,0,0,0.000,0,0,0.000,8.219
decode,real,1920,560535380832555837,0,0,0,0,0.000,16,144193,343.809,0,0,0.000,0,0,0.000,8.247
decode,real,1921,560535380832555837,0,0,0,0,0.000,16,144209,343.809,0,0,0.000,0,0,0.000,8.208
decode,real,1922,560535380832555837,0,0,0,0,0.000,16,144225,343.809,0,0,0.000,0,0,0.000,8.213
decode,real,1923,560535380832555837,0,0,0,0,0.000,16,144241,343.809,0,0,0.000,0,0,0.000,8.242
decode,real,1924,560535380832555837,0,0,0,0,0.000,16,144257,343.809,0,0,0.000,0,0,0.000,8.229
decode,real,1925,560535380832555837,0,0,0,0,0.000,16,144273,343.809,0,0,0.000,0,0,0.000,8.213
decode,real,1926,560535380832555837,0,0,0,0,0.000,16,144289,343.809,0,0,0.000,0,0,0.000,8.219
decode,real,1927,560535380832555837,0,0,0,0,0.000,16,144305,343.809,0,0,0.000,0,0,0.000,8.232
decode,real,1928,560535380832555837,0,0,0,0,0.000,16,144321,343.809,0,0,0.000,0,0,0.000,8.230
decode,real,1929,560535380832555837,0,0,0,0,0.000,16,144337,343.809,0,0,0.000,0,0,0.000,8.211
decode,real,1930,560535380832555837,0,0,0,0,0.000,16,144353,343.809,0,0,0.000,0,0,0.000,8.221
decode,real,1931,560535380832555837,0,0,0,0,0.000,16,144369,343.809,0,0,0.000,0,0,0.000,8.260
decode,real,1932,560535380832555837,0,0,0,0,0.000,16,144385,343.809,0,0,0.000,0,0,0.000,8.244
decode,real,1933,560535380832555837,0,0,0,0,0.000,16,144401,343.809,0,0,0.000,0,0,0.000,8.199
decode,real,1934,560535380832555837,0,0,0,0,0.000,16,144417,343.809,0,0,0.000,0,0,0.000,8.220
decode,real,1935,560535380832555837,0,0,0,0,0.000,16,144433,343.809,0,0,0.000,0,0,0.000,8.233
decode,real,1936,560535380832555837,0,0,0,0,0.000,16,144449,343.809,0,0,0.000,0,0,0.000,8.268
decode,real,1937,560535380832555837,0,0,0,0,0.000,16,144465,343.809,0,0,0.000,0,0,0.000,8.164
decode,real,1938,560535380832555837,0,0,0,0,0.000,16,144481,343.809,0,0,0.000,0,0,0.000,8.227
decode,real,1939,560535380832555837,0,0,0,0,0.000,16,144497,343.809,0,0,0.000,0,0,0.000,8.230
decode,real,1940,560535380832555837,0,0,0,0,0.000,16,144513,343.809,0,0,0.000,0,0,0.000,8.264
decode,real,1941,560535380832555837,0,0,0,0,0.000,16,144529,343.809,0,0,0.000,0,0,0.000,8.213
decode,real,1942,560535380832555837,0,0,0,0,0.000,16,144545,343.809,0,0,0.000,0,0,0.000,8.209
decode,real,1943,560535380832555837,0,0,0,0,0.000,16,144561,343.809,0,0,0.000,0,0,0.000,8.234
decode,real,1944,560535380832555837,0,0,0,0,0.000,16,144577,343.809,0,0,0.000,0,0,0.000,8.231
decode,real,1945,560535380832555837,0,0,0,0,0.000,16,144593,343.809,0,0,0.000,0,0,0.000,8.231
decode,real,1946,560535380832555837,0,0,0,0,0.000,16,144609,343.809,0,0,0.000,0,0,0.000,8.211
decode,real,1947,560535380832555837,0,0,0,0,0.000,16,144625,343.809,0,0,0.000,0,0,0.000,8.254
decode,real,1948,560535380832555837,0,0,0,0,0.000,16,144641,343.809,0,0,0.000,0,0,0.000,8.235
decode,real,1949,560535380832555837,0,0,0,0,0.000,16,144657,343.809,0,0,0.000,0,0,0.000,8.205
decode,real,1950,560535380832555837,0,0,0,0,0.000,16,144673,343.809,0,0,0.000,0,0,0.000,8.222
decode,real,1951,560535380832555837,0,0,0,0,0.000,16,144689,343.809,0,0,0.000,0,0,0.000,8.237
decode,real,1952,560535380832555837,0,0,0,0,0.000,16,144705,343.809,0,0,0.000,0,0,0.000,8.241
decode,real,1953,560535380832555837,0,0,0,0,0.000,16,144721,343.809,0,0,0.000,0,0,0.000,8.181
decode,real,1954,560535380832555837,0,0,0,0,0.000,16,144737,343.809,0,0,0.000,0,0,0.000,8.260
decode,real,1955,560535380832555837,0,0,0,0,0.000,16,144753,343.809,0,0,0.000,0,0,0.000,8.214
decode,real,1956,560535380832555837,0,0,0,0,0.000,16,144769,343.809,0,0,0.000,0,0,0.000,8.294
decode,real,1957,560535380832555837,0,0,0,0,0.000,16,144785,343.809,0,0,0.000,0,0,0.000,8.176
decode,real,1958,560535380832555837,0,0,0,0,0.000,16,144801,343.809,0,0,0.000,0,0,0.000,8.217
decode,real,1959,560535380832555837,0,0,0,0,0.000,16,144817,343.809,0,0,0.000,0,0,0.000,8.227
decode,real,1960,560535380832555837,0,0,0,0,0.000,16,144833,343.809,0,0,0.000,0,0,0.000,8.256
decode,real,1961,560535380832555837,0,0,0,0,0.000,16,144849,343.809,0,0,0.000,0,0,0.000,8.206
decode,real,1962,560535380832555837,0,0,0,0,0.000,16,144865,343.809,0,0,0.000,0,0,0.000,8.228
decode,real,1963,560535380832555837,0,0,0,0,0.000,16,144881,343.809,0,0,0.000,0,0,0.000,8.248
decode,real,1964,560535380832555837,0,0,0,0,0.000,16,144897,343.809,0,0,0.000,0,0,0.000,8.245
decode,real,1965,560535380832555837,0,0,0,0,0.000,16,144913,343.809,0,0,0.000,0,0,0.000,8.211
decode,real,1966,560535380832555837,0,0,0,0,0.000,16,144929,343.809,0,0,0.000,0,0,0.000,8.221
decode,real,1967,560535380832555837,0,0,0,0,0.000,16,144945,343.809,0,0,0.000,0,0,0.000,8.261
decode,real,1968,560535380832555837,0,0,0,0,0.000,16,144961,343.809,0,0,0.000,0,0,0.000,8.238
decode,real,1969,560535380832555837,0,0,0,0,0.000,16,144977,343.809,0,0,0.000,0,0,0.000,8.221
decode,real,1970,560535380832555837,0,0,0,0,0.000,16,144993,343.809,0,0,0.000,0,0,0.000,8.215
decode,real,1971,560535380832555837,0,0,0,0,0.000,16,145009,343.809,0,0,0.000,0,0,0.000,8.251
decode,real,1972,560535380832555837,0,0,0,0,0.000,16,145025,343.809,0,0,0.000,0,0,0.000,8.239
decode,real,1973,560535380832555837,0,0,0,0,0.000,16,145041,343.809,0,0,0.000,0,0,0.000,8.199
decode,real,1974,560535380832555837,0,0,0,0,0.000,16,145057,343.809,0,0,0.000,0,0,0.000,8.241
decode,real,1975,560535380832555837,0,0,0,0,0.000,16,145073,343.809,0,0,0.000,0,0,0.000,8.231
decode,real,1976,560535380832555837,0,0,0,0,0.000,16,145089,343.809,0,0,0.000,0,0,0.000,8.268
decode,real,1977,560535380832555837,0,0,0,0,0.000,16,145105,343.809,0,0,0.000,0,0,0.000,8.228
decode,real,1978,560535380832555837,0,0,0,0,0.000,16,145121,343.809,0,0,0.000,0,0,0.000,8.220
decode,real,1979,560535380832555837,0,0,0,0,0.000,16,145137,343.809,0,0,0.000,0,0,0.000,8.264
decode,real,1980,560535380832555837,0,0,0,0,0.000,16,145153,343.809,0,0,0.000,0,0,0.000,8.235
decode,real,1981,560535380832555837,0,0,0,0,0.000,16,145169,343.809,0,0,0.000,0,0,0.000,8.205
decode,real,1982,560535380832555837,0,0,0,0,0.000,16,145185,343.809,0,0,0.000,0,0,0.000,8.216
decode,real,1983,560535380832555837,0,0,0,0,0.000,16,145201,343.809,0,0,0.000,0,0,0.000,8.251
decode,real,1984,560535380832555837,0,0,0,0,0.000,16,145217,343.809,0,0,0.000,0,0,0.000,8.258
decode,real,1985,560535380832555837,0,0,0,0,0.000,16,145233,343.809,0,0,0.000,0,0,0.000,8.228
decode,real,1986,560535380832555837,0,0,0,0,0.000,16,145249,343.809,0,0,0.000,0,0,0.000,8.226
decode,real,1987,560535380832555837,0,0,0,0,0.000,16,145265,343.809,0,0,0.000,0,0,0.000,8.239
decode,real,1988,560535380832555837,0,0,0,0,0.000,16,145281,343.809,0,0,0.000,0,0,0.000,8.260
decode,real,1989,560535380832555837,0,0,0,0,0.000,16,145297,343.809,0,0,0.000,0,0,0.000,8.215
decode,real,1990,560535380832555837,0,0,0,0,0.000,16,145313,343.809,0,0,0.000,0,0,0.000,8.234
decode,real,1991,560535380832555837,0,0,0,0,0.000,16,145329,343.809,0,0,0.000,0,0,0.000,8.238
decode,real,1992,560535380832555837,0,0,0,0,0.000,16,145345,343.809,0,0,0.000,0,0,0.000,8.269
decode,real,1993,560535380832555837,0,0,0,0,0.000,16,145361,343.809,0,0,0.000,0,0,0.000,8.186
decode,real,1994,560535380832555837,0,0,0,0,0.000,16,145377,343.809,0,0,0.000,0,0,0.000,8.258
decode,real,1995,560535380832555837,0,0,0,0,0.000,16,145393,343.809,0,0,0.000,0,0,0.000,8.233
decode,real,1996,560535380832555837,0,0,0,0,0.000,16,145409,343.809,0,0,0.000,0,0,0.000,8.296
decode,real,1997,560535380832555837,0,0,0,0,0.000,16,145425,343.809,0,0,0.000,0,0,0.000,8.184
decode,real,1998,560535380832555837,0,0,0,0,0.000,16,145441,343.809,0,0,0.000,0,0,0.000,8.271
decode,real,1999,560535380832555837,0,0,0,0,0.000,16,145457,343.809,0,0,0.000,0,0,0.000,8.197
decode,real,2000,560535380832555837,0,0,0,0,0.000,16,145473,343.809,0,0,0.000,0,0,0.000,8.240
decode,real,2001,560535380832555837,0,0,0,0,0.000,16,145489,343.809,0,0,0.000,0,0,0.000,8.246
decode,real,2002,560535380832555837,0,0,0,0,0.000,16,145505,343.809,0,0,0.000,0,0,0.000,8.224
decode,real,2003,560535380832555837,0,0,0,0,0.000,16,145521,343.809,0,0,0.000,0,0,0.000,8.238
decode,real,2004,560535380832555837,0,0,0,0,0.000,16,145537,343.809,0,0,0.000,0,0,0.000,8.281
decode,real,2005,560535380832555837,0,0,0,0,0.000,16,145553,343.809,0,0,0.000,0,0,0.000,8.222
decode,real,2006,560535380832555837,0,0,0,0,0.000,16,145569,343.809,0,0,0.000,0,0,0.000,8.218
decode,real,2007,560535380832555837,0,0,0,0,0.000,16,145585,343.809,0,0,0.000,0,0,0.000,8.241
decode,real,2008,560535380832555837,0,0,0,0,0.000,16,145601,343.809,0,0,0.000,0,0,0.000,8.268
decode,real,2009,560535380832555837,0,0,0,0,0.000,16,145617,343.809,0,0,0.000,0,0,0.000,8.223
decode,real,2010,560535380832555837,0,0,0,0,0.000,16,145633,343.809,0,0,0.000,0,0,0.000,8.207
decode,real,2011,560535380832555837,0,0,0,0,0.000,16,145649,343.809,0,0,0.000,0,0,0.000,8.261
decode,real,2012,560535380832555837,0,0,0,0,0.000,16,145665,343.809,0,0,0.000,0,0,0.000,8.245
decode,real,2013,560535380832555837,0,0,0,0,0.000,16,145681,343.809,0,0,0.000,0,0,0.000,8.221
decode,real,2014,560535380832555837,0,0,0,0,0.000,16,145697,343.809,0,0,0.000,0,0,0.000,8.231
decode,real,2015,560535380832555837,0,0,0,0,0.000,16,145713,343.809,0,0,0.000,0,0,0.000,8.250
decode,real,2016,560535380832555837,0,0,0,0,0.000,16,145729,343.809,0,0,0.000,0,0,0.000,8.265
decode,real,2017,560535380832555837,0,0,0,0,0.000,16,145745,343.809,0,0,0.000,0,0,0.000,8.239
decode,real,2018,560535380832555837,0,0,0,0,0.000,16,145761,343.809,0,0,0.000,0,0,0.000,8.211
decode,real,2019,560535380832555837,0,0,0,0,0.000,16,145777,343.809,0,0,0.000,0,0,0.000,8.234
decode,real,2020,560535380832555837,0,0,0,0,0.000,16,145793,343.809,0,0,0.000,0,0,0.000,8.266
decode,real,2021,560535380832555837,0,0,0,0,0.000,16,145809,343.809,0,0,0.000,0,0,0.000,8.184
decode,real,2022,560535380832555837,0,0,0,0,0.000,16,145825,343.809,0,0,0.000,0,0,0.000,8.305
decode,real,2023,560535380832555837,0,0,0,0,0.000,16,145841,343.809,0,0,0.000,0,0,0.000,8.190
decode,real,2024,560535380832555837,0,0,0,0,0.000,16,145857,343.809,0,0,0.000,0,0,0.000,8.266
decode,real,2025,560535380832555837,0,0,0,0,0.000,16,145873,343.809,0,0,0.000,0,0,0.000,8.213
decode,real,2026,560535380832555837,0,0,0,0,0.000,16,145889,343.809,0,0,0.000,0,0,0.000,8.241
decode,real,2027,560535380832555837,0,0,0,0,0.000,16,145905,343.809,0,0,0.000,0,0,0.000,8.235
decode,real,2028,560535380832555837,0,0,0,0,0.000,16,145921,343.809,0,0,0.000,0,0,0.000,8.277
decode,real,2029,560535380832555837,0,0,0,0,0.000,16,145937,343.809,0,0,0.000,0,0,0.000,8.185
decode,real,2030,560535380832555837,0,0,0,0,0.000,16,145953,343.809,0,0,0.000,0,0,0.000,8.255
decode,real,2031,560535380832555837,0,0,0,0,0.000,16,145969,343.809,0,0,0.000,0,0,0.000,8.239
decode,real,2032,560535380832555837,0,0,0,0,0.000,16,145985,343.809,0,0,0.000,0,0,0.000,8.256
decode,real,2033,560535380832555837,0,0,0,0,0.000,16,146001,343.809,0,0,0.000,0,0,0.000,8.214
decode,real,2034,560535380832555837,0,0,0,0,0.000,16,146017,343.809,0,0,0.000,0,0,0.000,8.212
decode,real,2035,560535380832555837,0,0,0,0,0.000,16,146033,343.809,0,0,0.000,0,0,0.000,8.261
decode,real,2036,560535380832555837,0,0,0,0,0.000,16,146049,343.809,0,0,0.000,0,0,0.000,8.253
decode,real,2037,560535380832555837,0,0,0,0,0.000,16,146065,343.809,0,0,0.000,0,0,0.000,8.222
decode,real,2038,560535380832555837,0,0,0,0,0.000,16,146081,343.809,0,0,0.000,0,0,0.000,8.237
decode,real,2039,560535380832555837,0,0,0,0,0.000,16,146097,343.809,0,0,0.000,0,0,0.000,8.242
decode,real,2040,560535380832555837,0,0,0,0,0.000,16,146113,343.809,0,0,0.000,0,0,0.000,8.278
decode,real,2041,560535380832555837,0,0,0,0,0.000,16,146129,343.809,0,0,0.000,0,0,0.000,8.217
decode,real,2042,560535380832555837,0,0,0,0,0.000,16,146145,343.809,0,0,0.000,0,0,0.000,8.231
decode,real,2043,560535380832555837,0,0,0,0,0.000,16,146161,343.809,0,0,0.000,0,0,0.000,8.267
decode,real,2044,560535380832555837,0,0,0,0,0.000,16,146177,343.809,0,0,0.000,0,0,0.000,8.237
decode,real,2045,560535380832555837,0,0,0,0,0.000,16,146193,343.809,0,0,0.000,0,0,0.000,8.229
decode,real,2046,560535380832555837,0,0,0,0,0.000,16,146209,343.809,0,0,0.000,0,0,0.000,8.257
decode,real,2047,560535380832555837,0,0,0,0,0.000,16,146225,343.809,0,0,0.000,0,0,0.000,8.233
decode,real,2048,560535380832555837,0,0,0,0,0.000,16,146241,343.809,0,0,0.000,0,0,0.000,8.260
decode,real,2049,560535380832555837,0,0,0,0,0.000,16,146257,343.809,0,0,0.000,0,0,0.000,8.224
decode,real,2050,560535380832555837,0,0,0,0,0.000,16,146273,343.809,0,0,0.000,0,0,0.000,8.747
decode,real,2051,560535380832555837,0,0,0,0,0.000,16,146289,343.809,0,0,0.000,0,0,0.000,7.758
decode,real,2052,560535380832555837,0,0,0,0,0.000,16,146305,343.809,0,0,0.000,0,0,0.000,8.270
decode,real,2053,560535380832555837,0,0,0,0,0.000,16,146321,343.809,0,0,0.000,0,0,0.000,8.204
decode,real,2054,560535380832555837,0,0,0,0,0.000,16,146337,343.809,0,0,0.000,0,0,0.000,8.225
decode,real,2055,560535380832555837,0,0,0,0,0.000,16,146353,343.809,0,0,0.000,0,0,0.000,8.241
decode,real,2056,560535380832555837,0,0,0,0,0.000,16,146369,343.809,0,0,0.000,0,0,0.000,8.278
decode,real,2057,560535380832555837,0,0,0,0,0.000,16,146385,343.809,0,0,0.000,0,0,0.000,8.245
decode,real,2058,560535380832555837,0,0,0,0,0.000,16,146401,343.809,0,0,0.000,0,0,0.000,8.206
decode,real,2059,560535380832555837,0,0,0,0,0.000,16,146417,343.809,0,0,0.000,0,0,0.000,8.243
decode,real,2060,560535380832555837,0,0,0,0,0.000,16,146433,343.809,0,0,0.000,0,0,0.000,8.260
decode,real,2061,560535380832555837,0,0,0,0,0.000,16,146449,343.809,0,0,0.000,0,0,0.000,8.267
decode,real,2062,560535380832555837,0,0,0,0,0.000,16,146465,343.809,0,0,0.000,0,0,0.000,8.201
decode,real,2063,560535380832555837,0,0,0,0,0.000,16,146481,343.809,0,0,0.000,0,0,0.000,8.238
decode,real,2064,560535380832555837,0,0,0,0,0.000,16,146497,343.809,0,0,0.000,0,0,0.000,8.284
decode,real,2065,560535380832555837,0,0,0,0,0.000,16,146513,343.809,0,0,0.000,0,0,0.000,8.230
decode,real,2066,560535380832555837,0,0,0,0,0.000,16,146529,343.809,0,0,0.000,0,0,0.000,8.256
decode,real,2067,560535380832555837,0,0,0,0,0.000,16,146545,343.809,0,0,0.000,0,0,0.000,8.226
decode,real,2068,560535380832555837,0,0,0,0,0.000,16,146561,343.809,0,0,0.000,0,0,0.000,8.272
decode,real,2069,560535380832555837,0,0,0,0,0.000,16,146577,343.809,0,0,0.000,0,0,0.000,8.223
decode,real,2070,560535380832555837,0,0,0,0,0.000,16,146593,343.809,0,0,0.000,0,0,0.000,8.229
decode,real,2071,560535380832555837,0,0,0,0,0.000,16,146609,343.809,0,0,0.000,0,0,0.000,8.253
decode,real,2072,560535380832555837,0,0,0,0,0.000,16,146625,343.809,0,0,0.000,0,0,0.000,8.245
decode,real,2073,560535380832555837,0,0,0,0,0.000,16,146641,343.809,0,0,0.000,0,0,0.000,8.250
decode,real,2074,560535380832555837,0,0,0,0,0.000,16,146657,343.809,0,0,0.000,0,0,0.000,8.231
decode,real,2075,560535380832555837,0,0,0,0,0.000,16,146673,343.809,0,0,0.000,0,0,0.000,8.291
decode,real,2076,560535380832555837,0,0,0,0,0.000,16,146689,343.809,0,0,0.000,0,0,0.000,8.214
decode,real,2077,560535380832555837,0,0,0,0,0.000,16,146705,343.809,0,0,0.000,0,0,0.000,8.269
decode,real,2078,560535380832555837,0,0,0,0,0.000,16,146721,343.809,0,0,0.000,0,0,0.000,8.229
decode,real,2079,560535380832555837,0,0,0,0,0.000,16,146737,343.809,0,0,0.000,0,0,0.000,8.234
decode,real,2080,560535380832555837,0,0,0,0,0.000,16,146753,343.809,0,0,0.000,0,0,0.000,8.287
decode,real,2081,560535380832555837,0,0,0,0,0.000,16,146769,343.809,0,0,0.000,0,0,0.000,8.195
decode,real,2082,560535380832555837,0,0,0,0,0.000,16,146785,343.809,0,0,0.000,0,0,0.000,8.246
decode,real,2083,560535380832555837,0,0,0,0,0.000,16,146801,343.809,0,0,0.000,0,0,0.000,8.236
decode,real,2084,560535380832555837,0,0,0,0,0.000,16,146817,343.809,0,0,0.000,0,0,0.000,8.269
decode,real,2085,560535380832555837,0,0,0,0,0.000,16,146833,343.809,0,0,0.000,0,0,0.000,8.227
decode,real,2086,560535380832555837,0,0,0,0,0.000,16,146849,343.809,0,0,0.000,0,0,0.000,8.230
decode,real,2087,560535380832555837,0,0,0,0,0.000,16,146865,343.809,0,0,0.000,0,0,0.000,8.273
decode,real,2088,560535380832555837,0,0,0,0,0.000,16,146881,343.809,0,0,0.000,0,0,0.000,8.263
decode,real,2089,560535380832555837,0,0,0,0,0.000,16,146897,343.809,0,0,0.000,0,0,0.000,8.199
decode,real,2090,560535380832555837,0,0,0,0,0.000,16,146913,343.809,0,0,0.000,0,0,0.000,8.280
decode,real,2091,560535380832555837,0,0,0,0,0.000,16,146929,343.809,0,0,0.000,0,0,0.000,8.720
decode,real,2092,560535380832555837,0,0,0,0,0.000,15,137730,298.667,0,0,0.000,0,0,0.000,7.718
decode,real,2093,560535380832555837,0,0,0,0,0.000,15,137745,298.667,0,0,0.000,0,0,0.000,8.165
decode,real,2094,560535380832555837,0,0,0,0,0.000,15,137760,298.667,0,0,0.000,0,0,0.000,8.274
mixed,real,2095,560535380832555837,0,2033,1,0,0.000,15,137775,298.667,0,0,0.000,0,0,0.000,50.780
mixed,real,2096,560535380832555837,0,2033,1,2033,0.000,15,137790,298.667,0,0,0.000,0,0,0.000,53.386
mixed,real,2097,560535380832555837,0,2034,1,4066,0.000,14,128590,260.000,0,0,0.000,0,0,0.000,56.015
mixed,real,2098,560535380832555837,0,2034,1,6100,0.000,14,128604,260.000,0,0,0.000,0,0,0.000,56.343
mixed,real,2099,560535380832555837,0,2034,2,8134,0.000,14,128618,260.000,0,0,0.000,0,0,0.000,52.172
mixed,real,2100,560535380832555837,0,2033,1,1976,0.000,15,136824,61968.107,0,0,0.000,0,0,0.000,53.126
mixed,real,2101,560535380832555837,0,2034,1,4009,0.000,14,127624,65741.000,0,0,0.000,0,0,0.000,56.282
mixed,real,2102,560535380832555837,0,2034,1,6043,0.000,14,127638,65741.000,0,0,0.000,0,0,0.000,56.526
mixed,real,2103,560535380832555837,0,2034,2,8077,0.000,14,127652,65741.000,0,0,0.000,0,0,0.000,51.392
mixed,real,2104,560535380832555837,0,2033,1,1919,0.000,15,135858,114827.627,0,0,0.000,0,0,0.000,52.773
mixed,real,2105,560535380832555837,0,2034,1,3952,0.000,14,126658,121148.000,0,0,0.000,0,0,0.000,55.636
mixed,real,2106,560535380832555837,0,2034,1,5986,0.000,14,126672,121148.000,0,0,0.000,0,0,0.000,56.371
mixed,real,2107,560535380832555837,0,2034,2,8020,0.000,14,126686,121148.000,0,0,0.000,0,0,0.000,52.285
mixed,real,2108,560535380832555837,0,2033,1,1862,0.000,15,134892,158877.227,0,0,0.000,0,0,0.000,53.673
mixed,real,2109,560535380832555837,0,2034,1,3895,0.000,14,125692,166481.000,0,0,0.000,0,0,0.000,55.139
mixed,real,2110,560535380832555837,0,2034,1,5929,0.000,14,125706,166481.000,0,0,0.000,0,0,0.000,56.509
mixed,real,2111,560535380832555837,0,2034,2,7963,0.000,14,125720,166481.000,0,0,0.000,0,0,0.000,51.840
mixed,real,2112,560535380832555837,0,2033,1,1805,0.000,15,133926,194116.907,0,0,0.000,0,0,0.000,53.434
mixed,real,2113,560535380832555837,0,2034,1,3838,0.000,14,124726,201740.000,0,0,0.000,0,0,0.000,54.501
mixed,real,2114,560535380832555837,0,2034,1,5872,0.000,14,124740,201740.000,0,0,0.000,0,0,0.000,56.287
mixed,real,2115,560535380832555837,0,2034,2,7906,0.000,14,124754,201740.000,0,0,0.000,0,0,0.000,51.412
mixed,real,2116,560535380832555837,0,2033,1,1748,0.000,15,132960,220546.667,0,0,0.000,0,0,0.000,53.502
mixed,real,2117,560535380832555837,0,2034,1,3781,0.000,14,123760,226925.000,0,0,0.000,0,0,0.000,56.608
mixed,real,2118,560535380832555837,0,2034,1,5815,0.000,14,123774,226925.000,0,0,0.000,0,0,0.000,56.442
mixed,real,2119,560535380832555837,0,2034,2,7849,0.000,14,123788,226925.000,0,0,0.000,0,0,0.000,52.404
mixed,real,2120,560535380832555837,0,2033,1,1691,0.000,15,131994,238166.507,0,0,0.000,0,0,0.000,53.347
mixed,real,2121,560535380832555837,0,2034,1,3724,0.000,14,122794,242036.000,0,0,0.000,0,0,0.000,55.187
mixed,real,2122,560535380832555837,0,2034,1,5758,0.000,14,122808,242036.000,0,0,0.000,0,0,0.000,56.461
mixed,real,2123,560535380832555837,0,2034,2,7792,0.000,14,122822,242036.000,0,0,0.000,0,0,0.000,47.904
mixed,real,2124,560535380832555837,0,2033,1,1634,0.000,15,131028,246976.427,0,0,0.000,0,0,0.000,51.603
mixed,real,2125,560535380832555837,0,2034,1,3667,0.000,14,121828,247073.000,0,0,0.000,0,0,0.000,55.597
mixed,real,2126,560535380832555837,0,2034,1,5701,0.000,14,121842,247073.000,0,0,0.000,0,0,0.000,56.366
mixed,real,2127,560535380832555837,0,2034,2,7735,0.000,14,121856,247073.000,0,0,0.000,0,0,0.000,47.918
mixed,real,2128,560535380832555837,0,2033,1,1577,0.000,15,130062,246976.427,0,0,0.000,0,0,0.000,52.360
mixed,real,2129,560535380832555837,0,2034,1,3610,0.000,14,120862,242036.000,0,0,0.000,0,0,0.000,55.460
mixed,real,2130,560535380832555837,0,2034,1,5644,0.000,14,120876,242036.000,0,0,0.000,0,0,0.000,56.255
mixed,real,2131,560535380832555837,0,2034,2,7678,0.000,14,120890,242036.000,0,0,0.000,0,0,0.000,48.341
mixed,real,2132,560535380832555837,0,2033,1,1520,0.000,15,129096,238166.507,0,0,0.000,0,0,0.000,51.812
mixed,real,2133,560535380832555837,0,2034,1,3553,0.000,14,119896,226925.000,0,0,0.000,0,0,0.000,55.233
mixed,real,2134,560535380832555837,0,2034,1,5587,0.000,14,119910,226925.000,0,0,0.000,0,0,0.000,56.266
mixed,real,2135,560535380832555837,0,2034,2,7621,0.000,14,119924,226925.000,0,0,0.000,0,0,0.000,48.225
mixed,real,2136,560535380832555837,0,2033,1,1463,0.000,15,128130,220546.667,0,0,0.000,0,0,0.000,52.696
mixed,real,2137,560535380832555837,0,2034,1,3496,0.000,14,118930,201740.000,0,0,0.000,0,0,0.000,55.266
mixed,real,2138,560535380832555837,0,2034,1,5530,0.000,14,118944,201740.000,0,0,0.000,0,0,0.000,56.185
mixed,real,2139,560535380832555837,0,2034,2,7564,0.000,14,118958,201740.000,0,0,0.000,0,0,0.000,48.269
mixed,real,2140,560535380832555837,0,2033,1,1406,0.000,15,127164,194116.907,0,0,0.000,0,0,0.000,53.242
mixed,real,2141,560535380832555837,0,2034,1,3439,0.000,14,117964,166481.000,0,0,0.000,0,0,0.000,55.634
mixed,real,2142,560535380832555837,0,2034,1,5473,0.000,14,117978,166481.000,0,0,0.000,0,0,0.000,56.243
mixed,real,2143,560535380832555837,0,2034,2,7507,0.000,14,117992,166481.000,0,0,0.000,0,0,0.000,48.343
mixed,real,2144,560535380832555837,0,2033,1,1349,0.000,15,126198,158877.227,0,0,0.000,0,0,0.000,52.931
mixed,real,2145,560535380832555837,0,2034,1,3382,0.000,14,116998,121148.000,0,0,0.000,0,0,0.000,55.045
mixed,real,2146,560535380832555837,0,2034,1,5416,0.000,14,117012,121148.000,0,0,0.000,0,0,0.000,56.183
mixed,real,2147,560535380832555837,0,2034,2,7450,0.000,14,117026,121148.000,0,0,0.000,0,0,0.000,48.694
mixed,real,2148,560535380832555837,0,2033,1,1292,0.000,15,125232,114827.627,0,0,0.000,0,0,0.000,52.664
mixed,real,2149,560535380832555837,0,2034,1,3325,0.000,14,116032,65741.000,0,0,0.000,0,0,0.000,51.605
mixed,real,2150,560535380832555837,0,2034,1,5359,0.000,14,116046,65741.000,0,0,0.000,0,0,0.000,54.391
mixed,real,2151,560535380832555837,0,2034,2,7393,0.000,14,116060,65741.000,0,0,0.000,0,0,0.000,48.925
mixed,real,2152,560535380832555837,0,2033,1,1235,0.000,15,124266,61968.107,0,0,0.000,0,0,0.000,52.795
mixed,real,2153,560535380832555837,0,2034,1,3268,0.000,14,115066,260.000,0,0,0.000,0,0,0.000,55.879
mixed,real,2154,560535380832555837,0,2034,1,5302,0.000,14,115080,260.000,0,0,0.000,0,0,0.000,55.440
mixed,real,2155,560535380832555837,0,2034,2,7336,0.000,14,115094,260.000,0,0,0.000,0,0,0.000,52.313
mixed,real,2156,560535380832555837,0,2033,1,1178,0.000,15,123300,298.667,0,0,0.000,0,0,0.000,52.041
mixed,real,2157,560535380832555837,0,2033,1,3211,0.000,15,123315,298.667,0,0,0.000,0,0,0.000,53.166
mixed,real,2158,560535380832555837,0,2033,1,5244,0.000,15,123330,298.667,0,0,0.000,0,0,0.000,54.196
mixed,real,2159,560535380832555837,0,915,1,7277,0.000,15,123345,298.667,0,0,0.000,0,0,0.000,38.115
decode,real,2160,560535380832555837,0,0,0,0,0.000,16,131552,340.000,0,0,0.000,0,0,0.000,9.710
decode,real,2161,560535380832555837,0,0,0,0,0.000,16,131568,340.000,0,0,0.000,0,0,0.000,8.231
decode,real,2162,560535380832555837,0,0,0,0,0.000,16,131584,340.000,0,0,0.000,0,0,0.000,8.268
decode,real,2163,560535380832555837,0,0,0,0,0.000,16,131600,340.000,0,0,0.000,0,0,0.000,8.179
decode,real,2164,560535380832555837,0,0,0,0,0.000,16,131616,340.000,0,0,0.000,0,0,0.000,8.236
decode,real,2165,560535380832555837,0,0,0,0,0.000,16,131632,340.000,0,0,0.000,0,0,0.000,8.220
decode,real,2166,560535380832555837,0,0,0,0,0.000,16,131648,340.000,0,0,0.000,0,0,0.000,8.243
decode,real,2167,560535380832555837,0,0,0,0,0.000,16,131664,340.000,0,0,0.000,0,0,0.000,8.230
decode,real,2168,560535380832555837,0,0,0,0,0.000,16,131680,340.000,0,0,0.000,0,0,0.000,8.252
decode,real,2169,560535380832555837,0,0,0,0,0.000,16,131696,340.000,0,0,0.000,0,0,0.000,8.215
decode,real,2170,560535380832555837,0,0,0,0,0.000,16,131712,340.000,0,0,0.000,0,0,0.000,8.250
decode,real,2171,560535380832555837,0,0,0,0,0.000,16,131728,340.000,0,0,0.000,0,0,0.000,8.204
decode,real,2172,560535380832555837,0,0,0,0,0.000,16,131744,340.000,0,0,0.000,0,0,0.000,8.245
decode,real,2173,560535380832555837,0,0,0,0,0.000,16,131760,340.000,0,0,0.000,0,0,0.000,8.218
decode,real,2174,560535380832555837,0,0,0,0,0.000,16,131776,340.000,0,0,0.000,0,0,0.000,8.232
decode,real,2175,560535380832555837,0,0,0,0,0.000,16,131792,340.000,0,0,0.000,0,0,0.000,8.229
decode,real,2176,560535380832555837,0,0,0,0,0.000,16,131808,340.000,0,0,0.000,0,0,0.000,8.207
decode,real,2177,560535380832555837,0,0,0,0,0.000,16,131824,340.000,0,0,0.000,0,0,0.000,8.204
decode,real,2178,560535380832555837,0,0,0,0,0.000,16,131840,340.000,0,0,0.000,0,0,0.000,8.242
decode,real,2179,560535380832555837,0,0,0,0,0.000,16,131856,340.000,0,0,0.000,0,0,0.000,8.199
decode,real,2180,560535380832555837,0,0,0,0,0.000,16,131872,340.000,0,0,0.000,0,0,0.000,8.201
decode,real,2181,560535380832555837,0,0,0,0,0.000,16,131888,340.000,0,0,0.000,0,0,0.000,8.194
decode,real,2182,560535380832555837,0,0,0,0,0.000,16,131904,340.000,0,0,0.000,0,0,0.000,8.209
decode,real,2183,560535380832555837,0,0,0,0,0.000,16,131920,340.000,0,0,0.000,0,0,0.000,8.150
decode,real,2184,560535380832555837,0,0,0,0,0.000,16,131936,340.000,0,0,0.000,0,0,0.000,8.153
decode,real,2185,560535380832555837,0,0,0,0,0.000,16,131952,340.000,0,0,0.000,0,0,0.000,8.178
decode,real,2186,560535380832555837,0,0,0,0,0.000,16,131968,340.000,0,0,0.000,0,0,0.000,8.183
decode,real,2187,560535380832555837,0,0,0,0,0.000,16,131984,340.000,0,0,0.000,0,0,0.000,8.164
decode,real,2188,560535380832555837,0,0,0,0,0.000,16,132000,340.000,0,0,0.000,0,0,0.000,8.156
decode,real,2189,560535380832555837,0,0,0,0,0.000,16,132016,340.000,0,0,0.000,0,0,0.000,8.153
decode,real,2190,560535380832555837,0,0,0,0,0.000,16,132032,340.000,0,0,0.000,0,0,0.000,8.208
decode,real,2191,560535380832555837,0,0,0,0,0.000,16,132048,340.000,0,0,0.000,0,0,0.000,8.136
decode,real,2192,560535380832555837,0,0,0,0,0.000,16,132064,340.000,0,0,0.000,0,0,0.000,8.176
decode,real,2193,560535380832555837,0,0,0,0,0.000,16,132080,340.000,0,0,0.000,0,0,0.000,8.138
decode,real,2194,560535380832555837,0,0,0,0,0.000,16,132096,340.000,0,0,0.000,0,0,0.000,8.186
decode,real,2195,560535380832555837,0,0,0,0,0.000,16,132112,340.000,0,0,0.000,0,0,0.000,8.121
decode,real,2196,560535380832555837,0,0,0,0,0.000,16,132128,340.000,0,0,0.000,0,0,0.000,8.131
decode,real,2197,560535380832555837,0,0,0,0,0.000,16,132144,340.000,0,0,0.000,0,0,0.000,8.151
decode,real,2198,560535380832555837,0,0,0,0,0.000,16,132160,340.000,0,0,0.000,0,0,0.000,8.179
decode,real,2199,560535380832555837,0,0,0,0,0.000,16,132176,340.000,0,0,0.000,0,0,0.000,8.109
decode,real,2200,560535380832555837,0,0,0,0,0.000,16,132192,340.000,0,0,0.000,0,0,0.000,8.143
decode,real,2201,560535380832555837,0,0,0,0,0.000,16,132208,340.000,0,0,0.000,0,0,0.000,8.165
decode,real,2202,560535380832555837,0,0,0,0,0.000,16,132224,340.000,0,0,0.000,0,0,0.000,8.159
decode,real,2203,560535380832555837,0,0,0,0,0.000,16,132240,340.000,0,0,0.000,0,0,0.000,8.134
decode,real,2204,560535380832555837,0,0,0,0,0.000,16,132256,340.000,0,0,0.000,0,0,0.000,8.119
decode,real,2205,560535380832555837,0,0,0,0,0.000,16,132272,340.000,0,0,0.000,0,0,0.000,8.157
decode,real,2206,560535380832555837,0,0,0,0,0.000,16,132288,340.000,0,0,0.000,0,0,0.000,8.167
decode,real,2207,560535380832555837,0,0,0,0,0.000,16,132304,340.000,0,0,0.000,0,0,0.000,8.093
decode,real,2208,560535380832555837,0,0,0,0,0.000,16,132320,340.000,0,0,0.000,0,0,0.000,8.165
decode,real,2209,560535380832555837,0,0,0,0,0.000,16,132336,340.000,0,0,0.000,0,0,0.000,8.128
decode,real,2210,560535380832555837,0,0,0,0,0.000,16,132352,340.000,0,0,0.000,0,0,0.000,8.148
decode,real,2211,560535380832555837,0,0,0,0,0.000,16,132368,340.000,0,0,0.000,0,0,0.000,8.130
decode,real,2212,560535380832555837,0,0,0,0,0.000,16,132384,340.000,0,0,0.000,0,0,0.000,8.157
decode,real,2213,560535380832555837,0,0,0,0,0.000,16,132400,340.000,0,0,0.000,0,0,0.000,8.113
decode,real,2214,560535380832555837,0,0,0,0,0.000,16,132416,340.000,0,0,0.000,0,0,0.000,8.175
decode,real,2215,560535380832555837,0,0,0,0,0.000,16,132432,340.000,0,0,0.000,0,0,0.000,8.111
decode,real,2216,560535380832555837,0,0,0,0,0.000,16,132448,340.000,0,0,0.000,0,0,0.000,8.179
decode,real,2217,560535380832555837,0,0,0,0,0.000,16,132464,340.000,0,0,0.000,0,0,0.000,8.098
decode,real,2218,560535380832555837,0,0,0,0,0.000,16,132480,340.000,0,0,0.000,0,0,0.000,8.158
decode,real,2219,560535380832555837,0,0,0,0,0.000,16,132496,340.000,0,0,0.000,0,0,0.000,8.137
decode,real,2220,560535380832555837,0,0,0,0,0.000,16,132512,340.000,0,0,0.000,0,0,0.000,8.127
decode,real,2221,560535380832555837,0,0,0,0,0.000,16,132528,340.000,0,0,0.000,0,0,0.000,8.135
decode,real,2222,560535380832555837,0,0,0,0,0.000,16,132544,340.000,0,0,0.000,0,0,0.000,8.147
decode,real,2223,560535380832555837,0,0,0,0,0.000,16,132560,340.000,0,0,0.000,0,0,0.000,8.126
decode,real,2224,560535380832555837,0,0,0,0,0.000,16,132576,340.000,0,0,0.000,0,0,0.000,8.131
decode,real,2225,560535380832555837,0,0,0,0,0.000,16,132592,340.000,0,0,0.000,0,0,0.000,8.155
decode,real,2226,560535380832555837,0,0,0,0,0.000,16,132608,340.000,0,0,0.000,0,0,0.000,8.163
decode,real,2227,560535380832555837,0,0,0,0,0.000,16,132624,340.000,0,0,0.000,0,0,0.000,8.115
decode,real,2228,560535380832555837,0,0,0,0,0.000,16,132640,340.000,0,0,0.000,0,0,0.000,8.149
decode,real,2229,560535380832555837,0,0,0,0,0.000,16,132656,340.000,0,0,0.000,0,0,0.000,8.124
decode,real,2230,560535380832555837,0,0,0,0,0.000,16,132672,340.000,0,0,0.000,0,0,0.000,8.154
decode,real,2231,560535380832555837,0,0,0,0,0.000,16,132688,340.000,0,0,0.000,0,0,0.000,8.129
decode,real,2232,560535380832555837,0,0,0,0,0.000,16,132704,340.000,0,0,0.000,0,0,0.000,8.120
decode,real,2233,560535380832555837,0,0,0,0,0.000,16,132720,340.000,0,0,0.000,0,0,0.000,8.134
decode,real,2234,560535380832555837,0,0,0,0,0.000,16,132736,340.000,0,0,0.000,0,0,0.000,8.150
decode,real,2235,560535380832555837,0,0,0,0,0.000,16,132752,340.000,0,0,0.000,0,0,0.000,8.109
decode,real,2236,560535380832555837,0,0,0,0,0.000,16,132768,340.000,0,0,0.000,0,0,0.000,8.133
decode,real,2237,560535380832555837,0,0,0,0,0.000,16,132784,340.000,0,0,0.000,0,0,0.000,8.136
decode,real,2238,560535380832555837,0,0,0,0,0.000,16,132800,340.000,0,0,0.000,0,0,0.000,8.182
decode,real,2239,560535380832555837,0,0,0,0,0.000,16,132816,340.000,0,0,0.000,0,0,0.000,8.108
decode,real,2240,560535380832555837,0,0,0,0,0.000,16,132832,340.000,0,0,0.000,0,0,0.000,8.138
decode,real,2241,560535380832555837,0,0,0,0,0.000,16,132848,340.000,0,0,0.000,0,0,0.000,8.166
decode,real,2242,560535380832555837,0,0,0,0,0.000,16,132864,340.000,0,0,0.000,0,0,0.000,8.142
decode,real,2243,560535380832555837,0,0,0,0,0.000,16,132880,340.000,0,0,0.000,0,0,0.000,8.149
decode,real,2244,560535380832555837,0,0,0,0,0.000,16,132896,340.000,0,0,0.000,0,0,0.000,8.124
decode,real,2245,560535380832555837,0,0,0,0,0.000,16,132912,340.000,0,0,0.000,0,0,0.000,8.139
decode,real,2246,560535380832555837,0,0,0,0,0.000,16,132928,340.000,0,0,0.000,0,0,0.000,8.174
decode,real,2247,560535380832555837,0,0,0,0,0.000,16,132944,340.000,0,0,0.000,0,0,0.000,8.104
decode,real,2248,560535380832555837,0,0,0,0,0.000,16,132960,340.000,0,0,0.000,0,0,0.000,8.154
decode,real,2249,560535380832555837,0,0,0,0,0.000,16,132976,340.000,0,0,0.000,0,0,0.000,8.124
decode,real,2250,560535380832555837,0,0,0,0,0.000,16,132992,340.000,0,0,0.000,0,0,0.000,8.161
decode,real,2251,560535380832555837,0,0,0,0,0.000,16,133008,340.000,0,0,0.000,0,0,0.000,8.102
decode,real,2252,560535380832555837,0,0,0,0,0.000,16,133024,340.000,0,0,0.000,0,0,0.000,8.185
decode,real,2253,560535380832555837,0,0,0,0,0.000,16,133040,340.000,0,0,0.000,0,0,0.000,8.096
decode,real,2254,560535380832555837,0,0,0,0,0.000,16,133056,340.000,0,0,0.000,0,0,0.000,8.172
decode,real,2255,560535380832555837,0,0,0,0,0.000,16,133072,340.000,0,0,0.000,0,0,0.000,8.105
decode,real,2256,560535380832555837,0,0,0,0,0.000,16,133088,340.000,0,0,0.000,0,0,0.000,8.166
decode,real,2257,560535380832555837,0,0,0,0,0.000,16,133104,340.000,0,0,0.000,0,0,0.000,8.150
decode,real,2258,560535380832555837,0,0,0,0,0.000,16,133120,340.000,0,0,0.000,0,0,0.000,8.157
decode,real,2259,560535380832555837,0,0,0,0,0.000,16,133136,340.000,0,0,0.000,0,0,0.000,8.091
decode,real,2260,560535380832555837,0,0,0,0,0.000,16,133152,340.000,0,0,0.000,0,0,0.000,8.138
decode,real,2261,560535380832555837,0,0,0,0,0.000,16,133168,340.000,0,0,0.000,0,0,0.000,8.153
decode,real,2262,560535380832555837,0,0,0,0,0.000,16,133184,340.000,0,0,0.000,0,0,0.000,8.148
decode,real,2263,560535380832555837,0,0,0,0,0.000,16,133200,340.000,0,0,0.000,0,0,0.000,8.163
decode,real,2264,560535380832555837,0,0,0,0,0.000,16,133216,340.000,0,0,0.000,0,0,0.000,8.123
decode,real,2265,560535380832555837,0,0,0,0,0.000,16,133232,340.000,0,0,0.000,0,0,0.000,8.137
decode,real,2266,560535380832555837,0,0,0,0,0.000,16,133248,340.000,0,0,0.000,0,0,0.000,8.165
decode,real,2267,560535380832555837,0,0,0,0,0.000,16,133264,340.000,0,0,0.000,0,0,0.000,8.107
decode,real,2268,560535380832555837,0,0,0,0,0.000,16,133280,340.000,0,0,0.000,0,0,0.000,8.139
decode,real,2269,560535380832555837,0,0,0,0,0.000,16,133296,340.000,0,0,0.000,0,0,0.000,8.148
decode,real,2270,560535380832555837,0,0,0,0,0.000,16,133312,340.000,0,0,0.000,0,0,0.000,8.165
decode,real,2271,560535380832555837,0,0,0,0,0.000,16,133328,340.000,0,0,0.000,0,0,0.000,8.094
decode,real,2272,560535380832555837,0,0,0,0,0.000,16,133344,340.000,0,0,0.000,0,0,0.000,8.149
decode,real,2273,560535380832555837,0,0,0,0,0.000,16,133360,340.000,0,0,0.000,0,0,0.000,8.153
decode,real,2274,560535380832555837,0,0,0,0,0.000,16,133376,340.000,0,0,0.000,0,0,0.000,8.160
decode,real,2275,560535380832555837,0,0,0,0,0.000,16,133392,340.000,0,0,0.000,0,0,0.000,8.125
decode,real,2276,560535380832555837,0,0,0,0,0.000,16,133408,340.000,0,0,0.000,0,0,0.000,8.140
decode,real,2277,560535380832555837,0,0,0,0,0.000,16,133424,340.000,0,0,0.000,0,0,0.000,8.183
decode,real,2278,560535380832555837,0,0,0,0,0.000,16,133440,340.000,0,0,0.000,0,0,0.000,8.128
decode,real,2279,560535380832555837,0,0,0,0,0.000,16,133456,340.000,0,0,0.000,0,0,0.000,8.132
decode,real,2280,560535380832555837,0,0,0,0,0.000,16,133472,340.000,0,0,0.000,0,0,0.000,8.132
decode,real,2281,560535380832555837,0,0,0,0,0.000,16,133488,340.000,0,0,0.000,0,0,0.000,8.128
decode,real,2282,560535380832555837,0,0,0,0,0.000,16,133504,340.000,0,0,0.000,0,0,0.000,8.175
decode,real,2283,560535380832555837,0,0,0,0,0.000,16,133520,340.000,0,0,0.000,0,0,0.000,8.130
decode,real,2284,560535380832555837,0,0,0,0,0.000,16,133536,340.000,0,0,0.000,0,0,0.000,8.145
decode,real,2285,560535380832555837,0,0,0,0,0.000,16,133552,340.000,0,0,0.000,0,0,0.000,8.130
decode,real,2286,560535380832555837,0,0,0,0,0.000,16,133568,340.000,0,0,0.000,0,0,0.000,8.186
decode,real,2287,560535380832555837,0,0,0,0,0.000,16,133584,340.000,0,0,0.000,0,0,0.000,8.111
decode,real,2288,560535380832555837,0,0,0,0,0.000,16,133600,340.000,0,0,0.000,0,0,0.000,8.124
decode,real,2289,560535380832555837,0,0,0,0,0.000,16,133616,340.000,0,0,0.000,0,0,0.000,8.147
decode,real,2290,560535380832555837,0,0,0,0,0.000,16,133632,340.000,0,0,0.000,0,0,0.000,8.158
decode,real,2291,560535380832555837,0,0,0,0,0.000,16,133648,340.000,0,0,0.000,0,0,0.000,8.144
decode,real,2292,560535380832555837,0,0,0,0,0.000,16,133664,340.000,0,0,0.000,0,0,0.000,8.118
decode,real,2293,560535380832555837,0,0,0,0,0.000,16,133680,340.000,0,0,0.000,0,0,0.000,8.154
decode,real,2294,560535380832555837,0,0,0,0,0.000,16,133696,340.000,0,0,0.000,0,0,0.000,8.160
decode,real,2295,560535380832555837,0,0,0,0,0.000,16,133712,340.000,0,0,0.000,0,0,0.000,8.129
decode,real,2296,560535380832555837,0,0,0,0,0.000,16,133728,340.000,0,0,0.000,0,0,0.000,8.127
decode,real,2297,560535380832555837,0,0,0,0,0.000,16,133744,340.000,0,0,0.000,0,0,0.000,8.137
decode,real,2298,560535380832555837,0,0,0,0,0.000,16,133760,340.000,0,0,0.000,0,0,0.000,8.200
decode,real,2299,560535380832555837,0,0,0,0,0.000,16,133776,340.000,0,0,0.000,0,0,0.000,8.090
decode,real,2300,560535380832555837,0,0,0,0,0.000,16,133792,340.000,0,0,0.000,0,0,0.000,8.146
decode,real,2301,560535380832555837,0,0,0,0,0.000,16,133808,340.000,0,0,0.000,0,0,0.000,8.150
decode,real,2302,560535380832555837,0,0,0,0,0.000,16,133824,340.000,0,0,0.000,0,0,0.000,8.155
decode,real,2303,560535380832555837,0,0,0,0,0.000,16,133840,340.000,0,0,0.000,0,0,0.000,8.102
decode,real,2304,560535380832555837,0,0,0,0,0.000,16,133856,340.000,0,0,0.000,0,0,0.000,8.144
decode,real,2305,560535380832555837,0,0,0,0,0.000,16,133872,340.000,0,0,0.000,0,0,0.000,8.123
decode,real,2306,560535380832555837,0,0,0,0,0.000,16,133888,340.000,0,0,0.000,0,0,0.000,8.162
decode,real,2307,560535380832555837,0,0,0,0,0.000,16,133904,340.000,0,0,0.000,0,0,0.000,8.120
decode,real,2308,560535380832555837,0,0,0,0,0.000,16,133920,340.000,0,0,0.000,0,0,0.000,8.173
decode,real,2309,560535380832555837,0,0,0,0,0.000,16,133936,340.000,0,0,0.000,0,0,0.000,8.123
decode,real,2310,560535380832555837,0,0,0,0,0.000,16,133952,340.000,0,0,0.000,0,0,0.000,8.194
decode,real,2311,560535380832555837,0,0,0,0,0.000,16,133968,340.000,0,0,0.000,0,0,0.000,8.102
decode,real,2312,560535380832555837,0,0,0,0,0.000,16,133984,340.000,0,0,0.000,0,0,0.000,8.142
decode,real,2313,560535380832555837,0,0,0,0,0.000,16,134000,340.000,0,0,0.000,0,0,0.000,8.140
decode,real,2314,560535380832555837,0,0,0,0,0.000,16,134016,340.000,0,0,0.000,0,0,0.000,8.165
decode,real,2315,560535380832555837,0,0,0,0,0.000,16,134032,340.000,0,0,0.000,0,0,0.000,8.110
decode,real,2316,560535380832555837,0,0,0,0,0.000,16,134048,340.000,0,0,0.000,0,0,0.000,8.125
decode,real,2317,560535380832555837,0,0,0,0,0.000,16,134064,340.000,0,0,0.000,0,0,0.000,8.151
decode,real,2318,560535380832555837,0,0,0,0,0.000,16,134080,340.000,0,0,0.000,0,0,0.000,8.171
decode,real,2319,560535380832555837,0,0,0,0,0.000,16,134096,340.000,0,0,0.000,0,0,0.000,8.139
decode,real,2320,560535380832555837,0,0,0,0,0.000,16,134112,340.000,0,0,0.000,0,0,0.000,8.137
decode,real,2321,560535380832555837,0,0,0,0,0.000,16,134128,340.000,0,0,0.000,0,0,0.000,8.145
decode,real,2322,560535380832555837,0,0,0,0,0.000,16,134144,340.000,0,0,0.000,0,0,0.000,8.181
decode,real,2323,560535380832555837,0,0,0,0,0.000,16,134160,340.000,0,0,0.000,0,0,0.000,8.121
decode,real,2324,560535380832555837,0,0,0,0,0.000,16,134176,340.000,0,0,0.000,0,0,0.000,8.153
decode,real,2325,560535380832555837,0,0,0,0,0.000,16,134192,340.000,0,0,0.000,0,0,0.000,8.127
decode,real,2326,560535380832555837,0,0,0,0,0.000,16,134208,340.000,0,0,0.000,0,0,0.000,8.178
decode,real,2327,560535380832555837,0,0,0,0,0.000,16,134224,340.000,0,0,0.000,0,0,0.000,8.116
decode,real,2328,560535380832555837,0,0,0,0,0.000,16,134240,340.000,0,0,0.000,0,0,0.000,8.143
decode,real,2329,560535380832555837,0,0,0,0,0.000,16,134256,340.000,0,0,0.000,0,0,0.000,8.138
decode,real,2330,560535380832555837,0,0,0,0,0.000,16,134272,340.000,0,0,0.000,0,0,0.000,8.186
decode,real,2331,560535380832555837,0,0,0,0,0.000,16,134288,340.000,0,0,0.000,0,0,0.000,8.140
decode,real,2332,560535380832555837,0,0,0,0,0.000,16,134304,340.000,0,0,0.000,0,0,0.000,8.116
decode,real,2333,560535380832555837,0,0,0,0,0.000,16,134320,340.000,0,0,0.000,0,0,0.000,8.167
decode,real,2334,560535380832555837,0,0,0,0,0.000,16,134336,340.000,0,0,0.000,0,0,0.000,8.161
decode,real,2335,560535380832555837,0,0,0,0,0.000,16,134352,340.000,0,0,0.000,0,0,0.000,8.161
decode,real,2336,560535380832555837,0,0,0,0,0.000,16,134368,340.000,0,0,0.000,0,0,0.000,8.108
decode,real,2337,560535380832555837,0,0,0,0,0.000,16,134384,340.000,0,0,0.000,0,0,0.000,8.160
decode,real,2338,560535380832555837,0,0,0,0,0.000,16,134400,340.000,0,0,0.000,0,0,0.000,8.193
decode,real,2339,560535380832555837,0,0,0,0,0.000,16,134416,340.000,0,0,0.000,0,0,0.000,8.114
decode,real,2340,560535380832555837,0,0,0,0,0.000,16,134432,340.000,0,0,0.000,0,0,0.000,8.152
decode,real,2341,560535380832555837,0,0,0,0,0.000,16,134448,340.000,0,0,0.000,0,0,0.000,8.136
decode,real,2342,560535380832555837,0,0,0,0,0.000,16,134464,340.000,0,0,0.000,0,0,0.000,8.149
decode,real,2343,560535380832555837,0,0,0,0,0.000,16,134480,340.000,0,0,0.000,0,0,0.000,8.155
decode,real,2344,560535380832555837,0,0,0,0,0.000,16,134496,340.000,0,0,0.000,0,0,0.000,8.118
decode,real,2345,560535380832555837,0,0,0,0,0.000,16,134512,340.000,0,0,0.000,0,0,0.000,8.187
decode,real,2346,560535380832555837,0,0,0,0,0.000,16,134528,340.000,0,0,0.000,0,0,0.000,8.136
decode,real,2347,560535380832555837,0,0,0,0,0.000,16,134544,340.000,0,0,0.000,0,0,0.000,8.128
decode,real,2348,560535380832555837,0,0,0,0,0.000,16,134560,340.000,0,0,0.000,0,0,0.000,8.149
decode,real,2349,560535380832555837,0,0,0,0,0.000,16,134576,340.000,0,0,0.000,0,0,0.000,8.146
decode,real,2350,560535380832555837,0,0,0,0,0.000,16,134592,340.000,0,0,0.000,0,0,0.000,8.200
decode,real,2351,560535380832555837,0,0,0,0,0.000,16,134608,340.000,0,0,0.000,0,0,0.000,8.111
decode,real,2352,560535380832555837,0,0,0,0,0.000,16,134624,340.000,0,0,0.000,0,0,0.000,8.149
decode,real,2353,560535380832555837,0,0,0,0,0.000,16,134640,340.000,0,0,0.000,0,0,0.000,8.154
decode,real,2354,560535380832555837,0,0,0,0,0.000,16,134656,340.000,0,0,0.000,0,0,0.000,8.168
decode,real,2355,560535380832555837,0,0,0,0,0.000,16,134672,340.000,0,0,0.000,0,0,0.000,8.138
decode,real,2356,560535380832555837,0,0,0,0,0.000,16,134688,340.000,0,0,0.000,0,0,0.000,8.151
decode,real,2357,560535380832555837,0,0,0,0,0.000,16,134704,340.000,0,0,0.000,0,0,0.000,8.149
decode,real,2358,560535380832555837,0,0,0,0,0.000,16,134720,340.000,0,0,0.000,0,0,0.000,8.173
decode,real,2359,560535380832555837,0,0,0,0,0.000,16,134736,340.000,0,0,0.000,0,0,0.000,8.151
decode,real,2360,560535380832555837,0,0,0,0,0.000,16,134752,340.000,0,0,0.000,0,0,0.000,8.137
decode,real,2361,560535380832555837,0,0,0,0,0.000,16,134768,340.000,0,0,0.000,0,0,0.000,8.136
decode,real,2362,560535380832555837,0,0,0,0,0.000,16,134784,340.000,0,0,0.000,0,0,0.000,8.187
decode,real,2363,560535380832555837,0,0,0,0,0.000,16,134800,340.000,0,0,0.000,0,0,0.000,8.121
decode,real,2364,560535380832555837,0,0,0,0,0.000,16,134816,340.000,0,0,0.000,0,0,0.000,8.157
decode,real,2365,560535380832555837,0,0,0,0,0.000,16,134832,340.000,0,0,0.000,0,0,0.000,8.140
decode,real,2366,560535380832555837,0,0,0,0,0.000,16,134848,340.000,0,0,0.000,0,0,0.000,8.222
decode,real,2367,560535380832555837,0,0,0,0,0.000,16,134864,340.000,0,0,0.000,0,0,0.000,8.105
decode,real,2368,560535380832555837,0,0,0,0,0.000,16,134880,340.000,0,0,0.000,0,0,0.000,8.142
decode,real,2369,560535380832555837,0,0,0,0,0.000,16,134896,340.000,0,0,0.000,0,0,0.000,8.158
decode,real,2370,560535380832555837,0,0,0,0,0.000,16,134912,340.000,0,0,0.000,0,0,0.000,8.176
decode,real,2371,560535380832555837,0,0,0,0,0.000,16,134928,340.000,0,0,0.000,0,0,0.000,8.155
decode,real,2372,560535380832555837,0,0,0,0,0.000,16,134944,340.000,0,0,0.000,0,0,0.000,8.140
decode,real,2373,560535380832555837,0,0,0,0,0.000,16,134960,340.000,0,0,0.000,0,0,0.000,8.144
decode,real,2374,560535380832555837,0,0,0,0,0.000,16,134976,340.000,0,0,0.000,0,0,0.000,8.194
decode,real,2375,560535380832555837,0,0,0,0,0.000,16,134992,340.000,0,0,0.000,0,0,0.000,8.133
decode,real,2376,560535380832555837,0,0,0,0,0.000,16,135008,340.000,0,0,0.000,0,0,0.000,8.160
decode,real,2377,560535380832555837,0,0,0,0,0.000,16,135024,340.000,0,0,0.000,0,0,0.000,8.150
decode,real,2378,560535380832555837,0,0,0,0,0.000,16,135040,340.000,0,0,0.000,0,0,0.000,8.175
decode,real,2379,560535380832555837,0,0,0,0,0.000,16,135056,340.000,0,0,0.000,0,0,0.000,8.156
decode,real,2380,560535380832555837,0,0,0,0,0.000,16,135072,340.000,0,0,0.000,0,0,0.000,8.139
decode,real,2381,560535380832555837,0,0,0,0,0.000,16,135088,340.000,0,0,0.000,0,0,0.000,8.148
decode,real,2382,560535380832555837,0,0,0,0,0.000,16,135104,340.000,0,0,0.000,0,0,0.000,8.184
decode,real,2383,560535380832555837,0,0,0,0,0.000,16,135120,340.000,0,0,0.000,0,0,0.000,8.139
decode,real,2384,560535380832555837,0,0,0,0,0.000,16,135136,340.000,0,0,0.000,0,0,0.000,8.147
decode,real,2385,560535380832555837,0,0,0,0,0.000,16,135152,340.000,0,0,0.000,0,0,0.000,8.172
decode,real,2386,560535380832555837,0,0,0,0,0.000,16,135168,340.000,0,0,0.000,0,0,0.000,8.168
decode,real,2387,560535380832555837,0,0,0,0,0.000,16,135184,340.000,0,0,0.000,0,0,0.000,8.124
decode,real,2388,560535380832555837,0,0,0,0,0.000,16,135200,340.000,0,0,0.000,0,0,0.000,8.167
decode,real,2389,560535380832555837,0,0,0,0,0.000,16,135216,340.000,0,0,0.000,0,0,0.000,8.168
decode,real,2390,560535380832555837,0,0,0,0,0.000,16,135232,340.000,0,0,0.000,0,0,0.000,8.178
decode,real,2391,560535380832555837,0,0,0,0,0.000,16,135248,340.000,0,0,0.000,0,0,0.000,8.115
decode,real,2392,560535380832555837,0,0,0,0,0.000,16,135264,340.000,0,0,0.000,0,0,0.000,8.144
decode,real,2393,560535380832555837,0,0,0,0,0.000,16,135280,340.000,0,0,0.000,0,0,0.000,8.183
decode,real,2394,560535380832555837,0,0,0,0,0.000,16,135296,340.000,0,0,0.000,0,0,0.000,8.179
decode,real,2395,560535380832555837,0,0,0,0,0.000,16,135312,340.000,0,0,0.000,0,0,0.000,8.109
decode,real,2396,560535380832555837,0,0,0,0,0.000,16,135328,340.000,0,0,0.000,0,0,0.000,8.179
decode,real,2397,560535380832555837,0,0,0,0,0.000,16,135344,340.000,0,0,0.000,0,0,0.000,8.132
decode,real,2398,560535380832555837,0,0,0,0,0.000,16,135360,340.000,0,0,0.000,0,0,0.000,8.184
decode,real,2399,560535380832555837,0,0,0,0,0.000,16,135376,340.000,0,0,0.000,0,0,0.000,8.118
decode,real,2400,560535380832555837,0,0,0,0,0.000,16,135392,340.000,0,0,0.000,0,0,0.000,8.147
decode,real,2401,560535380832555837,0,0,0,0,0.000,16,135408,340.000,0,0,0.000,0,0,0.000,8.151
decode,real,2402,560535380832555837,0,0,0,0,0.000,16,135424,340.000,0,0,0.000,0,0,0.000,8.181
decode,real,2403,560535380832555837,0,0,0,0,0.000,16,135440,340.000,0,0,0.000,0,0,0.000,8.148
decode,real,2404,560535380832555837,0,0,0,0,0.000,16,135456,340.000,0,0,0.000,0,0,0.000,8.126
decode,real,2405,560535380832555837,0,0,0,0,0.000,16,135472,340.000,0,0,0.000,0,0,0.000,8.168
decode,real,2406,560535380832555837,0,0,0,0,0.000,16,135488,340.000,0,0,0.000,0,0,0.000,8.170
decode,real,2407,560535380832555837,0,0,0,0,0.000,16,135504,340.000,0,0,0.000,0,0,0.000,8.136
decode,real,2408,560535380832555837,0,0,0,0,0.000,16,135520,340.000,0,0,0.000,0,0,0.000,8.152
decode,real,2409,560535380832555837,0,0,0,0,0.000,16,135536,340.000,0,0,0.000,0,0,0.000,8.165
decode,real,2410,560535380832555837,0,0,0,0,0.000,16,135552,340.000,0,0,0.000,0,0,0.000,8.154
decode,real,2411,560535380832555837,0,0,0,0,0.000,16,135568,340.000,0,0,0.000,0,0,0.000,8.185
decode,real,2412,560535380832555837,0,0,0,0,0.000,16,135584,340.000,0,0,0.000,0,0,0.000,8.129
decode,real,2413,560535380832555837,0,0,0,0,0.000,16,135600,340.000,0,0,0.000,0,0,0.000,8.147
decode,real,2414,560535380832555837,0,0,0,0,0.000,16,135616,340.000,0,0,0.000,0,0,0.000,8.215
decode,real,2415,560535380832555837,0,0,0,0,0.000,16,135632,340.000,0,0,0.000,0,0,0.000,8.109
decode,real,2416,560535380832555837,0,0,0,0,0.000,16,135648,340.000,0,0,0.000,0,0,0.000,8.141
decode,real,2417,560535380832555837,0,0,0,0,0.000,16,135664,340.000,0,0,0.000,0,0,0.000,8.140
decode,real,2418,560535380832555837,0,0,0,0,0.000,16,135680,340.000,0,0,0.000,0,0,0.000,8.186
decode,real,2419,560535380832555837,0,0,0,0,0.000,16,135696,340.000,0,0,0.000,0,0,0.000,8.165
decode,real,2420,560535380832555837,0,0,0,0,0.000,16,135712,340.000,0,0,0.000,0,0,0.000,8.132
decode,real,2421,560535380832555837,0,0,0,0,0.000,16,135728,340.000,0,0,0.000,0,0,0.000,8.156
decode,real,2422,560535380832555837,0,0,0,0,0.000,16,135744,340.000,0,0,0.000,0,0,0.000,8.151
decode,real,2423,560535380832555837,0,0,0,0,0.000,16,135760,340.000,0,0,0.000,0,0,0.000,8.151
decode,real,2424,560535380832555837,0,0,0,0,0.000,16,135776,340.000,0,0,0.000,0,0,0.000,8.171
decode,real,2425,560535380832555837,0,0,0,0,0.000,16,135792,340.000,0,0,0.000,0,0,0.000,8.126
decode,real,2426,560535380832555837,0,0,0,0,0.000,16,135808,340.000,0,0,0.000,0,0,0.000,8.162
decode,real,2427,560535380832555837,0,0,0,0,0.000,16,135824,340.000,0,0,0.000,0,0,0.000,8.170
decode,real,2428,560535380832555837,0,0,0,0,0.000,16,135840,340.000,0,0,0.000,0,0,0.000,8.139
decode,real,2429,560535380832555837,0,0,0,0,0.000,16,135856,340.000,0,0,0.000,0,0,0.000,8.159
decode,real,2430,560535380832555837,0,0,0,0,0.000,16,135872,340.000,0,0,0.000,0,0,0.000,8.173
decode,real,2431,560535380832555837,0,0,0,0,0.000,16,135888,340.000,0,0,0.000,0,0,0.000,8.157
decode,real,2432,560535380832555837,0,0,0,0,0.000,16,135904,340.000,0,0,0.000,0,0,0.000,8.125
decode,real,2433,560535380832555837,0,0,0,0,0.000,16,135920,340.000,0,0,0.000,0,0,0.000,8.164
decode,real,2434,560535380832555837,0,0,0,0,0.000,16,135936,340.000,0,0,0.000,0,0,0.000,8.186
decode,real,2435,560535380832555837,0,0,0,0,0.000,16,135952,340.000,0,0,0.000,0,0,0.000,8.124
decode,real,2436,560535380832555837,0,0,0,0,0.000,16,135968,340.000,0,0,0.000,0,0,0.000,8.172
decode,real,2437,560535380832555837,0,0,0,0,0.000,16,135984,340.000,0,0,0.000,0,0,0.000,8.148
decode,real,2438,560535380832555837,0,0,0,0,0.000,16,136000,340.000,0,0,0.000,0,0,0.000,8.159
decode,real,2439,560535380832555837,0,0,0,0,0.000,16,136016,340.000,0,0,0.000,0,0,0.000,8.133
decode,real,2440,560535380832555837,0,0,0,0,0.000,16,136032,340.000,0,0,0.000,0,0,0.000,8.174
decode,real,2441,560535380832555837,0,0,0,0,0.000,16,136048,340.000,0,0,0.000,0,0,0.000,8.158
decode,real,2442,560535380832555837,0,0,0,0,0.000,16,136064,340.000,0,0,0.000,0,0,0.000,8.179
decode,real,2443,560535380832555837,0,0,0,0,0.000,16,136080,340.000,0,0,0.000,0,0,0.000,8.121
decode,real,2444,560535380832555837,0,0,0,0,0.000,16,136096,340.000,0,0,0.000,0,0,0.000,8.174
decode,real,2445,560535380832555837,0,0,0,0,0.000,16,136112,340.000,0,0,0.000,0,0,0.000,8.162
decode,real,2446,560535380832555837,0,0,0,0,0.000,16,136128,340.000,0,0,0.000,0,0,0.000,8.168
decode,real,2447,560535380832555837,0,0,0,0,0.000,16,136144,340.000,0,0,0.000,0,0,0.000,8.141
decode,real,2448,560535380832555837,0,0,0,0,0.000,16,136160,340.000,0,0,0.000,0,0,0.000,8.158
decode,real,2449,560535380832555837,0,0,0,0,0.000,16,136176,340.000,0,0,0.000,0,0,0.000,8.202
decode,real,2450,560535380832555837,0,0,0,0,0.000,16,136192,340.000,0,0,0.000,0,0,0.000,8.159
decode,real,2451,560535380832555837,0,0,0,0,0.000,16,136208,340.000,0,0,0.000,0,0,0.000,8.141
decode,real,2452,560535380832555837,0,0,0,0,0.000,16,136224,340.000,0,0,0.000,0,0,0.000,8.132
decode,real,2453,560535380832555837,0,0,0,0,0.000,16,136240,340.000,0,0,0.000,0,0,0.000,8.181
decode,real,2454,560535380832555837,0,0,0,0,0.000,16,136256,340.000,0,0,0.000,0,0,0.000,8.179
decode,real,2455,560535380832555837,0,0,0,0,0.000,16,136272,340.000,0,0,0.000,0,0,0.000,8.148
decode,real,2456,560535380832555837,0,0,0,0,0.000,16,136288,340.000,0,0,0.000,0,0,0.000,8.128
decode,real,2457,560535380832555837,0,0,0,0,0.000,16,136304,340.000,0,0,0.000,0,0,0.000,8.164
decode,real,2458,560535380832555837,0,0,0,0,0.000,16,136320,340.000,0,0,0.000,0,0,0.000,8.190
decode,real,2459,560535380832555837,0,0,0,0,0.000,16,136336,340.000,0,0,0.000,0,0,0.000,8.137
decode,real,2460,560535380832555837,0,0,0,0,0.000,16,136352,340.000,0,0,0.000,0,0,0.000,8.158
decode,real,2461,560535380832555837,0,0,0,0,0.000,16,136368,340.000,0,0,0.000,0,0,0.000,8.165
decode,real,2462,560535380832555837,0,0,0,0,0.000,16,136384,340.000,0,0,0.000,0,0,0.000,8.178
decode,real,2463,560535380832555837,0,0,0,0,0.000,16,136400,340.000,0,0,0.000,0,0,0.000,8.130
decode,real,2464,560535380832555837,0,0,0,0,0.000,16,136416,340.000,0,0,0.000,0,0,0.000,8.185
decode,real,2465,560535380832555837,0,0,0,0,0.000,16,136432,340.000,0,0,0.000,0,0,0.000,8.173
decode,real,2466,560535380832555837,0,0,0,0,0.000,16,136448,340.000,0,0,0.000,0,0,0.000,8.166
decode,real,2467,560535380832555837,0,0,0,0,0.000,16,136464,340.000,0,0,0.000,0,0,0.000,8.133
decode,real,2468,560535380832555837,0,0,0,0,0.000,16,136480,340.000,0,0,0.000,0,0,0.000,8.164
decode,real,2469,560535380832555837,0,0,0,0,0.000,16,136496,340.000,0,0,0.000,0,0,0.000,8.167
decode,real,2470,560535380832555837,0,0,0,0,0.000,16,136512,340.000,0,0,0.000,0,0,0.000,8.208
decode,real,2471,560535380832555837,0,0,0,0,0.000,16,136528,340.000,0,0,0.000,0,0,0.000,8.118
decode,real,2472,560535380832555837,0,0,0,0,0.000,16,136544,340.000,0,0,0.000,0,0,0.000,8.154
decode,real,2473,560535380832555837,0,0,0,0,0.000,16,136560,340.000,0,0,0.000,0,0,0.000,8.146
decode,real,2474,560535380832555837,0,0,0,0,0.000,16,136576,340.000,0,0,0.000,0,0,0.000,8.191
decode,real,2475,560535380832555837,0,0,0,0,0.000,16,136592,340.000,0,0,0.000,0,0,0.000,8.178
decode,real,2476,560535380832555837,0,0,0,0,0.000,16,136608,340.000,0,0,0.000,0,0,0.000,8.161
decode,real,2477,560535380832555837,0,0,0,0,0.000,16,136624,340.000,0,0,0.000,0,0,0.000,8.152
decode,real,2478,560535380832555837,0,0,0,0,0.000,16,136640,340.000,0,0,0.000,0,0,0.000,8.203
decode,real,2479,560535380832555837,0,0,0,0,0.000,16,136656,340.000,0,0,0.000,0,0,0.000,8.134
decode,real,2480,560535380832555837,0,0,0,0,0.000,16,136672,340.000,0,0,0.000,0,0,0.000,8.177
decode,real,2481,560535380832555837,0,0,0,0,0.000,16,136688,340.000,0,0,0.000,0,0,0.000,8.156
decode,real,2482,560535380832555837,0,0,0,0,0.000,16,136704,340.000,0,0,0.000,0,0,0.000,8.186
decode,real,2483,560535380832555837,0,0,0,0,0.000,16,136720,340.000,0,0,0.000,0,0,0.000,8.164
decode,real,2484,560535380832555837,0,0,0,0,0.000,16,136736,340.000,0,0,0.000,0,0,0.000,8.150
decode,real,2485,560535380832555837,0,0,0,0,0.000,16,136752,340.000,0,0,0.000,0,0,0.000,8.146
decode,real,2486,560535380832555837,0,0,0,0,0.000,16,136768,340.000,0,0,0.000,0,0,0.000,8.180
decode,real,2487,560535380832555837,0,0,0,0,0.000,16,136784,340.000,0,0,0.000,0,0,0.000,8.154
decode,real,2488,560535380832555837,0,0,0,0,0.000,16,136800,340.000,0,0,0.000,0,0,0.000,8.140
decode,real,2489,560535380832555837,0,0,0,0,0.000,16,136816,340.000,0,0,0.000,0,0,0.000,8.221
decode,real,2490,560535380832555837,0,0,0,0,0.000,16,136832,340.000,0,0,0.000,0,0,0.000,8.161
decode,real,2491,560535380832555837,0,0,0,0,0.000,16,136848,340.000,0,0,0.000,0,0,0.000,8.146
decode,real,2492,560535380832555837,0,0,0,0,0.000,16,136864,340.000,0,0,0.000,0,0,0.000,8.160
decode,real,2493,560535380832555837,0,0,0,0,0.000,16,136880,340.000,0,0,0.000,0,0,0.000,8.152
decode,real,2494,560535380832555837,0,0,0,0,0.000,16,136896,340.000,0,0,0.000,0,0,0.000,8.196
decode,real,2495,560535380832555837,0,0,0,0,0.000,16,136912,340.000,0,0,0.000,0,0,0.000,8.140
decode,real,2496,560535380832555837,0,0,0,0,0.000,16,136928,340.000,0,0,0.000,0,0,0.000,8.154
decode,real,2497,560535380832555837,0,0,0,0,0.000,16,136944,340.000,0,0,0.000,0,0,0.000,8.169
decode,real,2498,560535380832555837,0,0,0,0,0.000,16,136960,340.000,0,0,0.000,0,0,0.000,8.194
decode,real,2499,560535380832555837,0,0,0,0,0.000,16,136976,340.000,0,0,0.000,0,0,0.000,8.161
decode,real,2500,560535380832555837,0,0,0,0,0.000,16,136992,340.000,0,0,0.000,0,0,0.000,8.163
decode,real,2501,560535380832555837,0,0,0,0,0.000,16,137008,340.000,0,0,0.000,0,0,0.000,8.143
decode,real,2502,560535380832555837,0,0,0,0,0.000,16,137024,340.000,0,0,0.000,0,0,0.000,8.224
decode,real,2503,560535380832555837,0,0,0,0,0.000,16,137040,340.000,0,0,0.000,0,0,0.000,8.146
decode,real,2504,560535380832555837,0,0,0,0,0.000,16,137056,340.000,0,0,0.000,0,0,0.000,8.149
decode,real,2505,560535380832555837,0,0,0,0,0.000,16,137072,340.000,0,0,0.000,0,0,0.000,8.155
decode,real,2506,560535380832555837,0,0,0,0,0.000,16,137088,340.000,0,0,0.000,0,0,0.000,8.216
decode,real,2507,560535380832555837,0,0,0,0,0.000,16,137104,340.000,0,0,0.000,0,0,0.000,8.146
decode,real,2508,560535380832555837,0,0,0,0,0.000,16,137120,340.000,0,0,0.000,0,0,0.000,8.174
decode,real,2509,560535380832555837,0,0,0,0,0.000,16,137136,340.000,0,0,0.000,0,0,0.000,8.153
decode,real,2510,560535380832555837,0,0,0,0,0.000,16,137152,340.000,0,0,0.000,0,0,0.000,8.219
decode,real,2511,560535380832555837,0,0,0,0,0.000,16,137168,340.000,0,0,0.000,0,0,0.000,8.114
decode,real,2512,560535380832555837,0,0,0,0,0.000,16,137184,340.000,0,0,0.000,0,0,0.000,8.172
decode,real,2513,560535380832555837,0,0,0,0,0.000,16,137200,340.000,0,0,0.000,0,0,0.000,8.173
decode,real,2514,560535380832555837,0,0,0,0,0.000,16,137216,340.000,0,0,0.000,0,0,0.000,8.201
decode,real,2515,560535380832555837,0,0,0,0,0.000,16,137232,340.000,0,0,0.000,0,0,0.000,8.130
decode,real,2516,560535380832555837,0,0,0,0,0.000,16,137248,340.000,0,0,0.000,0,0,0.000,8.168
decode,real,2517,560535380832555837,0,0,0,0,0.000,16,137264,340.000,0,0,0.000,0,0,0.000,8.174
decode,real,2518,560535380832555837,0,0,0,0,0.000,16,137280,340.000,0,0,0.000,0,0,0.000,8.198
decode,real,2519,560535380832555837,0,0,0,0,0.000,16,137296,340.000,0,0,0.000,0,0,0.000,8.157
decode,real,2520,560535380832555837,0,0,0,0,0.000,16,137312,340.000,0,0,0.000,0,0,0.000,8.178
decode,real,2521,560535380832555837,0,0,0,0,0.000,16,137328,340.000,0,0,0.000,0,0,0.000,8.172
decode,real,2522,560535380832555837,0,0,0,0,0.000,16,137344,340.000,0,0,0.000,0,0,0.000,8.219
decode,real,2523,560535380832555837,0,0,0,0,0.000,16,137360,340.000,0,0,0.000,0,0,0.000,8.112
decode,real,2524,560535380832555837,0,0,0,0,0.000,16,137376,340.000,0,0,0.000,0,0,0.000,8.187
decode,real,2525,560535380832555837,0,0,0,0,0.000,16,137392,340.000,0,0,0.000,0,0,0.000,8.169
decode,real,2526,560535380832555837,0,0,0,0,0.000,16,137408,340.000,0,0,0.000,0,0,0.000,8.202
decode,real,2527,560535380832555837,0,0,0,0,0.000,16,137424,340.000,0,0,0.000,0,0,0.000,8.157
decode,real,2528,560535380832555837,0,0,0,0,0.000,16,137440,340.000,0,0,0.000,0,0,0.000,8.188
decode,real,2529,560535380832555837,0,0,0,0,0.000,16,137456,340.000,0,0,0.000,0,0,0.000,8.161
decode,real,2530,560535380832555837,0,0,0,0,0.000,16,137472,340.000,0,0,0.000,0,0,0.000,8.187
decode,real,2531,560535380832555837,0,0,0,0,0.000,16,137488,340.000,0,0,0.000,0,0,0.000,8.167
decode,real,2532,560535380832555837,0,0,0,0,0.000,16,137504,340.000,0,0,0.000,0,0,0.000,8.181
decode,real,2533,560535380832555837,0,0,0,0,0.000,16,137520,340.000,0,0,0.000,0,0,0.000,8.171
decode,real,2534,560535380832555837,0,0,0,0,0.000,16,137536,340.000,0,0,0.000,0,0,0.000,8.216
decode,real,2535,560535380832555837,0,0,0,0,0.000,16,137552,340.000,0,0,0.000,0,0,0.000,8.147
decode,real,2536,560535380832555837,0,0,0,0,0.000,16,137568,340.000,0,0,0.000,0,0,0.000,8.182
decode,real,2537,560535380832555837,0,0,0,0,0.000,16,137584,340.000,0,0,0.000,0,0,0.000,8.206
decode,real,2538,560535380832555837,0,0,0,0,0.000,16,137600,340.000,0,0,0.000,0,0,0.000,8.255
decode,real,2539,560535380832555837,0,0,0,0,0.000,16,137616,340.000,0,0,0.000,0,0,0.000,8.118
decode,real,2540,560535380832555837,0,0,0,0,0.000,16,137632,340.000,0,0,0.000,0,0,0.000,8.151
decode,real,2541,560535380832555837,0,0,0,0,0.000,16,137648,340.000,0,0,0.000,0,0,0.000,8.206
decode,real,2542,560535380832555837,0,0,0,0,0.000,16,137664,340.000,0,0,0.000,0,0,0.000,8.191
decode,real,2543,560535380832555837,0,0,0,0,0.000,16,137680,340.000,0,0,0.000,0,0,0.000,8.179
decode,real,2544,560535380832555837,0,0,0,0,0.000,16,137696,340.000,0,0,0.000,0,0,0.000,8.191
decode,real,2545,560535380832555837,0,0,0,0,0.000,16,137712,340.000,0,0,0.000,0,0,0.000,8.170
decode,real,2546,560535380832555837,0,0,0,0,0.000,16,137728,340.000,0,0,0.000,0,0,0.000,8.217
decode,real,2547,560535380832555837,0,0,0,0,0.000,16,137744,340.000,0,0,0.000,0,0,0.000,8.148
decode,real,2548,560535380832555837,0,0,0,0,0.000,16,137760,340.000,0,0,0.000,0,0,0.000,8.178
decode,real,2549,560535380832555837,0,0,0,0,0.000,16,137776,340.000,0,0,0.000,0,0,0.000,8.177
decode,real,2550,560535380832555837,0,0,0,0,0.000,16,137792,340.000,0,0,0.000,0,0,0.000,8.245
decode,real,2551,560535380832555837,0,0,0,0,0.000,16,137808,340.000,0,0,0.000,0,0,0.000,8.140
decode,real,2552,560535380832555837,0,0,0,0,0.000,16,137824,340.000,0,0,0.000,0,0,0.000,8.182
decode,real,2553,560535380832555837,0,0,0,0,0.000,16,137840,340.000,0,0,0.000,0,0,0.000,8.193
decode,real,2554,560535380832555837,0,0,0,0,0.000,16,137856,340.000,0,0,0.000,0,0,0.000,8.206
decode,real,2555,560535380832555837,0,0,0,0,0.000,16,137872,340.000,0,0,0.000,0,0,0.000,8.175
decode,real,2556,560535380832555837,0,0,0,0,0.000,16,137888,340.000,0,0,0.000,0,0,0.000,8.181
decode,real,2557,560535380832555837,0,0,0,0,0.000,16,137904,340.000,0,0,0.000,0,0,0.000,8.146
decode,real,2558,560535380832555837,0,0,0,0,0.000,16,137920,340.000,0,0,0.000,0,0,0.000,8.213
decode,real,2559,560535380832555837,0,0,0,0,0.000,16,137936,340.000,0,0,0.000,0,0,0.000,8.193
decode,real,2560,560535380832555837,0,0,0,0,0.000,16,137952,340.000,0,0,0.000,0,0,0.000,8.171
decode,real,2561,560535380832555837,0,0,0,0,0.000,16,137968,340.000,0,0,0.000,0,0,0.000,8.174
decode,real,2562,560535380832555837,0,0,0,0,0.000,16,137984,340.000,0,0,0.000,0,0,0.000,8.212
decode,real,2563,560535380832555837,0,0,0,0,0.000,16,138000,340.000,0,0,0.000,0,0,0.000,8.179
decode,real,2564,560535380832555837,0,0,0,0,0.000,16,138016,340.000,0,0,0.000,0,0,0.000,8.176
decode,real,2565,560535380832555837,0,0,0,0,0.000,16,138032,340.000,0,0,0.000,0,0,0.000,8.160
decode,real,2566,560535380832555837,0,0,0,0,0.000,16,138048,340.000,0,0,0.000,0,0,0.000,8.237
decode,real,2567,560535380832555837,0,0,0,0,0.000,16,138064,340.000,0,0,0.000,0,0,0.000,8.159
decode,real,2568,560535380832555837,0,0,0,0,0.000,16,138080,340.000,0,0,0.000,0,0,0.000,8.183
decode,real,2569,560535380832555837,0,0,0,0,0.000,16,138096,340.000,0,0,0.000,0,0,0.000,8.176
decode,real,2570,560535380832555837,0,0,0,0,0.000,16,138112,340.000,0,0,0.000,0,0,0.000,8.208
decode,real,2571,560535380832555837,0,0,0,0,0.000,16,138128,340.000,0,0,0.000,0,0,0.000,8.179
decode,real,2572,560535380832555837,0,0,0,0,0.000,16,138144,340.000,0,0,0.000,0,0,0.000,8.195
decode,real,2573,560535380832555837,0,0,0,0,0.000,16,138160,340.000,0,0,0.000,0,0,0.000,8.180
decode,real,2574,560535380832555837,0,0,0,0,0.000,16,138176,340.000,0,0,0.000,0,0,0.000,8.210
decode,real,2575,560535380832555837,0,0,0,0,0.000,16,138192,340.000,0,0,0.000,0,0,0.000,8.168
decode,real,2576,560535380832555837,0,0,0,0,0.000,16,138208,340.000,0,0,0.000,0,0,0.000,8.176
decode,real,2577,560535380832555837,0,0,0,0,0.000,16,138224,340.000,0,0,0.000,0,0,0.000,8.203
decode,real,2578,560535380832555837,0,0,0,0,0.000,16,138240,340.000,0,0,0.000,0,0,0.000,8.200
decode,real,2579,560535380832555837,0,0,0,0,0.000,16,138256,340.000,0,0,0.000,0,0,0.000,8.174
decode,real,2580,560535380832555837,0,0,0,0,0.000,16,138272,340.000,0,0,0.000,0,0,0.000,8.181
decode,real,2581,560535380832555837,0,0,0,0,0.000,16,138288,340.000,0,0,0.000,0,0,0.000,8.188
decode,real,2582,560535380832555837,0,0,0,0,0.000,16,138304,340.000,0,0,0.000,0,0,0.000,8.237
decode,real,2583,560535380832555837,0,0,0,0,0.000,16,138320,340.000,0,0,0.000,0,0,0.000,8.169
decode,real,2584,560535380832555837,0,0,0,0,0.000,16,138336,340.000,0,0,0.000,0,0,0.000,8.152
decode,real,2585,560535380832555837,0,0,0,0,0.000,16,138352,340.000,0,0,0.000,0,0,0.000,8.212
decode,real,2586,560535380832555837,0,0,0,0,0.000,16,138368,340.000,0,0,0.000,0,0,0.000,8.212
decode,real,2587,560535380832555837,0,0,0,0,0.000,16,138384,340.000,0,0,0.000,0,0,0.000,8.147
decode,real,2588,560535380832555837,0,0,0,0,0.000,16,138400,340.000,0,0,0.000,0,0,0.000,8.212
decode,real,2589,560535380832555837,0,0,0,0,0.000,16,138416,340.000,0,0,0.000,0,0,0.000,8.158
decode,real,2590,560535380832555837,0,0,0,0,0.000,16,138432,340.000,0,0,0.000,0,0,0.000,8.203
decode,real,2591,560535380832555837,0,0,0,0,0.000,16,138448,340.000,0,0,0.000,0,0,0.000,8.193
decode,real,2592,560535380832555837,0,0,0,0,0.000,16,138464,340.000,0,0,0.000,0,0,0.000,8.188
decode,real,2593,560535380832555837,0,0,0,0,0.000,16,138480,340.000,0,0,0.000,0,0,0.000,8.191
decode,real,2594,560535380832555837,0,0,0,0,0.000,16,138496,340.000,0,0,0.000,0,0,0.000,8.185
decode,real,2595,560535380832555837,0,0,0,0,0.000,16,138512,340.000,0,0,0.000,0,0,0.000,8.197
decode,real,2596,560535380832555837,0,0,0,0,0.000,16,138528,340.000,0,0,0.000,0,0,0.000,8.170
decode,real,2597,560535380832555837,0,0,0,0,0.000,16,138544,340.000,0,0,0.000,0,0,0.000,8.190
decode,real,2598,560535380832555837,0,0,0,0,0.000,16,138560,340.000,0,0,0.000,0,0,0.000,8.230
decode,real,2599,560535380832555837,0,0,0,0,0.000,16,138576,340.000,0,0,0.000,0,0,0.000,8.175
decode,real,2600,560535380832555837,0,0,0,0,0.000,16,138592,340.000,0,0,0.000,0,0,0.000,8.197
decode,real,2601,560535380832555837,0,0,0,0,0.000,16,138608,340.000,0,0,0.000,0,0,0.000,8.184
decode,real,2602,560535380832555837,0,0,0,0,0.000,16,138624,340.000,0,0,0.000,0,0,0.000,8.199
decode,real,2603,560535380832555837,0,0,0,0,0.000,16,138640,340.000,0,0,0.000,0,0,0.000,8.182
decode,real,2604,560535380832555837,0,0,0,0,0.000,16,138656,340.000,0,0,0.000,0,0,0.000,8.161
decode,real,2605,560535380832555837,0,0,0,0,0.000,16,138672,340.000,0,0,0.000,0,0,0.000,8.220
decode,real,2606,560535380832555837,0,0,0,0,0.000,16,138688,340.000,0,0,0.000,0,0,0.000,8.196
decode,real,2607,560535380832555837,0,0,0,0,0.000,16,138704,340.000,0,0,0.000,0,0,0.000,8.167
decode,real,2608,560535380832555837,0,0,0,0,0.000,16,138720,340.000,0,0,0.000,0,0,0.000,8.195
decode,real,2609,560535380832555837,0,0,0,0,0.000,16,138736,340.000,0,0,0.000,0,0,0.000,8.210
decode,real,2610,560535380832555837,0,0,0,0,0.000,16,138752,340.000,0,0,0.000,0,0,0.000,8.176
decode,real,2611,560535380832555837,0,0,0,0,0.000,16,138768,340.000,0,0,0.000,0,0,0.000,8.187
decode,real,2612,560535380832555837,0,0,0,0,0.000,16,138784,340.000,0,0,0.000,0,0,0.000,8.167
decode,real,2613,560535380832555837,0,0,0,0,0.000,16,138800,340.000,0,0,0.000,0,0,0.000,8.230
decode,real,2614,560535380832555837,0,0,0,0,0.000,16,138816,340.000,0,0,0.000,0,0,0.000,8.222
decode,real,2615,560535380832555837,0,0,0,0,0.000,16,138832,340.000,0,0,0.000,0,0,0.000,8.162
decode,real,2616,560535380832555837,0,0,0,0,0.000,16,138848,340.000,0,0,0.000,0,0,0.000,8.168
decode,real,2617,560535380832555837,0,0,0,0,0.000,16,138864,340.000,0,0,0.000,0,0,0.000,8.209
decode,real,2618,560535380832555837,0,0,0,0,0.000,16,138880,340.000,0,0,0.000,0,0,0.000,8.197
decode,real,2619,560535380832555837,0,0,0,0,0.000,16,138896,340.000,0,0,0.000,0,0,0.000,8.223
decode,real,2620,560535380832555837,0,0,0,0,0.000,16,138912,340.000,0,0,0.000,0,0,0.000,8.140
decode,real,2621,560535380832555837,0,0,0,0,0.000,16,138928,340.000,0,0,0.000,0,0,0.000,8.198
decode,real,2622,560535380832555837,0,0,0,0,0.000,16,138944,340.000,0,0,0.000,0,0,0.000,8.221
decode,real,2623,560535380832555837,0,0,0,0,0.000,16,138960,340.000,0,0,0.000,0,0,0.000,8.152
decode,real,2624,560535380832555837,0,0,0,0,0.000,16,138976,340.000,0,0,0.000,0,0,0.000,8.245
decode,real,2625,560535380832555837,0,0,0,0,0.000,16,138992,340.000,0,0,0.000,0,0,0.000,8.171
decode,real,2626,560535380832555837,0,0,0,0,0.000,16,139008,340.000,0,0,0.000,0,0,0.000,8.194
decode,real,2627,560535380832555837,0,0,0,0,0.000,16,139024,340.000,0,0,0.000,0,0,0.000,8.172
decode,real,2628,560535380832555837,0,0,0,0,0.000,16,139040,340.000,0,0,0.000,0,0,0.000,8.181
decode,real,2629,560535380832555837,0,0,0,0,0.000,16,139056,340.000,0,0,0.000,0,0,0.000,8.198
decode,real,2630,560535380832555837,0,0,0,0,0.000,16,139072,340.000,0,0,0.000,0,0,0.000,8.216
decode,real,2631,560535380832555837,0,0,0,0,0.000,16,139088,340.000,0,0,0.000,0,0,0.000,8.174
decode,real,2632,560535380832555837,0,0,0,0,0.000,16,139104,340.000,0,0,0.000,0,0,0.000,8.189
decode,real,2633,560535380832555837,0,0,0,0,0.000,16,139120,340.000,0,0,0.000,0,0,0.000,8.219
decode,real,2634,560535380832555837,0,0,0,0,0.000,16,139136,340.000,0,0,0.000,0,0,0.000,8.225
decode,real,2635,560535380832555837,0,0,0,0,0.000,16,139152,340.000,0,0,0.000,0,0,0.000,8.172
decode,real,2636,560535380832555837,0,0,0,0,0.000,16,139168,340.000,0,0,0.000,0,0,0.000,8.186
decode,real,2637,560535380832555837,0,0,0,0,0.000,16,139184,340.000,0,0,0.000,0,0,0.000,8.200
decode,real,2638,560535380832555837,0,0,0,0,0.000,16,139200,340.000,0,0,0.000,0,0,0.000,8.224
decode,real,2639,560535380832555837,0,0,0,0,0.000,16,139216,340.000,0,0,0.000,0,0,0.000,8.168
decode,real,2640,560535380832555837,0,0,0,0,0.000,16,139232,340.000,0,0,0.000,0,0,0.000,8.197
decode,real,2641,560535380832555837,0,0,0,0,0.000,16,139248,340.000,0,0,0.000,0,0,0.000,8.179
decode,real,2642,560535380832555837,0,0,0,0,0.000,16,139264,340.000,0,0,0.000,0,0,0.000,8.241
decode,real,2643,560535380832555837,0,0,0,0,0.000,16,139280,340.000,0,0,0.000,0,0,0.000,8.144
decode,real,2644,560535380832555837,0,0,0,0,0.000,16,139296,340.000,0,0,0.000,0,0,0.000,8.210
decode,real,2645,560535380832555837,0,0,0,0,0.000,16,139312,340.000,0,0,0.000,0,0,0.000,8.183
decode,real,2646,560535380832555837,0,0,0,0,0.000,16,139328,340.000,0,0,0.000,0,0,0.000,8.209
decode,real,2647,560535380832555837,0,0,0,0,0.000,16,139344,340.000,0,0,0.000,0,0,0.000,8.198
decode,real,2648,560535380832555837,0,0,0,0,0.000,16,139360,340.000,0,0,0.000,0,0,0.000,8.173
decode,real,2649,560535380832555837,0,0,0,0,0.000,16,139376,340.000,0,0,0.000,0,0,0.000,8.188
decode,real,2650,560535380832555837,0,0,0,0,0.000,16,139392,340.000,0,0,0.000,0,0,0.000,8.234
decode,real,2651,560535380832555837,0,0,0,0,0.000,16,139408,340.000,0,0,0.000,0,0,0.000,8.164
decode,real,2652,560535380832555837,0,0,0,0,0.000,16,139424,340.000,0,0,0.000,0,0,0.000,8.194
decode,real,2653,560535380832555837,0,0,0,0,0.000,16,139440,340.000,0,0,0.000,0,0,0.000,8.185
decode,real,2654,560535380832555837,0,0,0,0,0.000,16,139456,340.000,0,0,0.000,0,0,0.000,8.247
decode,real,2655,560535380832555837,0,0,0,0,0.000,16,139472,340.000,0,0,0.000,0,0,0.000,8.159
decode,real,2656,560535380832555837,0,0,0,0,0.000,16,139488,340.000,0,0,0.000,0,0,0.000,8.167
decode,real,2657,560535380832555837,0,0,0,0,0.000,16,139504,340.000,0,0,0.000,0,0,0.000,8.199
decode,real,2658,560535380832555837,0,0,0,0,0.000,16,139520,340.000,0,0,0.000,0,0,0.000,8.234
decode,real,2659,560535380832555837,0,0,0,0,0.000,16,139536,340.000,0,0,0.000,0,0,0.000,8.185
decode,real,2660,560535380832555837,0,0,0,0,0.000,16,139552,340.000,0,0,0.000,0,0,0.000,8.194
decode,real,2661,560535380832555837,0,0,0,0,0.000,16,139568,340.000,0,0,0.000,0,0,0.000,8.208
decode,real,2662,560535380832555837,0,0,0,0,0.000,16,139584,340.000,0,0,0.000,0,0,0.000,8.203
decode,real,2663,560535380832555837,0,0,0,0,0.000,16,139600,340.000,0,0,0.000,0,0,0.000,8.190
decode,real,2664,560535380832555837,0,0,0,0,0.000,16,139616,340.000,0,0,0.000,0,0,0.000,8.179
decode,real,2665,560535380832555837,0,0,0,0,0.000,16,139632,340.000,0,0,0.000,0,0,0.000,8.227
decode,real,2666,560535380832555837,0,0,0,0,0.000,16,139648,340.000,0,0,0.000,0,0,0.000,8.214
decode,real,2667,560535380832555837,0,0,0,0,0.000,16,139664,340.000,0,0,0.000,0,0,0.000,8.177
decode,real,2668,560535380832555837,0,0,0,0,0.000,16,139680,340.000,0,0,0.000,0,0,0.000,8.174
decode,real,2669,560535380832555837,0,0,0,0,0.000,16,139696,340.000,0,0,0.000,0,0,0.000,8.205
decode,real,2670,560535380832555837,0,0,0,0,0.000,16,139712,340.000,0,0,0.000,0,0,0.000,8.232
decode,real,2671,560535380832555837,0,0,0,0,0.000,16,139728,340.000,0,0,0.000,0,0,0.000,8.171
decode,real,2672,560535380832555837,0,0,0,0,0.000,16,139744,340.000,0,0,0.000,0,0,0.000,8.187
decode,real,2673,560535380832555837,0,0,0,0,0.000,16,139760,340.000,0,0,0.000,0,0,0.000,8.216
decode,real,2674,560535380832555837,0,0,0,0,0.000,16,139776,340.000,0,0,0.000,0,0,0.000,8.230
decode,real,2675,560535380832555837,0,0,0,0,0.000,16,139792,340.000,0,0,0.000,0,0,0.000,8.193
decode,real,2676,560535380832555837,0,0,0,0,0.000,16,139808,340.000,0,0,0.000,0,0,0.000,8.186
decode,real,2677,560535380832555837,0,0,0,0,0.000,16,139824,340.000,0,0,0.000,0,0,0.000,8.209
decode,real,2678,560535380832555837,0,0,0,0,0.000,16,139840,340.000,0,0,0.000,0,0,0.000,8.236
decode,real,2679,560535380832555837,0,0,0,0,0.000,16,139856,340.000,0,0,0.000,0,0,0.000,8.187
decode,real,2680,560535380832555837,0,0,0,0,0.000,16,139872,340.000,0,0,0.000,0,0,0.000,8.202
decode,real,2681,560535380832555837,0,0,0,0,0.000,16,139888,340.000,0,0,0.000,0,0,0.000,8.204
decode,real,2682,560535380832555837,0,0,0,0,0.000,16,139904,340.000,0,0,0.000,0,0,0.000,8.230
decode,real,2683,560535380832555837,0,0,0,0,0.000,16,139920,340.000,0,0,0.000,0,0,0.000,8.179
decode,real,2684,560535380832555837,0,0,0,0,0.000,16,139936,340.000,0,0,0.000,0,0,0.000,8.157
decode,real,2685,560535380832555837,0,0,0,0,0.000,16,139952,340.000,0,0,0.000,0,0,0.000,8.235
decode,real,2686,560535380832555837,0,0,0,0,0.000,16,139968,340.000,0,0,0.000,0,0,0.000,8.209
decode,real,2687,560535380832555837,0,0,0,0,0.000,16,139984,340.000,0,0,0.000,0,0,0.000,8.196
decode,real,2688,560535380832555837,0,0,0,0,0.000,16,140000,340.000,0,0,0.000,0,0,0.000,8.179
decode,real,2689,560535380832555837,0,0,0,0,0.000,16,140016,340.000,0,0,0.000,0,0,0.000,8.215
decode,real,2690,560535380832555837,0,0,0,0,0.000,16,140032,340.000,0,0,0.000,0,0,0.000,8.276
decode,real,2691,560535380832555837,0,0,0,0,0.000,16,140048,340.000,0,0,0.000,0,0,0.000,8.104
decode,real,2692,560535380832555837,0,0,0,0,0.000,16,140064,340.000,0,0,0.000,0,0,0.000,8.210
decode,real,2693,560535380832555837,0,0,0,0,0.000,16,140080,340.000,0,0,0.000,0,0,0.000,8.199
decode,real,2694,560535380832555837,0,0,0,0,0.000,16,140096,340.000,0,0,0.000,0,0,0.000,8.241
decode,real,2695,560535380832555837,0,0,0,0,0.000,16,140112,340.000,0,0,0.000,0,0,0.000,8.181
decode,real,2696,560535380832555837,0,0,0,0,0.000,16,140128,340.000,0,0,0.000,0,0,0.000,8.194
decode,real,2697,560535380832555837,0,0,0,0,0.000,16,140144,340.000,0,0,0.000,0,0,0.000,8.198
decode,real,2698,560535380832555837,0,0,0,0,0.000,16,140160,340.000,0,0,0.000,0,0,0.000,8.213
decode,real,2699,560535380832555837,0,0,0,0,0.000,16,140176,340.000,0,0,0.000,0,0,0.000,8.207
decode,real,2700,560535380832555837,0,0,0,0,0.000,16,140192,340.000,0,0,0.000,0,0,0.000,8.215
decode,real,2701,560535380832555837,0,0,0,0,0.000,16,140208,340.000,0,0,0.000,0,0,0.000,8.199
decode,real,2702,560535380832555837,0,0,0,0,0.000,16,140224,340.000,0,0,0.000,0,0,0.000,8.229
decode,real,2703,560535380832555837,0,0,0,0,0.000,16,140240,340.000,0,0,0.000,0,0,0.000,8.180
decode,real,2704,560535380832555837,0,0,0,0,0.000,16,140256,340.000,0,0,0.000,0,0,0.000,8.201
decode,real,2705,560535380832555837,0,0,0,0,0.000,16,140272,340.000,0,0,0.000,0,0,0.000,8.212
decode,real,2706,560535380832555837,0,0,0,0,0.000,16,140288,340.000,0,0,0.000,0,0,0.000,8.231
decode,real,2707,560535380832555837,0,0,0,0,0.000,16,140304,340.000,0,0,0.000,0,0,0.000,8.185
decode,real,2708,560535380832555837,0,0,0,0,0.000,16,140320,340.000,0,0,0.000,0,0,0.000,8.181
decode,real,2709,560535380832555837,0,0,0,0,0.000,16,140336,340.000,0,0,0.000,0,0,0.000,8.263
decode,real,2710,560535380832555837,0,0,0,0,0.000,16,140352,340.000,0,0,0.000,0,0,0.000,8.190
decode,real,2711,560535380832555837,0,0,0,0,0.000,16,140368,340.000,0,0,0.000,0,0,0.000,8.168
decode,real,2712,560535380832555837,0,0,0,0,0.000,16,140384,340.000,0,0,0.000,0,0,0.000,8.228
decode,real,2713,560535380832555837,0,0,0,0,0.000,16,140400,340.000,0,0,0.000,0,0,0.000,8.194
decode,real,2714,560535380832555837,0,0,0,0,0.000,16,140416,340.000,0,0,0.000,0,0,0.000,8.252
decode,real,2715,560535380832555837,0,0,0,0,0.000,16,140432,340.000,0,0,0.000,0,0,0.000,8.159
decode,real,2716,560535380832555837,0,0,0,0,0.000,16,140448,340.000,0,0,0.000,0,0,0.000,8.192
decode,real,2717,560535380832555837,0,0,0,0,0.000,16,140464,340.000,0,0,0.000,0,0,0.000,8.216
decode,real,2718,560535380832555837,0,0,0,0,0.000,16,140480,340.000,0,0,0.000,0,0,0.000,8.238
decode,real,2719,560535380832555837,0,0,0,0,0.000,16,140496,340.000,0,0,0.000,0,0,0.000,8.189
decode,real,2720,560535380832555837,0,0,0,0,0.000,16,140512,340.000,0,0,0.000,0,0,0.000,8.220
decode,real,2721,560535380832555837,0,0,0,0,0.000,16,140528,340.000,0,0,0.000,0,0,0.000,8.232
decode,real,2722,560535380832555837,0,0,0,0,0.000,16,140544,340.000,0,0,0.000,0,0,0.000,8.207
decode,real,2723,560535380832555837,0,0,0,0,0.000,16,140560,340.000,0,0,0.000,0,0,0.000,8.178
decode,real,2724,560535380832555837,0,0,0,0,0.000,16,140576,340.000,0,0,0.000,0,0,0.000,8.226
decode,real,2725,560535380832555837,0,0,0,0,0.000,16,140592,340.000,0,0,0.000,0,0,0.000,8.185
decode,real,2726,560535380832555837,0,0,0,0,0.000,16,140608,340.000,0,0,0.000,0,0,0.000,8.239
decode,real,2727,560535380832555837,0,0,0,0,0.000,16,140624,340.000,0,0,0.000,0,0,0.000,8.184
decode,real,2728,560535380832555837,0,0,0,0,0.000,16,140640,340.000,0,0,0.000,0,0,0.000,8.231
decode,real,2729,560535380832555837,0,0,0,0,0.000,16,140656,340.000,0,0,0.000,0,0,0.000,8.196
decode,real,2730,560535380832555837,0,0,0,0,0.000,16,140672,340.000,0,0,0.000,0,0,0.000,8.250
decode,real,2731,560535380832555837,0,0,0,0,0.000,16,140688,340.000,0,0,0.000,0,0,0.000,8.188
decode,real,2732,560535380832555837,0,0,0,0,0.000,16,140704,340.000,0,0,0.000,0,0,0.000,8.197
decode,real,2733,560535380832555837,0,0,0,0,0.000,16,140720,340.000,0,0,0.000,0,0,0.000,8.214
decode,real,2734,560535380832555837,0,0,0,0,0.000,16,140736,340.000,0,0,0.000,0,0,0.000,8.232
decode,real,2735,560535380832555837,0,0,0,0,0.000,16,140752,340.000,0,0,0.000,0,0,0.000,8.192
decode,real,2736,560535380832555837,0,0,0,0,0.000,16,140768,340.000,0,0,0.000,0,0,0.000,8.216
decode,real,2737,560535380832555837,0,0,0,0,0.000,16,140784,340.000,0,0,0.000,0,0,0.000,8.198
decode,real,2738,560535380832555837,0,0,0,0,0.000,16,140800,340.000,0,0,0.000,0,0,0.000,8.261
decode,real,2739,560535380832555837,0,0,0,0,0.000,16,140816,340.000,0,0,0.000,0,0,0.000,8.170
decode,real,2740,560535380832555837,0,0,0,0,0.000,16,140832,340.000,0,0,0.000,0,0,0.000,8.222
decode,real,2741,560535380832555837,0,0,0,0,0.000,16,140848,340.000,0,0,0.000,0,0,0.000,8.173
decode,real,2742,560535380832555837,0,0,0,0,0.000,16,140864,340.000,0,0,0.000,0,0,0.000,8.263
decode,real,2743,560535380832555837,0,0,0,0,0.000,16,140880,340.000,0,0,0.000,0,0,0.000,8.191
decode,real,2744,560535380832555837,0,0,0,0,0.000,16,140896,340.000,0,0,0.000,0,0,0.000,8.180
decode,real,2745,560535380832555837,0,0,0,0,0.000,16,140912,340.000,0,0,0.000,0,0,0.000,8.201
decode,real,2746,560535380832555837,0,0,0,0,0.000,16,140928,340.000,0,0,0.000,0,0,0.000,8.253
decode,real,2747,560535380832555837,0,0,0,0,0.000,16,140944,340.000,0,0,0.000,0,0,0.000,8.192
decode,real,2748,560535380832555837,0,0,0,0,0.000,16,140960,340.000,0,0,0.000,0,0,0.000,8.217
decode,real,2749,560535380832555837,0,0,0,0,0.000,16,140976,340.000,0,0,0.000,0,0,0.000,8.195
decode,real,2750,560535380832555837,0,0,0,0,0.000,16,140992,340.000,0,0,0.000,0,0,0.000,8.227
decode,real,2751,560535380832555837,0,0,0,0,0.000,16,141008,340.000,0,0,0.000,0,0,0.000,8.193
decode,real,2752,560535380832555837,0,0,0,0,0.000,16,141024,340.000,0,0,0.000,0,0,0.000,8.232
decode,real,2753,560535380832555837,0,0,0,0,0.000,16,141040,340.000,0,0,0.000,0,0,0.000,8.209
decode,real,2754,560535380832555837,0,0,0,0,0.000,16,141056,340.000,0,0,0.000,0,0,0.000,8.222
decode,real,2755,560535380832555837,0,0,0,0,0.000,16,141072,340.000,0,0,0.000,0,0,0.000,8.228
decode,real,2756,560535380832555837,0,0,0,0,0.000,16,141088,340.000,0,0,0.000,0,0,0.000,8.196
decode,real,2757,560535380832555837,0,0,0,0,0.000,16,141104,340.000,0,0,0.000,0,0,0.000,8.258
decode,real,2758,560535380832555837,0,0,0,0,0.000,16,141120,340.000,0,0,0.000,0,0,0.000,8.195
decode,real,2759,560535380832555837,0,0,0,0,0.000,16,141136,340.000,0,0,0.000,0,0,0.000,8.212
decode,real,2760,560535380832555837,0,0,0,0,0.000,16,141152,340.000,0,0,0.000,0,0,0.000,8.192
decode,real,2761,560535380832555837,0,0,0,0,0.000,16,141168,340.000,0,0,0.000,0,0,0.000,8.223
decode,real,2762,560535380832555837,0,0,0,0,0.000,16,141184,340.000,0,0,0.000,0,0,0.000,8.237
decode,real,2763,560535380832555837,0,0,0,0,0.000,16,141200,340.000,0,0,0.000,0,0,0.000,8.220
decode,real,2764,560535380832555837,0,0,0,0,0.000,16,141216,340.000,0,0,0.000,0,0,0.000,8.197
decode,real,2765,560535380832555837,0,0,0,0,0.000,16,141232,340.000,0,0,0.000,0,0,0.000,8.213
decode,real,2766,560535380832555837,0,0,0,0,0.000,16,141248,340.000,0,0,0.000,0,0,0.000,8.269
decode,real,2767,560535380832555837,0,0,0,0,0.000,16,141264,340.000,0,0,0.000,0,0,0.000,8.171
decode,real,2768,560535380832555837,0,0,0,0,0.000,16,141280,340.000,0,0,0.000,0,0,0.000,8.212
decode,real,2769,560535380832555837,0,0,0,0,0.000,16,141296,340.000,0,0,0.000,0,0,0.000,8.245
decode,real,2770,560535380832555837,0,0,0,0,0.000,16,141312,340.000,0,0,0.000,0,0,0.000,8.270
decode,real,2771,560535380832555837,0,0,0,0,0.000,16,141328,340.000,0,0,0.000,0,0,0.000,8.187
decode,real,2772,560535380832555837,0,0,0,0,0.000,16,141344,340.000,0,0,0.000,0,0,0.000,8.218
decode,real,2773,560535380832555837,0,0,0,0,0.000,16,141360,340.000,0,0,0.000,0,0,0.000,8.213
decode,real,2774,560535380832555837,0,0,0,0,0.000,16,141376,340.000,0,0,0.000,0,0,0.000,8.243
decode,real,2775,560535380832555837,0,0,0,0,0.000,16,141392,340.000,0,0,0.000,0,0,0.000,8.205
decode,real,2776,560535380832555837,0,0,0,0,0.000,16,141408,340.000,0,0,0.000,0,0,0.000,8.188
decode,real,2777,560535380832555837,0,0,0,0,0.000,16,141424,340.000,0,0,0.000,0,0,0.000,8.236
decode,real,2778,560535380832555837,0,0,0,0,0.000,16,141440,340.000,0,0,0.000,0,0,0.000,8.276
decode,real,2779,560535380832555837,0,0,0,0,0.000,16,141456,340.000,0,0,0.000,0,0,0.000,8.183
decode,real,2780,560535380832555837,0,0,0,0,0.000,16,141472,340.000,0,0,0.000,0,0,0.000,8.234
decode,real,2781,560535380832555837,0,0,0,0,0.000,16,141488,340.000,0,0,0.000,0,0,0.000,8.230
decode,real,2782,560535380832555837,0,0,0,0,0.000,16,141504,340.000,0,0,0.000,0,0,0.000,8.247
decode,real,2783,560535380832555837,0,0,0,0,0.000,16,141520,340.000,0,0,0.000,0,0,0.000,8.180
decode,real,2784,560535380832555837,0,0,0,0,0.000,16,141536,340.000,0,0,0.000,0,0,0.000,8.238
decode,real,2785,560535380832555837,0,0,0,0,0.000,16,141552,340.000,0,0,0.000,0,0,0.000,8.239
decode,real,2786,560535380832555837,0,0,0,0,0.000,16,141568,340.000,0,0,0.000,0,0,0.000,8.225
decode,real,2787,560535380832555837,0,0,0,0,0.000,16,141584,340.000,0,0,0.000,0,0,0.000,8.187
decode,real,2788,560535380832555837,0,0,0,0,0.000,16,141600,340.000,0,0,0.000,0,0,0.000,8.214
decode,real,2789,560535380832555837,0,0,0,0,0.000,16,141616,340.000,0,0,0.000,0,0,0.000,8.231
decode,real,2790,560535380832555837,0,0,0,0,0.000,16,141632,340.000,0,0,0.000,0,0,0.000,8.253
decode,real,2791,560535380832555837,0,0,0,0,0.000,16,141648,340.000,0,0,0.000,0,0,0.000,8.227
decode,real,2792,560535380832555837,0,0,0,0,0.000,16,141664,340.000,0,0,0.000,0,0,0.000,8.211
decode,real,2793,560535380832555837,0,0,0,0,0.000,16,141680,340.000,0,0,0.000,0,0,0.000,8.253
decode,real,2794,560535380832555837,0,0,0,0,0.000,16,141696,340.000,0,0,0.000,0,0,0.000,8.216
decode,real,2795,560535380832555837,0,0,0,0,0.000,16,141712,340.000,0,0,0.000,0,0,0.000,8.241
decode,real,2796,560535380832555837,0,0,0,0,0.000,16,141728,340.000,0,0,0.000,0,0,0.000,8.223
decode,real,2797,560535380832555837,0,0,0,0,0.000,16,141744,340.000,0,0,0.000,0,0,0.000,8.194
decode,real,2798,560535380832555837,0,0,0,0,0.000,16,141760,340.000,0,0,0.000,0,0,0.000,8.255
decode,real,2799,560535380832555837,0,0,0,0,0.000,16,141776,340.000,0,0,0.000,0,0,0.000,8.237
decode,real,2800,560535380832555837,0,0,0,0,0.000,16,141792,340.000,0,0,0.000,0,0,0.000,8.205
decode,real,2801,560535380832555837,0,0,0,0,0.000,16,141808,340.000,0,0,0.000,0,0,0.000,8.246
decode,real,2802,560535380832555837,0,0,0,0,0.000,16,141824,340.000,0,0,0.000,0,0,0.000,8.249
decode,real,2803,560535380832555837,0,0,0,0,0.000,16,141840,340.000,0,0,0.000,0,0,0.000,8.227
decode,real,2804,560535380832555837,0,0,0,0,0.000,16,141856,340.000,0,0,0.000,0,0,0.000,8.204
decode,real,2805,560535380832555837,0,0,0,0,0.000,16,141872,340.000,0,0,0.000,0,0,0.000,8.193
decode,real,2806,560535380832555837,0,0,0,0,0.000,16,141888,340.000,0,0,0.000,0,0,0.000,8.278
decode,real,2807,560535380832555837,0,0,0,0,0.000,16,141904,340.000,0,0,0.000,0,0,0.000,8.210
decode,real,2808,560535380832555837,0,0,0,0,0.000,16,141920,340.000,0,0,0.000,0,0,0.000,8.240
decode,real,2809,560535380832555837,0,0,0,0,0.000,16,141936,340.000,0,0,0.000,0,0,0.000,8.243
decode,real,2810,560535380832555837,0,0,0,0,0.000,16,141952,340.000,0,0,0.000,0,0,0.000,8.208
decode,real,2811,560535380832555837,0,0,0,0,0.000,16,141968,340.000,0,0,0.000,0,0,0.000,8.241
decode,real,2812,560535380832555837,0,0,0,0,0.000,16,141984,340.000,0,0,0.000,0,0,0.000,8.184
decode,real,2813,560535380832555837,0,0,0,0,0.000,16,142000,340.000,0,0,0.000,0,0,0.000,8.240
decode,real,2814,560535380832555837,0,0,0,0,0.000,16,142016,340.000,0,0,0.000,0,0,0.000,8.256
decode,real,2815,560535380832555837,0,0,0,0,0.000,16,142032,340.000,0,0,0.000,0,0,0.000,8.213
decode,real,2816,560535380832555837,0,0,0,0,0.000,16,142048,340.000,0,0,0.000,0,0,0.000,8.203
decode,real,2817,560535380832555837,0,0,0,0,0.000,16,142064,340.000,0,0,0.000,0,0,0.000,8.245
decode,real,2818,560535380832555837,0,0,0,0,0.000,16,142080,340.000,0,0,0.000,0,0,0.000,8.260
decode,real,2819,560535380832555837,0,0,0,0,0.000,16,142096,340.000,0,0,0.000,0,0,0.000,8.217
decode,real,2820,560535380832555837,0,0,0,0,0.000,16,142112,340.000,0,0,0.000,0,0,0.000,8.220
decode,real,2821,560535380832555837,0,0,0,0,0.000,16,142128,340.000,0,0,0.000,0,0,0.000,8.236
decode,real,2822,560535380832555837,0,0,0,0,0.000,16,142144,340.000,0,0,0.000,0,0,0.000,8.269
decode,real,2823,560535380832555837,0,0,0,0,0.000,16,142160,340.000,0,0,0.000,0,0,0.000,8.223
decode,real,2824,560535380832555837,0,0,0,0,0.000,16,142176,340.000,0,0,0.000,0,0,0.000,8.222
decode,real,2825,560535380832555837,0,0,0,0,0.000,16,142192,340.000,0,0,0.000,0,0,0.000,8.226
decode,real,2826,560535380832555837,0,0,0,0,0.000,16,142208,340.000,0,0,0.000,0,0,0.000,8.241
decode,real,2827,560535380832555837,0,0,0,0,0.000,16,142224,340.000,0,0,0.000,0,0,0.000,8.207
decode,real,2828,560535380832555837,0,0,0,0,0.000,16,142240,340.000,0,0,0.000,0,0,0.000,8.232
decode,real,2829,560535380832555837,0,0,0,0,0.000,16,142256,340.000,0,0,0.000,0,0,0.000,8.268
decode,real,2830,560535380832555837,0,0,0,0,0.000,16,142272,340.000,0,0,0.000,0,0,0.000,8.228
decode,real,2831,560535380832555837,0,0,0,0,0.000,16,142288,340.000,0,0,0.000,0,0,0.000,8.191
decode,real,2832,560535380832555837,0,0,0,0,0.000,16,142304,340.000,0,0,0.000,0,0,0.000,8.243
decode,real,2833,560535380832555837,0,0,0,0,0.000,16,142320,340.000,0,0,0.000,0,0,0.000,8.223
decode,real,2834,560535380832555837,0,0,0,0,0.000,16,142336,340.000,0,0,0.000,0,0,0.000,8.258
decode,real,2835,560535380832555837,0,0,0,0,0.000,16,142352,340.000,0,0,0.000,0,0,0.000,8.223
decode,real,2836,560535380832555837,0,0,0,0,0.000,16,142368,340.000,0,0,0.000,0,0,0.000,8.186
decode,real,2837,560535380832555837,0,0,0,0,0.000,16,142384,340.000,0,0,0.000,0,0,0.000,8.255
decode,real,2838,560535380832555837,0,0,0,0,0.000,16,142400,340.000,0,0,0.000,0,0,0.000,8.234
decode,real,2839,560535380832555837,0,0,0,0,0.000,16,142416,340.000,0,0,0.000,0,0,0.000,8.223
decode,real,2840,560535380832555837,0,0,0,0,0.000,16,142432,340.000,0,0,0.000,0,0,0.000,8.212
decode,real,2841,560535380832555837,0,0,0,0,0.000,16,142448,340.000,0,0,0.000,0,0,0.000,8.243
decode,real,2842,560535380832555837,0,0,0,0,0.000,16,142464,340.000,0,0,0.000,0,0,0.000,8.256
decode,real,2843,560535380832555837,0,0,0,0,0.000,16,142480,340.000,0,0,0.000,0,0,0.000,8.209
decode,real,2844,560535380832555837,0,0,0,0,0.000,16,142496,340.000,0,0,0.000,0,0,0.000,8.208
decode,real,2845,560535380832555837,0,0,0,0,0.000,16,142512,340.000,0,0,0.000,0,0,0.000,8.237
decode,real,2846,560535380832555837,0,0,0,0,0.000,16,142528,340.000,0,0,0.000,0,0,0.000,8.273
decode,real,2847,560535380832555837,0,0,0,0,0.000,16,142544,340.000,0,0,0.000,0,0,0.000,8.223
decode,real,2848,560535380832555837,0,0,0,0,0.000,16,142560,340.000,0,0,0.000,0,0,0.000,8.229
decode,real,2849,560535380832555837,0,0,0,0,0.000,16,142576,340.000,0,0,0.000,0,0,0.000,8.226
decode,real,2850,560535380832555837,0,0,0,0,0.000,16,142592,340.000,0,0,0.000,0,0,0.000,8.260
decode,real,2851,560535380832555837,0,0,0,0,0.000,16,142608,340.000,0,0,0.000,0,0,0.000,8.217
decode,real,2852,560535380832555837,0,0,0,0,0.000,16,142624,340.000,0,0,0.000,0,0,0.000,8.235
decode,real,2853,560535380832555837,0,0,0,0,0.000,16,142640,340.000,0,0,0.000,0,0,0.000,8.257
decode,real,2854,560535380832555837,0,0,0,0,0.000,16,142656,340.000,0,0,0.000,0,0,0.000,8.261
decode,real,2855,560535380832555837,0,0,0,0,0.000,16,142672,340.000,0,0,0.000,0,0,0.000,8.204
decode,real,2856,560535380832555837,0,0,0,0,0.000,16,142688,340.000,0,0,0.000,0,0,0.000,8.223
decode,real,2857,560535380832555837,0,0,0,0,0.000,16,142704,340.000,0,0,0.000,0,0,0.000,8.257
decode,real,2858,560535380832555837,0,0,0,0,0.000,16,142720,340.000,0,0,0.000,0,0,0.000,8.248
decode,real,2859,560535380832555837,0,0,0,0,0.000,16,142736,340.000,0,0,0.000,0,0,0.000,8.225
decode,real,2860,560535380832555837,0,0,0,0,0.000,16,142752,340.000,0,0,0.000,0,0,0.000,8.237
decode,real,2861,560535380832555837,0,0,0,0,0.000,16,142768,340.000,0,0,0.000,0,0,0.000,8.268
decode,real,2862,560535380832555837,0,0,0,0,0.000,16,142784,340.000,0,0,0.000,0,0,0.000,8.261
decode,real,2863,560535380832555837,0,0,0,0,0.000,16,142800,340.000,0,0,0.000,0,0,0.000,8.216
decode,real,2864,560535380832555837,0,0,0,0,0.000,16,142816,340.000,0,0,0.000,0,0,0.000,8.227
decode,real,2865,560535380832555837,0,0,0,0,0.000,16,142832,340.000,0,0,0.000,0,0,0.000,8.224
decode,real,2866,560535380832555837,0,0,0,0,0.000,16,142848,340.000,0,0,0.000,0,0,0.000,8.274
decode,real,2867,560535380832555837,0,0,0,0,0.000,16,142864,340.000,0,0,0.000,0,0,0.000,8.215
decode,real,2868,560535380832555837,0,0,0,0,0.000,16,142880,340.000,0,0,0.000,0,0,0.000,8.208
decode,real,2869,560535380832555837,0,0,0,0,0.000,16,142896,340.000,0,0,0.000,0,0,0.000,8.265
decode,real,2870,560535380832555837,0,0,0,0,0.000,16,142912,340.000,0,0,0.000,0,0,0.000,8.241
decode,real,2871,560535380832555837,0,0,0,0,0.000,16,142928,340.000,0,0,0.000,0,0,0.000,8.237
decode,real,2872,560535380832555837,0,0,0,0,0.000,16,142944,340.000,0,0,0.000,0,0,0.000,8.230
decode,real,2873,560535380832555837,0,0,0,0,0.000,16,142960,340.000,0,0,0.000,0,0,0.000,8.247
decode,real,2874,560535380832555837,0,0,0,0,0.000,16,142976,340.000,0,0,0.000,0,0,0.000,8.256
decode,real,2875,560535380832555837,0,0,0,0,0.000,16,142992,340.000,0,0,0.000,0,0,0.000,8.224
decode,real,2876,560535380832555837,0,0,0,0,0.000,16,143008,340.000,0,0,0.000,0,0,0.000,8.234
decode,real,2877,560535380832555837,0,0,0,0,0.000,16,143024,340.000,0,0,0.000,0,0,0.000,8.254
decode,real,2878,560535380832555837,0,0,0,0,0.000,16,143040,340.000,0,0,0.000,0,0,0.000,8.244
decode,real,2879,560535380832555837,0,0,0,0,0.000,16,143056,340.000,0,0,0.000,0,0,0.000,8.222
decode,real,2880,560535380832555837,0,0,0,0,0.000,16,143072,340.000,0,0,0.000,0,0,0.000,8.218
decode,real,2881,560535380832555837,0,0,0,0,0.000,16,143088,340.000,0,0,0.000,0,0,0.000,8.244
decode,real,2882,560535380832555837,0,0,0,0,0.000,16,143104,340.000,0,0,0.000,0,0,0.000,8.262
decode,real,2883,560535380832555837,0,0,0,0,0.000,16,143120,340.000,0,0,0.000,0,0,0.000,8.239
decode,real,2884,560535380832555837,0,0,0,0,0.000,16,143136,340.000,0,0,0.000,0,0,0.000,8.210
decode,real,2885,560535380832555837,0,0,0,0,0.000,16,143152,340.000,0,0,0.000,0,0,0.000,8.252
decode,real,2886,560535380832555837,0,0,0,0,0.000,16,143168,340.000,0,0,0.000,0,0,0.000,8.232
decode,real,2887,560535380832555837,0,0,0,0,0.000,16,143184,340.000,0,0,0.000,0,0,0.000,8.241
decode,real,2888,560535380832555837,0,0,0,0,0.000,16,143200,340.000,0,0,0.000,0,0,0.000,8.244
decode,real,2889,560535380832555837,0,0,0,0,0.000,16,143216,340.000,0,0,0.000,0,0,0.000,8.254
decode,real,2890,560535380832555837,0,0,0,0,0.000,16,143232,340.000,0,0,0.000,0,0,0.000,8.222
decode,real,2891,560535380832555837,0,0,0,0,0.000,16,143248,340.000,0,0,0.000,0,0,0.000,8.265
decode,real,2892,560535380832555837,0,0,0,0,0.000,16,143264,340.000,0,0,0.000,0,0,0.000,8.236
decode,real,2893,560535380832555837,0,0,0,0,0.000,16,143280,340.000,0,0,0.000,0,0,0.000,8.245
decode,real,2894,560535380832555837,0,0,0,0,0.000,16,143296,340.000,0,0,0.000,0,0,0.000,8.281
decode,real,2895,560535380832555837,0,0,0,0,0.000,16,143312,340.000,0,0,0.000,0,0,0.000,8.231
decode,real,2896,560535380832555837,0,0,0,0,0.000,16,143328,340.000,0,0,0.000,0,0,0.000,8.269
decode,real,2897,560535380832555837,0,0,0,0,0.000,16,143344,340.000,0,0,0.000,0,0,0.000,8.269
decode,real,2898,560535380832555837,0,0,0,0,0.000,16,143360,340.000,0,0,0.000,0,0,0.000,8.266
decode,real,2899,560535380832555837,0,0,0,0,0.000,16,143376,340.000,0,0,0.000,0,0,0.000,8.255
decode,real,2900,560535380832555837,0,0,0,0,0.000,16,143392,340.000,0,0,0.000,0,0,0.000,8.216
decode,real,2901,560535380832555837,0,0,0,0,0.000,16,143408,340.000,0,0,0.000,0,0,0.000,8.278
decode,real,2902,560535380832555837,0,0,0,0,0.000,16,143424,340.000,0,0,0.000,0,0,0.000,8.275
decode,real,2903,560535380832555837,0,0,0,0,0.000,16,143440,340.000,0,0,0.000,0,0,0.000,8.272
decode,real,2904,560535380832555837,0,0,0,0,0.000,16,143456,340.000,0,0,0.000,0,0,0.000,8.227
decode,real,2905,560535380832555837,0,0,0,0,0.000,16,143472,340.000,0,0,0.000,0,0,0.000,8.267
decode,real,2906,560535380832555837,0,0,0,0,0.000,16,143488,340.000,0,0,0.000,0,0,0.000,8.302
decode,real,2907,560535380832555837,0,0,0,0,0.000,16,143504,340.000,0,0,0.000,0,0,0.000,8.242
decode,real,2908,560535380832555837,0,0,0,0,0.000,16,143520,340.000,0,0,0.000,0,0,0.000,8.258
decode,real,2909,560535380832555837,0,0,0,0,0.000,16,143536,340.000,0,0,0.000,0,0,0.000,8.258
decode,real,2910,560535380832555837,0,0,0,0,0.000,16,143552,340.000,0,0,0.000,0,0,0.000,8.264
decode,real,2911,560535380832555837,0,0,0,0,0.000,16,143568,340.000,0,0,0.000,0,0,0.000,8.271
decode,real,2912,560535380832555837,0,0,0,0,0.000,16,143584,340.000,0,0,0.000,0,0,0.000,8.268
decode,real,2913,560535380832555837,0,0,0,0,0.000,16,143600,340.000,0,0,0.000,0,0,0.000,8.276
decode,real,2914,560535380832555837,0,0,0,0,0.000,16,143616,340.000,0,0,0.000,0,0,0.000,8.276
decode,real,2915,560535380832555837,0,0,0,0,0.000,16,143632,340.000,0,0,0.000,0,0,0.000,8.245
decode,real,2916,560535380832555837,0,0,0,0,0.000,16,143648,340.000,0,0,0.000,0,0,0.000,8.257
decode,real,2917,560535380832555837,0,0,0,0,0.000,16,143664,340.000,0,0,0.000,0,0,0.000,8.284
decode,real,2918,560535380832555837,0,0,0,0,0.000,16,143680,340.000,0,0,0.000,0,0,0.000,8.311
decode,real,2919,560535380832555837,0,0,0,0,0.000,16,143696,340.000,0,0,0.000,0,0,0.000,8.247
decode,real,2920,560535380832555837,0,0,0,0,0.000,16,143712,340.000,0,0,0.000,0,0,0.000,8.255
decode,real,2921,560535380832555837,0,0,0,0,0.000,16,143728,340.000,0,0,0.000,0,0,0.000,8.271
decode,real,2922,560535380832555837,0,0,0,0,0.000,16,143744,340.000,0,0,0.000,0,0,0.000,8.302
decode,real,2923,560535380832555837,0,0,0,0,0.000,16,143760,340.000,0,0,0.000,0,0,0.000,8.217
decode,real,2924,560535380832555837,0,0,0,0,0.000,16,143776,340.000,0,0,0.000,0,0,0.000,8.238
decode,real,2925,560535380832555837,0,0,0,0,0.000,16,143792,340.000,0,0,0.000,0,0,0.000,8.266
decode,real,2926,560535380832555837,0,0,0,0,0.000,16,143808,340.000,0,0,0.000,0,0,0.000,8.245
decode,real,2927,560535380832555837,0,0,0,0,0.000,16,143824,340.000,0,0,0.000,0,0,0.000,8.290
decode,real,2928,560535380832555837,0,0,0,0,0.000,16,143840,340.000,0,0,0.000,0,0,0.000,8.214
decode,real,2929,560535380832555837,0,0,0,0,0.000,16,143856,340.000,0,0,0.000,0,0,0.000,8.185
decode,real,2930,560535380832555837,0,0,0,0,0.000,16,143872,340.000,0,0,0.000,0,0,0.000,8.252
decode,real,2931,560535380832555837,0,0,0,0,0.000,16,143888,340.000,0,0,0.000,0,0,0.000,8.201
decode,real,2932,560535380832555837,0,0,0,0,0.000,16,143904,340.000,0,0,0.000,0,0,0.000,8.229
decode,real,2933,560535380832555837,0,0,0,0,0.000,16,143920,340.000,0,0,0.000,0,0,0.000,8.231
decode,real,2934,560535380832555837,0,0,0,0,0.000,16,143936,340.000,0,0,0.000,0,0,0.000,8.243
decode,real,2935,560535380832555837,0,0,0,0,0.000,16,143952,340.000,0,0,0.000,0,0,0.000,8.200
decode,real,2936,560535380832555837,0,0,0,0,0.000,16,143968,340.000,0,0,0.000,0,0,0.000,8.255
decode,real,2937,560535380832555837,0,0,0,0,0.000,16,143984,340.000,0,0,0.000,0,0,0.000,8.217
decode,real,2938,560535380832555837,0,0,0,0,0.000,16,144000,340.000,0,0,0.000,0,0,0.000,8.243
decode,real,2939,560535380832555837,0,0,0,0,0.000,16,144016,340.000,0,0,0.000,0,0,0.000,8.224
decode,real,2940,560535380832555837,0,0,0,0,0.000,16,144032,340.000,0,0,0.000,0,0,0.000,8.232
decode,real,2941,560535380832555837,0,0,0,0,0.000,16,144048,340.000,0,0,0.000,0,0,0.000,8.210
decode,real,2942,560535380832555837,0,0,0,0,0.000,16,144064,340.000,0,0,0.000,0,0,0.000,8.259
decode,real,2943,560535380832555837,0,0,0,0,0.000,16,144080,340.000,0,0,0.000,0,0,0.000,8.241
decode,real,2944,560535380832555837,0,0,0,0,0.000,16,144096,340.000,0,0,0.000,0,0,0.000,8.213
decode,real,2945,560535380832555837,0,0,0,0,0.000,16,144112,340.000,0,0,0.000,0,0,0.000,8.223
decode,real,2946,560535380832555837,0,0,0,0,0.000,16,144128,340.000,0,0,0.000,0,0,0.000,8.244
decode,real,2947,560535380832555837,0,0,0,0,0.000,16,144144,340.000,0,0,0.000,0,0,0.000,8.209
decode,real,2948,560535380832555837,0,0,0,0,0.000,16,144160,340.000,0,0,0.000,0,0,0.000,8.235
decode,real,2949,560535380832555837,0,0,0,0,0.000,16,144176,340.000,0,0,0.000,0,0,0.000,8.285
decode,real,2950,560535380832555837,0,0,0,0,0.000,16,144192,340.000,0,0,0.000,0,0,0.000,8.224
decode,real,2951,560535380832555837,0,0,0,0,0.000,16,144208,340.000,0,0,0.000,0,0,0.000,8.192
decode,real,2952,560535380832555837,0,0,0,0,0.000,16,144224,340.000,0,0,0.000,0,0,0.000,8.249
decode,real,2953,560535380832555837,0,0,0,0,0.000,16,144240,340.000,0,0,0.000,0,0,0.000,8.230
decode,real,2954,560535380832555837,0,0,0,0,0.000,16,144256,340.000,0,0,0.000,0,0,0.000,8.284
decode,real,2955,560535380832555837,0,0,0,0,0.000,16,144272,340.000,0,0,0.000,0,0,0.000,8.197
decode,real,2956,560535380832555837,0,0,0,0,0.000,16,144288,340.000,0,0,0.000,0,0,0.000,8.236
decode,real,2957,560535380832555837,0,0,0,0,0.000,16,144304,340.000,0,0,0.000,0,0,0.000,8.236
decode,real,2958,560535380832555837,0,0,0,0,0.000,16,144320,340.000,0,0,0.000,0,0,0.000,8.276
decode,real,2959,560535380832555837,0,0,0,0,0.000,16,144336,340.000,0,0,0.000,0,0,0.000,8.190
decode,real,2960,560535380832555837,0,0,0,0,0.000,16,144352,340.000,0,0,0.000,0,0,0.000,8.252
decode,real,2961,560535380832555837,0,0,0,0,0.000,16,144368,340.000,0,0,0.000,0,0,0.000,8.234
decode,real,2962,560535380832555837,0,0,0,0,0.000,16,144384,340.000,0,0,0.000,0,0,0.000,8.277
decode,real,2963,560535380832555837,0,0,0,0,0.000,16,144400,340.000,0,0,0.000,0,0,0.000,8.199
decode,real,2964,560535380832555837,0,0,0,0,0.000,16,144416,340.000,0,0,0.000,0,0,0.000,8.222
decode,real,2965,560535380832555837,0,0,0,0,0.000,16,144432,340.000,0,0,0.000,0,0,0.000,8.232
decode,real,2966,560535380832555837,0,0,0,0,0.000,16,144448,340.000,0,0,0.000,0,0,0.000,8.265
decode,real,2967,560535380832555837,0,0,0,0,0.000,16,144464,340.000,0,0,0.000,0,0,0.000,8.224
decode,real,2968,560535380832555837,0,0,0,0,0.000,16,144480,340.000,0,0,0.000,0,0,0.000,8.240
decode,real,2969,560535380832555837,0,0,0,0,0.000,16,144496,340.000,0,0,0.000,0,0,0.000,8.222
decode,real,2970,560535380832555837,0,0,0,0,0.000,16,144512,340.000,0,0,0.000,0,0,0.000,8.238
decode,real,2971,560535380832555837,0,0,0,0,0.000,16,144528,340.000,0,0,0.000,0,0,0.000,8.202
decode,real,2972,560535380832555837,0,0,0,0,0.000,16,144544,340.000,0,0,0.000,0,0,0.000,8.251
decode,real,2973,560535380832555837,0,0,0,0,0.000,16,144560,340.000,0,0,0.000,0,0,0.000,8.250
decode,real,2974,560535380832555837,0,0,0,0,0.000,16,144576,340.000,0,0,0.000,0,0,0.000,8.279
decode,real,2975,560535380832555837,0,0,0,0,0.000,16,144592,340.000,0,0,0.000,0,0,0.000,8.185
decode,real,2976,560535380832555837,0,0,0,0,0.000,16,144608,340.000,0,0,0.000,0,0,0.000,8.236
decode,real,2977,560535380832555837,0,0,0,0,0.000,16,144624,340.000,0,0,0.000,0,0,0.000,8.247
decode,real,2978,560535380832555837,0,0,0,0,0.000,16,144640,340.000,0,0,0.000,0,0,0.000,8.274
decode,real,2979,560535380832555837,0,0,0,0,0.000,16,144656,340.000,0,0,0.000,0,0,0.000,8.220
decode,real,2980,560535380832555837,0,0,0,0,0.000,16,144672,340.000,0,0,0.000,0,0,0.000,8.198
decode,real,2981,560535380832555837,0,0,0,0,0.000,16,144688,340.000,0,0,0.000,0,0,0.000,8.243
decode,real,2982,560535380832555837,0,0,0,0,0.000,16,144704,340.000,0,0,0.000,0,0,0.000,8.256
decode,real,2983,560535380832555837,0,0,0,0,0.000,16,144720,340.000,0,0,0.000,0,0,0.000,8.222
decode,real,2984,560535380832555837,0,0,0,0,0.000,16,144736,340.000,0,0,0.000,0,0,0.000,8.240
decode,real,2985,560535380832555837,0,0,0,0,0.000,16,144752,340.000,0,0,0.000,0,0,0.000,8.229
decode,real,2986,560535380832555837,0,0,0,0,0.000,16,144768,340.000,0,0,0.000,0,0,0.000,8.261
decode,real,2987,560535380832555837,0,0,0,0,0.000,16,144784,340.000,0,0,0.000,0,0,0.000,8.229
decode,real,2988,560535380832555837,0,0,0,0,0.000,16,144800,340.000,0,0,0.000,0,0,0.000,8.219
decode,real,2989,560535380832555837,0,0,0,0,0.000,16,144816,340.000,0,0,0.000,0,0,0.000,8.284
decode,real,2990,560535380832555837,0,0,0,0,0.000,16,144832,340.000,0,0,0.000,0,0,0.000,8.234
decode,real,2991,560535380832555837,0,0,0,0,0.000,16,144848,340.000,0,0,0.000,0,0,0.000,8.191
decode,real,2992,560535380832555837,0,0,0,0,0.000,16,144864,340.000,0,0,0.000,0,0,0.000,8.259
decode,real,2993,560535380832555837,0,0,0,0,0.000,16,144880,340.000,0,0,0.000,0,0,0.000,8.224
decode,real,2994,560535380832555837,0,0,0,0,0.000,16,144896,340.000,0,0,0.000,0,0,0.000,8.272
decode,real,2995,560535380832555837,0,0,0,0,0.000,16,144912,340.000,0,0,0.000,0,0,0.000,8.240
decode,real,2996,560535380832555837,0,0,0,0,0.000,16,144928,340.000,0,0,0.000,0,0,0.000,8.230
decode,real,2997,560535380832555837,0,0,0,0,0.000,16,144944,340.000,0,0,0.000,0,0,0.000,8.244
decode,real,2998,560535380832555837,0,0,0,0,0.000,16,144960,340.000,0,0,0.000,0,0,0.000,8.256
decode,real,2999,560535380832555837,0,0,0,0,0.000,16,144976,340.000,0,0,0.000,0,0,0.000,8.238
decode,real,3000,560535380832555837,0,0,0,0,0.000,16,144992,340.000,0,0,0.000,0,0,0.000,8.243
decode,real,3001,560535380832555837,0,0,0,0,0.000,16,145008,340.000,0,0,0.000,0,0,0.000,8.234
decode,real,3002,560535380832555837,0,0,0,0,0.000,16,145024,340.000,0,0,0.000,0,0,0.000,8.284
decode,real,3003,560535380832555837,0,0,0,0,0.000,16,145040,340.000,0,0,0.000,0,0,0.000,8.207
decode,real,3004,560535380832555837,0,0,0,0,0.000,16,145056,340.000,0,0,0.000,0,0,0.000,8.237
decode,real,3005,560535380832555837,0,0,0,0,0.000,16,145072,340.000,0,0,0.000,0,0,0.000,8.248
decode,real,3006,560535380832555837,0,0,0,0,0.000,16,145088,340.000,0,0,0.000,0,0,0.000,8.273
decode,real,3007,560535380832555837,0,0,0,0,0.000,16,145104,340.000,0,0,0.000,0,0,0.000,8.203
decode,real,3008,560535380832555837,0,0,0,0,0.000,16,145120,340.000,0,0,0.000,0,0,0.000,8.235
decode,real,3009,560535380832555837,0,0,0,0,0.000,16,145136,340.000,0,0,0.000,0,0,0.000,8.244
decode,real,3010,560535380832555837,0,0,0,0,0.000,16,145152,340.000,0,0,0.000,0,0,0.000,8.263
decode,real,3011,560535380832555837,0,0,0,0,0.000,16,145168,340.000,0,0,0.000,0,0,0.000,8.225
decode,real,3012,560535380832555837,0,0,0,0,0.000,16,145184,340.000,0,0,0.000,0,0,0.000,8.238
decode,real,3013,560535380832555837,0,0,0,0,0.000,16,145200,340.000,0,0,0.000,0,0,0.000,8.269
decode,real,3014,560535380832555837,0,0,0,0,0.000,16,145216,340.000,0,0,0.000,0,0,0.000,8.231
decode,real,3015,560535380832555837,0,0,0,0,0.000,16,145232,340.000,0,0,0.000,0,0,0.000,8.203
decode,real,3016,560535380832555837,0,0,0,0,0.000,16,145248,340.000,0,0,0.000,0,0,0.000,8.244
decode,real,3017,560535380832555837,0,0,0,0,0.000,16,145264,340.000,0,0,0.000,0,0,0.000,8.239
decode,real,3018,560535380832555837,0,0,0,0,0.000,16,145280,340.000,0,0,0.000,0,0,0.000,8.294
decode,real,3019,560535380832555837,0,0,0,0,0.000,16,145296,340.000,0,0,0.000,0,0,0.000,8.217
decode,real,3020,560535380832555837,0,0,0,0,0.000,16,145312,340.000,0,0,0.000,0,0,0.000,8.247
decode,real,3021,560535380832555837,0,0,0,0,0.000,16,145328,340.000,0,0,0.000,0,0,0.000,8.243
decode,real,3022,560535380832555837,0,0,0,0,0.000,16,145344,340.000,0,0,0.000,0,0,0.000,8.231
decode,real,3023,560535380832555837,0,0,0,0,0.000,16,145360,340.000,0,0,0.000,0,0,0.000,8.251
decode,real,3024,560535380832555837,0,0,0,0,0.000,16,145376,340.000,0,0,0.000,0,0,0.000,8.201
decode,real,3025,560535380832555837,0,0,0,0,0.000,16,145392,340.000,0,0,0.000,0,0,0.000,8.270
decode,real,3026,560535380832555837,0,0,0,0,0.000,16,145408,340.000,0,0,0.000,0,0,0.000,8.264
decode,real,3027,560535380832555837,0,0,0,0,0.000,16,145424,340.000,0,0,0.000,0,0,0.000,8.236
decode,real,3028,560535380832555837,0,0,0,0,0.000,16,145440,340.000,0,0,0.000,0,0,0.000,8.222
decode,real,3029,560535380832555837,0,0,0,0,0.000,16,145456,340.000,0,0,0.000,0,0,0.000,8.261
decode,real,3030,560535380832555837,0,0,0,0,0.000,16,145472,340.000,0,0,0.000,0,0,0.000,8.243
decode,real,3031,560535380832555837,0,0,0,0,0.000,16,145488,340.000,0,0,0.000,0,0,0.000,8.198
decode,real,3032,560535380832555837,0,0,0,0,0.000,16,145504,340.000,0,0,0.000,0,0,0.000,8.247
decode,real,3033,560535380832555837,0,0,0,0,0.000,16,145520,340.000,0,0,0.000,0,0,0.000,8.263
decode,real,3034,560535380832555837,0,0,0,0,0.000,16,145536,340.000,0,0,0.000,0,0,0.000,8.269
decode,real,3035,560535380832555837,0,0,0,0,0.000,16,145552,340.000,0,0,0.000,0,0,0.000,8.221
decode,real,3036,560535380832555837,0,0,0,0,0.000,16,145568,340.000,0,0,0.000,0,0,0.000,8.234
decode,real,3037,560535380832555837,0,0,0,0,0.000,16,145584,340.000,0,0,0.000,0,0,0.000,8.247
decode,real,3038,560535380832555837,0,0,0,0,0.000,16,145600,340.000,0,0,0.000,0,0,0.000,8.276
decode,real,3039,560535380832555837,0,0,0,0,0.000,16,145616,340.000,0,0,0.000,0,0,0.000,8.219
decode,real,3040,560535380832555837,0,0,0,0,0.000,16,145632,340.000,0,0,0.000,0,0,0.000,8.216
decode,real,3041,560535380832555837,0,0,0,0,0.000,16,145648,340.000,0,0,0.000,0,0,0.000,8.249
decode,real,3042,560535380832555837,0,0,0,0,0.000,16,145664,340.000,0,0,0.000,0,0,0.000,8.284
decode,real,3043,560535380832555837,0,0,0,0,0.000,16,145680,340.000,0,0,0.000,0,0,0.000,8.213
decode,real,3044,560535380832555837,0,0,0,0,0.000,16,145696,340.000,0,0,0.000,0,0,0.000,8.284
decode,real,3045,560535380832555837,0,0,0,0,0.000,16,145712,340.000,0,0,0.000,0,0,0.000,8.251
decode,real,3046,560535380832555837,0,0,0,0,0.000,16,145728,340.000,0,0,0.000,0,0,0.000,8.233
decode,real,3047,560535380832555837,0,0,0,0,0.000,16,145744,340.000,0,0,0.000,0,0,0.000,8.242
decode,real,3048,560535380832555837,0,0,0,0,0.000,16,145760,340.000,0,0,0.000,0,0,0.000,8.227
decode,real,3049,560535380832555837,0,0,0,0,0.000,16,145776,340.000,0,0,0.000,0,0,0.000,8.245
decode,real,3050,560535380832555837,0,0,0,0,0.000,16,145792,340.000,0,0,0.000,0,0,0.000,8.251
decode,real,3051,560535380832555837,0,0,0,0,0.000,16,145808,340.000,0,0,0.000,0,0,0.000,8.251
decode,real,3052,560535380832555837,0,0,0,0,0.000,16,145824,340.000,0,0,0.000,0,0,0.000,8.232
decode,real,3053,560535380832555837,0,0,0,0,0.000,16,145840,340.000,0,0,0.000,0,0,0.000,8.232
decode,real,3054,560535380832555837,0,0,0,0,0.000,16,145856,340.000,0,0,0.000,0,0,0.000,8.270
decode,real,3055,560535380832555837,0,0,0,0,0.000,16,145872,340.000,0,0,0.000,0,0,0.000,8.241
decode,real,3056,560535380832555837,0,0,0,0,0.000,16,145888,340.000,0,0,0.000,0,0,0.000,8.244
decode,real,3057,560535380832555837,0,0,0,0,0.000,16,145904,340.000,0,0,0.000,0,0,0.000,8.265
decode,real,3058,560535380832555837,0,0,0,0,0.000,16,145920,340.000,0,0,0.000,0,0,0.000,8.240
decode,real,3059,560535380832555837,0,0,0,0,0.000,16,145936,340.000,0,0,0.000,0,0,0.000,8.233
decode,real,3060,560535380832555837,0,0,0,0,0.000,16,145952,340.000,0,0,0.000,0,0,0.000,8.251
decode,real,3061,560535380832555837,0,0,0,0,0.000,16,145968,340.000,0,0,0.000,0,0,0.000,8.224
decode,real,3062,560535380832555837,0,0,0,0,0.000,16,145984,340.000,0,0,0.000,0,0,0.000,8.268
decode,real,3063,560535380832555837,0,0,0,0,0.000,16,146000,340.000,0,0,0.000,0,0,0.000,8.232
decode,real,3064,560535380832555837,0,0,0,0,0.000,16,146016,340.000,0,0,0.000,0,0,0.000,8.266
decode,real,3065,560535380832555837,0,0,0,0,0.000,16,146032,340.000,0,0,0.000,0,0,0.000,8.217
decode,real,3066,560535380832555837,0,0,0,0,0.000,16,146048,340.000,0,0,0.000,0,0,0.000,8.292
decode,real,3067,560535380832555837,0,0,0,0,0.000,16,146064,340.000,0,0,0.000,0,0,0.000,8.214
decode,real,3068,560535380832555837,0,0,0,0,0.000,16,146080,340.000,0,0,0.000,0,0,0.000,8.248
decode,real,3069,560535380832555837,0,0,0,0,0.000,16,146096,340.000,0,0,0.000,0,0,0.000,8.252
decode,real,3070,560535380832555837,0,0,0,0,0.000,16,146112,340.000,0,0,0.000,0,0,0.000,8.269
decode,real,3071,560535380832555837,0,0,0,0,0.000,16,146128,340.000,0,0,0.000,0,0,0.000,8.251
decode,real,3072,560535380832555837,0,0,0,0,0.000,16,146144,340.000,0,0,0.000,0,0,0.000,8.239
decode,real,3073,560535380832555837,0,0,0,0,0.000,16,146160,340.000,0,0,0.000,0,0,0.000,8.240
decode,real,3074,560535380832555837,0,0,0,0,0.000,16,146176,340.000,0,0,0.000,0,0,0.000,8.294
decode,real,3075,560535380832555837,0,0,0,0,0.000,16,146192,340.000,0,0,0.000,0,0,0.000,8.223
decode,real,3076,560535380832555837,0,0,0,0,0.000,16,146208,340.000,0,0,0.000,0,0,0.000,8.244
decode,real,3077,560535380832555837,0,0,0,0,0.000,16,146224,340.000,0,0,0.000,0,0,0.000,8.256
decode,real,3078,560535380832555837,0,0,0,0,0.000,16,146240,340.000,0,0,0.000,0,0,0.000,8.279
decode,real,3079,560535380832555837,0,0,0,0,0.000,16,146256,340.000,0,0,0.000,0,0,0.000,8.227
decode,real,3080,560535380832555837,0,0,0,0,0.000,16,146272,340.000,0,0,0.000,0,0,0.000,8.246
decode,real,3081,560535380832555837,0,0,0,0,0.000,16,146288,340.000,0,0,0.000,0,0,0.000,8.238
decode,real,3082,560535380832555837,0,0,0,0,0.000,16,146304,340.000,0,0,0.000,0,0,0.000,8.274
decode,real,3083,560535380832555837,0,0,0,0,0.000,16,146320,340.000,0,0,0.000,0,0,0.000,8.244
decode,real,3084,560535380832555837,0,0,0,0,0.000,16,146336,340.000,0,0,0.000,0,0,0.000,8.247
decode,real,3085,560535380832555837,0,0,0,0,0.000,16,146352,340.000,0,0,0.000,0,0,0.000,8.244
decode,real,3086,560535380832555837,0,0,0,0,0.000,16,146368,340.000,0,0,0.000,0,0,0.000,8.287
decode,real,3087,560535380832555837,0,0,0,0,0.000,16,146384,340.000,0,0,0.000,0,0,0.000,8.227
decode,real,3088,560535380832555837,0,0,0,0,0.000,16,146400,340.000,0,0,0.000,0,0,0.000,8.263
decode,real,3089,560535380832555837,0,0,0,0,0.000,16,146416,340.000,0,0,0.000,0,0,0.000,8.225
decode,real,3090,560535380832555837,0,0,0,0,0.000,16,146432,340.000,0,0,0.000,0,0,0.000,8.278
decode,real,3091,560535380832555837,0,0,0,0,0.000,16,146448,340.000,0,0,0.000,0,0,0.000,8.236
decode,real,3092,560535380832555837,0,0,0,0,0.000,16,146464,340.000,0,0,0.000,0,0,0.000,8.252
decode,real,3093,560535380832555837,0,0,0,0,0.000,16,146480,340.000,0,0,0.000,0,0,0.000,8.247
decode,real,3094,560535380832555837,0,0,0,0,0.000,16,146496,340.000,0,0,0.000,0,0,0.000,8.279
decode,real,3095,560535380832555837,0,0,0,0,0.000,16,146512,340.000,0,0,0.000,0,0,0.000,8.249
decode,real,3096,560535380832555837,0,0,0,0,0.000,16,146528,340.000,0,0,0.000,0,0,0.000,8.259
decode,real,3097,560535380832555837,0,0,0,0,0.000,16,146544,340.000,0,0,0.000,0,0,0.000,8.258
decode,real,3098,560535380832555837,0,0,0,0,0.000,16,146560,340.000,0,0,0.000,0,0,0.000,8.265
decode,real,3099,560535380832555837,0,0,0,0,0.000,16,146576,340.000,0,0,0.000,0,0,0.000,8.222
decode,real,3100,560535380832555837,0,0,0,0,0.000,16,146592,340.000,0,0,0.000,0,0,0.000,8.257
decode,real,3101,560535380832555837,0,0,0,0,0.000,16,146608,340.000,0,0,0.000,0,0,0.000,8.231
decode,real,3102,560535380832555837,0,0,0,0,0.000,16,146624,340.000,0,0,0.000,0,0,0.000,8.295
decode,real,3103,560535380832555837,0,0,0,0,0.000,16,146640,340.000,0,0,0.000,0,0,0.000,8.219
decode,real,3104,560535380832555837,0,0,0,0,0.000,16,146656,340.000,0,0,0.000,0,0,0.000,8.264
decode,real,3105,560535380832555837,0,0,0,0,0.000,16,146672,340.000,0,0,0.000,0,0,0.000,8.257
decode,real,3106,560535380832555837,0,0,0,0,0.000,16,146688,340.000,0,0,0.000,0,0,0.000,8.271
decode,real,3107,560535380832555837,0,0,0,0,0.000,16,146704,340.000,0,0,0.000,0,0,0.000,8.237
decode,real,3108,560535380832555837,0,0,0,0,0.000,16,146720,340.000,0,0,0.000,0,0,0.000,8.257
decode,real,3109,560535380832555837,0,0,0,0,0.000,16,146736,340.000,0,0,0.000,0,0,0.000,8.259
decode,real,3110,560535380832555837,0,0,0,0,0.000,16,146752,340.000,0,0,0.000,0,0,0.000,8.276
decode,real,3111,560535380832555837,0,0,0,0,0.000,16,146768,340.000,0,0,0.000,0,0,0.000,8.231
decode,real,3112,560535380832555837,0,0,0,0,0.000,16,146784,340.000,0,0,0.000,0,0,0.000,8.244
decode,real,3113,560535380832555837,0,0,0,0,0.000,16,146800,340.000,0,0,0.000,0,0,0.000,8.255
decode,real,3114,560535380832555837,0,0,0,0,0.000,16,146816,340.000,0,0,0.000,0,0,0.000,8.257
decode,real,3115,560535380832555837,0,0,0,0,0.000,16,146832,340.000,0,0,0.000,0,0,0.000,8.247
decode,real,3116,560535380832555837,0,0,0,0,0.000,16,146848,340.000,0,0,0.000,0,0,0.000,8.285
decode,real,3117,560535380832555837,0,0,0,0,0.000,16,146864,340.000,0,0,0.000,0,0,0.000,8.241
decode,real,3118,560535380832555837,0,0,0,0,0.000,16,146880,340.000,0,0,0.000,0,0,0.000,8.279
decode,real,3119,560535380832555837,0,0,0,0,0.000,16,146896,340.000,0,0,0.000,0,0,0.000,8.240
decode,real,3120,560535380832555837,0,0,0,0,0.000,16,146912,340.000,0,0,0.000,0,0,0.000,8.241
decode,real,3121,560535380832555837,0,0,0,0,0.000,16,146928,340.000,0,0,0.000,0,0,0.000,8.234
decode,real,3122,560535380832555837,0,0,0,0,0.000,16,146944,340.000,0,0,0.000,0,0,0.000,8.467
decode,real,3123,560535380832555837,0,0,0,0,0.000,15,137745,298.667,0,0,0.000,0,0,0.000,8.013
decode,real,3124,560535380832555837,0,0,0,0,0.000,15,137760,298.667,0,0,0.000,0,0,0.000,8.187
decode,real,3125,560535380832555837,0,0,0,0,0.000,15,137775,298.667,0,0,0.000,0,0,0.000,8.143
decode,real,3126,560535380832555837,0,0,0,0,0.000,15,137790,298.667,0,0,0.000,0,0,0.000,8.436
decode,real,3127,560535380832555837,0,0,0,0,0.000,14,128590,260.000,0,0,0.000,0,0,0.000,7.881
decode,real,3128,560535380832555837,0,0,0,0,0.000,14,128604,260.000,0,0,0.000,0,0,0.000,8.079
decode,real,3129,560535380832555837,0,0,0,0,0.000,14,128618,260.000,0,0,0.000,0,0,0.000,8.088
decode,real,3130,560535380832555837,0,0,0,0,0.000,14,128632,260.000,0,0,0.000,0,0,0.000,8.337
decode,real,3131,560535380832555837,0,0,0,0,0.000,13,119431,224.000,0,0,0.000,0,0,0.000,7.749
decode,real,3132,560535380832555837,0,0,0,0,0.000,13,119444,224.000,0,0,0.000,0,0,0.000,7.982
decode,real,3133,560535380832555837,0,0,0,0,0.000,13,119457,224.000,0,0,0.000,0,0,0.000,7.963
decode,real,3134,560535380832555837,0,0,0,0,0.000,13,119470,224.000,0,0,0.000,0,0,0.000,8.184
decode,real,3135,560535380832555837,0,0,0,0,0.000,12,110268,190.667,0,0,0.000,0,0,0.000,7.703
decode,real,3136,560535380832555837,0,0,0,0,0.000,12,110280,190.667,0,0,0.000,0,0,0.000,7.894
decode,real,3137,560535380832555837,0,0,0,0,0.000,12,110292,190.667,0,0,0.000,0,0,0.000,7.910
decode,real,3138,560535380832555837,0,0,0,0,0.000,12,110304,190.667,0,0,0.000,0,0,0.000,8.076
decode,real,3139,560535380832555837,0,0,0,0,0.000,11,101101,160.000,0,0,0.000,0,0,0.000,7.620
decode,real,3140,560535380832555837,0,0,0,0,0.000,11,101112,160.000,0,0,0.000,0,0,0.000,7.755
decode,real,3141,560535380832555837,0,0,0,0,0.000,11,101123,160.000,0,0,0.000,0,0,0.000,7.840
decode,real,3142,560535380832555837,0,0,0,0,0.000,11,101134,160.000,0,0,0.000,0,0,0.000,7.932
decode,real,3143,560535380832555837,0,0,0,0,0.000,10,91930,132.000,0,0,0.000,0,0,0.000,7.574
decode,real,3144,560535380832555837,0,0,0,0,0.000,10,91940,132.000,0,0,0.000,0,0,0.000,7.654
decode,real,3145,560535380832555837,0,0,0,0,0.000,10,91950,132.000,0,0,0.000,0,0,0.000,7.730
decode,real,3146,560535380832555837,0,0,0,0,0.000,10,91960,132.000,0,0,0.000,0,0,0.000,7.872
decode,real,3147,560535380832555837,0,0,0,0,0.000,9,82755,106.667,0,0,0.000,0,0,0.000,7.395
decode,real,3148,560535380832555837,0,0,0,0,0.000,9,82764,106.667,0,0,0.000,0,0,0.000,7.587
decode,real,3149,560535380832555837,0,0,0,0,0.000,9,82773,106.667,0,0,0.000,0,0,0.000,7.604
decode,real,3150,560535380832555837,0,0,0,0,0.000,9,82782,106.667,0,0,0.000,0,0,0.000,7.772
decode,real,3151,560535380832555837,0,0,0,0,0.000,8,73576,84.000,0,0,0.000,0,0,0.000,6.909
decode,real,3152,560535380832555837,0,0,0,0,0.000,8,73584,84.000,0,0,0.000,0,0,0.000,7.093
decode,real,3153,560535380832555837,0,0,0,0,0.000,8,73592,84.000,0,0,0.000,0,0,0.000,7.116
decode,real,3154,560535380832555837,0,0,0,0,0.000,8,73600,84.000,0,0,0.000,0,0,0.000,7.292
decode,real,3155,560535380832555837,0,0,0,0,0.000,7,64393,64.000,0,0,0.000,0,0,0.000,6.829
decode,real,3156,560535380832555837,0,0,0,0,0.000,7,64400,64.000,0,0,0.000,0,0,0.000,7.013
decode,real,3157,560535380832555837,0,0,0,0,0.000,7,64407,64.000,0,0,0.000,0,0,0.000,7.024
decode,real,3158,560535380832555837,0,0,0,0,0.000,7,64414,64.000,0,0,0.000,0,0,0.000,7.189
decode,real,3159,560535380832555837,0,0,0,0,0.000,6,55206,46.667,0,0,0.000,0,0,0.000,6.730
decode,real,3160,560535380832555837,0,0,0,0,0.000,6,55212,46.667,0,0,0.000,0,0,0.000,6.889
decode,real,3161,560535380832555837,0,0,0,0,0.000,6,55218,46.667,0,0,0.000,0,0,0.000,6.908
decode,real,3162,560535380832555837,0,0,0,0,0.000,6,55224,46.667,0,0,0.000,0,0,0.000,7.087
decode,real,3163,560535380832555837,0,0,0,0,0.000,5,46015,32.000,0,0,0.000,0,0,0.000,6.641
decode,real,3164,560535380832555837,0,0,0,0,0.000,5,46020,32.000,0,0,0.000,0,0,0.000,6.790
decode,real,3165,560535380832555837,0,0,0,0,0.000,5,46025,32.000,0,0,0.000,0,0,0.000,6.811
decode,real,3166,560535380832555837,0,0,0,0,0.000,5,46030,32.000,0,0,0.000,0,0,0.000,6.987
decode,real,3167,560535380832555837,0,0,0,0,0.000,4,36820,20.000,0,0,0.000,0,0,0.000,6.340
decode,real,3168,560535380832555837,0,0,0,0,0.000,4,36824,20.000,0,0,0.000,0,0,0.000,6.565
decode,real,3169,560535380832555837,0,0,0,0,0.000,4,36828,20.000,0,0,0.000,0,0,0.000,6.489
decode,real,3170,560535380832555837,0,0,0,0,0.000,4,36832,20.000,0,0,0.000,0,0,0.000,6.744
decode,real,3171,560535380832555837,0,0,0,0,0.000,3,27621,10.667,0,0,0.000,0,0,0.000,6.195
decode,real,3172,560535380832555837,0,0,0,0,0.000,3,27624,10.667,0,0,0.000,0,0,0.000,6.411
decode,real,3173,560535380832555837,0,0,0,0,0.000,3,27627,10.667,0,0,0.000,0,0,0.000,6.442
decode,real,3174,560535380832555837,0,0,0,0,0.000,3,27630,10.667,0,0,0.000,0,0,0.000,6.592
decode,real,3175,560535380832555837,0,0,0,0,0.000,2,18418,4.000,0,0,0.000,0,0,0.000,6.047
decode,real,3176,560535380832555837,0,0,0,0,0.000,2,18420,4.000,0,0,0.000,0,0,0.000,6.220
decode,real,3177,560535380832555837,0,0,0,0,0.000,2,18422,4.000,0,0,0.000,0,0,0.000,6.228
decode,real,3178,560535380832555837,0,0,0,0,0.000,2,18424,4.000,0,0,0.000,0,0,0.000,6.384
decode,real,3179,560535380832555837,0,0,0,0,0.000,1,9211,0.000,0,0,0.000,0,0,0.000,5.947
decode,real,3180,560535380832555837,0,0,0,0,0.000,1,9212,0.000,0,0,0.000,0,0,0.000,6.111
decode,real,3181,560535380832555837,0,0,0,0,0.000,1,9213,0.000,0,0,0.000,0,0,0.000,6.120
decode,real,3182,560535380832555837,0,0,0,0,0.000,1,9214,0.000,0,0,0.000,0,0,0.000,6.148
