phase,workload_segment,counter_id,worker_id,dp_rank,sum_prefill_tokens,num_prefill_requests,sum_prefill_kv_tokens,var_prefill_length,num_decode_requests,sum_decode_kv_tokens,var_decode_kv_tokens,queued_prefill_requests,queued_prefill_tokens,queued_var_prefill_length,queued_decode_requests,queued_decode_kv_tokens,queued_var_decode_kv_tokens,latency_ms
context,real,1067,8026400805991761524,0,2048,1,0,0.000,0,0,0.000,0,0,0.000,0,0,0.000,184.758
context,real,1068,8026400805991761524,0,2048,1,2048,0.000,0,0,0.000,0,0,0.000,0,0,0.000,162.463
context,real,1069,8026400805991761524,0,2048,1,4096,0.000,0,0,0.000,1,8192,0.000,0,0,0.000,115.212
context,real,1070,8026400805991761524,0,2048,1,6144,0.000,0,0,0.000,6,49152,0.000,0,0,0.000,90.220
mixed,real,1071,8026400805991761524,0,2047,1,0,0.000,1,8192,0.000,6,49152,0.000,0,0,0.000,105.350
mixed,real,1072,8026400805991761524,0,2047,1,2047,0.000,1,8193,0.000,6,49152,0.000,0,0,0.000,91.558
mixed,real,1073,8026400805991761524,0,2047,1,4094,0.000,1,8194,0.000,7,57344,0.000,0,0,0.000,85.272
mixed,real,1074,8026400805991761524,0,2047,1,6141,0.000,1,8195,0.000,8,65536,0.000,0,0,0.000,84.125
mixed,real,1075,8026400805991761524,0,2047,2,8188,0.000,1,8196,0.000,8,65536,0.000,0,0,0.000,84.624
mixed,real,1076,8026400805991761524,0,2046,1,2043,0.000,2,16389,6.250,9,73728,0.000,0,0,0.000,82.933
mixed,real,1077,8026400805991761524,0,2046,1,4089,0.000,2,16391,6.250,9,73728,0.000,0,0,0.000,81.648
mixed,real,1078,8026400805991761524,0,2046,1,6135,0.000,2,16393,6.250,9,73728,0.000,0,0,0.000,80.721
mixed,real,1079,8026400805991761524,0,2046,2,8181,0.000,2,16395,6.250,13,106496,0.000,0,0,0.000,74.597
mixed,real,1080,8026400805991761524,0,2045,1,2035,0.000,3,24589,13.556,18,147456,0.000,0,0,0.000,66.928
mixed,real,1081,8026400805991761524,0,2045,1,4080,0.000,3,24592,13.556,21,172032,0.000,0,0,0.000,63.198
mixed,real,1082,8026400805991761524,0,2045,1,6125,0.000,3,24595,13.556,27,221184,0.000,0,0,0.000,52.041
mixed,real,1083,8026400805991761524,0,2045,2,8170,0.000,3,24598,13.556,38,311296,0.000,0,0,0.000,50.783
mixed,real,1084,8026400805991761524,0,2044,1,2023,0.000,4,32793,23.188,50,409600,0.000,0,0,0.000,50.356
mixed,real,1085,8026400805991761524,0,2044,1,4067,0.000,4,32797,23.188,59,483328,0.000,0,0,0.000,50.525
mixed,real,1086,8026400805991761524,0,2044,1,6111,0.000,4,32801,23.188,58,475136,0.000,0,0,0.000,51.886
mixed,real,1087,8026400805991761524,0,2044,2,8155,0.000,4,32805,23.188,58,475136,0.000,0,0,0.000,51.553
mixed,real,1088,8026400805991761524,0,2043,1,2007,0.000,5,41001,35.360,58,475136,0.000,0,0,0.000,52.710
mixed,real,1089,8026400805991761524,0,2043,1,4050,0.000,5,41006,35.360,58,475136,0.000,0,0,0.000,52.707
mixed,real,1090,8026400805991761524,0,2043,1,6093,0.000,5,41011,35.360,57,466944,0.000,0,0,0.000,56.280
mixed,real,1091,8026400805991761524,0,2043,2,8136,0.000,5,41016,35.360,57,466944,0.000,0,0,0.000,51.357
mixed,real,1092,8026400805991761524,0,2042,1,1987,0.000,6,49213,50.139,57,466944,0.000,0,0,0.000,50.637
mixed,real,1093,8026400805991761524,0,2042,1,4029,0.000,6,49219,50.139,57,466944,0.000,0,0,0.000,50.778
mixed,real,1094,8026400805991761524,0,2042,1,6071,0.000,6,49225,50.139,56,458752,0.000,0,0,0.000,54.085
mixed,real,1095,8026400805991761524,0,2042,2,8113,0.000,6,49231,50.139,56,458752,0.000,0,0,0.000,50.549
mixed,real,1096,8026400805991761524,0,2041,1,1963,0.000,7,57429,67.551,56,458752,0.000,0,0,0.000,50.652
mixed,real,1097,8026400805991761524,0,2041,1,4004,0.000,7,57436,67.551,56,458752,0.000,0,0,0.000,52.467
mixed,real,1098,8026400805991761524,0,2041,1,6045,0.000,7,57443,67.551,55,450560,0.000,0,0,0.000,55.666
mixed,real,1099,8026400805991761524,0,2041,2,8086,0.000,7,57450,67.551,55,450560,0.000,0,0,0.000,51.750
mixed,real,1100,8026400805991761524,0,2040,1,1935,0.000,8,65649,87.609,55,450560,0.000,0,0,0.000,53.517
mixed,real,1101,8026400805991761524,0,2040,1,3975,0.000,8,65657,87.609,55,450560,0.000,0,0,0.000,52.689
mixed,real,1102,8026400805991761524,0,2040,1,6015,0.000,8,65665,87.609,54,442368,0.000,0,0,0.000,55.223
mixed,real,1103,8026400805991761524,0,2040,2,8055,0.000,8,65673,87.609,54,442368,0.000,0,0,0.000,50.834
mixed,real,1104,8026400805991761524,0,2039,1,1903,0.000,9,73873,110.321,54,442368,0.000,0,0,0.000,50.777
mixed,real,1105,8026400805991761524,0,2039,1,3942,0.000,9,73882,110.321,54,442368,0.000,0,0,0.000,50.977
mixed,real,1106,8026400805991761524,0,2039,1,5981,0.000,9,73891,110.321,53,434176,0.000,0,0,0.000,54.377
mixed,real,1107,8026400805991761524,0,2039,2,8020,0.000,9,73900,110.321,53,434176,0.000,0,0,0.000,50.587
mixed,real,1108,8026400805991761524,0,2038,1,1867,0.000,10,82101,135.690,53,434176,0.000,0,0,0.000,50.587
mixed,real,1109,8026400805991761524,0,2038,1,3905,0.000,10,82111,135.690,53,434176,0.000,0,0,0.000,50.912
mixed,real,1110,8026400805991761524,0,2038,1,5943,0.000,10,82121,135.690,52,425984,0.000,0,0,0.000,54.104
mixed,real,1111,8026400805991761524,0,2038,2,7981,0.000,10,82131,135.690,52,425984,0.000,0,0,0.000,51.110
mixed,real,1112,8026400805991761524,0,2037,1,1827,0.000,11,90333,163.719,52,425984,0.000,0,0,0.000,50.877
mixed,real,1113,8026400805991761524,0,2037,1,3864,0.000,11,90344,163.719,52,425984,0.000,0,0,0.000,52.109
mixed,real,1114,8026400805991761524,0,2037,1,5901,0.000,11,90355,163.719,51,417792,0.000,0,0,0.000,55.484
mixed,real,1115,8026400805991761524,0,2037,2,7938,0.000,11,90366,163.719,51,417792,0.000,0,0,0.000,50.646
mixed,real,1116,8026400805991761524,0,2036,1,1783,0.000,12,98569,194.410,51,417792,0.000,0,0,0.000,50.935
mixed,real,1117,8026400805991761524,0,2036,1,3819,0.000,12,98581,194.410,51,417792,0.000,0,0,0.000,52.323
mixed,real,1118,8026400805991761524,0,2036,1,5855,0.000,12,98593,194.410,50,409600,0.000,0,0,0.000,54.743
mixed,real,1119,8026400805991761524,0,2036,2,7891,0.000,12,98605,194.410,50,409600,0.000,0,0,0.000,50.926
mixed,real,1120,8026400805991761524,0,2035,1,1735,0.000,13,106809,227.763,50,409600,0.000,0,0,0.000,50.659
mixed,real,1121,8026400805991761524,0,2035,1,3770,0.000,13,106822,227.763,50,409600,0.000,0,0,0.000,50.782
mixed,real,1122,8026400805991761524,0,2035,1,5805,0.000,13,106835,227.763,49,401408,0.000,0,0,0.000,53.973
mixed,real,1123,8026400805991761524,0,2035,2,7840,0.000,13,106848,227.763,49,401408,0.000,0,0,0.000,50.565
mixed,real,1124,8026400805991761524,0,2034,1,1683,0.000,14,115053,263.781,49,401408,0.000,0,0,0.000,51.137
mixed,real,1125,8026400805991761524,0,2034,1,3717,0.000,14,115067,263.781,49,401408,0.000,0,0,0.000,51.054
mixed,real,1126,8026400805991761524,0,2034,1,5751,0.000,14,115081,263.781,48,393216,0.000,0,0,0.000,54.101
mixed,real,1127,8026400805991761524,0,2034,2,7785,0.000,14,115095,263.781,48,393216,0.000,0,0,0.000,47.812
mixed,real,1128,8026400805991761524,0,2033,1,1627,0.000,15,123301,302.462,48,393216,0.000,0,0,0.000,51.333
mixed,real,1129,8026400805991761524,0,2033,1,3660,0.000,15,123316,302.462,48,393216,0.000,0,0,0.000,53.145
mixed,real,1130,8026400805991761524,0,2033,1,5693,0.000,15,123331,302.462,47,385024,0.000,0,0,0.000,56.089
mixed,real,1131,8026400805991761524,0,2033,2,7726,0.000,15,123346,302.462,47,385024,0.000,0,0,0.000,49.411
mixed,real,1132,8026400805991761524,0,2032,1,1567,0.000,16,131553,343.809,47,385024,0.000,0,0,0.000,52.676
mixed,real,1133,8026400805991761524,0,2032,1,3599,0.000,16,131569,343.809,47,385024,0.000,0,0,0.000,51.246
mixed,real,1134,8026400805991761524,0,2032,1,5631,0.000,16,131585,343.809,46,376832,0.000,0,0,0.000,53.927
mixed,real,1135,8026400805991761524,0,2032,2,7663,0.000,16,131601,343.809,46,376832,0.000,0,0,0.000,48.113
mixed,real,1136,8026400805991761524,0,2031,1,1503,0.000,17,139809,387.820,46,376832,0.000,0,0,0.000,50.760
mixed,real,1137,8026400805991761524,0,2031,1,3534,0.000,17,139826,387.820,46,376832,0.000,0,0,0.000,51.300
mixed,real,1138,8026400805991761524,0,2031,1,5565,0.000,17,139843,387.820,45,368640,0.000,0,0,0.000,54.091
mixed,real,1139,8026400805991761524,0,2031,2,7596,0.000,17,139860,387.820,45,368640,0.000,0,0,0.000,48.050
mixed,real,1140,8026400805991761524,0,2030,1,1435,0.000,18,148069,434.497,45,368640,0.000,0,0,0.000,50.829
mixed,real,1141,8026400805991761524,0,2030,1,3465,0.000,18,148087,434.497,45,368640,0.000,0,0,0.000,51.315
mixed,real,1142,8026400805991761524,0,2030,1,5495,0.000,18,148105,434.497,44,360448,0.000,0,0,0.000,54.581
mixed,real,1143,8026400805991761524,0,2030,2,7525,0.000,18,148123,434.497,44,360448,0.000,0,0,0.000,48.743
mixed,real,1144,8026400805991761524,0,2029,1,1363,0.000,19,156333,483.839,44,360448,0.000,0,0,0.000,50.739
mixed,real,1145,8026400805991761524,0,2029,1,3392,0.000,19,156352,483.839,44,360448,0.000,0,0,0.000,51.513
mixed,real,1146,8026400805991761524,0,2029,1,5421,0.000,19,156371,483.839,43,352256,0.000,0,0,0.000,54.264
mixed,real,1147,8026400805991761524,0,2029,2,7450,0.000,19,156390,483.839,43,352256,0.000,0,0,0.000,49.251
mixed,real,1148,8026400805991761524,0,2028,1,1287,0.000,20,164601,535.848,43,352256,0.000,0,0,0.000,50.784
mixed,real,1149,8026400805991761524,0,2028,1,3315,0.000,20,164621,535.848,43,352256,0.000,0,0,0.000,52.828
mixed,real,1150,8026400805991761524,0,2028,1,5343,0.000,20,164641,535.848,42,344064,0.000,0,0,0.000,55.484
mixed,real,1151,8026400805991761524,0,2028,2,7371,0.000,20,164661,535.848,42,344064,0.000,0,0,0.000,53.229
mixed,real,1152,8026400805991761524,0,2027,1,1207,0.000,21,172873,590.522,42,344064,0.000,0,0,0.000,52.907
mixed,real,1153,8026400805991761524,0,2027,1,3234,0.000,21,172894,590.522,42,344064,0.000,0,0,0.000,53.399
mixed,real,1154,8026400805991761524,0,2027,1,5261,0.000,21,172915,590.522,41,335872,0.000,0,0,0.000,54.009
mixed,real,1155,8026400805991761524,0,2027,2,7288,0.000,21,172936,590.522,41,335872,0.000,0,0,0.000,52.840
mixed,real,1156,8026400805991761524,0,2026,1,1123,0.000,22,181149,647.862,41,335872,0.000,0,0,0.000,52.780
mixed,real,1157,8026400805991761524,0,2026,1,3149,0.000,22,181171,647.862,41,335872,0.000,0,0,0.000,52.944
mixed,real,1158,8026400805991761524,0,2026,1,5175,0.000,22,181193,647.862,40,327680,0.000,0,0,0.000,54.156
mixed,real,1159,8026400805991761524,0,2026,2,7201,0.000,22,181215,647.862,40,327680,0.000,0,0,0.000,52.625
mixed,real,1160,8026400805991761524,0,2025,1,1035,0.000,23,189429,707.868,40,327680,0.000,0,0,0.000,52.948
mixed,real,1161,8026400805991761524,0,2025,1,3060,0.000,23,189452,707.868,40,327680,0.000,0,0,0.000,52.292
mixed,real,1162,8026400805991761524,0,2025,1,5085,0.000,23,189475,707.868,39,319488,0.000,0,0,0.000,55.405
mixed,real,1163,8026400805991761524,0,2025,2,7110,0.000,23,189498,707.868,39,319488,0.000,0,0,0.000,53.131
mixed,real,1164,8026400805991761524,0,2024,1,943,0.000,24,197713,770.540,39,319488,0.000,0,0,0.000,54.853
mixed,real,1165,8026400805991761524,0,2024,1,2967,0.000,24,197737,770.540,39,319488,0.000,0,0,0.000,52.142
mixed,real,1166,8026400805991761524,0,2024,1,4991,0.000,24,197761,770.540,38,311296,0.000,0,0,0.000,54.779
mixed,real,1167,8026400805991761524,0,2024,2,7015,0.000,24,197785,770.540,38,311296,0.000,0,0,0.000,52.919
mixed,real,1168,8026400805991761524,0,2023,1,847,0.000,25,206001,835.878,38,311296,0.000,0,0,0.000,52.290
mixed,real,1169,8026400805991761524,0,2023,1,2870,0.000,25,206026,835.878,38,311296,0.000,0,0,0.000,51.261
mixed,real,1170,8026400805991761524,0,2023,1,4893,0.000,25,206051,835.878,37,303104,0.000,0,0,0.000,53.950
mixed,real,1171,8026400805991761524,0,2023,2,6916,0.000,25,206076,835.878,37,303104,0.000,0,0,0.000,53.118
mixed,real,1172,8026400805991761524,0,2022,1,747,0.000,26,214293,903.883,37,303104,0.000,0,0,0.000,51.713
mixed,real,1173,8026400805991761524,0,2022,1,2769,0.000,26,214319,903.883,37,303104,0.000,0,0,0.000,51.146
mixed,real,1174,8026400805991761524,0,2022,1,4791,0.000,26,214345,903.883,36,294912,0.000,0,0,0.000,53.910
mixed,real,1175,8026400805991761524,0,2022,2,6813,0.000,26,214371,903.883,36,294912,0.000,0,0,0.000,52.018
mixed,real,1176,8026400805991761524,0,2021,1,643,0.000,27,222589,974.554,36,294912,0.000,0,0,0.000,52.256
mixed,real,1177,8026400805991761524,0,2021,1,2664,0.000,27,222616,974.554,36,294912,0.000,0,0,0.000,51.687
mixed,real,1178,8026400805991761524,0,2021,1,4685,0.000,27,222643,974.554,35,286720,0.000,0,0,0.000,53.204
mixed,real,1179,8026400805991761524,0,2021,2,6706,0.000,27,222670,974.554,35,286720,0.000,0,0,0.000,52.787
mixed,real,1180,8026400805991761524,0,2020,1,535,0.000,28,230889,1047.892,35,286720,0.000,0,0,0.000,52.690
mixed,real,1181,8026400805991761524,0,2020,1,2555,0.000,28,230917,1047.892,35,286720,0.000,0,0,0.000,53.234
mixed,real,1182,8026400805991761524,0,2020,1,4575,0.000,28,230945,1047.892,34,278528,0.000,0,0,0.000,54.172
mixed,real,1183,8026400805991761524,0,2020,2,6595,0.000,28,230973,1047.892,34,278528,0.000,0,0,0.000,52.894
mixed,real,1184,8026400805991761524,0,2019,1,423,0.000,29,239193,1123.895,34,278528,0.000,0,0,0.000,52.442
mixed,real,1185,8026400805991761524,0,2019,1,2442,0.000,29,239222,1123.895,34,278528,0.000,0,0,0.000,52.843
mixed,real,1186,8026400805991761524,0,2019,1,4461,0.000,29,239251,1123.895,33,270336,0.000,0,0,0.000,53.192
mixed,real,1187,8026400805991761524,0,2019,2,6480,0.000,29,239280,1123.895,33,270336,0.000,0,0,0.000,55.674
mixed,real,1188,8026400805991761524,0,2018,1,307,0.000,30,247501,1202.566,33,270336,0.000,0,0,0.000,50.705
mixed,real,1189,8026400805991761524,0,2018,1,2325,0.000,30,247531,1202.566,33,270336,0.000,0,0,0.000,52.453
mixed,real,1190,8026400805991761524,0,2018,1,4343,0.000,30,247561,1202.566,32,262144,0.000,0,0,0.000,53.871
mixed,real,1191,8026400805991761524,0,2018,2,6361,0.000,30,247591,1202.566,32,262144,0.000,0,0,0.000,56.514
mixed,real,1192,8026400805991761524,0,2017,1,187,0.000,31,255813,1283.902,32,262144,0.000,0,0,0.000,50.671
mixed,real,1193,8026400805991761524,0,2017,1,2204,0.000,31,255844,1283.902,32,262144,0.000,0,0,0.000,52.141
mixed,real,1194,8026400805991761524,0,2017,1,4221,0.000,31,255875,1283.902,31,253952,0.000,0,0,0.000,53.466
mixed,real,1195,8026400805991761524,0,2017,2,6238,0.000,31,255906,1283.902,31,253952,0.000,0,0,0.000,57.135
mixed,real,1196,8026400805991761524,0,2016,1,63,0.000,32,264129,1367.905,31,253952,0.000,0,0,0.000,52.331
mixed,real,1197,8026400805991761524,0,2016,1,2079,0.000,32,264161,1367.905,31,253952,0.000,0,0,0.000,51.526
mixed,real,1198,8026400805991761524,0,2016,1,4095,0.000,32,264193,1367.905,31,253952,0.000,0,0,0.000,53.242
mixed,real,1199,8026400805991761524,0,2016,1,6111,0.000,32,264225,1367.905,30,245760,0.000,0,0,0.000,55.719
mixed,real,1200,8026400805991761524,0,2016,2,8127,0.000,32,264257,1367.905,30,245760,0.000,0,0,0.000,51.215
mixed,real,1201,8026400805991761524,0,2015,1,1951,0.000,33,272481,1458.485,30,245760,0.000,0,0,0.000,52.474
mixed,real,1202,8026400805991761524,0,2015,1,3966,0.000,33,272514,1458.485,30,245760,0.000,0,0,0.000,53.633
mixed,real,1203,8026400805991761524,0,2015,1,5981,0.000,33,272547,1458.485,29,237568,0.000,0,0,0.000,57.081
mixed,real,1204,8026400805991761524,0,2015,2,7996,0.000,33,272580,1458.485,29,237568,0.000,0,0,0.000,52.841
mixed,real,1205,8026400805991761524,0,2014,1,1819,0.000,34,280805,1551.499,29,237568,0.000,0,0,0.000,51.708
mixed,real,1206,8026400805991761524,0,2014,1,3833,0.000,34,280839,1551.499,29,237568,0.000,0,0,0.000,53.123
mixed,real,1207,8026400805991761524,0,2014,1,5847,0.000,34,280873,1551.499,28,229376,0.000,0,0,0.000,56.487
mixed,real,1208,8026400805991761524,0,2014,2,7861,0.000,34,280907,1551.499,28,229376,0.000,0,0,0.000,50.981
mixed,real,1209,8026400805991761524,0,2013,1,1683,0.000,35,289133,1646.968,28,229376,0.000,0,0,0.000,51.856
mixed,real,1210,8026400805991761524,0,2013,1,3696,0.000,35,289168,1646.968,28,229376,0.000,0,0,0.000,52.945
mixed,real,1211,8026400805991761524,0,2013,1,5709,0.000,35,289203,1646.968,27,221184,0.000,0,0,0.000,56.115
mixed,real,1212,8026400805991761524,0,2013,2,7722,0.000,35,289238,1646.968,27,221184,0.000,0,0,0.000,49.722
mixed,real,1213,8026400805991761524,0,2012,1,1543,0.000,36,297465,1744.910,27,221184,0.000,0,0,0.000,51.467
mixed,real,1214,8026400805991761524,0,2012,1,3555,0.000,36,297501,1744.910,27,221184,0.000,0,0,0.000,53.453
mixed,real,1215,8026400805991761524,0,2012,1,5567,0.000,36,297537,1744.910,26,212992,0.000,0,0,0.000,56.719
mixed,real,1216,8026400805991761524,0,2012,2,7579,0.000,36,297573,1744.910,26,212992,0.000,0,0,0.000,52.879
mixed,real,1217,8026400805991761524,0,2011,1,1399,0.000,37,305801,1845.340,26,212992,0.000,0,0,0.000,52.856
mixed,real,1218,8026400805991761524,0,2011,1,3410,0.000,37,305838,1845.340,26,212992,0.000,0,0,0.000,52.657
mixed,real,1219,8026400805991761524,0,2011,1,5421,0.000,37,305875,1845.340,25,204800,0.000,0,0,0.000,56.185
mixed,real,1220,8026400805991761524,0,2011,2,7432,0.000,37,305912,1845.340,25,204800,0.000,0,0,0.000,52.740
mixed,real,1221,8026400805991761524,0,2010,1,1251,0.000,38,314141,1948.272,25,204800,0.000,0,0,0.000,52.528
mixed,real,1222,8026400805991761524,0,2010,1,3261,0.000,38,314179,1948.272,25,204800,0.000,0,0,0.000,52.930
mixed,real,1223,8026400805991761524,0,2010,1,5271,0.000,38,314217,1948.272,24,196608,0.000,0,0,0.000,55.517
mixed,real,1224,8026400805991761524,0,2010,2,7281,0.000,38,314255,1948.272,24,196608,0.000,0,0,0.000,53.389
mixed,real,1225,8026400805991761524,0,2009,1,1099,0.000,39,322485,2053.720,24,196608,0.000,0,0,0.000,52.343
mixed,real,1226,8026400805991761524,0,2009,1,3108,0.000,39,322524,2053.720,24,196608,0.000,0,0,0.000,53.894
mixed,real,1227,8026400805991761524,0,2009,1,5117,0.000,39,322563,2053.720,23,188416,0.000,0,0,0.000,54.359
mixed,real,1228,8026400805991761524,0,2009,2,7126,0.000,39,322602,2053.720,23,188416,0.000,0,0,0.000,53.230
mixed,real,1229,8026400805991761524,0,2008,1,943,0.000,40,330833,2161.694,23,188416,0.000,0,0,0.000,53.555
mixed,real,1230,8026400805991761524,0,2008,1,2951,0.000,40,330873,2161.694,23,188416,0.000,0,0,0.000,51.939
mixed,real,1231,8026400805991761524,0,2008,1,4959,0.000,40,330913,2161.694,22,180224,0.000,0,0,0.000,54.877
mixed,real,1232,8026400805991761524,0,2008,2,6967,0.000,40,330953,2161.694,22,180224,0.000,0,0,0.000,53.237
mixed,real,1233,8026400805991761524,0,2007,1,783,0.000,41,339185,2272.206,22,180224,0.000,0,0,0.000,53.125
mixed,real,1234,8026400805991761524,0,2007,1,2790,0.000,41,339226,2272.206,22,180224,0.000,0,0,0.000,52.879
mixed,real,1235,8026400805991761524,0,2007,1,4797,0.000,41,339267,2272.206,21,172032,0.000,0,0,0.000,54.426
mixed,real,1236,8026400805991761524,0,2007,2,6804,0.000,41,339308,2272.206,21,172032,0.000,0,0,0.000,52.919
mixed,real,1237,8026400805991761524,0,2006,1,619,0.000,42,347541,2385.264,21,172032,0.000,0,0,0.000,52.166
mixed,real,1238,8026400805991761524,0,2006,1,2625,0.000,42,347583,2385.264,21,172032,0.000,0,0,0.000,52.370
mixed,real,1239,8026400805991761524,0,2006,1,4631,0.000,42,347625,2385.264,20,163840,0.000,0,0,0.000,54.683
mixed,real,1240,8026400805991761524,0,2006,2,6637,0.000,42,347667,2385.264,20,163840,0.000,0,0,0.000,56.469
mixed,real,1241,8026400805991761524,0,2005,1,451,0.000,43,355901,2500.876,20,163840,0.000,0,0,0.000,51.167
mixed,real,1242,8026400805991761524,0,2005,1,2456,0.000,43,355944,2500.876,20,163840,0.000,0,0,0.000,52.693
mixed,real,1243,8026400805991761524,0,2005,1,4461,0.000,43,355987,2500.876,19,155648,0.000,0,0,0.000,54.174
mixed,real,1244,8026400805991761524,0,2005,2,6466,0.000,43,356030,2500.876,19,155648,0.000,0,0,0.000,56.429
mixed,real,1245,8026400805991761524,0,2004,1,279,0.000,44,364265,2619.051,19,155648,0.000,0,0,0.000,51.473
mixed,real,1246,8026400805991761524,0,2004,1,2283,0.000,44,364309,2619.051,19,155648,0.000,0,0,0.000,53.998
mixed,real,1247,8026400805991761524,0,2004,1,4287,0.000,44,364353,2619.051,18,147456,0.000,0,0,0.000,54.488
mixed,real,1248,8026400805991761524,0,2004,2,6291,0.000,44,364397,2619.051,18,147456,0.000,0,0,0.000,57.054
mixed,real,1249,8026400805991761524,0,2003,1,103,0.000,45,372633,2739.796,18,147456,0.000,0,0,0.000,52.121
mixed,real,1250,8026400805991761524,0,2003,1,2106,0.000,45,372678,2739.796,18,147456,0.000,0,0,0.000,53.341
mixed,real,1251,8026400805991761524,0,2003,1,4109,0.000,45,372723,2739.796,18,147456,0.000,0,0,0.000,53.275
mixed,real,1252,8026400805991761524,0,2003,1,6112,0.000,45,372768,2739.796,17,139264,0.000,0,0,0.000,56.076
mixed,real,1253,8026400805991761524,0,2003,2,8115,0.000,45,372813,2739.796,17,139264,0.000,0,0,0.000,51.867
mixed,real,1254,8026400805991761524,0,2002,1,1926,0.000,46,381050,2867.081,17,139264,0.000,0,0,0.000,52.897
mixed,real,1255,8026400805991761524,0,2002,1,3928,0.000,46,381096,2867.081,17,139264,0.000,0,0,0.000,53.554
mixed,real,1256,8026400805991761524,0,2002,1,5930,0.000,46,381142,2867.081,16,131072,0.000,0,0,0.000,55.558
mixed,real,1257,8026400805991761524,0,2002,2,7932,0.000,46,381188,2867.081,16,131072,0.000,0,0,0.000,51.594
mixed,real,1258,8026400805991761524,0,2001,1,1742,0.000,47,389426,2996.778,16,131072,0.000,0,0,0.000,51.544
mixed,real,1259,8026400805991761524,0,2001,1,3743,0.000,47,389473,2996.778,16,131072,0.000,0,0,0.000,53.213
mixed,real,1260,8026400805991761524,0,2001,1,5744,0.000,47,389520,2996.778,15,122880,0.000,0,0,0.000,57.168
mixed,real,1261,8026400805991761524,0,2001,2,7745,0.000,47,389567,2996.778,15,122880,0.000,0,0,0.000,54.648
mixed,real,1262,8026400805991761524,0,2000,1,1554,0.000,48,397806,3128.901,15,122880,0.000,0,0,0.000,53.450
mixed,real,1263,8026400805991761524,0,2000,1,3554,0.000,48,397854,3128.901,15,122880,0.000,0,0,0.000,52.607
mixed,real,1264,8026400805991761524,0,2000,1,5554,0.000,48,397902,3128.901,14,114688,0.000,0,0,0.000,56.046
mixed,real,1265,8026400805991761524,0,2000,2,7554,0.000,48,397950,3128.901,14,114688,0.000,0,0,0.000,53.127
mixed,real,1266,8026400805991761524,0,1999,1,1362,0.000,49,406190,3263.466,14,114688,0.000,0,0,0.000,52.742
mixed,real,1267,8026400805991761524,0,1999,1,3361,0.000,49,406239,3263.466,14,114688,0.000,0,0,0.000,52.903
mixed,real,1268,8026400805991761524,0,1999,1,5360,0.000,49,406288,3263.466,13,106496,0.000,0,0,0.000,56.607
mixed,real,1269,8026400805991761524,0,1999,2,7359,0.000,49,406337,3263.466,13,106496,0.000,0,0,0.000,53.451
mixed,real,1270,8026400805991761524,0,1998,1,1166,0.000,50,414578,3400.486,13,106496,0.000,0,0,0.000,53.090
mixed,real,1271,8026400805991761524,0,1998,1,3164,0.000,50,414628,3400.486,13,106496,0.000,0,0,0.000,52.697
mixed,real,1272,8026400805991761524,0,1998,1,5162,0.000,50,414678,3400.486,12,98304,0.000,0,0,0.000,54.923
mixed,real,1273,8026400805991761524,0,1998,2,7160,0.000,50,414728,3400.486,12,98304,0.000,0,0,0.000,52.620
mixed,real,1274,8026400805991761524,0,1997,1,966,0.000,51,422970,3539.975,12,98304,0.000,0,0,0.000,53.305
mixed,real,1275,8026400805991761524,0,1997,1,2963,0.000,51,423021,3539.975,12,98304,0.000,0,0,0.000,53.144
mixed,real,1276,8026400805991761524,0,1997,1,4960,0.000,51,423072,3539.975,11,90112,0.000,0,0,0.000,55.394
mixed,real,1277,8026400805991761524,0,1997,2,6957,0.000,51,423123,3539.975,11,90112,0.000,0,0,0.000,53.812
mixed,real,1278,8026400805991761524,0,1996,1,762,0.000,52,431366,3681.942,11,90112,0.000,0,0,0.000,52.518
mixed,real,1279,8026400805991761524,0,1996,1,2758,0.000,52,431418,3681.942,11,90112,0.000,0,0,0.000,53.527
mixed,real,1280,8026400805991761524,0,1996,1,4754,0.000,52,431470,3681.942,10,81920,0.000,0,0,0.000,54.678
mixed,real,1281,8026400805991761524,0,1996,2,6750,0.000,52,431522,3681.942,10,81920,0.000,0,0,0.000,56.941
mixed,real,1282,8026400805991761524,0,1995,1,554,0.000,53,439766,3826.400,10,81920,0.000,0,0,0.000,51.843
mixed,real,1283,8026400805991761524,0,1995,1,2549,0.000,53,439819,3826.400,10,81920,0.000,0,0,0.000,53.328
mixed,real,1284,8026400805991761524,0,1995,1,4544,0.000,53,439872,3826.400,9,73728,0.000,0,0,0.000,55.289
mixed,real,1285,8026400805991761524,0,1995,2,6539,0.000,53,439925,3826.400,9,73728,0.000,0,0,0.000,57.465
mixed,real,1286,8026400805991761524,0,1994,1,342,0.000,54,448170,3973.358,9,73728,0.000,0,0,0.000,52.268
mixed,real,1287,8026400805991761524,0,1994,1,2336,0.000,54,448224,3973.358,9,73728,0.000,0,0,0.000,53.027
mixed,real,1288,8026400805991761524,0,1994,1,4330,0.000,54,448278,3973.358,8,65536,0.000,0,0,0.000,54.568
mixed,real,1289,8026400805991761524,0,1994,2,6324,0.000,54,448332,3973.358,8,65536,0.000,0,0,0.000,56.449
mixed,real,1290,8026400805991761524,0,1993,1,126,0.000,55,456578,4122.825,8,65536,0.000,0,0,0.000,52.517
mixed,real,1291,8026400805991761524,0,1993,1,2119,0.000,55,456633,4122.825,8,65536,0.000,0,0,0.000,53.706
mixed,real,1292,8026400805991761524,0,1993,1,4112,0.000,55,456688,4122.825,8,65536,0.000,0,0,0.000,54.074
mixed,real,1293,8026400805991761524,0,1993,1,6105,0.000,55,456743,4122.825,7,57344,0.000,0,0,0.000,56.481
mixed,real,1294,8026400805991761524,0,1993,2,8098,0.000,55,456798,4122.825,7,57344,0.000,0,0,0.000,53.154
mixed,real,1295,8026400805991761524,0,1992,1,1899,0.000,56,465045,4278.806,7,57344,0.000,0,0,0.000,53.073
mixed,real,1296,8026400805991761524,0,1992,1,3891,0.000,56,465101,4278.806,7,57344,0.000,0,0,0.000,53.794
mixed,real,1297,8026400805991761524,0,1992,1,5883,0.000,56,465157,4278.806,6,49152,0.000,0,0,0.000,56.520
mixed,real,1298,8026400805991761524,0,1992,2,7875,0.000,56,465213,4278.806,6,49152,0.000,0,0,0.000,53.321
mixed,real,1299,8026400805991761524,0,1991,1,1675,0.000,57,473461,4437.170,6,49152,0.000,0,0,0.000,53.317
mixed,real,1300,8026400805991761524,0,1991,1,3666,0.000,57,473518,4437.170,6,49152,0.000,0,0,0.000,53.543
mixed,real,1301,8026400805991761524,0,1991,1,5657,0.000,57,473575,4437.170,5,40960,0.000,0,0,0.000,56.149
mixed,real,1302,8026400805991761524,0,1991,2,7648,0.000,57,473632,4437.170,5,40960,0.000,0,0,0.000,53.821
mixed,real,1303,8026400805991761524,0,1990,1,1447,0.000,58,481881,4597.931,5,40960,0.000,0,0,0.000,52.671
mixed,real,1304,8026400805991761524,0,1990,1,3437,0.000,58,481939,4597.931,5,40960,0.000,0,0,0.000,53.698
mixed,real,1305,8026400805991761524,0,1990,1,5427,0.000,58,481997,4597.931,4,32768,0.000,0,0,0.000,56.415
mixed,real,1306,8026400805991761524,0,1990,2,7417,0.000,58,482055,4597.931,4,32768,0.000,0,0,0.000,55.455
mixed,real,1307,8026400805991761524,0,1989,1,1215,0.000,59,490305,4761.105,4,32768,0.000,0,0,0.000,52.673
mixed,real,1308,8026400805991761524,0,1989,1,3204,0.000,59,490364,4761.105,4,32768,0.000,0,0,0.000,53.249
mixed,real,1309,8026400805991761524,0,1989,1,5193,0.000,59,490423,4761.105,3,24576,0.000,0,0,0.000,55.708
mixed,real,1310,8026400805991761524,0,1989,2,7182,0.000,59,490482,4761.105,3,24576,0.000,0,0,0.000,53.606
mixed,real,1311,8026400805991761524,0,1988,1,979,0.000,60,498733,4926.703,3,24576,0.000,0,0,0.000,52.578
mixed,real,1312,8026400805991761524,0,1988,1,2967,0.000,60,498793,4926.703,3,24576,0.000,0,0,0.000,53.613
mixed,real,1313,8026400805991761524,0,1988,1,4955,0.000,60,498853,4926.703,2,16384,0.000,0,0,0.000,55.747
mixed,real,1314,8026400805991761524,0,1988,2,6943,0.000,60,498913,4926.703,2,16384,0.000,0,0,0.000,57.240
mixed,real,1315,8026400805991761524,0,1987,1,739,0.000,61,507165,5094.738,2,16384,0.000,0,0,0.000,52.327
mixed,real,1316,8026400805991761524,0,1987,1,2726,0.000,61,507226,5094.738,2,16384,0.000,0,0,0.000,53.205
mixed,real,1317,8026400805991761524,0,1987,1,4713,0.000,61,507287,5094.738,1,8192,0.000,0,0,0.000,54.888
mixed,real,1318,8026400805991761524,0,1987,2,6700,0.000,61,507348,5094.738,1,8192,0.000,0,0,0.000,57.465
mixed,real,1319,8026400805991761524,0,1986,1,495,0.000,62,515601,5265.221,1,8192,0.000,0,0,0.000,53.119
mixed,real,1320,8026400805991761524,0,1986,1,2481,0.000,62,515663,5265.221,1,8192,0.000,0,0,0.000,53.442
mixed,real,1321,8026400805991761524,0,1986,1,4467,0.000,62,515725,5265.221,0,0,0.000,0,0,0.000,54.506
mixed,real,1322,8026400805991761524,0,1986,2,6453,0.000,62,515787,5265.221,0,0,0.000,0,0,0.000,56.826
mixed,real,1323,8026400805991761524,0,1985,1,247,0.000,63,524041,5438.162,0,0,0.000,0,0,0.000,52.964
mixed,real,1324,8026400805991761524,0,1985,1,2232,0.000,63,524104,5438.162,0,0,0.000,0,0,0.000,52.846
mixed,real,1325,8026400805991761524,0,1985,1,4217,0.000,63,524167,5438.162,0,0,0.000,0,0,0.000,54.837
mixed,real,1326,8026400805991761524,0,1985,1,6202,0.000,63,524230,5438.162,0,0,0.000,0,0,0.000,57.242
mixed,real,1327,8026400805991761524,0,5,1,8187,0.000,63,524293,5438.162,0,0,0.000,0,0,0.000,13.475
decode,real,1328,8026400805991761524,0,0,0,0,0.000,64,532548,5617.590,0,0,0.000,0,0,0.000,13.181
decode,real,1329,8026400805991761524,0,0,0,0,0.000,64,532612,5617.590,0,0,0.000,0,0,0.000,13.221
decode,real,1330,8026400805991761524,0,0,0,0,0.000,64,532676,5617.590,0,0,0.000,0,0,0.000,13.245
decode,real,1331,8026400805991761524,0,0,0,0,0.000,64,532740,5617.590,0,0,0.000,0,0,0.000,13.234
decode,real,1332,8026400805991761524,0,0,0,0,0.000,64,532804,5617.590,0,0,0.000,0,0,0.000,13.222
decode,real,1333,8026400805991761524,0,0,0,0,0.000,64,532868,5617.590,0,0,0.000,0,0,0.000,13.210
decode,real,1334,8026400805991761524,0,0,0,0,0.000,64,532932,5617.590,0,0,0.000,0,0,0.000,13.221
decode,real,1335,8026400805991761524,0,0,0,0,0.000,64,532996,5617.590,0,0,0.000,0,0,0.000,13.213
decode,real,1336,8026400805991761524,0,0,0,0,0.000,64,533060,5617.590,0,0,0.000,0,0,0.000,13.215
decode,real,1337,8026400805991761524,0,0,0,0,0.000,64,533124,5617.590,0,0,0.000,0,0,0.000,13.222
decode,real,1338,8026400805991761524,0,0,0,0,0.000,64,533188,5617.590,0,0,0.000,0,0,0.000,13.239
decode,real,1339,8026400805991761524,0,0,0,0,0.000,64,533252,5617.590,0,0,0.000,0,0,0.000,13.230
decode,real,1340,8026400805991761524,0,0,0,0,0.000,64,533316,5617.590,0,0,0.000,0,0,0.000,13.260
decode,real,1341,8026400805991761524,0,0,0,0,0.000,64,533380,5617.590,0,0,0.000,0,0,0.000,13.237
decode,real,1342,8026400805991761524,0,0,0,0,0.000,64,533444,5617.590,0,0,0.000,0,0,0.000,13.256
decode,real,1343,8026400805991761524,0,0,0,0,0.000,64,533508,5617.590,0,0,0.000,0,0,0.000,13.277
decode,real,1344,8026400805991761524,0,0,0,0,0.000,64,533572,5617.590,0,0,0.000,0,0,0.000,13.169
decode,real,1345,8026400805991761524,0,0,0,0,0.000,64,533636,5617.590,0,0,0.000,0,0,0.000,13.270
decode,real,1346,8026400805991761524,0,0,0,0,0.000,64,533700,5617.590,0,0,0.000,0,0,0.000,13.256
decode,real,1347,8026400805991761524,0,0,0,0,0.000,64,533764,5617.590,0,0,0.000,0,0,0.000,13.194
decode,real,1348,8026400805991761524,0,0,0,0,0.000,64,533828,5617.590,0,0,0.000,0,0,0.000,13.229
decode,real,1349,8026400805991761524,0,0,0,0,0.000,64,533892,5617.590,0,0,0.000,0,0,0.000,13.275
decode,real,1350,8026400805991761524,0,0,0,0,0.000,64,533956,5617.590,0,0,0.000,0,0,0.000,13.236
decode,real,1351,8026400805991761524,0,0,0,0,0.000,64,534020,5617.590,0,0,0.000,0,0,0.000,13.235
decode,real,1352,8026400805991761524,0,0,0,0,0.000,64,534084,5617.590,0,0,0.000,0,0,0.000,13.217
decode,real,1353,8026400805991761524,0,0,0,0,0.000,64,534148,5617.590,0,0,0.000,0,0,0.000,13.265
decode,real,1354,8026400805991761524,0,0,0,0,0.000,64,534212,5617.590,0,0,0.000,0,0,0.000,13.258
decode,real,1355,8026400805991761524,0,0,0,0,0.000,64,534276,5617.590,0,0,0.000,0,0,0.000,13.239
decode,real,1356,8026400805991761524,0,0,0,0,0.000,64,534340,5617.590,0,0,0.000,0,0,0.000,13.177
decode,real,1357,8026400805991761524,0,0,0,0,0.000,64,534404,5617.590,0,0,0.000,0,0,0.000,13.296
decode,real,1358,8026400805991761524,0,0,0,0,0.000,64,534468,5617.590,0,0,0.000,0,0,0.000,13.237
decode,real,1359,8026400805991761524,0,0,0,0,0.000,64,534532,5617.590,0,0,0.000,0,0,0.000,13.244
decode,real,1360,8026400805991761524,0,0,0,0,0.000,64,534596,5617.590,0,0,0.000,0,0,0.000,13.195
decode,real,1361,8026400805991761524,0,0,0,0,0.000,64,534660,5617.590,0,0,0.000,0,0,0.000,13.252
decode,real,1362,8026400805991761524,0,0,0,0,0.000,64,534724,5617.590,0,0,0.000,0,0,0.000,13.309
decode,real,1363,8026400805991761524,0,0,0,0,0.000,64,534788,5617.590,0,0,0.000,0,0,0.000,13.176
decode,real,1364,8026400805991761524,0,0,0,0,0.000,64,534852,5617.590,0,0,0.000,0,0,0.000,13.258
decode,real,1365,8026400805991761524,0,0,0,0,0.000,64,534916,5617.590,0,0,0.000,0,0,0.000,13.214
decode,real,1366,8026400805991761524,0,0,0,0,0.000,64,534980,5617.590,0,0,0.000,0,0,0.000,13.258
decode,real,1367,8026400805991761524,0,0,0,0,0.000,64,535044,5617.590,0,0,0.000,0,0,0.000,13.219
decode,real,1368,8026400805991761524,0,0,0,0,0.000,64,535108,5617.590,0,0,0.000,0,0,0.000,13.234
decode,real,1369,8026400805991761524,0,0,0,0,0.000,64,535172,5617.590,0,0,0.000,0,0,0.000,13.247
decode,real,1370,8026400805991761524,0,0,0,0,0.000,64,535236,5617.590,0,0,0.000,0,0,0.000,13.255
decode,real,1371,8026400805991761524,0,0,0,0,0.000,64,535300,5617.590,0,0,0.000,0,0,0.000,13.235
decode,real,1372,8026400805991761524,0,0,0,0,0.000,64,535364,5617.590,0,0,0.000,0,0,0.000,13.241
decode,real,1373,8026400805991761524,0,0,0,0,0.000,64,535428,5617.590,0,0,0.000,0,0,0.000,13.223
decode,real,1374,8026400805991761524,0,0,0,0,0.000,64,535492,5617.590,0,0,0.000,0,0,0.000,13.316
decode,real,1375,8026400805991761524,0,0,0,0,0.000,64,535556,5617.590,0,0,0.000,0,0,0.000,13.199
decode,real,1376,8026400805991761524,0,0,0,0,0.000,64,535620,5617.590,0,0,0.000,0,0,0.000,13.226
decode,real,1377,8026400805991761524,0,0,0,0,0.000,64,535684,5617.590,0,0,0.000,0,0,0.000,13.294
decode,real,1378,8026400805991761524,0,0,0,0,0.000,64,535748,5617.590,0,0,0.000,0,0,0.000,13.262
decode,real,1379,8026400805991761524,0,0,0,0,0.000,64,535812,5617.590,0,0,0.000,0,0,0.000,13.204
decode,real,1380,8026400805991761524,0,0,0,0,0.000,64,535876,5617.590,0,0,0.000,0,0,0.000,13.248
decode,real,1381,8026400805991761524,0,0,0,0,0.000,64,535940,5617.590,0,0,0.000,0,0,0.000,13.235
decode,real,1382,8026400805991761524,0,0,0,0,0.000,64,536004,5617.590,0,0,0.000,0,0,0.000,13.293
decode,real,1383,8026400805991761524,0,0,0,0,0.000,64,536068,5617.590,0,0,0.000,0,0,0.000,13.279
decode,real,1384,8026400805991761524,0,0,0,0,0.000,64,536132,5617.590,0,0,0.000,0,0,0.000,13.208
decode,real,1385,8026400805991761524,0,0,0,0,0.000,64,536196,5617.590,0,0,0.000,0,0,0.000,14.125
decode,real,1386,8026400805991761524,0,0,0,0,0.000,64,536260,5617.590,0,0,0.000,0,0,0.000,12.604
decode,real,1387,8026400805991761524,0,0,0,0,0.000,64,536324,5617.590,0,0,0.000,0,0,0.000,13.157
decode,real,1388,8026400805991761524,0,0,0,0,0.000,64,536388,5617.590,0,0,0.000,0,0,0.000,13.222
decode,real,1389,8026400805991761524,0,0,0,0,0.000,64,536452,5617.590,0,0,0.000,0,0,0.000,13.313
decode,real,1390,8026400805991761524,0,0,0,0,0.000,64,536516,5617.590,0,0,0.000,0,0,0.000,13.282
decode,real,1391,8026400805991761524,0,0,0,0,0.000,64,536580,5617.590,0,0,0.000,0,0,0.000,13.260
decode,real,1392,8026400805991761524,0,0,0,0,0.000,64,536644,5617.590,0,0,0.000,0,0,0.000,13.250
decode,real,1393,8026400805991761524,0,0,0,0,0.000,64,536708,5617.590,0,0,0.000,0,0,0.000,13.289
decode,real,1394,8026400805991761524,0,0,0,0,0.000,64,536772,5617.590,0,0,0.000,0,0,0.000,13.302
decode,real,1395,8026400805991761524,0,0,0,0,0.000,64,536836,5617.590,0,0,0.000,0,0,0.000,13.224
decode,real,1396,8026400805991761524,0,0,0,0,0.000,64,536900,5617.590,0,0,0.000,0,0,0.000,13.250
decode,real,1397,8026400805991761524,0,0,0,0,0.000,64,536964,5617.590,0,0,0.000,0,0,0.000,13.288
decode,real,1398,8026400805991761524,0,0,0,0,0.000,64,537028,5617.590,0,0,0.000,0,0,0.000,13.265
decode,real,1399,8026400805991761524,0,0,0,0,0.000,64,537092,5617.590,0,0,0.000,0,0,0.000,13.302
decode,real,1400,8026400805991761524,0,0,0,0,0.000,64,537156,5617.590,0,0,0.000,0,0,0.000,13.185
decode,real,1401,8026400805991761524,0,0,0,0,0.000,64,537220,5617.590,0,0,0.000,0,0,0.000,13.308
decode,real,1402,8026400805991761524,0,0,0,0,0.000,64,537284,5617.590,0,0,0.000,0,0,0.000,13.326
decode,real,1403,8026400805991761524,0,0,0,0,0.000,64,537348,5617.590,0,0,0.000,0,0,0.000,13.239
decode,real,1404,8026400805991761524,0,0,0,0,0.000,64,537412,5617.590,0,0,0.000,0,0,0.000,13.259
decode,real,1405,8026400805991761524,0,0,0,0,0.000,64,537476,5617.590,0,0,0.000,0,0,0.000,13.329
decode,real,1406,8026400805991761524,0,0,0,0,0.000,64,537540,5617.590,0,0,0.000,0,0,0.000,13.295
decode,real,1407,8026400805991761524,0,0,0,0,0.000,64,537604,5617.590,0,0,0.000,0,0,0.000,13.267
decode,real,1408,8026400805991761524,0,0,0,0,0.000,64,537668,5617.590,0,0,0.000,0,0,0.000,13.303
decode,real,1409,8026400805991761524,0,0,0,0,0.000,64,537732,5617.590,0,0,0.000,0,0,0.000,13.228
decode,real,1410,8026400805991761524,0,0,0,0,0.000,64,537796,5617.590,0,0,0.000,0,0,0.000,15.071
decode,real,1411,8026400805991761524,0,0,0,0,0.000,64,537860,5617.590,0,0,0.000,0,0,0.000,11.578
decode,real,1412,8026400805991761524,0,0,0,0,0.000,64,537924,5617.590,0,0,0.000,0,0,0.000,13.213
decode,real,1413,8026400805991761524,0,0,0,0,0.000,64,537988,5617.590,0,0,0.000,0,0,0.000,13.299
decode,real,1414,8026400805991761524,0,0,0,0,0.000,64,538052,5617.590,0,0,0.000,0,0,0.000,13.314
decode,real,1415,8026400805991761524,0,0,0,0,0.000,64,538116,5617.590,0,0,0.000,0,0,0.000,13.192
decode,real,1416,8026400805991761524,0,0,0,0,0.000,64,538180,5617.590,0,0,0.000,0,0,0.000,13.227
decode,real,1417,8026400805991761524,0,0,0,0,0.000,64,538244,5617.590,0,0,0.000,0,0,0.000,13.336
decode,real,1418,8026400805991761524,0,0,0,0,0.000,64,538308,5617.590,0,0,0.000,0,0,0.000,13.319
decode,real,1419,8026400805991761524,0,0,0,0,0.000,64,538372,5617.590,0,0,0.000,0,0,0.000,13.275
decode,real,1420,8026400805991761524,0,0,0,0,0.000,64,538436,5617.590,0,0,0.000,0,0,0.000,13.257
decode,real,1421,8026400805991761524,0,0,0,0,0.000,64,538500,5617.590,0,0,0.000,0,0,0.000,13.322
decode,real,1422,8026400805991761524,0,0,0,0,0.000,64,538564,5617.590,0,0,0.000,0,0,0.000,13.309
decode,real,1423,8026400805991761524,0,0,0,0,0.000,64,538628,5617.590,0,0,0.000,0,0,0.000,13.255
decode,real,1424,8026400805991761524,0,0,0,0,0.000,64,538692,5617.590,0,0,0.000,0,0,0.000,13.311
decode,real,1425,8026400805991761524,0,0,0,0,0.000,64,538756,5617.590,0,0,0.000,0,0,0.000,13.306
decode,real,1426,8026400805991761524,0,0,0,0,0.000,64,538820,5617.590,0,0,0.000,0,0,0.000,13.250
decode,real,1427,8026400805991761524,0,0,0,0,0.000,64,538884,5617.590,0,0,0.000,0,0,0.000,13.281
decode,real,1428,8026400805991761524,0,0,0,0,0.000,64,538948,5617.590,0,0,0.000,0,0,0.000,13.275
decode,real,1429,8026400805991761524,0,0,0,0,0.000,64,539012,5617.590,0,0,0.000,0,0,0.000,13.257
decode,real,1430,8026400805991761524,0,0,0,0,0.000,64,539076,5617.590,0,0,0.000,0,0,0.000,13.654
decode,real,1431,8026400805991761524,0,0,0,0,0.000,64,539140,5617.590,0,0,0.000,0,0,0.000,13.051
decode,real,1432,8026400805991761524,0,0,0,0,0.000,64,539204,5617.590,0,0,0.000,0,0,0.000,13.238
decode,real,1433,8026400805991761524,0,0,0,0,0.000,64,539268,5617.590,0,0,0.000,0,0,0.000,13.302
decode,real,1434,8026400805991761524,0,0,0,0,0.000,64,539332,5617.590,0,0,0.000,0,0,0.000,13.281
decode,real,1435,8026400805991761524,0,0,0,0,0.000,64,539396,5617.590,0,0,0.000,0,0,0.000,13.298
decode,real,1436,8026400805991761524,0,0,0,0,0.000,64,539460,5617.590,0,0,0.000,0,0,0.000,13.340
decode,real,1437,8026400805991761524,0,0,0,0,0.000,64,539524,5617.590,0,0,0.000,0,0,0.000,13.252
decode,real,1438,8026400805991761524,0,0,0,0,0.000,64,539588,5617.590,0,0,0.000,0,0,0.000,13.284
decode,real,1439,8026400805991761524,0,0,0,0,0.000,64,539652,5617.590,0,0,0.000,0,0,0.000,13.315
decode,real,1440,8026400805991761524,0,0,0,0,0.000,64,539716,5617.590,0,0,0.000,0,0,0.000,13.250
decode,real,1441,8026400805991761524,0,0,0,0,0.000,64,539780,5617.590,0,0,0.000,0,0,0.000,13.331
decode,real,1442,8026400805991761524,0,0,0,0,0.000,64,539844,5617.590,0,0,0.000,0,0,0.000,13.303
decode,real,1443,8026400805991761524,0,0,0,0,0.000,64,539908,5617.590,0,0,0.000,0,0,0.000,13.328
decode,real,1444,8026400805991761524,0,0,0,0,0.000,64,539972,5617.590,0,0,0.000,0,0,0.000,13.275
decode,real,1445,8026400805991761524,0,0,0,0,0.000,64,540036,5617.590,0,0,0.000,0,0,0.000,13.251
decode,real,1446,8026400805991761524,0,0,0,0,0.000,64,540100,5617.590,0,0,0.000,0,0,0.000,13.346
decode,real,1447,8026400805991761524,0,0,0,0,0.000,64,540164,5617.590,0,0,0.000,0,0,0.000,13.328
decode,real,1448,8026400805991761524,0,0,0,0,0.000,64,540228,5617.590,0,0,0.000,0,0,0.000,13.277
decode,real,1449,8026400805991761524,0,0,0,0,0.000,64,540292,5617.590,0,0,0.000,0,0,0.000,13.300
decode,real,1450,8026400805991761524,0,0,0,0,0.000,64,540356,5617.590,0,0,0.000,0,0,0.000,13.338
decode,real,1451,8026400805991761524,0,0,0,0,0.000,64,540420,5617.590,0,0,0.000,0,0,0.000,13.252
decode,real,1452,8026400805991761524,0,0,0,0,0.000,64,540484,5617.590,0,0,0.000,0,0,0.000,13.375
decode,real,1453,8026400805991761524,0,0,0,0,0.000,64,540548,5617.590,0,0,0.000,0,0,0.000,13.458
decode,real,1454,8026400805991761524,0,0,0,0,0.000,64,540612,5617.590,0,0,0.000,0,0,0.000,13.260
decode,real,1455,8026400805991761524,0,0,0,0,0.000,64,540676,5617.590,0,0,0.000,0,0,0.000,13.214
decode,real,1456,8026400805991761524,0,0,0,0,0.000,64,540740,5617.590,0,0,0.000,0,0,0.000,13.268
decode,real,1457,8026400805991761524,0,0,0,0,0.000,64,540804,5617.590,0,0,0.000,0,0,0.000,13.295
decode,real,1458,8026400805991761524,0,0,0,0,0.000,64,540868,5617.590,0,0,0.000,0,0,0.000,13.317
decode,real,1459,8026400805991761524,0,0,0,0,0.000,64,540932,5617.590,0,0,0.000,0,0,0.000,13.286
decode,real,1460,8026400805991761524,0,0,0,0,0.000,64,540996,5617.590,0,0,0.000,0,0,0.000,13.322
decode,real,1461,8026400805991761524,0,0,0,0,0.000,64,541060,5617.590,0,0,0.000,0,0,0.000,13.268
decode,real,1462,8026400805991761524,0,0,0,0,0.000,64,541124,5617.590,0,0,0.000,0,0,0.000,13.354
decode,real,1463,8026400805991761524,0,0,0,0,0.000,64,541188,5617.590,0,0,0.000,0,0,0.000,13.293
decode,real,1464,8026400805991761524,0,0,0,0,0.000,64,541252,5617.590,0,0,0.000,0,0,0.000,13.318
decode,real,1465,8026400805991761524,0,0,0,0,0.000,64,541316,5617.590,0,0,0.000,0,0,0.000,13.289
decode,real,1466,8026400805991761524,0,0,0,0,0.000,64,541380,5617.590,0,0,0.000,0,0,0.000,13.433
decode,real,1467,8026400805991761524,0,0,0,0,0.000,64,541444,5617.590,0,0,0.000,0,0,0.000,13.232
decode,real,1468,8026400805991761524,0,0,0,0,0.000,64,541508,5617.590,0,0,0.000,0,0,0.000,13.320
decode,real,1469,8026400805991761524,0,0,0,0,0.000,64,541572,5617.590,0,0,0.000,0,0,0.000,13.328
decode,real,1470,8026400805991761524,0,0,0,0,0.000,64,541636,5617.590,0,0,0.000,0,0,0.000,13.321
decode,real,1471,8026400805991761524,0,0,0,0,0.000,64,541700,5617.590,0,0,0.000,0,0,0.000,13.303
decode,real,1472,8026400805991761524,0,0,0,0,0.000,64,541764,5617.590,0,0,0.000,0,0,0.000,13.282
decode,real,1473,8026400805991761524,0,0,0,0,0.000,64,541828,5617.590,0,0,0.000,0,0,0.000,13.331
decode,real,1474,8026400805991761524,0,0,0,0,0.000,64,541892,5617.590,0,0,0.000,0,0,0.000,13.320
decode,real,1475,8026400805991761524,0,0,0,0,0.000,64,541956,5617.590,0,0,0.000,0,0,0.000,13.311
decode,real,1476,8026400805991761524,0,0,0,0,0.000,64,542020,5617.590,0,0,0.000,0,0,0.000,13.286
decode,real,1477,8026400805991761524,0,0,0,0,0.000,64,542084,5617.590,0,0,0.000,0,0,0.000,13.324
decode,real,1478,8026400805991761524,0,0,0,0,0.000,64,542148,5617.590,0,0,0.000,0,0,0.000,13.365
decode,real,1479,8026400805991761524,0,0,0,0,0.000,64,542212,5617.590,0,0,0.000,0,0,0.000,13.312
decode,real,1480,8026400805991761524,0,0,0,0,0.000,64,542276,5617.590,0,0,0.000,0,0,0.000,13.268
decode,real,1481,8026400805991761524,0,0,0,0,0.000,64,542340,5617.590,0,0,0.000,0,0,0.000,13.401
decode,real,1482,8026400805991761524,0,0,0,0,0.000,64,542404,5617.590,0,0,0.000,0,0,0.000,13.330
decode,real,1483,8026400805991761524,0,0,0,0,0.000,64,542468,5617.590,0,0,0.000,0,0,0.000,13.320
decode,real,1484,8026400805991761524,0,0,0,0,0.000,64,542532,5617.590,0,0,0.000,0,0,0.000,13.337
decode,real,1485,8026400805991761524,0,0,0,0,0.000,64,542596,5617.590,0,0,0.000,0,0,0.000,13.328
decode,real,1486,8026400805991761524,0,0,0,0,0.000,64,542660,5617.590,0,0,0.000,0,0,0.000,13.302
decode,real,1487,8026400805991761524,0,0,0,0,0.000,64,542724,5617.590,0,0,0.000,0,0,0.000,13.371
decode,real,1488,8026400805991761524,0,0,0,0,0.000,64,542788,5617.590,0,0,0.000,0,0,0.000,13.275
decode,real,1489,8026400805991761524,0,0,0,0,0.000,64,542852,5617.590,0,0,0.000,0,0,0.000,13.312
decode,real,1490,8026400805991761524,0,0,0,0,0.000,64,542916,5617.590,0,0,0.000,0,0,0.000,13.401
decode,real,1491,8026400805991761524,0,0,0,0,0.000,64,542980,5617.590,0,0,0.000,0,0,0.000,13.264
decode,real,1492,8026400805991761524,0,0,0,0,0.000,64,543044,5617.590,0,0,0.000,0,0,0.000,13.341
decode,real,1493,8026400805991761524,0,0,0,0,0.000,64,543108,5617.590,0,0,0.000,0,0,0.000,13.369
decode,real,1494,8026400805991761524,0,0,0,0,0.000,64,543172,5617.590,0,0,0.000,0,0,0.000,13.313
decode,real,1495,8026400805991761524,0,0,0,0,0.000,64,543236,5617.590,0,0,0.000,0,0,0.000,13.356
decode,real,1496,8026400805991761524,0,0,0,0,0.000,64,543300,5617.590,0,0,0.000,0,0,0.000,13.363
decode,real,1497,8026400805991761524,0,0,0,0,0.000,64,543364,5617.590,0,0,0.000,0,0,0.000,13.316
decode,real,1498,8026400805991761524,0,0,0,0,0.000,64,543428,5617.590,0,0,0.000,0,0,0.000,13.347
decode,real,1499,8026400805991761524,0,0,0,0,0.000,64,543492,5617.590,0,0,0.000,0,0,0.000,13.315
decode,real,1500,8026400805991761524,0,0,0,0,0.000,64,543556,5617.590,0,0,0.000,0,0,0.000,13.344
decode,real,1501,8026400805991761524,0,0,0,0,0.000,64,543620,5617.590,0,0,0.000,0,0,0.000,13.350
decode,real,1502,8026400805991761524,0,0,0,0,0.000,64,543684,5617.590,0,0,0.000,0,0,0.000,13.313
decode,real,1503,8026400805991761524,0,0,0,0,0.000,64,543748,5617.590,0,0,0.000,0,0,0.000,13.282
decode,real,1504,8026400805991761524,0,0,0,0,0.000,64,543812,5617.590,0,0,0.000,0,0,0.000,13.359
decode,real,1505,8026400805991761524,0,0,0,0,0.000,64,543876,5617.590,0,0,0.000,0,0,0.000,13.353
decode,real,1506,8026400805991761524,0,0,0,0,0.000,64,543940,5617.590,0,0,0.000,0,0,0.000,13.339
decode,real,1507,8026400805991761524,0,0,0,0,0.000,64,544004,5617.590,0,0,0.000,0,0,0.000,13.337
decode,real,1508,8026400805991761524,0,0,0,0,0.000,64,544068,5617.590,0,0,0.000,0,0,0.000,13.340
decode,real,1509,8026400805991761524,0,0,0,0,0.000,64,544132,5617.590,0,0,0.000,0,0,0.000,13.320
decode,real,1510,8026400805991761524,0,0,0,0,0.000,64,544196,5617.590,0,0,0.000,0,0,0.000,13.386
decode,real,1511,8026400805991761524,0,0,0,0,0.000,64,544260,5617.590,0,0,0.000,0,0,0.000,13.346
decode,real,1512,8026400805991761524,0,0,0,0,0.000,64,544324,5617.590,0,0,0.000,0,0,0.000,13.328
decode,real,1513,8026400805991761524,0,0,0,0,0.000,64,544388,5617.590,0,0,0.000,0,0,0.000,13.357
decode,real,1514,8026400805991761524,0,0,0,0,0.000,64,544452,5617.590,0,0,0.000,0,0,0.000,13.351
decode,real,1515,8026400805991761524,0,0,0,0,0.000,64,544516,5617.590,0,0,0.000,0,0,0.000,13.362
decode,real,1516,8026400805991761524,0,0,0,0,0.000,64,544580,5617.590,0,0,0.000,0,0,0.000,13.357
decode,real,1517,8026400805991761524,0,0,0,0,0.000,64,544644,5617.590,0,0,0.000,0,0,0.000,13.339
decode,real,1518,8026400805991761524,0,0,0,0,0.000,64,544708,5617.590,0,0,0.000,0,0,0.000,13.329
decode,real,1519,8026400805991761524,0,0,0,0,0.000,64,544772,5617.590,0,0,0.000,0,0,0.000,13.378
decode,real,1520,8026400805991761524,0,0,0,0,0.000,64,544836,5617.590,0,0,0.000,0,0,0.000,13.325
decode,real,1521,8026400805991761524,0,0,0,0,0.000,64,544900,5617.590,0,0,0.000,0,0,0.000,13.355
decode,real,1522,8026400805991761524,0,0,0,0,0.000,64,544964,5617.590,0,0,0.000,0,0,0.000,13.416
decode,real,1523,8026400805991761524,0,0,0,0,0.000,64,545028,5617.590,0,0,0.000,0,0,0.000,13.294
decode,real,1524,8026400805991761524,0,0,0,0,0.000,64,545092,5617.590,0,0,0.000,0,0,0.000,13.345
decode,real,1525,8026400805991761524,0,0,0,0,0.000,64,545156,5617.590,0,0,0.000,0,0,0.000,13.384
decode,real,1526,8026400805991761524,0,0,0,0,0.000,64,545220,5617.590,0,0,0.000,0,0,0.000,13.363
decode,real,1527,8026400805991761524,0,0,0,0,0.000,64,545284,5617.590,0,0,0.000,0,0,0.000,13.353
decode,real,1528,8026400805991761524,0,0,0,0,0.000,64,545348,5617.590,0,0,0.000,0,0,0.000,13.381
decode,real,1529,8026400805991761524,0,0,0,0,0.000,64,545412,5617.590,0,0,0.000,0,0,0.000,13.320
decode,real,1530,8026400805991761524,0,0,0,0,0.000,64,545476,5617.590,0,0,0.000,0,0,0.000,13.369
decode,real,1531,8026400805991761524,0,0,0,0,0.000,64,545540,5617.590,0,0,0.000,0,0,0.000,13.380
decode,real,1532,8026400805991761524,0,0,0,0,0.000,64,545604,5617.590,0,0,0.000,0,0,0.000,13.339
decode,real,1533,8026400805991761524,0,0,0,0,0.000,64,545668,5617.590,0,0,0.000,0,0,0.000,13.359
decode,real,1534,8026400805991761524,0,0,0,0,0.000,64,545732,5617.590,0,0,0.000,0,0,0.000,13.355
decode,real,1535,8026400805991761524,0,0,0,0,0.000,64,545796,5617.590,0,0,0.000,0,0,0.000,13.371
decode,real,1536,8026400805991761524,0,0,0,0,0.000,64,545860,5617.590,0,0,0.000,0,0,0.000,13.364
decode,real,1537,8026400805991761524,0,0,0,0,0.000,64,545924,5617.590,0,0,0.000,0,0,0.000,13.389
decode,real,1538,8026400805991761524,0,0,0,0,0.000,64,545988,5617.590,0,0,0.000,0,0,0.000,13.644
decode,real,1539,8026400805991761524,0,0,0,0,0.000,64,546052,5617.590,0,0,0.000,0,0,0.000,13.183
decode,real,1540,8026400805991761524,0,0,0,0,0.000,64,546116,5617.590,0,0,0.000,0,0,0.000,13.253
decode,real,1541,8026400805991761524,0,0,0,0,0.000,64,546180,5617.590,0,0,0.000,0,0,0.000,13.410
decode,real,1542,8026400805991761524,0,0,0,0,0.000,64,546244,5617.590,0,0,0.000,0,0,0.000,13.362
decode,real,1543,8026400805991761524,0,0,0,0,0.000,64,546308,5617.590,0,0,0.000,0,0,0.000,13.396
decode,real,1544,8026400805991761524,0,0,0,0,0.000,64,546372,5617.590,0,0,0.000,0,0,0.000,13.360
decode,real,1545,8026400805991761524,0,0,0,0,0.000,64,546436,5617.590,0,0,0.000,0,0,0.000,13.361
decode,real,1546,8026400805991761524,0,0,0,0,0.000,64,546500,5617.590,0,0,0.000,0,0,0.000,13.403
decode,real,1547,8026400805991761524,0,0,0,0,0.000,64,546564,5617.590,0,0,0.000,0,0,0.000,13.372
decode,real,1548,8026400805991761524,0,0,0,0,0.000,64,546628,5617.590,0,0,0.000,0,0,0.000,13.319
decode,real,1549,8026400805991761524,0,0,0,0,0.000,64,546692,5617.590,0,0,0.000,0,0,0.000,13.335
decode,real,1550,8026400805991761524,0,0,0,0,0.000,64,546756,5617.590,0,0,0.000,0,0,0.000,13.436
decode,real,1551,8026400805991761524,0,0,0,0,0.000,64,546820,5617.590,0,0,0.000,0,0,0.000,13.302
decode,real,1552,8026400805991761524,0,0,0,0,0.000,64,546884,5617.590,0,0,0.000,0,0,0.000,13.384
decode,real,1553,8026400805991761524,0,0,0,0,0.000,64,546948,5617.590,0,0,0.000,0,0,0.000,13.375
decode,real,1554,8026400805991761524,0,0,0,0,0.000,64,547012,5617.590,0,0,0.000,0,0,0.000,13.384
decode,real,1555,8026400805991761524,0,0,0,0,0.000,64,547076,5617.590,0,0,0.000,0,0,0.000,13.388
decode,real,1556,8026400805991761524,0,0,0,0,0.000,64,547140,5617.590,0,0,0.000,0,0,0.000,13.372
decode,real,1557,8026400805991761524,0,0,0,0,0.000,64,547204,5617.590,0,0,0.000,0,0,0.000,13.377
decode,real,1558,8026400805991761524,0,0,0,0,0.000,64,547268,5617.590,0,0,0.000,0,0,0.000,13.389
decode,real,1559,8026400805991761524,0,0,0,0,0.000,64,547332,5617.590,0,0,0.000,0,0,0.000,13.337
decode,real,1560,8026400805991761524,0,0,0,0,0.000,64,547396,5617.590,0,0,0.000,0,0,0.000,13.373
decode,real,1561,8026400805991761524,0,0,0,0,0.000,64,547460,5617.590,0,0,0.000,0,0,0.000,13.337
decode,real,1562,8026400805991761524,0,0,0,0,0.000,64,547524,5617.590,0,0,0.000,0,0,0.000,13.412
decode,real,1563,8026400805991761524,0,0,0,0,0.000,64,547588,5617.590,0,0,0.000,0,0,0.000,13.369
decode,real,1564,8026400805991761524,0,0,0,0,0.000,64,547652,5617.590,0,0,0.000,0,0,0.000,13.338
decode,real,1565,8026400805991761524,0,0,0,0,0.000,64,547716,5617.590,0,0,0.000,0,0,0.000,13.415
decode,real,1566,8026400805991761524,0,0,0,0,0.000,64,547780,5617.590,0,0,0.000,0,0,0.000,13.381
decode,real,1567,8026400805991761524,0,0,0,0,0.000,64,547844,5617.590,0,0,0.000,0,0,0.000,13.378
decode,real,1568,8026400805991761524,0,0,0,0,0.000,64,547908,5617.590,0,0,0.000,0,0,0.000,13.354
decode,real,1569,8026400805991761524,0,0,0,0,0.000,64,547972,5617.590,0,0,0.000,0,0,0.000,13.396
decode,real,1570,8026400805991761524,0,0,0,0,0.000,64,548036,5617.590,0,0,0.000,0,0,0.000,13.368
decode,real,1571,8026400805991761524,0,0,0,0,0.000,64,548100,5617.590,0,0,0.000,0,0,0.000,13.385
decode,real,1572,8026400805991761524,0,0,0,0,0.000,64,548164,5617.590,0,0,0.000,0,0,0.000,13.360
decode,real,1573,8026400805991761524,0,0,0,0,0.000,64,548228,5617.590,0,0,0.000,0,0,0.000,13.367
decode,real,1574,8026400805991761524,0,0,0,0,0.000,64,548292,5617.590,0,0,0.000,0,0,0.000,13.415
decode,real,1575,8026400805991761524,0,0,0,0,0.000,64,548356,5617.590,0,0,0.000,0,0,0.000,13.378
decode,real,1576,8026400805991761524,0,0,0,0,0.000,64,548420,5617.590,0,0,0.000,0,0,0.000,13.370
decode,real,1577,8026400805991761524,0,0,0,0,0.000,64,548484,5617.590,0,0,0.000,0,0,0.000,13.760
decode,real,1578,8026400805991761524,0,0,0,0,0.000,64,548548,5617.590,0,0,0.000,0,0,0.000,13.081
decode,real,1579,8026400805991761524,0,0,0,0,0.000,64,548612,5617.590,0,0,0.000,0,0,0.000,13.304
decode,real,1580,8026400805991761524,0,0,0,0,0.000,64,548676,5617.590,0,0,0.000,0,0,0.000,13.391
decode,real,1581,8026400805991761524,0,0,0,0,0.000,64,548740,5617.590,0,0,0.000,0,0,0.000,13.394
decode,real,1582,8026400805991761524,0,0,0,0,0.000,64,548804,5617.590,0,0,0.000,0,0,0.000,13.395
decode,real,1583,8026400805991761524,0,0,0,0,0.000,64,548868,5617.590,0,0,0.000,0,0,0.000,13.387
decode,real,1584,8026400805991761524,0,0,0,0,0.000,64,548932,5617.590,0,0,0.000,0,0,0.000,13.390
decode,real,1585,8026400805991761524,0,0,0,0,0.000,64,548996,5617.590,0,0,0.000,0,0,0.000,13.382
decode,real,1586,8026400805991761524,0,0,0,0,0.000,64,549060,5617.590,0,0,0.000,0,0,0.000,13.494
decode,real,1587,8026400805991761524,0,0,0,0,0.000,64,549124,5617.590,0,0,0.000,0,0,0.000,13.336
decode,real,1588,8026400805991761524,0,0,0,0,0.000,64,549188,5617.590,0,0,0.000,0,0,0.000,13.382
decode,real,1589,8026400805991761524,0,0,0,0,0.000,64,549252,5617.590,0,0,0.000,0,0,0.000,13.394
decode,real,1590,8026400805991761524,0,0,0,0,0.000,64,549316,5617.590,0,0,0.000,0,0,0.000,13.417
decode,real,1591,8026400805991761524,0,0,0,0,0.000,64,549380,5617.590,0,0,0.000,0,0,0.000,13.375
decode,real,1592,8026400805991761524,0,0,0,0,0.000,64,549444,5617.590,0,0,0.000,0,0,0.000,13.379
decode,real,1593,8026400805991761524,0,0,0,0,0.000,64,549508,5617.590,0,0,0.000,0,0,0.000,13.385
decode,real,1594,8026400805991761524,0,0,0,0,0.000,64,549572,5617.590,0,0,0.000,0,0,0.000,13.408
decode,real,1595,8026400805991761524,0,0,0,0,0.000,64,549636,5617.590,0,0,0.000,0,0,0.000,13.412
decode,real,1596,8026400805991761524,0,0,0,0,0.000,64,549700,5617.590,0,0,0.000,0,0,0.000,13.371
decode,real,1597,8026400805991761524,0,0,0,0,0.000,64,549764,5617.590,0,0,0.000,0,0,0.000,13.445
decode,real,1598,8026400805991761524,0,0,0,0,0.000,64,549828,5617.590,0,0,0.000,0,0,0.000,13.408
decode,real,1599,8026400805991761524,0,0,0,0,0.000,64,549892,5617.590,0,0,0.000,0,0,0.000,13.418
decode,real,1600,8026400805991761524,0,0,0,0,0.000,64,549956,5617.590,0,0,0.000,0,0,0.000,13.342
decode,real,1601,8026400805991761524,0,0,0,0,0.000,64,550020,5617.590,0,0,0.000,0,0,0.000,13.404
decode,real,1602,8026400805991761524,0,0,0,0,0.000,64,550084,5617.590,0,0,0.000,0,0,0.000,13.602
decode,real,1603,8026400805991761524,0,0,0,0,0.000,64,550148,5617.590,0,0,0.000,0,0,0.000,13.236
decode,real,1604,8026400805991761524,0,0,0,0,0.000,64,550212,5617.590,0,0,0.000,0,0,0.000,13.423
decode,real,1605,8026400805991761524,0,0,0,0,0.000,64,550276,5617.590,0,0,0.000,0,0,0.000,13.378
decode,real,1606,8026400805991761524,0,0,0,0,0.000,64,550340,5617.590,0,0,0.000,0,0,0.000,13.431
decode,real,1607,8026400805991761524,0,0,0,0,0.000,64,550404,5617.590,0,0,0.000,0,0,0.000,13.392
decode,real,1608,8026400805991761524,0,0,0,0,0.000,64,550468,5617.590,0,0,0.000,0,0,0.000,13.410
decode,real,1609,8026400805991761524,0,0,0,0,0.000,64,550532,5617.590,0,0,0.000,0,0,0.000,13.433
decode,real,1610,8026400805991761524,0,0,0,0,0.000,64,550596,5617.590,0,0,0.000,0,0,0.000,13.423
decode,real,1611,8026400805991761524,0,0,0,0,0.000,64,550660,5617.590,0,0,0.000,0,0,0.000,13.383
decode,real,1612,8026400805991761524,0,0,0,0,0.000,64,550724,5617.590,0,0,0.000,0,0,0.000,13.431
decode,real,1613,8026400805991761524,0,0,0,0,0.000,64,550788,5617.590,0,0,0.000,0,0,0.000,13.391
decode,real,1614,8026400805991761524,0,0,0,0,0.000,64,550852,5617.590,0,0,0.000,0,0,0.000,13.455
decode,real,1615,8026400805991761524,0,0,0,0,0.000,64,550916,5617.590,0,0,0.000,0,0,0.000,13.432
decode,real,1616,8026400805991761524,0,0,0,0,0.000,64,550980,5617.590,0,0,0.000,0,0,0.000,13.406
decode,real,1617,8026400805991761524,0,0,0,0,0.000,64,551044,5617.590,0,0,0.000,0,0,0.000,13.401
decode,real,1618,8026400805991761524,0,0,0,0,0.000,64,551108,5617.590,0,0,0.000,0,0,0.000,13.468
decode,real,1619,8026400805991761524,0,0,0,0,0.000,64,551172,5617.590,0,0,0.000,0,0,0.000,13.404
decode,real,1620,8026400805991761524,0,0,0,0,0.000,64,551236,5617.590,0,0,0.000,0,0,0.000,13.393
decode,real,1621,8026400805991761524,0,0,0,0,0.000,64,551300,5617.590,0,0,0.000,0,0,0.000,13.431
decode,real,1622,8026400805991761524,0,0,0,0,0.000,64,551364,5617.590,0,0,0.000,0,0,0.000,13.434
decode,real,1623,8026400805991761524,0,0,0,0,0.000,64,551428,5617.590,0,0,0.000,0,0,0.000,13.393
decode,real,1624,8026400805991761524,0,0,0,0,0.000,64,551492,5617.590,0,0,0.000,0,0,0.000,13.433
decode,real,1625,8026400805991761524,0,0,0,0,0.000,64,551556,5617.590,0,0,0.000,0,0,0.000,13.418
decode,real,1626,8026400805991761524,0,0,0,0,0.000,64,551620,5617.590,0,0,0.000,0,0,0.000,13.458
decode,real,1627,8026400805991761524,0,0,0,0,0.000,64,551684,5617.590,0,0,0.000,0,0,0.000,13.975
decode,real,1628,8026400805991761524,0,0,0,0,0.000,64,551748,5617.590,0,0,0.000,0,0,0.000,12.854
decode,real,1629,8026400805991761524,0,0,0,0,0.000,64,551812,5617.590,0,0,0.000,0,0,0.000,13.440
decode,real,1630,8026400805991761524,0,0,0,0,0.000,64,551876,5617.590,0,0,0.000,0,0,0.000,13.432
decode,real,1631,8026400805991761524,0,0,0,0,0.000,64,551940,5617.590,0,0,0.000,0,0,0.000,13.416
decode,real,1632,8026400805991761524,0,0,0,0,0.000,64,552004,5617.590,0,0,0.000,0,0,0.000,13.409
decode,real,1633,8026400805991761524,0,0,0,0,0.000,64,552068,5617.590,0,0,0.000,0,0,0.000,13.411
decode,real,1634,8026400805991761524,0,0,0,0,0.000,64,552132,5617.590,0,0,0.000,0,0,0.000,13.463
decode,real,1635,8026400805991761524,0,0,0,0,0.000,64,552196,5617.590,0,0,0.000,0,0,0.000,13.406
decode,real,1636,8026400805991761524,0,0,0,0,0.000,64,552260,5617.590,0,0,0.000,0,0,0.000,13.435
decode,real,1637,8026400805991761524,0,0,0,0,0.000,64,552324,5617.590,0,0,0.000,0,0,0.000,13.424
decode,real,1638,8026400805991761524,0,0,0,0,0.000,64,552388,5617.590,0,0,0.000,0,0,0.000,13.441
decode,real,1639,8026400805991761524,0,0,0,0,0.000,64,552452,5617.590,0,0,0.000,0,0,0.000,13.416
decode,real,1640,8026400805991761524,0,0,0,0,0.000,64,552516,5617.590,0,0,0.000,0,0,0.000,13.443
decode,real,1641,8026400805991761524,0,0,0,0,0.000,64,552580,5617.590,0,0,0.000,0,0,0.000,13.423
decode,real,1642,8026400805991761524,0,0,0,0,0.000,64,552644,5617.590,0,0,0.000,0,0,0.000,13.461
decode,real,1643,8026400805991761524,0,0,0,0,0.000,64,552708,5617.590,0,0,0.000,0,0,0.000,13.414
decode,real,1644,8026400805991761524,0,0,0,0,0.000,64,552772,5617.590,0,0,0.000,0,0,0.000,13.454
decode,real,1645,8026400805991761524,0,0,0,0,0.000,64,552836,5617.590,0,0,0.000,0,0,0.000,13.421
decode,real,1646,8026400805991761524,0,0,0,0,0.000,64,552900,5617.590,0,0,0.000,0,0,0.000,13.462
decode,real,1647,8026400805991761524,0,0,0,0,0.000,64,552964,5617.590,0,0,0.000,0,0,0.000,13.470
decode,real,1648,8026400805991761524,0,0,0,0,0.000,64,553028,5617.590,0,0,0.000,0,0,0.000,13.419
decode,real,1649,8026400805991761524,0,0,0,0,0.000,64,553092,5617.590,0,0,0.000,0,0,0.000,13.451
decode,real,1650,8026400805991761524,0,0,0,0,0.000,64,553156,5617.590,0,0,0.000,0,0,0.000,13.452
decode,real,1651,8026400805991761524,0,0,0,0,0.000,64,553220,5617.590,0,0,0.000,0,0,0.000,13.467
decode,real,1652,8026400805991761524,0,0,0,0,0.000,64,553284,5617.590,0,0,0.000,0,0,0.000,13.394
decode,real,1653,8026400805991761524,0,0,0,0,0.000,64,553348,5617.590,0,0,0.000,0,0,0.000,13.495
decode,real,1654,8026400805991761524,0,0,0,0,0.000,64,553412,5617.590,0,0,0.000,0,0,0.000,13.430
decode,real,1655,8026400805991761524,0,0,0,0,0.000,64,553476,5617.590,0,0,0.000,0,0,0.000,13.454
decode,real,1656,8026400805991761524,0,0,0,0,0.000,64,553540,5617.590,0,0,0.000,0,0,0.000,13.449
decode,real,1657,8026400805991761524,0,0,0,0,0.000,64,553604,5617.590,0,0,0.000,0,0,0.000,13.443
decode,real,1658,8026400805991761524,0,0,0,0,0.000,64,553668,5617.590,0,0,0.000,0,0,0.000,13.472
decode,real,1659,8026400805991761524,0,0,0,0,0.000,64,553732,5617.590,0,0,0.000,0,0,0.000,13.438
decode,real,1660,8026400805991761524,0,0,0,0,0.000,64,553796,5617.590,0,0,0.000,0,0,0.000,13.473
decode,real,1661,8026400805991761524,0,0,0,0,0.000,64,553860,5617.590,0,0,0.000,0,0,0.000,13.461
decode,real,1662,8026400805991761524,0,0,0,0,0.000,64,553924,5617.590,0,0,0.000,0,0,0.000,13.461
decode,real,1663,8026400805991761524,0,0,0,0,0.000,64,553988,5617.590,0,0,0.000,0,0,0.000,13.446
decode,real,1664,8026400805991761524,0,0,0,0,0.000,64,554052,5617.590,0,0,0.000,0,0,0.000,13.450
decode,real,1665,8026400805991761524,0,0,0,0,0.000,64,554116,5617.590,0,0,0.000,0,0,0.000,13.452
decode,real,1666,8026400805991761524,0,0,0,0,0.000,64,554180,5617.590,0,0,0.000,0,0,0.000,13.457
decode,real,1667,8026400805991761524,0,0,0,0,0.000,64,554244,5617.590,0,0,0.000,0,0,0.000,13.447
decode,real,1668,8026400805991761524,0,0,0,0,0.000,64,554308,5617.590,0,0,0.000,0,0,0.000,13.444
decode,real,1669,8026400805991761524,0,0,0,0,0.000,64,554372,5617.590,0,0,0.000,0,0,0.000,13.454
decode,real,1670,8026400805991761524,0,0,0,0,0.000,64,554436,5617.590,0,0,0.000,0,0,0.000,13.449
decode,real,1671,8026400805991761524,0,0,0,0,0.000,64,554500,5617.590,0,0,0.000,0,0,0.000,13.465
decode,real,1672,8026400805991761524,0,0,0,0,0.000,64,554564,5617.590,0,0,0.000,0,0,0.000,13.446
decode,real,1673,8026400805991761524,0,0,0,0,0.000,64,554628,5617.590,0,0,0.000,0,0,0.000,13.498
decode,real,1674,8026400805991761524,0,0,0,0,0.000,64,554692,5617.590,0,0,0.000,0,0,0.000,13.451
decode,real,1675,8026400805991761524,0,0,0,0,0.000,64,554756,5617.590,0,0,0.000,0,0,0.000,13.463
decode,real,1676,8026400805991761524,0,0,0,0,0.000,64,554820,5617.590,0,0,0.000,0,0,0.000,13.455
decode,real,1677,8026400805991761524,0,0,0,0,0.000,64,554884,5617.590,0,0,0.000,0,0,0.000,13.473
decode,real,1678,8026400805991761524,0,0,0,0,0.000,64,554948,5617.590,0,0,0.000,0,0,0.000,13.475
decode,real,1679,8026400805991761524,0,0,0,0,0.000,64,555012,5617.590,0,0,0.000,0,0,0.000,13.450
decode,real,1680,8026400805991761524,0,0,0,0,0.000,64,555076,5617.590,0,0,0.000,0,0,0.000,13.452
decode,real,1681,8026400805991761524,0,0,0,0,0.000,64,555140,5617.590,0,0,0.000,0,0,0.000,13.451
decode,real,1682,8026400805991761524,0,0,0,0,0.000,64,555204,5617.590,0,0,0.000,0,0,0.000,13.472
decode,real,1683,8026400805991761524,0,0,0,0,0.000,64,555268,5617.590,0,0,0.000,0,0,0.000,13.466
decode,real,1684,8026400805991761524,0,0,0,0,0.000,64,555332,5617.590,0,0,0.000,0,0,0.000,13.477
decode,real,1685,8026400805991761524,0,0,0,0,0.000,64,555396,5617.590,0,0,0.000,0,0,0.000,13.440
decode,real,1686,8026400805991761524,0,0,0,0,0.000,64,555460,5617.590,0,0,0.000,0,0,0.000,13.477
decode,real,1687,8026400805991761524,0,0,0,0,0.000,64,555524,5617.590,0,0,0.000,0,0,0.000,13.508
decode,real,1688,8026400805991761524,0,0,0,0,0.000,64,555588,5617.590,0,0,0.000,0,0,0.000,13.463
decode,real,1689,8026400805991761524,0,0,0,0,0.000,64,555652,5617.590,0,0,0.000,0,0,0.000,13.445
decode,real,1690,8026400805991761524,0,0,0,0,0.000,64,555716,5617.590,0,0,0.000,0,0,0.000,13.509
decode,real,1691,8026400805991761524,0,0,0,0,0.000,64,555780,5617.590,0,0,0.000,0,0,0.000,13.445
decode,real,1692,8026400805991761524,0,0,0,0,0.000,64,555844,5617.590,0,0,0.000,0,0,0.000,13.468
decode,real,1693,8026400805991761524,0,0,0,0,0.000,64,555908,5617.590,0,0,0.000,0,0,0.000,13.480
decode,real,1694,8026400805991761524,0,0,0,0,0.000,64,555972,5617.590,0,0,0.000,0,0,0.000,13.482
decode,real,1695,8026400805991761524,0,0,0,0,0.000,64,556036,5617.590,0,0,0.000,0,0,0.000,13.467
decode,real,1696,8026400805991761524,0,0,0,0,0.000,64,556100,5617.590,0,0,0.000,0,0,0.000,13.449
decode,real,1697,8026400805991761524,0,0,0,0,0.000,64,556164,5617.590,0,0,0.000,0,0,0.000,13.454
decode,real,1698,8026400805991761524,0,0,0,0,0.000,64,556228,5617.590,0,0,0.000,0,0,0.000,13.476
decode,real,1699,8026400805991761524,0,0,0,0,0.000,64,556292,5617.590,0,0,0.000,0,0,0.000,13.469
decode,real,1700,8026400805991761524,0,0,0,0,0.000,64,556356,5617.590,0,0,0.000,0,0,0.000,13.460
decode,real,1701,8026400805991761524,0,0,0,0,0.000,64,556420,5617.590,0,0,0.000,0,0,0.000,13.503
decode,real,1702,8026400805991761524,0,0,0,0,0.000,64,556484,5617.590,0,0,0.000,0,0,0.000,13.459
decode,real,1703,8026400805991761524,0,0,0,0,0.000,64,556548,5617.590,0,0,0.000,0,0,0.000,13.498
decode,real,1704,8026400805991761524,0,0,0,0,0.000,64,556612,5617.590,0,0,0.000,0,0,0.000,13.445
decode,real,1705,8026400805991761524,0,0,0,0,0.000,64,556676,5617.590,0,0,0.000,0,0,0.000,13.496
decode,real,1706,8026400805991761524,0,0,0,0,0.000,64,556740,5617.590,0,0,0.000,0,0,0.000,13.480
decode,real,1707,8026400805991761524,0,0,0,0,0.000,64,556804,5617.590,0,0,0.000,0,0,0.000,13.514
decode,real,1708,8026400805991761524,0,0,0,0,0.000,64,556868,5617.590,0,0,0.000,0,0,0.000,13.422
decode,real,1709,8026400805991761524,0,0,0,0,0.000,64,556932,5617.590,0,0,0.000,0,0,0.000,13.534
decode,real,1710,8026400805991761524,0,0,0,0,0.000,64,556996,5617.590,0,0,0.000,0,0,0.000,13.463
decode,real,1711,8026400805991761524,0,0,0,0,0.000,64,557060,5617.590,0,0,0.000,0,0,0.000,13.491
decode,real,1712,8026400805991761524,0,0,0,0,0.000,64,557124,5617.590,0,0,0.000,0,0,0.000,13.469
decode,real,1713,8026400805991761524,0,0,0,0,0.000,64,557188,5617.590,0,0,0.000,0,0,0.000,13.560
decode,real,1714,8026400805991761524,0,0,0,0,0.000,64,557252,5617.590,0,0,0.000,0,0,0.000,13.461
decode,real,1715,8026400805991761524,0,0,0,0,0.000,64,557316,5617.590,0,0,0.000,0,0,0.000,13.477
decode,real,1716,8026400805991761524,0,0,0,0,0.000,64,557380,5617.590,0,0,0.000,0,0,0.000,13.469
decode,real,1717,8026400805991761524,0,0,0,0,0.000,64,557444,5617.590,0,0,0.000,0,0,0.000,13.491
decode,real,1718,8026400805991761524,0,0,0,0,0.000,64,557508,5617.590,0,0,0.000,0,0,0.000,13.538
decode,real,1719,8026400805991761524,0,0,0,0,0.000,64,557572,5617.590,0,0,0.000,0,0,0.000,13.445
decode,real,1720,8026400805991761524,0,0,0,0,0.000,64,557636,5617.590,0,0,0.000,0,0,0.000,13.491
decode,real,1721,8026400805991761524,0,0,0,0,0.000,64,557700,5617.590,0,0,0.000,0,0,0.000,13.526
decode,real,1722,8026400805991761524,0,0,0,0,0.000,64,557764,5617.590,0,0,0.000,0,0,0.000,13.511
decode,real,1723,8026400805991761524,0,0,0,0,0.000,64,557828,5617.590,0,0,0.000,0,0,0.000,13.538
decode,real,1724,8026400805991761524,0,0,0,0,0.000,64,557892,5617.590,0,0,0.000,0,0,0.000,13.410
decode,real,1725,8026400805991761524,0,0,0,0,0.000,64,557956,5617.590,0,0,0.000,0,0,0.000,13.516
decode,real,1726,8026400805991761524,0,0,0,0,0.000,64,558020,5617.590,0,0,0.000,0,0,0.000,13.493
decode,real,1727,8026400805991761524,0,0,0,0,0.000,64,558084,5617.590,0,0,0.000,0,0,0.000,13.467
decode,real,1728,8026400805991761524,0,0,0,0,0.000,64,558148,5617.590,0,0,0.000,0,0,0.000,13.480
decode,real,1729,8026400805991761524,0,0,0,0,0.000,64,558212,5617.590,0,0,0.000,0,0,0.000,13.497
decode,real,1730,8026400805991761524,0,0,0,0,0.000,64,558276,5617.590,0,0,0.000,0,0,0.000,13.560
decode,real,1731,8026400805991761524,0,0,0,0,0.000,64,558340,5617.590,0,0,0.000,0,0,0.000,13.452
decode,real,1732,8026400805991761524,0,0,0,0,0.000,64,558404,5617.590,0,0,0.000,0,0,0.000,13.492
decode,real,1733,8026400805991761524,0,0,0,0,0.000,64,558468,5617.590,0,0,0.000,0,0,0.000,13.532
decode,real,1734,8026400805991761524,0,0,0,0,0.000,64,558532,5617.590,0,0,0.000,0,0,0.000,13.482
decode,real,1735,8026400805991761524,0,0,0,0,0.000,64,558596,5617.590,0,0,0.000,0,0,0.000,13.540
decode,real,1736,8026400805991761524,0,0,0,0,0.000,64,558660,5617.590,0,0,0.000,0,0,0.000,13.459
decode,real,1737,8026400805991761524,0,0,0,0,0.000,64,558724,5617.590,0,0,0.000,0,0,0.000,13.459
decode,real,1738,8026400805991761524,0,0,0,0,0.000,64,558788,5617.590,0,0,0.000,0,0,0.000,13.536
decode,real,1739,8026400805991761524,0,0,0,0,0.000,64,558852,5617.590,0,0,0.000,0,0,0.000,13.453
decode,real,1740,8026400805991761524,0,0,0,0,0.000,64,558916,5617.590,0,0,0.000,0,0,0.000,13.473
decode,real,1741,8026400805991761524,0,0,0,0,0.000,64,558980,5617.590,0,0,0.000,0,0,0.000,13.500
decode,real,1742,8026400805991761524,0,0,0,0,0.000,64,559044,5617.590,0,0,0.000,0,0,0.000,13.523
decode,real,1743,8026400805991761524,0,0,0,0,0.000,64,559108,5617.590,0,0,0.000,0,0,0.000,13.481
decode,real,1744,8026400805991761524,0,0,0,0,0.000,64,559172,5617.590,0,0,0.000,0,0,0.000,13.521
decode,real,1745,8026400805991761524,0,0,0,0,0.000,64,559236,5617.590,0,0,0.000,0,0,0.000,13.517
decode,real,1746,8026400805991761524,0,0,0,0,0.000,64,559300,5617.590,0,0,0.000,0,0,0.000,13.509
decode,real,1747,8026400805991761524,0,0,0,0,0.000,64,559364,5617.590,0,0,0.000,0,0,0.000,13.499
decode,real,1748,8026400805991761524,0,0,0,0,0.000,64,559428,5617.590,0,0,0.000,0,0,0.000,13.492
decode,real,1749,8026400805991761524,0,0,0,0,0.000,64,559492,5617.590,0,0,0.000,0,0,0.000,13.501
decode,real,1750,8026400805991761524,0,0,0,0,0.000,64,559556,5617.590,0,0,0.000,0,0,0.000,13.556
decode,real,1751,8026400805991761524,0,0,0,0,0.000,64,559620,5617.590,0,0,0.000,0,0,0.000,13.503
decode,real,1752,8026400805991761524,0,0,0,0,0.000,64,559684,5617.590,0,0,0.000,0,0,0.000,13.517
decode,real,1753,8026400805991761524,0,0,0,0,0.000,64,559748,5617.590,0,0,0.000,0,0,0.000,13.482
decode,real,1754,8026400805991761524,0,0,0,0,0.000,64,559812,5617.590,0,0,0.000,0,0,0.000,13.545
decode,real,1755,8026400805991761524,0,0,0,0,0.000,64,559876,5617.590,0,0,0.000,0,0,0.000,13.507
decode,real,1756,8026400805991761524,0,0,0,0,0.000,64,559940,5617.590,0,0,0.000,0,0,0.000,13.835
decode,real,1757,8026400805991761524,0,0,0,0,0.000,64,560004,5617.590,0,0,0.000,0,0,0.000,13.332
decode,real,1758,8026400805991761524,0,0,0,0,0.000,64,560068,5617.590,0,0,0.000,0,0,0.000,13.598
decode,real,1759,8026400805991761524,0,0,0,0,0.000,64,560132,5617.590,0,0,0.000,0,0,0.000,13.471
decode,real,1760,8026400805991761524,0,0,0,0,0.000,64,560196,5617.590,0,0,0.000,0,0,0.000,13.316
decode,real,1761,8026400805991761524,0,0,0,0,0.000,64,560260,5617.590,0,0,0.000,0,0,0.000,13.530
decode,real,1762,8026400805991761524,0,0,0,0,0.000,64,560324,5617.590,0,0,0.000,0,0,0.000,13.547
decode,real,1763,8026400805991761524,0,0,0,0,0.000,64,560388,5617.590,0,0,0.000,0,0,0.000,13.518
decode,real,1764,8026400805991761524,0,0,0,0,0.000,64,560452,5617.590,0,0,0.000,0,0,0.000,13.510
decode,real,1765,8026400805991761524,0,0,0,0,0.000,64,560516,5617.590,0,0,0.000,0,0,0.000,13.535
decode,real,1766,8026400805991761524,0,0,0,0,0.000,64,560580,5617.590,0,0,0.000,0,0,0.000,13.520
decode,real,1767,8026400805991761524,0,0,0,0,0.000,64,560644,5617.590,0,0,0.000,0,0,0.000,13.518
decode,real,1768,8026400805991761524,0,0,0,0,0.000,64,560708,5617.590,0,0,0.000,0,0,0.000,13.493
decode,real,1769,8026400805991761524,0,0,0,0,0.000,64,560772,5617.590,0,0,0.000,0,0,0.000,13.558
decode,real,1770,8026400805991761524,0,0,0,0,0.000,64,560836,5617.590,0,0,0.000,0,0,0.000,13.514
decode,real,1771,8026400805991761524,0,0,0,0,0.000,64,560900,5617.590,0,0,0.000,0,0,0.000,13.482
decode,real,1772,8026400805991761524,0,0,0,0,0.000,64,560964,5617.590,0,0,0.000,0,0,0.000,13.509
decode,real,1773,8026400805991761524,0,0,0,0,0.000,64,561028,5617.590,0,0,0.000,0,0,0.000,13.562
decode,real,1774,8026400805991761524,0,0,0,0,0.000,64,561092,5617.590,0,0,0.000,0,0,0.000,13.496
decode,real,1775,8026400805991761524,0,0,0,0,0.000,64,561156,5617.590,0,0,0.000,0,0,0.000,13.541
decode,real,1776,8026400805991761524,0,0,0,0,0.000,64,561220,5617.590,0,0,0.000,0,0,0.000,13.509
decode,real,1777,8026400805991761524,0,0,0,0,0.000,64,561284,5617.590,0,0,0.000,0,0,0.000,13.523
decode,real,1778,8026400805991761524,0,0,0,0,0.000,64,561348,5617.590,0,0,0.000,0,0,0.000,13.580
decode,real,1779,8026400805991761524,0,0,0,0,0.000,64,561412,5617.590,0,0,0.000,0,0,0.000,13.481
decode,real,1780,8026400805991761524,0,0,0,0,0.000,64,561476,5617.590,0,0,0.000,0,0,0.000,13.572
decode,real,1781,8026400805991761524,0,0,0,0,0.000,64,561540,5617.590,0,0,0.000,0,0,0.000,13.545
decode,real,1782,8026400805991761524,0,0,0,0,0.000,64,561604,5617.590,0,0,0.000,0,0,0.000,13.542
decode,real,1783,8026400805991761524,0,0,0,0,0.000,64,561668,5617.590,0,0,0.000,0,0,0.000,13.515
decode,real,1784,8026400805991761524,0,0,0,0,0.000,64,561732,5617.590,0,0,0.000,0,0,0.000,13.549
decode,real,1785,8026400805991761524,0,0,0,0,0.000,64,561796,5617.590,0,0,0.000,0,0,0.000,13.495
decode,real,1786,8026400805991761524,0,0,0,0,0.000,64,561860,5617.590,0,0,0.000,0,0,0.000,13.572
decode,real,1787,8026400805991761524,0,0,0,0,0.000,64,561924,5617.590,0,0,0.000,0,0,0.000,13.508
decode,real,1788,8026400805991761524,0,0,0,0,0.000,64,561988,5617.590,0,0,0.000,0,0,0.000,13.539
decode,real,1789,8026400805991761524,0,0,0,0,0.000,64,562052,5617.590,0,0,0.000,0,0,0.000,13.514
decode,real,1790,8026400805991761524,0,0,0,0,0.000,64,562116,5617.590,0,0,0.000,0,0,0.000,13.562
decode,real,1791,8026400805991761524,0,0,0,0,0.000,64,562180,5617.590,0,0,0.000,0,0,0.000,13.553
decode,real,1792,8026400805991761524,0,0,0,0,0.000,64,562244,5617.590,0,0,0.000,0,0,0.000,13.520
decode,real,1793,8026400805991761524,0,0,0,0,0.000,64,562308,5617.590,0,0,0.000,0,0,0.000,13.540
decode,real,1794,8026400805991761524,0,0,0,0,0.000,64,562372,5617.590,0,0,0.000,0,0,0.000,13.573
decode,real,1795,8026400805991761524,0,0,0,0,0.000,64,562436,5617.590,0,0,0.000,0,0,0.000,13.537
decode,real,1796,8026400805991761524,0,0,0,0,0.000,64,562500,5617.590,0,0,0.000,0,0,0.000,13.537
decode,real,1797,8026400805991761524,0,0,0,0,0.000,64,562564,5617.590,0,0,0.000,0,0,0.000,13.539
decode,real,1798,8026400805991761524,0,0,0,0,0.000,64,562628,5617.590,0,0,0.000,0,0,0.000,13.566
decode,real,1799,8026400805991761524,0,0,0,0,0.000,64,562692,5617.590,0,0,0.000,0,0,0.000,13.493
decode,real,1800,8026400805991761524,0,0,0,0,0.000,64,562756,5617.590,0,0,0.000,0,0,0.000,13.563
decode,real,1801,8026400805991761524,0,0,0,0,0.000,64,562820,5617.590,0,0,0.000,0,0,0.000,13.532
decode,real,1802,8026400805991761524,0,0,0,0,0.000,64,562884,5617.590,0,0,0.000,0,0,0.000,13.536
decode,real,1803,8026400805991761524,0,0,0,0,0.000,64,562948,5617.590,0,0,0.000,0,0,0.000,13.557
decode,real,1804,8026400805991761524,0,0,0,0,0.000,64,563012,5617.590,0,0,0.000,0,0,0.000,13.528
decode,real,1805,8026400805991761524,0,0,0,0,0.000,64,563076,5617.590,0,0,0.000,0,0,0.000,13.575
decode,real,1806,8026400805991761524,0,0,0,0,0.000,64,563140,5617.590,0,0,0.000,0,0,0.000,13.570
decode,real,1807,8026400805991761524,0,0,0,0,0.000,64,563204,5617.590,0,0,0.000,0,0,0.000,13.579
decode,real,1808,8026400805991761524,0,0,0,0,0.000,64,563268,5617.590,0,0,0.000,0,0,0.000,13.510
decode,real,1809,8026400805991761524,0,0,0,0,0.000,64,563332,5617.590,0,0,0.000,0,0,0.000,13.526
decode,real,1810,8026400805991761524,0,0,0,0,0.000,64,563396,5617.590,0,0,0.000,0,0,0.000,13.618
decode,real,1811,8026400805991761524,0,0,0,0,0.000,64,563460,5617.590,0,0,0.000,0,0,0.000,13.509
decode,real,1812,8026400805991761524,0,0,0,0,0.000,64,563524,5617.590,0,0,0.000,0,0,0.000,13.543
decode,real,1813,8026400805991761524,0,0,0,0,0.000,64,563588,5617.590,0,0,0.000,0,0,0.000,13.563
decode,real,1814,8026400805991761524,0,0,0,0,0.000,64,563652,5617.590,0,0,0.000,0,0,0.000,13.565
decode,real,1815,8026400805991761524,0,0,0,0,0.000,64,563716,5617.590,0,0,0.000,0,0,0.000,13.522
decode,real,1816,8026400805991761524,0,0,0,0,0.000,64,563780,5617.590,0,0,0.000,0,0,0.000,13.601
decode,real,1817,8026400805991761524,0,0,0,0,0.000,64,563844,5617.590,0,0,0.000,0,0,0.000,13.506
decode,real,1818,8026400805991761524,0,0,0,0,0.000,64,563908,5617.590,0,0,0.000,0,0,0.000,13.563
decode,real,1819,8026400805991761524,0,0,0,0,0.000,64,563972,5617.590,0,0,0.000,0,0,0.000,13.574
decode,real,1820,8026400805991761524,0,0,0,0,0.000,64,564036,5617.590,0,0,0.000,0,0,0.000,13.556
decode,real,1821,8026400805991761524,0,0,0,0,0.000,64,564100,5617.590,0,0,0.000,0,0,0.000,13.541
decode,real,1822,8026400805991761524,0,0,0,0,0.000,64,564164,5617.590,0,0,0.000,0,0,0.000,13.591
decode,real,1823,8026400805991761524,0,0,0,0,0.000,64,564228,5617.590,0,0,0.000,0,0,0.000,13.532
decode,real,1824,8026400805991761524,0,0,0,0,0.000,64,564292,5617.590,0,0,0.000,0,0,0.000,13.584
decode,real,1825,8026400805991761524,0,0,0,0,0.000,64,564356,5617.590,0,0,0.000,0,0,0.000,13.547
decode,real,1826,8026400805991761524,0,0,0,0,0.000,64,564420,5617.590,0,0,0.000,0,0,0.000,13.585
decode,real,1827,8026400805991761524,0,0,0,0,0.000,64,564484,5617.590,0,0,0.000,0,0,0.000,13.592
decode,real,1828,8026400805991761524,0,0,0,0,0.000,64,564548,5617.590,0,0,0.000,0,0,0.000,13.532
decode,real,1829,8026400805991761524,0,0,0,0,0.000,64,564612,5617.590,0,0,0.000,0,0,0.000,13.545
decode,real,1830,8026400805991761524,0,0,0,0,0.000,64,564676,5617.590,0,0,0.000,0,0,0.000,13.546
decode,real,1831,8026400805991761524,0,0,0,0,0.000,64,564740,5617.590,0,0,0.000,0,0,0.000,13.548
decode,real,1832,8026400805991761524,0,0,0,0,0.000,64,564804,5617.590,0,0,0.000,0,0,0.000,13.629
decode,real,1833,8026400805991761524,0,0,0,0,0.000,64,564868,5617.590,0,0,0.000,0,0,0.000,13.568
decode,real,1834,8026400805991761524,0,0,0,0,0.000,64,564932,5617.590,0,0,0.000,0,0,0.000,13.562
decode,real,1835,8026400805991761524,0,0,0,0,0.000,64,564996,5617.590,0,0,0.000,0,0,0.000,13.519
decode,real,1836,8026400805991761524,0,0,0,0,0.000,64,565060,5617.590,0,0,0.000,0,0,0.000,13.578
decode,real,1837,8026400805991761524,0,0,0,0,0.000,64,565124,5617.590,0,0,0.000,0,0,0.000,13.561
decode,real,1838,8026400805991761524,0,0,0,0,0.000,64,565188,5617.590,0,0,0.000,0,0,0.000,13.566
decode,real,1839,8026400805991761524,0,0,0,0,0.000,64,565252,5617.590,0,0,0.000,0,0,0.000,13.571
decode,real,1840,8026400805991761524,0,0,0,0,0.000,64,565316,5617.590,0,0,0.000,0,0,0.000,13.570
decode,real,1841,8026400805991761524,0,0,0,0,0.000,64,565380,5617.590,0,0,0.000,0,0,0.000,13.569
decode,real,1842,8026400805991761524,0,0,0,0,0.000,64,565444,5617.590,0,0,0.000,0,0,0.000,13.571
decode,real,1843,8026400805991761524,0,0,0,0,0.000,64,565508,5617.590,0,0,0.000,0,0,0.000,13.561
decode,real,1844,8026400805991761524,0,0,0,0,0.000,64,565572,5617.590,0,0,0.000,0,0,0.000,13.579
decode,real,1845,8026400805991761524,0,0,0,0,0.000,64,565636,5617.590,0,0,0.000,0,0,0.000,13.505
decode,real,1846,8026400805991761524,0,0,0,0,0.000,64,565700,5617.590,0,0,0.000,0,0,0.000,13.576
decode,real,1847,8026400805991761524,0,0,0,0,0.000,64,565764,5617.590,0,0,0.000,0,0,0.000,13.642
decode,real,1848,8026400805991761524,0,0,0,0,0.000,64,565828,5617.590,0,0,0.000,0,0,0.000,13.639
decode,real,1849,8026400805991761524,0,0,0,0,0.000,64,565892,5617.590,0,0,0.000,0,0,0.000,13.539
decode,real,1850,8026400805991761524,0,0,0,0,0.000,64,565956,5617.590,0,0,0.000,0,0,0.000,13.559
decode,real,1851,8026400805991761524,0,0,0,0,0.000,64,566020,5617.590,0,0,0.000,0,0,0.000,13.613
decode,real,1852,8026400805991761524,0,0,0,0,0.000,64,566084,5617.590,0,0,0.000,0,0,0.000,13.490
decode,real,1853,8026400805991761524,0,0,0,0,0.000,64,566148,5617.590,0,0,0.000,0,0,0.000,13.606
decode,real,1854,8026400805991761524,0,0,0,0,0.000,64,566212,5617.590,0,0,0.000,0,0,0.000,13.601
decode,real,1855,8026400805991761524,0,0,0,0,0.000,64,566276,5617.590,0,0,0.000,0,0,0.000,13.585
decode,real,1856,8026400805991761524,0,0,0,0,0.000,64,566340,5617.590,0,0,0.000,0,0,0.000,13.559
decode,real,1857,8026400805991761524,0,0,0,0,0.000,64,566404,5617.590,0,0,0.000,0,0,0.000,13.576
decode,real,1858,8026400805991761524,0,0,0,0,0.000,64,566468,5617.590,0,0,0.000,0,0,0.000,13.595
decode,real,1859,8026400805991761524,0,0,0,0,0.000,64,566532,5617.590,0,0,0.000,0,0,0.000,13.591
decode,real,1860,8026400805991761524,0,0,0,0,0.000,64,566596,5617.590,0,0,0.000,0,0,0.000,13.569
decode,real,1861,8026400805991761524,0,0,0,0,0.000,64,566660,5617.590,0,0,0.000,0,0,0.000,13.613
decode,real,1862,8026400805991761524,0,0,0,0,0.000,64,566724,5617.590,0,0,0.000,0,0,0.000,13.586
decode,real,1863,8026400805991761524,0,0,0,0,0.000,64,566788,5617.590,0,0,0.000,0,0,0.000,13.596
decode,real,1864,8026400805991761524,0,0,0,0,0.000,64,566852,5617.590,0,0,0.000,0,0,0.000,13.595
decode,real,1865,8026400805991761524,0,0,0,0,0.000,64,566916,5617.590,0,0,0.000,0,0,0.000,13.600
decode,real,1866,8026400805991761524,0,0,0,0,0.000,64,566980,5617.590,0,0,0.000,0,0,0.000,13.573
decode,real,1867,8026400805991761524,0,0,0,0,0.000,64,567044,5617.590,0,0,0.000,0,0,0.000,13.595
decode,real,1868,8026400805991761524,0,0,0,0,0.000,64,567108,5617.590,0,0,0.000,0,0,0.000,13.574
decode,real,1869,8026400805991761524,0,0,0,0,0.000,64,567172,5617.590,0,0,0.000,0,0,0.000,13.566
decode,real,1870,8026400805991761524,0,0,0,0,0.000,64,567236,5617.590,0,0,0.000,0,0,0.000,13.647
decode,real,1871,8026400805991761524,0,0,0,0,0.000,64,567300,5617.590,0,0,0.000,0,0,0.000,13.590
decode,real,1872,8026400805991761524,0,0,0,0,0.000,64,567364,5617.590,0,0,0.000,0,0,0.000,13.557
decode,real,1873,8026400805991761524,0,0,0,0,0.000,64,567428,5617.590,0,0,0.000,0,0,0.000,13.601
decode,real,1874,8026400805991761524,0,0,0,0,0.000,64,567492,5617.590,0,0,0.000,0,0,0.000,13.586
decode,real,1875,8026400805991761524,0,0,0,0,0.000,64,567556,5617.590,0,0,0.000,0,0,0.000,13.601
decode,real,1876,8026400805991761524,0,0,0,0,0.000,64,567620,5617.590,0,0,0.000,0,0,0.000,13.580
decode,real,1877,8026400805991761524,0,0,0,0,0.000,64,567684,5617.590,0,0,0.000,0,0,0.000,13.570
decode,real,1878,8026400805991761524,0,0,0,0,0.000,64,567748,5617.590,0,0,0.000,0,0,0.000,13.614
decode,real,1879,8026400805991761524,0,0,0,0,0.000,64,567812,5617.590,0,0,0.000,0,0,0.000,13.566
decode,real,1880,8026400805991761524,0,0,0,0,0.000,64,567876,5617.590,0,0,0.000,0,0,0.000,13.614
decode,real,1881,8026400805991761524,0,0,0,0,0.000,64,567940,5617.590,0,0,0.000,0,0,0.000,13.633
decode,real,1882,8026400805991761524,0,0,0,0,0.000,64,568004,5617.590,0,0,0.000,0,0,0.000,13.586
decode,real,1883,8026400805991761524,0,0,0,0,0.000,64,568068,5617.590,0,0,0.000,0,0,0.000,13.599
decode,real,1884,8026400805991761524,0,0,0,0,0.000,64,568132,5617.590,0,0,0.000,0,0,0.000,13.635
decode,real,1885,8026400805991761524,0,0,0,0,0.000,64,568196,5617.590,0,0,0.000,0,0,0.000,13.597
decode,real,1886,8026400805991761524,0,0,0,0,0.000,64,568260,5617.590,0,0,0.000,0,0,0.000,13.613
decode,real,1887,8026400805991761524,0,0,0,0,0.000,64,568324,5617.590,0,0,0.000,0,0,0.000,13.575
decode,real,1888,8026400805991761524,0,0,0,0,0.000,64,568388,5617.590,0,0,0.000,0,0,0.000,13.586
decode,real,1889,8026400805991761524,0,0,0,0,0.000,64,568452,5617.590,0,0,0.000,0,0,0.000,13.591
decode,real,1890,8026400805991761524,0,0,0,0,0.000,64,568516,5617.590,0,0,0.000,0,0,0.000,13.657
decode,real,1891,8026400805991761524,0,0,0,0,0.000,64,568580,5617.590,0,0,0.000,0,0,0.000,13.591
decode,real,1892,8026400805991761524,0,0,0,0,0.000,64,568644,5617.590,0,0,0.000,0,0,0.000,13.590
decode,real,1893,8026400805991761524,0,0,0,0,0.000,64,568708,5617.590,0,0,0.000,0,0,0.000,13.598
decode,real,1894,8026400805991761524,0,0,0,0,0.000,64,568772,5617.590,0,0,0.000,0,0,0.000,13.641
decode,real,1895,8026400805991761524,0,0,0,0,0.000,64,568836,5617.590,0,0,0.000,0,0,0.000,13.627
decode,real,1896,8026400805991761524,0,0,0,0,0.000,64,568900,5617.590,0,0,0.000,0,0,0.000,13.598
decode,real,1897,8026400805991761524,0,0,0,0,0.000,64,568964,5617.590,0,0,0.000,0,0,0.000,13.605
decode,real,1898,8026400805991761524,0,0,0,0,0.000,64,569028,5617.590,0,0,0.000,0,0,0.000,13.640
decode,real,1899,8026400805991761524,0,0,0,0,0.000,64,569092,5617.590,0,0,0.000,0,0,0.000,13.594
decode,real,1900,8026400805991761524,0,0,0,0,0.000,64,569156,5617.590,0,0,0.000,0,0,0.000,13.598
decode,real,1901,8026400805991761524,0,0,0,0,0.000,64,569220,5617.590,0,0,0.000,0,0,0.000,13.712
decode,real,1902,8026400805991761524,0,0,0,0,0.000,64,569284,5617.590,0,0,0.000,0,0,0.000,13.546
decode,real,1903,8026400805991761524,0,0,0,0,0.000,64,569348,5617.590,0,0,0.000,0,0,0.000,13.635
decode,real,1904,8026400805991761524,0,0,0,0,0.000,64,569412,5617.590,0,0,0.000,0,0,0.000,13.624
decode,real,1905,8026400805991761524,0,0,0,0,0.000,64,569476,5617.590,0,0,0.000,0,0,0.000,13.601
decode,real,1906,8026400805991761524,0,0,0,0,0.000,64,569540,5617.590,0,0,0.000,0,0,0.000,13.640
decode,real,1907,8026400805991761524,0,0,0,0,0.000,64,569604,5617.590,0,0,0.000,0,0,0.000,13.623
decode,real,1908,8026400805991761524,0,0,0,0,0.000,64,569668,5617.590,0,0,0.000,0,0,0.000,13.651
decode,real,1909,8026400805991761524,0,0,0,0,0.000,64,569732,5617.590,0,0,0.000,0,0,0.000,13.597
decode,real,1910,8026400805991761524,0,0,0,0,0.000,64,569796,5617.590,0,0,0.000,0,0,0.000,13.649
decode,real,1911,8026400805991761524,0,0,0,0,0.000,64,569860,5617.590,0,0,0.000,0,0,0.000,13.603
decode,real,1912,8026400805991761524,0,0,0,0,0.000,64,569924,5617.590,0,0,0.000,0,0,0.000,13.660
decode,real,1913,8026400805991761524,0,0,0,0,0.000,64,569988,5617.590,0,0,0.000,0,0,0.000,13.638
decode,real,1914,8026400805991761524,0,0,0,0,0.000,64,570052,5617.590,0,0,0.000,0,0,0.000,13.640
decode,real,1915,8026400805991761524,0,0,0,0,0.000,64,570116,5617.590,0,0,0.000,0,0,0.000,13.638
decode,real,1916,8026400805991761524,0,0,0,0,0.000,64,570180,5617.590,0,0,0.000,0,0,0.000,13.618
decode,real,1917,8026400805991761524,0,0,0,0,0.000,64,570244,5617.590,0,0,0.000,0,0,0.000,13.628
decode,real,1918,8026400805991761524,0,0,0,0,0.000,64,570308,5617.590,0,0,0.000,0,0,0.000,13.602
decode,real,1919,8026400805991761524,0,0,0,0,0.000,64,570372,5617.590,0,0,0.000,0,0,0.000,13.646
decode,real,1920,8026400805991761524,0,0,0,0,0.000,64,570436,5617.590,0,0,0.000,0,0,0.000,13.662
decode,real,1921,8026400805991761524,0,0,0,0,0.000,64,570500,5617.590,0,0,0.000,0,0,0.000,13.675
decode,real,1922,8026400805991761524,0,0,0,0,0.000,64,570564,5617.590,0,0,0.000,0,0,0.000,13.635
decode,real,1923,8026400805991761524,0,0,0,0,0.000,64,570628,5617.590,0,0,0.000,0,0,0.000,13.627
decode,real,1924,8026400805991761524,0,0,0,0,0.000,64,570692,5617.590,0,0,0.000,0,0,0.000,13.517
decode,real,1925,8026400805991761524,0,0,0,0,0.000,64,570756,5617.590,0,0,0.000,0,0,0.000,13.666
decode,real,1926,8026400805991761524,0,0,0,0,0.000,64,570820,5617.590,0,0,0.000,0,0,0.000,13.637
decode,real,1927,8026400805991761524,0,0,0,0,0.000,64,570884,5617.590,0,0,0.000,0,0,0.000,13.633
decode,real,1928,8026400805991761524,0,0,0,0,0.000,64,570948,5617.590,0,0,0.000,0,0,0.000,13.601
decode,real,1929,8026400805991761524,0,0,0,0,0.000,64,571012,5617.590,0,0,0.000,0,0,0.000,13.628
decode,real,1930,8026400805991761524,0,0,0,0,0.000,64,571076,5617.590,0,0,0.000,0,0,0.000,13.693
decode,real,1931,8026400805991761524,0,0,0,0,0.000,64,571140,5617.590,0,0,0.000,0,0,0.000,13.598
decode,real,1932,8026400805991761524,0,0,0,0,0.000,64,571204,5617.590,0,0,0.000,0,0,0.000,13.624
decode,real,1933,8026400805991761524,0,0,0,0,0.000,64,571268,5617.590,0,0,0.000,0,0,0.000,13.644
decode,real,1934,8026400805991761524,0,0,0,0,0.000,64,571332,5617.590,0,0,0.000,0,0,0.000,13.644
decode,real,1935,8026400805991761524,0,0,0,0,0.000,64,571396,5617.590,0,0,0.000,0,0,0.000,13.641
decode,real,1936,8026400805991761524,0,0,0,0,0.000,64,571460,5617.590,0,0,0.000,0,0,0.000,13.630
decode,real,1937,8026400805991761524,0,0,0,0,0.000,64,571524,5617.590,0,0,0.000,0,0,0.000,13.798
decode,real,1938,8026400805991761524,0,0,0,0,0.000,64,571588,5617.590,0,0,0.000,0,0,0.000,13.579
decode,real,1939,8026400805991761524,0,0,0,0,0.000,64,571652,5617.590,0,0,0.000,0,0,0.000,13.639
decode,real,1940,8026400805991761524,0,0,0,0,0.000,64,571716,5617.590,0,0,0.000,0,0,0.000,13.712
decode,real,1941,8026400805991761524,0,0,0,0,0.000,64,571780,5617.590,0,0,0.000,0,0,0.000,13.585
decode,real,1942,8026400805991761524,0,0,0,0,0.000,64,571844,5617.590,0,0,0.000,0,0,0.000,13.634
decode,real,1943,8026400805991761524,0,0,0,0,0.000,64,571908,5617.590,0,0,0.000,0,0,0.000,13.581
decode,real,1944,8026400805991761524,0,0,0,0,0.000,64,571972,5617.590,0,0,0.000,0,0,0.000,13.654
decode,real,1945,8026400805991761524,0,0,0,0,0.000,64,572036,5617.590,0,0,0.000,0,0,0.000,13.666
decode,real,1946,8026400805991761524,0,0,0,0,0.000,64,572100,5617.590,0,0,0.000,0,0,0.000,13.618
decode,real,1947,8026400805991761524,0,0,0,0,0.000,64,572164,5617.590,0,0,0.000,0,0,0.000,13.638
decode,real,1948,8026400805991761524,0,0,0,0,0.000,64,572228,5617.590,0,0,0.000,0,0,0.000,13.645
decode,real,1949,8026400805991761524,0,0,0,0,0.000,64,572292,5617.590,0,0,0.000,0,0,0.000,13.655
decode,real,1950,8026400805991761524,0,0,0,0,0.000,64,572356,5617.590,0,0,0.000,0,0,0.000,13.668
decode,real,1951,8026400805991761524,0,0,0,0,0.000,64,572420,5617.590,0,0,0.000,0,0,0.000,13.637
decode,real,1952,8026400805991761524,0,0,0,0,0.000,64,572484,5617.590,0,0,0.000,0,0,0.000,13.616
decode,real,1953,8026400805991761524,0,0,0,0,0.000,64,572548,5617.590,0,0,0.000,0,0,0.000,13.651
decode,real,1954,8026400805991761524,0,0,0,0,0.000,64,572612,5617.590,0,0,0.000,0,0,0.000,13.671
decode,real,1955,8026400805991761524,0,0,0,0,0.000,64,572676,5617.590,0,0,0.000,0,0,0.000,13.620
decode,real,1956,8026400805991761524,0,0,0,0,0.000,64,572740,5617.590,0,0,0.000,0,0,0.000,13.653
decode,real,1957,8026400805991761524,0,0,0,0,0.000,64,572804,5617.590,0,0,0.000,0,0,0.000,13.658
decode,real,1958,8026400805991761524,0,0,0,0,0.000,64,572868,5617.590,0,0,0.000,0,0,0.000,13.676
decode,real,1959,8026400805991761524,0,0,0,0,0.000,64,572932,5617.590,0,0,0.000,0,0,0.000,13.623
decode,real,1960,8026400805991761524,0,0,0,0,0.000,64,572996,5617.590,0,0,0.000,0,0,0.000,13.627
decode,real,1961,8026400805991761524,0,0,0,0,0.000,64,573060,5617.590,0,0,0.000,0,0,0.000,13.656
decode,real,1962,8026400805991761524,0,0,0,0,0.000,64,573124,5617.590,0,0,0.000,0,0,0.000,13.655
decode,real,1963,8026400805991761524,0,0,0,0,0.000,64,573188,5617.590,0,0,0.000,0,0,0.000,13.641
decode,real,1964,8026400805991761524,0,0,0,0,0.000,64,573252,5617.590,0,0,0.000,0,0,0.000,13.644
decode,real,1965,8026400805991761524,0,0,0,0,0.000,64,573316,5617.590,0,0,0.000,0,0,0.000,13.657
decode,real,1966,8026400805991761524,0,0,0,0,0.000,64,573380,5617.590,0,0,0.000,0,0,0.000,13.682
decode,real,1967,8026400805991761524,0,0,0,0,0.000,64,573444,5617.590,0,0,0.000,0,0,0.000,13.648
decode,real,1968,8026400805991761524,0,0,0,0,0.000,64,573508,5617.590,0,0,0.000,0,0,0.000,13.649
decode,real,1969,8026400805991761524,0,0,0,0,0.000,64,573572,5617.590,0,0,0.000,0,0,0.000,13.663
decode,real,1970,8026400805991761524,0,0,0,0,0.000,64,573636,5617.590,0,0,0.000,0,0,0.000,13.700
decode,real,1971,8026400805991761524,0,0,0,0,0.000,64,573700,5617.590,0,0,0.000,0,0,0.000,13.612
decode,real,1972,8026400805991761524,0,0,0,0,0.000,64,573764,5617.590,0,0,0.000,0,0,0.000,13.664
decode,real,1973,8026400805991761524,0,0,0,0,0.000,64,573828,5617.590,0,0,0.000,0,0,0.000,13.682
decode,real,1974,8026400805991761524,0,0,0,0,0.000,64,573892,5617.590,0,0,0.000,0,0,0.000,13.663
decode,real,1975,8026400805991761524,0,0,0,0,0.000,64,573956,5617.590,0,0,0.000,0,0,0.000,13.626
decode,real,1976,8026400805991761524,0,0,0,0,0.000,64,574020,5617.590,0,0,0.000,0,0,0.000,13.669
decode,real,1977,8026400805991761524,0,0,0,0,0.000,64,574084,5617.590,0,0,0.000,0,0,0.000,13.648
decode,real,1978,8026400805991761524,0,0,0,0,0.000,64,574148,5617.590,0,0,0.000,0,0,0.000,13.661
decode,real,1979,8026400805991761524,0,0,0,0,0.000,64,574212,5617.590,0,0,0.000,0,0,0.000,13.669
decode,real,1980,8026400805991761524,0,0,0,0,0.000,64,574276,5617.590,0,0,0.000,0,0,0.000,13.642
decode,real,1981,8026400805991761524,0,0,0,0,0.000,64,574340,5617.590,0,0,0.000,0,0,0.000,13.660
decode,real,1982,8026400805991761524,0,0,0,0,0.000,64,574404,5617.590,0,0,0.000,0,0,0.000,13.702
decode,real,1983,8026400805991761524,0,0,0,0,0.000,64,574468,5617.590,0,0,0.000,0,0,0.000,13.617
decode,real,1984,8026400805991761524,0,0,0,0,0.000,64,574532,5617.590,0,0,0.000,0,0,0.000,13.678
decode,real,1985,8026400805991761524,0,0,0,0,0.000,64,574596,5617.590,0,0,0.000,0,0,0.000,13.720
decode,real,1986,8026400805991761524,0,0,0,0,0.000,64,574660,5617.590,0,0,0.000,0,0,0.000,13.824
decode,real,1987,8026400805991761524,0,0,0,0,0.000,64,574724,5617.590,0,0,0.000,0,0,0.000,13.501
decode,real,1988,8026400805991761524,0,0,0,0,0.000,64,574788,5617.590,0,0,0.000,0,0,0.000,13.665
decode,real,1989,8026400805991761524,0,0,0,0,0.000,64,574852,5617.590,0,0,0.000,0,0,0.000,13.655
decode,real,1990,8026400805991761524,0,0,0,0,0.000,64,574916,5617.590,0,0,0.000,0,0,0.000,13.699
decode,real,1991,8026400805991761524,0,0,0,0,0.000,64,574980,5617.590,0,0,0.000,0,0,0.000,13.661
decode,real,1992,8026400805991761524,0,0,0,0,0.000,64,575044,5617.590,0,0,0.000,0,0,0.000,13.607
decode,real,1993,8026400805991761524,0,0,0,0,0.000,64,575108,5617.590,0,0,0.000,0,0,0.000,13.703
decode,real,1994,8026400805991761524,0,0,0,0,0.000,64,575172,5617.590,0,0,0.000,0,0,0.000,13.692
decode,real,1995,8026400805991761524,0,0,0,0,0.000,64,575236,5617.590,0,0,0.000,0,0,0.000,13.655
decode,real,1996,8026400805991761524,0,0,0,0,0.000,64,575300,5617.590,0,0,0.000,0,0,0.000,13.649
decode,real,1997,8026400805991761524,0,0,0,0,0.000,64,575364,5617.590,0,0,0.000,0,0,0.000,13.707
decode,real,1998,8026400805991761524,0,0,0,0,0.000,64,575428,5617.590,0,0,0.000,0,0,0.000,13.667
decode,real,1999,8026400805991761524,0,0,0,0,0.000,64,575492,5617.590,0,0,0.000,0,0,0.000,13.673
decode,real,2000,8026400805991761524,0,0,0,0,0.000,64,575556,5617.590,0,0,0.000,0,0,0.000,13.679
decode,real,2001,8026400805991761524,0,0,0,0,0.000,64,575620,5617.590,0,0,0.000,0,0,0.000,13.663
decode,real,2002,8026400805991761524,0,0,0,0,0.000,64,575684,5617.590,0,0,0.000,0,0,0.000,13.689
decode,real,2003,8026400805991761524,0,0,0,0,0.000,64,575748,5617.590,0,0,0.000,0,0,0.000,13.671
decode,real,2004,8026400805991761524,0,0,0,0,0.000,64,575812,5617.590,0,0,0.000,0,0,0.000,13.798
decode,real,2005,8026400805991761524,0,0,0,0,0.000,64,575876,5617.590,0,0,0.000,0,0,0.000,13.603
decode,real,2006,8026400805991761524,0,0,0,0,0.000,64,575940,5617.590,0,0,0.000,0,0,0.000,13.682
decode,real,2007,8026400805991761524,0,0,0,0,0.000,64,576004,5617.590,0,0,0.000,0,0,0.000,13.663
decode,real,2008,8026400805991761524,0,0,0,0,0.000,64,576068,5617.590,0,0,0.000,0,0,0.000,13.669
decode,real,2009,8026400805991761524,0,0,0,0,0.000,64,576132,5617.590,0,0,0.000,0,0,0.000,13.674
decode,real,2010,8026400805991761524,0,0,0,0,0.000,64,576196,5617.590,0,0,0.000,0,0,0.000,13.717
decode,real,2011,8026400805991761524,0,0,0,0,0.000,64,576260,5617.590,0,0,0.000,0,0,0.000,14.497
decode,real,2012,8026400805991761524,0,0,0,0,0.000,64,576324,5617.590,0,0,0.000,0,0,0.000,12.871
decode,real,2013,8026400805991761524,0,0,0,0,0.000,64,576388,5617.590,0,0,0.000,0,0,0.000,13.722
decode,real,2014,8026400805991761524,0,0,0,0,0.000,64,576452,5617.590,0,0,0.000,0,0,0.000,13.698
decode,real,2015,8026400805991761524,0,0,0,0,0.000,64,576516,5617.590,0,0,0.000,0,0,0.000,13.681
decode,real,2016,8026400805991761524,0,0,0,0,0.000,64,576580,5617.590,0,0,0.000,0,0,0.000,13.679
decode,real,2017,8026400805991761524,0,0,0,0,0.000,64,576644,5617.590,0,0,0.000,0,0,0.000,13.671
decode,real,2018,8026400805991761524,0,0,0,0,0.000,64,576708,5617.590,0,0,0.000,0,0,0.000,13.720
decode,real,2019,8026400805991761524,0,0,0,0,0.000,64,576772,5617.590,0,0,0.000,0,0,0.000,13.677
decode,real,2020,8026400805991761524,0,0,0,0,0.000,64,576836,5617.590,0,0,0.000,0,0,0.000,13.687
decode,real,2021,8026400805991761524,0,0,0,0,0.000,64,576900,5617.590,0,0,0.000,0,0,0.000,13.655
decode,real,2022,8026400805991761524,0,0,0,0,0.000,64,576964,5617.590,0,0,0.000,0,0,0.000,13.725
decode,real,2023,8026400805991761524,0,0,0,0,0.000,64,577028,5617.590,0,0,0.000,0,0,0.000,13.792
decode,real,2024,8026400805991761524,0,0,0,0,0.000,64,577092,5617.590,0,0,0.000,0,0,0.000,13.568
decode,real,2025,8026400805991761524,0,0,0,0,0.000,64,577156,5617.590,0,0,0.000,0,0,0.000,13.692
decode,real,2026,8026400805991761524,0,0,0,0,0.000,64,577220,5617.590,0,0,0.000,0,0,0.000,13.717
decode,real,2027,8026400805991761524,0,0,0,0,0.000,64,577284,5617.590,0,0,0.000,0,0,0.000,13.680
decode,real,2028,8026400805991761524,0,0,0,0,0.000,64,577348,5617.590,0,0,0.000,0,0,0.000,13.678
decode,real,2029,8026400805991761524,0,0,0,0,0.000,64,577412,5617.590,0,0,0.000,0,0,0.000,13.745
decode,real,2030,8026400805991761524,0,0,0,0,0.000,64,577476,5617.590,0,0,0.000,0,0,0.000,13.695
decode,real,2031,8026400805991761524,0,0,0,0,0.000,64,577540,5617.590,0,0,0.000,0,0,0.000,13.702
decode,real,2032,8026400805991761524,0,0,0,0,0.000,64,577604,5617.590,0,0,0.000,0,0,0.000,13.667
decode,real,2033,8026400805991761524,0,0,0,0,0.000,64,577668,5617.590,0,0,0.000,0,0,0.000,13.719
decode,real,2034,8026400805991761524,0,0,0,0,0.000,64,577732,5617.590,0,0,0.000,0,0,0.000,13.688
decode,real,2035,8026400805991761524,0,0,0,0,0.000,64,577796,5617.590,0,0,0.000,0,0,0.000,13.717
decode,real,2036,8026400805991761524,0,0,0,0,0.000,64,577860,5617.590,0,0,0.000,0,0,0.000,13.707
decode,real,2037,8026400805991761524,0,0,0,0,0.000,64,577924,5617.590,0,0,0.000,0,0,0.000,13.680
decode,real,2038,8026400805991761524,0,0,0,0,0.000,64,577988,5617.590,0,0,0.000,0,0,0.000,13.706
decode,real,2039,8026400805991761524,0,0,0,0,0.000,64,578052,5617.590,0,0,0.000,0,0,0.000,13.679
decode,real,2040,8026400805991761524,0,0,0,0,0.000,64,578116,5617.590,0,0,0.000,0,0,0.000,13.710
decode,real,2041,8026400805991761524,0,0,0,0,0.000,64,578180,5617.590,0,0,0.000,0,0,0.000,13.729
decode,real,2042,8026400805991761524,0,0,0,0,0.000,64,578244,5617.590,0,0,0.000,0,0,0.000,13.719
decode,real,2043,8026400805991761524,0,0,0,0,0.000,64,578308,5617.590,0,0,0.000,0,0,0.000,13.731
decode,real,2044,8026400805991761524,0,0,0,0,0.000,64,578372,5617.590,0,0,0.000,0,0,0.000,13.680
decode,real,2045,8026400805991761524,0,0,0,0,0.000,64,578436,5617.590,0,0,0.000,0,0,0.000,13.746
decode,real,2046,8026400805991761524,0,0,0,0,0.000,64,578500,5617.590,0,0,0.000,0,0,0.000,13.683
decode,real,2047,8026400805991761524,0,0,0,0,0.000,64,578564,5617.590,0,0,0.000,0,0,0.000,13.684
decode,real,2048,8026400805991761524,0,0,0,0,0.000,64,578628,5617.590,0,0,0.000,0,0,0.000,13.721
decode,real,2049,8026400805991761524,0,0,0,0,0.000,64,578692,5617.590,0,0,0.000,0,0,0.000,13.717
decode,real,2050,8026400805991761524,0,0,0,0,0.000,64,578756,5617.590,0,0,0.000,0,0,0.000,13.725
decode,real,2051,8026400805991761524,0,0,0,0,0.000,64,578820,5617.590,0,0,0.000,0,0,0.000,13.650
decode,real,2052,8026400805991761524,0,0,0,0,0.000,64,578884,5617.590,0,0,0.000,0,0,0.000,13.712
decode,real,2053,8026400805991761524,0,0,0,0,0.000,64,578948,5617.590,0,0,0.000,0,0,0.000,13.723
decode,real,2054,8026400805991761524,0,0,0,0,0.000,64,579012,5617.590,0,0,0.000,0,0,0.000,13.756
decode,real,2055,8026400805991761524,0,0,0,0,0.000,64,579076,5617.590,0,0,0.000,0,0,0.000,13.679
decode,real,2056,8026400805991761524,0,0,0,0,0.000,64,579140,5617.590,0,0,0.000,0,0,0.000,13.741
decode,real,2057,8026400805991761524,0,0,0,0,0.000,64,579204,5617.590,0,0,0.000,0,0,0.000,13.730
decode,real,2058,8026400805991761524,0,0,0,0,0.000,64,579268,5617.590,0,0,0.000,0,0,0.000,13.737
decode,real,2059,8026400805991761524,0,0,0,0,0.000,64,579332,5617.590,0,0,0.000,0,0,0.000,13.723
decode,real,2060,8026400805991761524,0,0,0,0,0.000,64,579396,5617.590,0,0,0.000,0,0,0.000,13.797
decode,real,2061,8026400805991761524,0,0,0,0,0.000,64,579460,5617.590,0,0,0.000,0,0,0.000,13.616
decode,real,2062,8026400805991761524,0,0,0,0,0.000,64,579524,5617.590,0,0,0.000,0,0,0.000,13.745
decode,real,2063,8026400805991761524,0,0,0,0,0.000,64,579588,5617.590,0,0,0.000,0,0,0.000,13.703
decode,real,2064,8026400805991761524,0,0,0,0,0.000,64,579652,5617.590,0,0,0.000,0,0,0.000,13.708
decode,real,2065,8026400805991761524,0,0,0,0,0.000,64,579716,5617.590,0,0,0.000,0,0,0.000,13.699
decode,real,2066,8026400805991761524,0,0,0,0,0.000,64,579780,5617.590,0,0,0.000,0,0,0.000,13.746
decode,real,2067,8026400805991761524,0,0,0,0,0.000,64,579844,5617.590,0,0,0.000,0,0,0.000,13.730
decode,real,2068,8026400805991761524,0,0,0,0,0.000,64,579908,5617.590,0,0,0.000,0,0,0.000,13.703
decode,real,2069,8026400805991761524,0,0,0,0,0.000,64,579972,5617.590,0,0,0.000,0,0,0.000,13.730
decode,real,2070,8026400805991761524,0,0,0,0,0.000,64,580036,5617.590,0,0,0.000,0,0,0.000,13.785
decode,real,2071,8026400805991761524,0,0,0,0,0.000,64,580100,5617.590,0,0,0.000,0,0,0.000,13.716
decode,real,2072,8026400805991761524,0,0,0,0,0.000,64,580164,5617.590,0,0,0.000,0,0,0.000,13.718
decode,real,2073,8026400805991761524,0,0,0,0,0.000,64,580228,5617.590,0,0,0.000,0,0,0.000,13.857
decode,real,2074,8026400805991761524,0,0,0,0,0.000,64,580292,5617.590,0,0,0.000,0,0,0.000,13.674
decode,real,2075,8026400805991761524,0,0,0,0,0.000,64,580356,5617.590,0,0,0.000,0,0,0.000,13.691
decode,real,2076,8026400805991761524,0,0,0,0,0.000,64,580420,5617.590,0,0,0.000,0,0,0.000,13.696
decode,real,2077,8026400805991761524,0,0,0,0,0.000,64,580484,5617.590,0,0,0.000,0,0,0.000,13.760
decode,real,2078,8026400805991761524,0,0,0,0,0.000,64,580548,5617.590,0,0,0.000,0,0,0.000,13.740
decode,real,2079,8026400805991761524,0,0,0,0,0.000,64,580612,5617.590,0,0,0.000,0,0,0.000,13.709
decode,real,2080,8026400805991761524,0,0,0,0,0.000,64,580676,5617.590,0,0,0.000,0,0,0.000,13.720
decode,real,2081,8026400805991761524,0,0,0,0,0.000,64,580740,5617.590,0,0,0.000,0,0,0.000,13.740
decode,real,2082,8026400805991761524,0,0,0,0,0.000,64,580804,5617.590,0,0,0.000,0,0,0.000,13.762
decode,real,2083,8026400805991761524,0,0,0,0,0.000,64,580868,5617.590,0,0,0.000,0,0,0.000,13.732
decode,real,2084,8026400805991761524,0,0,0,0,0.000,64,580932,5617.590,0,0,0.000,0,0,0.000,13.711
decode,real,2085,8026400805991761524,0,0,0,0,0.000,64,580996,5617.590,0,0,0.000,0,0,0.000,13.768
decode,real,2086,8026400805991761524,0,0,0,0,0.000,64,581060,5617.590,0,0,0.000,0,0,0.000,13.732
decode,real,2087,8026400805991761524,0,0,0,0,0.000,64,581124,5617.590,0,0,0.000,0,0,0.000,13.703
decode,real,2088,8026400805991761524,0,0,0,0,0.000,64,581188,5617.590,0,0,0.000,0,0,0.000,13.723
decode,real,2089,8026400805991761524,0,0,0,0,0.000,64,581252,5617.590,0,0,0.000,0,0,0.000,13.773
decode,real,2090,8026400805991761524,0,0,0,0,0.000,64,581316,5617.590,0,0,0.000,0,0,0.000,13.738
decode,real,2091,8026400805991761524,0,0,0,0,0.000,64,581380,5617.590,0,0,0.000,0,0,0.000,13.721
decode,real,2092,8026400805991761524,0,0,0,0,0.000,64,581444,5617.590,0,0,0.000,0,0,0.000,13.722
decode,real,2093,8026400805991761524,0,0,0,0,0.000,64,581508,5617.590,0,0,0.000,0,0,0.000,14.792
decode,real,2094,8026400805991761524,0,0,0,0,0.000,63,572357,5442.824,0,0,0.000,0,0,0.000,14.374
decode,real,2095,8026400805991761524,0,0,0,0,0.000,63,572420,5442.824,0,0,0.000,0,0,0.000,12.096
mixed,real,2096,8026400805991761524,0,1985,1,0,0.000,63,572483,5442.824,0,0,0.000,0,0,0.000,52.586
mixed,real,2097,8026400805991761524,0,1985,1,1985,0.000,63,572546,5442.824,0,0,0.000,0,0,0.000,53.221
mixed,real,2098,8026400805991761524,0,1985,1,3970,0.000,63,572609,5442.824,0,0,0.000,0,0,0.000,54.203
mixed,real,2099,8026400805991761524,0,1986,1,5955,0.000,62,563457,5274.661,0,0,0.000,0,0,0.000,57.345
mixed,real,2100,8026400805991761524,0,251,1,7941,0.000,62,563519,5274.661,0,0,0.000,0,0,0.000,33.547
mixed,real,2101,8026400805991761524,0,1985,1,0,0.000,63,571773,17788.277,0,0,0.000,0,0,0.000,54.933
mixed,real,2102,8026400805991761524,0,1985,1,1985,0.000,63,571836,17788.277,0,0,0.000,0,0,0.000,53.749
mixed,real,2103,8026400805991761524,0,1986,1,3970,0.000,62,562684,17766.506,0,0,0.000,0,0,0.000,55.985
mixed,real,2104,8026400805991761524,0,1986,1,5956,0.000,62,562746,17766.506,0,0,0.000,0,0,0.000,57.377
mixed,real,2105,8026400805991761524,0,1986,2,7942,0.000,62,562808,17766.506,0,0,0.000,0,0,0.000,53.486
mixed,real,2106,8026400805991761524,0,1985,1,1736,0.000,63,571062,29762.154,0,0,0.000,0,0,0.000,54.262
mixed,real,2107,8026400805991761524,0,1986,1,3721,0.000,62,561910,29875.770,0,0,0.000,0,0,0.000,56.724
mixed,real,2108,8026400805991761524,0,1986,1,5707,0.000,62,561972,29875.770,0,0,0.000,0,0,0.000,57.220
mixed,real,2109,8026400805991761524,0,1986,2,7693,0.000,62,562034,29875.770,0,0,0.000,0,0,0.000,54.280
mixed,real,2110,8026400805991761524,0,1985,1,1487,0.000,63,570288,41335.868,0,0,0.000,0,0,0.000,53.816
mixed,real,2111,8026400805991761524,0,1986,1,3472,0.000,62,561136,41573.469,0,0,0.000,0,0,0.000,55.846
mixed,real,2112,8026400805991761524,0,1986,1,5458,0.000,62,561198,41573.469,0,0,0.000,0,0,0.000,56.939
mixed,real,2113,8026400805991761524,0,1986,2,7444,0.000,62,561260,41573.469,0,0,0.000,0,0,0.000,53.731
mixed,real,2114,8026400805991761524,0,1985,1,1238,0.000,63,569514,52509.420,0,0,0.000,0,0,0.000,53.380
mixed,real,2115,8026400805991761524,0,1986,1,3223,0.000,62,560362,52859.604,0,0,0.000,0,0,0.000,55.225
mixed,real,2116,8026400805991761524,0,1986,1,5209,0.000,62,560424,52859.604,0,0,0.000,0,0,0.000,56.704
mixed,real,2117,8026400805991761524,0,1986,2,7195,0.000,62,560486,52859.604,0,0,0.000,0,0,0.000,53.491
mixed,real,2118,8026400805991761524,0,1985,1,989,0.000,63,568740,63282.807,0,0,0.000,0,0,0.000,53.395
mixed,real,2119,8026400805991761524,0,1986,1,2974,0.000,62,559588,63734.173,0,0,0.000,0,0,0.000,56.291
mixed,real,2120,8026400805991761524,0,1986,1,4960,0.000,62,559650,63734.173,0,0,0.000,0,0,0.000,56.609
mixed,real,2121,8026400805991761524,0,1986,2,6946,0.000,62,559712,63734.173,0,0,0.000,0,0,0.000,58.552
mixed,real,2122,8026400805991761524,0,1985,1,740,0.000,63,567966,73656.032,0,0,0.000,0,0,0.000,53.769
mixed,real,2123,8026400805991761524,0,1986,1,2725,0.000,62,558814,74197.177,0,0,0.000,0,0,0.000,55.865
mixed,real,2124,8026400805991761524,0,1986,1,4711,0.000,62,558876,74197.177,0,0,0.000,0,0,0.000,56.470
mixed,real,2125,8026400805991761524,0,1986,2,6697,0.000,62,558938,74197.177,0,0,0.000,0,0,0.000,58.367
mixed,real,2126,8026400805991761524,0,1985,1,491,0.000,63,567192,83629.093,0,0,0.000,0,0,0.000,54.013
mixed,real,2127,8026400805991761524,0,1986,1,2476,0.000,62,558040,84248.616,0,0,0.000,0,0,0.000,55.506
mixed,real,2128,8026400805991761524,0,1986,1,4462,0.000,62,558102,84248.616,0,0,0.000,0,0,0.000,56.017
mixed,real,2129,8026400805991761524,0,1986,2,6448,0.000,62,558164,84248.616,0,0,0.000,0,0,0.000,57.557
mixed,real,2130,8026400805991761524,0,1985,1,242,0.000,63,566418,93201.991,0,0,0.000,0,0,0.000,53.438
mixed,real,2131,8026400805991761524,0,1986,1,2227,0.000,62,557266,93888.490,0,0,0.000,0,0,0.000,56.675
mixed,real,2132,8026400805991761524,0,1986,1,4213,0.000,62,557328,93888.490,1,8192,0.000,0,0,0.000,56.233
mixed,real,2133,8026400805991761524,0,1986,1,6199,0.000,62,557390,93888.490,0,0,0.000,0,0,0.000,57.689
mixed,real,2134,8026400805991761524,0,1986,2,8185,0.000,62,557452,93888.490,0,0,0.000,0,0,0.000,53.785
mixed,real,2135,8026400805991761524,0,1986,1,1979,0.000,62,556491,103142.063,0,0,0.000,0,0,0.000,54.816
mixed,real,2136,8026400805991761524,0,1986,1,3965,0.000,62,556553,103142.063,1,8192,0.000,0,0,0.000,55.826
mixed,real,2137,8026400805991761524,0,1986,1,5951,0.000,62,556615,103142.063,0,0,0.000,0,0,0.000,57.233
mixed,real,2138,8026400805991761524,0,1986,2,7937,0.000,62,556677,103142.063,0,0,0.000,0,0,0.000,53.708
mixed,real,2139,8026400805991761524,0,1986,1,1731,0.000,62,555716,111983.135,0,0,0.000,0,0,0.000,54.596
mixed,real,2140,8026400805991761524,0,1986,1,3717,0.000,62,555778,111983.135,1,8192,0.000,0,0,0.000,55.781
mixed,real,2141,8026400805991761524,0,1986,1,5703,0.000,62,555840,111983.135,0,0,0.000,0,0,0.000,57.313
mixed,real,2142,8026400805991761524,0,1986,2,7689,0.000,62,555902,111983.135,0,0,0.000,0,0,0.000,54.673
mixed,real,2143,8026400805991761524,0,1986,1,1483,0.000,62,554941,120411.708,0,0,0.000,0,0,0.000,55.229
mixed,real,2144,8026400805991761524,0,1986,1,3469,0.000,62,555003,120411.708,1,8192,0.000,0,0,0.000,55.394
mixed,real,2145,8026400805991761524,0,1986,1,5455,0.000,62,555065,120411.708,0,0,0.000,0,0,0.000,56.986
mixed,real,2146,8026400805991761524,0,1986,2,7441,0.000,62,555127,120411.708,0,0,0.000,0,0,0.000,53.757
mixed,real,2147,8026400805991761524,0,1986,1,1235,0.000,62,554166,128427.780,0,0,0.000,0,0,0.000,54.713
mixed,real,2148,8026400805991761524,0,1986,1,3221,0.000,62,554228,128427.780,1,8192,0.000,0,0,0.000,55.258
mixed,real,2149,8026400805991761524,0,1986,1,5207,0.000,62,554290,128427.780,0,0,0.000,0,0,0.000,56.792
mixed,real,2150,8026400805991761524,0,1986,2,7193,0.000,62,554352,128427.780,0,0,0.000,0,0,0.000,53.637
mixed,real,2151,8026400805991761524,0,1986,1,987,0.000,62,553391,136031.353,0,0,0.000,0,0,0.000,53.854
mixed,real,2152,8026400805991761524,0,1986,1,2973,0.000,62,553453,136031.353,1,8192,0.000,0,0,0.000,55.455
mixed,real,2153,8026400805991761524,0,1986,1,4959,0.000,62,553515,136031.353,0,0,0.000,0,0,0.000,56.874
mixed,real,2154,8026400805991761524,0,1986,2,6945,0.000,62,553577,136031.353,0,0,0.000,0,0,0.000,58.623
mixed,real,2155,8026400805991761524,0,1986,1,739,0.000,62,552616,143222.426,0,0,0.000,0,0,0.000,53.220
mixed,real,2156,8026400805991761524,0,1986,1,2725,0.000,62,552678,143222.426,1,8192,0.000,0,0,0.000,54.702
mixed,real,2157,8026400805991761524,0,1986,1,4711,0.000,62,552740,143222.426,0,0,0.000,0,0,0.000,56.315
mixed,real,2158,8026400805991761524,0,1986,2,6697,0.000,62,552802,143222.426,0,0,0.000,0,0,0.000,58.810
mixed,real,2159,8026400805991761524,0,1986,1,491,0.000,62,551841,150000.998,0,0,0.000,0,0,0.000,53.254
mixed,real,2160,8026400805991761524,0,1986,1,2477,0.000,62,551903,150000.998,1,8192,0.000,0,0,0.000,55.315
mixed,real,2161,8026400805991761524,0,1986,1,4463,0.000,62,551965,150000.998,0,0,0.000,0,0,0.000,56.578
mixed,real,2162,8026400805991761524,0,1986,2,6449,0.000,62,552027,150000.998,0,0,0.000,0,0,0.000,57.977
mixed,real,2163,8026400805991761524,0,1986,1,243,0.000,62,551066,156367.071,0,0,0.000,0,0,0.000,53.846
mixed,real,2164,8026400805991761524,0,1986,1,2229,0.000,62,551128,156367.071,1,8192,0.000,0,0,0.000,55.170
mixed,real,2165,8026400805991761524,0,1986,1,4215,0.000,62,551190,156367.071,1,8192,0.000,0,0,0.000,56.141
mixed,real,2166,8026400805991761524,0,1986,1,6201,0.000,62,551252,156367.071,0,0,0.000,0,0,0.000,58.287
mixed,real,2167,8026400805991761524,0,1987,2,8187,0.000,61,542099,157193.852,0,0,0.000,0,0,0.000,53.248
mixed,real,2168,8026400805991761524,0,1986,1,1982,0.000,62,550352,162342.713,1,8192,0.000,0,0,0.000,54.867
mixed,real,2169,8026400805991761524,0,1986,1,3968,0.000,62,550414,162342.713,1,8192,0.000,0,0,0.000,56.082
mixed,real,2170,8026400805991761524,0,1986,1,5954,0.000,62,550476,162342.713,0,0,0.000,0,0,0.000,57.946
mixed,real,2171,8026400805991761524,0,1987,2,7940,0.000,61,541323,163130.191,0,0,0.000,0,0,0.000,53.716
mixed,real,2172,8026400805991761524,0,1986,1,1735,0.000,62,549576,167904.919,1,8192,0.000,0,0,0.000,55.005
mixed,real,2173,8026400805991761524,0,1986,1,3721,0.000,62,549638,167904.919,1,8192,0.000,0,0,0.000,55.618
mixed,real,2174,8026400805991761524,0,1986,1,5707,0.000,62,549700,167904.919,0,0,0.000,0,0,0.000,57.679
mixed,real,2175,8026400805991761524,0,1987,2,7693,0.000,61,540547,168641.097,0,0,0.000,0,0,0.000,52.353
mixed,real,2176,8026400805991761524,0,1986,1,1488,0.000,62,548800,173053.689,1,8192,0.000,0,0,0.000,55.112
mixed,real,2177,8026400805991761524,0,1986,1,3474,0.000,62,548862,173053.689,1,8192,0.000,0,0,0.000,55.644
mixed,real,2178,8026400805991761524,0,1986,1,5460,0.000,62,548924,173053.689,0,0,0.000,0,0,0.000,57.518
mixed,real,2179,8026400805991761524,0,1987,2,7446,0.000,61,539771,173726.569,0,0,0.000,0,0,0.000,53.937
mixed,real,2180,8026400805991761524,0,1986,1,1241,0.000,62,548024,177789.023,1,8192,0.000,0,0,0.000,54.033
mixed,real,2181,8026400805991761524,0,1986,1,3227,0.000,62,548086,177789.023,1,8192,0.000,0,0,0.000,55.409
mixed,real,2182,8026400805991761524,0,1986,1,5213,0.000,62,548148,177789.023,0,0,0.000,0,0,0.000,57.216
mixed,real,2183,8026400805991761524,0,1987,2,7199,0.000,61,538995,178386.606,0,0,0.000,0,0,0.000,53.711
mixed,real,2184,8026400805991761524,0,1986,1,994,0.000,62,547248,182110.921,1,8192,0.000,0,0,0.000,53.986
mixed,real,2185,8026400805991761524,0,1986,1,2980,0.000,62,547310,182110.921,1,8192,0.000,0,0,0.000,55.242
mixed,real,2186,8026400805991761524,0,1986,1,4966,0.000,62,547372,182110.921,0,0,0.000,0,0,0.000,57.116
mixed,real,2187,8026400805991761524,0,1987,2,6952,0.000,61,538219,182621.210,0,0,0.000,0,0,0.000,58.056
mixed,real,2188,8026400805991761524,0,1986,1,747,0.000,62,546472,186019.383,1,8192,0.000,0,0,0.000,53.816
mixed,real,2189,8026400805991761524,0,1986,1,2733,0.000,62,546534,186019.383,1,8192,0.000,0,0,0.000,55.531
mixed,real,2190,8026400805991761524,0,1986,1,4719,0.000,62,546596,186019.383,0,0,0.000,0,0,0.000,56.950
mixed,real,2191,8026400805991761524,0,1987,2,6705,0.000,61,537443,186430.379,0,0,0.000,0,0,0.000,58.095
mixed,real,2192,8026400805991761524,0,1986,1,500,0.000,62,545696,189514.409,1,8192,0.000,0,0,0.000,54.959
mixed,real,2193,8026400805991761524,0,1986,1,2486,0.000,62,545758,189514.409,1,8192,0.000,0,0,0.000,56.669
mixed,real,2194,8026400805991761524,0,1986,1,4472,0.000,62,545820,189514.409,0,0,0.000,0,0,0.000,56.254
mixed,real,2195,8026400805991761524,0,1987,2,6458,0.000,61,536667,189814.115,0,0,0.000,0,0,0.000,57.056
mixed,real,2196,8026400805991761524,0,1986,1,253,0.000,62,544920,192595.999,1,8192,0.000,0,0,0.000,53.531
mixed,real,2197,8026400805991761524,0,1986,1,2239,0.000,62,544982,192595.999,1,8192,0.000,0,0,0.000,55.203
mixed,real,2198,8026400805991761524,0,1986,1,4225,0.000,62,545044,192595.999,0,0,0.000,0,0,0.000,57.009
mixed,real,2199,8026400805991761524,0,1987,2,6211,0.000,61,535891,192772.417,0,0,0.000,0,0,0.000,58.690
mixed,real,2200,8026400805991761524,0,1986,1,6,0.000,62,544144,195264.153,1,8192,0.000,0,0,0.000,52.107
mixed,real,2201,8026400805991761524,0,1986,1,1992,0.000,62,544206,195264.153,1,8192,0.000,0,0,0.000,54.644
mixed,real,2202,8026400805991761524,0,1986,1,3978,0.000,62,544268,195264.153,1,8192,0.000,0,0,0.000,57.104
mixed,real,2203,8026400805991761524,0,1987,1,5964,0.000,61,535115,195305.284,0,0,0.000,0,0,0.000,56.666
mixed,real,2204,8026400805991761524,0,1987,2,7951,0.000,61,535176,195305.284,1,8192,0.000,0,0,0.000,53.464
mixed,real,2205,8026400805991761524,0,1986,1,1746,0.000,62,543429,197537.338,1,8192,0.000,0,0,0.000,53.364
mixed,real,2206,8026400805991761524,0,1986,1,3732,0.000,62,543491,197537.338,1,8192,0.000,0,0,0.000,53.958
mixed,real,2207,8026400805991761524,0,1987,1,5718,0.000,61,534338,197431.247,0,0,0.000,0,0,0.000,58.260
mixed,real,2208,8026400805991761524,0,1987,2,7705,0.000,61,534399,197431.247,1,8192,0.000,0,0,0.000,54.257
mixed,real,2209,8026400805991761524,0,1986,1,1500,0.000,62,542652,199396.151,1,8192,0.000,0,0,0.000,53.520
mixed,real,2210,8026400805991761524,0,1986,1,3486,0.000,62,542714,199396.151,1,8192,0.000,0,0,0.000,54.069
mixed,real,2211,8026400805991761524,0,1987,1,5472,0.000,61,533561,199130.810,0,0,0.000,0,0,0.000,57.797
mixed,real,2212,8026400805991761524,0,1987,2,7459,0.000,61,533622,199130.810,1,8192,0.000,0,0,0.000,53.882
mixed,real,2213,8026400805991761524,0,1986,1,1254,0.000,62,541875,200840.590,1,8192,0.000,0,0,0.000,54.540
mixed,real,2214,8026400805991761524,0,1986,1,3240,0.000,62,541937,200840.590,1,8192,0.000,0,0,0.000,53.693
mixed,real,2215,8026400805991761524,0,1987,1,5226,0.000,61,532784,200403.973,0,0,0.000,0,0,0.000,57.882
mixed,real,2216,8026400805991761524,0,1987,2,7213,0.000,61,532845,200403.973,1,8192,0.000,0,0,0.000,53.411
mixed,real,2217,8026400805991761524,0,1986,1,1008,0.000,62,541098,201870.657,1,8192,0.000,0,0,0.000,53.019
mixed,real,2218,8026400805991761524,0,1986,1,2994,0.000,62,541160,201870.657,1,8192,0.000,0,0,0.000,54.461
mixed,real,2219,8026400805991761524,0,1987,1,4980,0.000,61,532007,201250.736,0,0,0.000,0,0,0.000,57.033
mixed,real,2220,8026400805991761524,0,1987,2,6967,0.000,61,532068,201250.736,1,8192,0.000,0,0,0.000,58.744
mixed,real,2221,8026400805991761524,0,1986,1,762,0.000,62,540321,202486.350,1,8192,0.000,0,0,0.000,55.158
mixed,real,2222,8026400805991761524,0,1986,1,2748,0.000,62,540383,202486.350,1,8192,0.000,0,0,0.000,52.461
mixed,real,2223,8026400805991761524,0,1986,1,4734,0.000,62,540445,202486.350,0,0,0.000,0,0,0.000,56.517
mixed,real,2224,8026400805991761524,0,1987,2,6720,0.000,61,531292,201687.683,0,0,0.000,0,0,0.000,57.543
mixed,real,2225,8026400805991761524,0,1986,1,515,0.000,62,539545,202704.256,1,8192,0.000,0,0,0.000,53.478
mixed,real,2226,8026400805991761524,0,1986,1,2501,0.000,62,539607,202704.256,1,8192,0.000,0,0,0.000,55.998
mixed,real,2227,8026400805991761524,0,1986,1,4487,0.000,62,539669,202704.256,0,0,0.000,0,0,0.000,57.083
mixed,real,2228,8026400805991761524,0,1987,2,6473,0.000,61,530516,201699.196,0,0,0.000,0,0,0.000,57.270
mixed,real,2229,8026400805991761524,0,1986,1,268,0.000,62,538769,202508.727,1,8192,0.000,0,0,0.000,53.259
mixed,real,2230,8026400805991761524,0,1986,1,2254,0.000,62,538831,202508.727,1,8192,0.000,0,0,0.000,55.144
mixed,real,2231,8026400805991761524,0,1986,1,4240,0.000,62,538893,202508.727,0,0,0.000,0,0,0.000,56.882
mixed,real,2232,8026400805991761524,0,1987,2,6226,0.000,61,529740,201285.275,0,0,0.000,0,0,0.000,57.664
mixed,real,2233,8026400805991761524,0,1986,1,21,0.000,62,537993,201899.761,1,8192,0.000,0,0,0.000,54.044
mixed,real,2234,8026400805991761524,0,1986,1,2007,0.000,62,538055,201899.761,1,8192,0.000,0,0,0.000,55.483
mixed,real,2235,8026400805991761524,0,1986,1,3993,0.000,62,538117,201899.761,1,8192,0.000,0,0,0.000,56.712
mixed,real,2236,8026400805991761524,0,1987,1,5979,0.000,61,528964,200445.920,0,0,0.000,0,0,0.000,57.691
mixed,real,2237,8026400805991761524,0,1987,2,7966,0.000,61,529025,200445.920,1,8192,0.000,0,0,0.000,53.644
mixed,real,2238,8026400805991761524,0,1986,1,1761,0.000,62,537278,200892.626,1,8192,0.000,0,0,0.000,53.874
mixed,real,2239,8026400805991761524,0,1986,1,3747,0.000,62,537340,200892.626,1,8192,0.000,0,0,0.000,54.707
mixed,real,2240,8026400805991761524,0,1987,1,5733,0.000,61,528187,199196.355,0,0,0.000,0,0,0.000,58.133
mixed,real,2241,8026400805991761524,0,1987,2,7720,0.000,61,528248,199196.355,1,8192,0.000,0,0,0.000,54.039
mixed,real,2242,8026400805991761524,0,1986,1,1515,0.000,62,536501,199471.119,1,8192,0.000,0,0,0.000,53.899
mixed,real,2243,8026400805991761524,0,1986,1,3501,0.000,62,536563,199471.119,1,8192,0.000,0,0,0.000,53.850
mixed,real,2244,8026400805991761524,0,1987,1,5487,0.000,61,527410,197520.389,0,0,0.000,0,0,0.000,58.187
mixed,real,2245,8026400805991761524,0,1987,2,7474,0.000,61,527471,197520.389,1,8192,0.000,0,0,0.000,53.225
mixed,real,2246,8026400805991761524,0,1986,1,1269,0.000,62,535724,197635.238,1,8192,0.000,0,0,0.000,53.635
mixed,real,2247,8026400805991761524,0,1986,1,3255,0.000,62,535786,197635.238,1,8192,0.000,0,0,0.000,53.667
mixed,real,2248,8026400805991761524,0,1987,1,5241,0.000,61,526633,195418.024,0,0,0.000,0,0,0.000,58.602
mixed,real,2249,8026400805991761524,0,1987,2,7228,0.000,61,526694,195418.024,1,8192,0.000,0,0,0.000,53.625
mixed,real,2250,8026400805991761524,0,1986,1,1023,0.000,62,534947,195384.985,1,8192,0.000,0,0,0.000,53.875
mixed,real,2251,8026400805991761524,0,1986,1,3009,0.000,62,535009,195384.985,1,8192,0.000,0,0,0.000,54.493
mixed,real,2252,8026400805991761524,0,1987,1,4995,0.000,61,525856,192889.258,0,0,0.000,0,0,0.000,58.271
mixed,real,2253,8026400805991761524,0,1987,2,6982,0.000,61,525917,192889.258,1,8192,0.000,0,0,0.000,58.469
mixed,real,2254,8026400805991761524,0,1986,1,777,0.000,62,534170,192720.358,1,8192,0.000,0,0,0.000,52.645
mixed,real,2255,8026400805991761524,0,1986,1,2763,0.000,62,534232,192720.358,1,8192,0.000,0,0,0.000,53.903
mixed,real,2256,8026400805991761524,0,1987,1,4749,0.000,61,525079,189934.093,0,0,0.000,0,0,0.000,58.507
mixed,real,2257,8026400805991761524,0,1987,2,6736,0.000,61,525140,189934.093,1,8192,0.000,0,0,0.000,58.735
mixed,real,2258,8026400805991761524,0,1986,1,531,0.000,62,533393,189641.358,1,8192,0.000,0,0,0.000,53.154
mixed,real,2259,8026400805991761524,0,1986,1,2517,0.000,62,533455,189641.358,1,8192,0.000,0,0,0.000,54.001
mixed,real,2260,8026400805991761524,0,1987,1,4503,0.000,61,524302,186552.528,0,0,0.000,0,0,0.000,56.983
mixed,real,2261,8026400805991761524,0,1987,2,6490,0.000,61,524363,186552.528,1,8192,0.000,0,0,0.000,58.137
mixed,real,2262,8026400805991761524,0,1986,1,285,0.000,62,532616,186147.985,1,8192,0.000,0,0,0.000,53.255
mixed,real,2263,8026400805991761524,0,1986,1,2271,0.000,62,532678,186147.985,1,8192,0.000,0,0,0.000,53.630
mixed,real,2264,8026400805991761524,0,1987,1,4257,0.000,61,523525,182744.563,0,0,0.000,0,0,0.000,57.860
mixed,real,2265,8026400805991761524,0,1987,2,6244,0.000,61,523586,182744.563,1,8192,0.000,0,0,0.000,58.256
mixed,real,2266,8026400805991761524,0,1986,1,39,0.000,62,531839,182240.240,1,8192,0.000,0,0,0.000,53.216
mixed,real,2267,8026400805991761524,0,1986,1,2025,0.000,62,531901,182240.240,1,8192,0.000,0,0,0.000,53.569
mixed,real,2268,8026400805991761524,0,1987,1,4011,0.000,61,522748,178510.198,1,8192,0.000,0,0,0.000,57.156
mixed,real,2269,8026400805991761524,0,1987,1,5998,0.000,61,522809,178510.198,1,8192,0.000,0,0,0.000,58.170
mixed,real,2270,8026400805991761524,0,1987,2,7985,0.000,61,522870,178510.198,1,8192,0.000,0,0,0.000,53.362
mixed,real,2271,8026400805991761524,0,1986,1,1780,0.000,62,531123,177930.185,1,8192,0.000,0,0,0.000,53.566
mixed,real,2272,8026400805991761524,0,1987,1,3766,0.000,61,521970,173861.347,1,8192,0.000,0,0,0.000,56.590
mixed,real,2273,8026400805991761524,0,1987,1,5753,0.000,61,522031,173861.347,1,8192,0.000,0,0,0.000,58.141
mixed,real,2274,8026400805991761524,0,1987,2,7740,0.000,61,522092,173861.347,1,8192,0.000,0,0,0.000,53.260
mixed,real,2275,8026400805991761524,0,1986,1,1535,0.000,62,530345,173204.820,1,8192,0.000,0,0,0.000,54.011
mixed,real,2276,8026400805991761524,0,1986,1,3521,0.000,62,530407,173204.820,1,8192,0.000,0,0,0.000,53.747
mixed,real,2277,8026400805991761524,0,1987,1,5507,0.000,61,521254,168807.109,0,0,0.000,0,0,0.000,57.863
mixed,real,2278,8026400805991761524,0,1987,2,7494,0.000,61,521315,168807.109,1,8192,0.000,0,0,0.000,53.764
mixed,real,2279,8026400805991761524,0,1986,1,1289,0.000,62,529568,168085.953,1,8192,0.000,0,0,0.000,53.835
mixed,real,2280,8026400805991761524,0,1986,1,3275,0.000,62,529630,168085.953,1,8192,0.000,0,0,0.000,54.231
mixed,real,2281,8026400805991761524,0,1987,1,5261,0.000,61,520477,163326.471,0,0,0.000,0,0,0.000,57.962
mixed,real,2282,8026400805991761524,0,1987,2,7248,0.000,61,520538,163326.471,1,8192,0.000,0,0,0.000,54.274
mixed,real,2283,8026400805991761524,0,1986,1,1043,0.000,62,528791,162552.713,1,8192,0.000,0,0,0.000,53.092
mixed,real,2284,8026400805991761524,0,1986,1,3029,0.000,62,528853,162552.713,1,8192,0.000,0,0,0.000,54.029
mixed,real,2285,8026400805991761524,0,1987,1,5015,0.000,61,519700,157419.433,0,0,0.000,0,0,0.000,57.901
mixed,real,2286,8026400805991761524,0,1987,2,7002,0.000,61,519761,157419.433,1,8192,0.000,0,0,0.000,58.924
mixed,real,2287,8026400805991761524,0,1986,1,797,0.000,62,528014,156605.100,1,8192,0.000,0,0,0.000,53.580
mixed,real,2288,8026400805991761524,0,1986,1,2783,0.000,62,528076,156605.100,1,8192,0.000,0,0,0.000,53.917
mixed,real,2289,8026400805991761524,0,1987,1,4769,0.000,61,518923,151085.996,0,0,0.000,0,0,0.000,57.602
mixed,real,2290,8026400805991761524,0,1987,2,6756,0.000,61,518984,151085.996,1,8192,0.000,0,0,0.000,58.905
mixed,real,2291,8026400805991761524,0,1986,1,551,0.000,62,527237,150243.114,1,8192,0.000,0,0,0.000,52.840
mixed,real,2292,8026400805991761524,0,1986,1,2537,0.000,62,527299,150243.114,1,8192,0.000,0,0,0.000,54.130
mixed,real,2293,8026400805991761524,0,1987,1,4523,0.000,61,518146,144326.158,0,0,0.000,0,0,0.000,58.374
mixed,real,2294,8026400805991761524,0,1987,2,6510,0.000,61,518207,144326.158,1,8192,0.000,0,0,0.000,58.100
mixed,real,2295,8026400805991761524,0,1986,1,305,0.000,62,526460,143466.754,1,8192,0.000,0,0,0.000,52.945
mixed,real,2296,8026400805991761524,0,1986,1,2291,0.000,62,526522,143466.754,1,8192,0.000,0,0,0.000,53.917
mixed,real,2297,8026400805991761524,0,1987,1,4277,0.000,61,517369,137139.920,0,0,0.000,0,0,0.000,57.253
mixed,real,2298,8026400805991761524,0,1987,2,6264,0.000,61,517430,137139.920,1,8192,0.000,0,0,0.000,58.511
mixed,real,2299,8026400805991761524,0,1986,1,59,0.000,62,525683,136276.022,1,8192,0.000,0,0,0.000,52.926
mixed,real,2300,8026400805991761524,0,1986,1,2045,0.000,62,525745,136276.022,1,8192,0.000,0,0,0.000,53.683
mixed,real,2301,8026400805991761524,0,1987,1,4031,0.000,61,516592,129527.283,1,8192,0.000,0,0,0.000,56.924
mixed,real,2302,8026400805991761524,0,1987,1,6018,0.000,61,516653,129527.283,1,8192,0.000,0,0,0.000,58.246
mixed,real,2303,8026400805991761524,0,1987,2,8005,0.000,61,516714,129527.283,1,8192,0.000,0,0,0.000,53.646
mixed,real,2304,8026400805991761524,0,1986,1,1800,0.000,62,524967,128679.779,1,8192,0.000,0,0,0.000,53.784
mixed,real,2305,8026400805991761524,0,1987,1,3786,0.000,61,515814,121496.851,1,8192,0.000,0,0,0.000,56.566
mixed,real,2306,8026400805991761524,0,1987,1,5773,0.000,61,515875,121496.851,1,8192,0.000,0,0,0.000,58.294
mixed,real,2307,8026400805991761524,0,1987,2,7760,0.000,61,515936,121496.851,1,8192,0.000,0,0,0.000,53.954
mixed,real,2308,8026400805991761524,0,1986,1,1555,0.000,62,524189,120668.224,1,8192,0.000,0,0,0.000,53.346
mixed,real,2309,8026400805991761524,0,1987,1,3541,0.000,61,515036,113039.053,1,8192,0.000,0,0,0.000,56.375
mixed,real,2310,8026400805991761524,0,1987,1,5528,0.000,61,515097,113039.053,1,8192,0.000,0,0,0.000,57.895
mixed,real,2311,8026400805991761524,0,1987,2,7515,0.000,61,515158,113039.053,1,8192,0.000,0,0,0.000,53.209
mixed,real,2312,8026400805991761524,0,1986,1,1310,0.000,62,523411,112241.358,1,8192,0.000,0,0,0.000,53.862
mixed,real,2313,8026400805991761524,0,1987,1,3296,0.000,61,514258,104153.888,1,8192,0.000,0,0,0.000,56.111
mixed,real,2314,8026400805991761524,0,1987,1,5283,0.000,61,514319,104153.888,1,8192,0.000,0,0,0.000,57.489
mixed,real,2315,8026400805991761524,0,1987,2,7270,0.000,61,514380,104153.888,1,8192,0.000,0,0,0.000,53.095
mixed,real,2316,8026400805991761524,0,1986,1,1065,0.000,62,522633,103399.181,1,8192,0.000,0,0,0.000,53.486
mixed,real,2317,8026400805991761524,0,1986,1,3051,0.000,62,522695,103399.181,1,8192,0.000,0,0,0.000,54.339
mixed,real,2318,8026400805991761524,0,1987,1,5037,0.000,61,513542,94867.480,0,0,0.000,0,0,0.000,57.681
mixed,real,2319,8026400805991761524,0,1987,2,7024,0.000,61,513603,94867.480,1,8192,0.000,0,0,0.000,59.474
mixed,real,2320,8026400805991761524,0,1986,1,819,0.000,62,521856,94167.515,1,8192,0.000,0,0,0.000,53.040
mixed,real,2321,8026400805991761524,0,1986,1,2805,0.000,62,521918,94167.515,1,8192,0.000,0,0,0.000,55.054
mixed,real,2322,8026400805991761524,0,1987,1,4791,0.000,61,512765,85154.672,0,0,0.000,0,0,0.000,58.123
mixed,real,2323,8026400805991761524,0,1987,2,6778,0.000,61,512826,85154.672,1,8192,0.000,0,0,0.000,58.620
mixed,real,2324,8026400805991761524,0,1986,1,573,0.000,62,521079,84521.476,1,8192,0.000,0,0,0.000,52.686
mixed,real,2325,8026400805991761524,0,1986,1,2559,0.000,62,521141,84521.476,1,8192,0.000,0,0,0.000,53.779
mixed,real,2326,8026400805991761524,0,1987,1,4545,0.000,61,511988,75015.464,0,0,0.000,0,0,0.000,58.160
mixed,real,2327,8026400805991761524,0,1987,2,6532,0.000,61,512049,75015.464,1,8192,0.000,0,0,0.000,59.563
mixed,real,2328,8026400805991761524,0,1986,1,327,0.000,62,520302,74461.063,1,8192,0.000,0,0,0.000,52.497
mixed,real,2329,8026400805991761524,0,1986,1,2313,0.000,62,520364,74461.063,1,8192,0.000,0,0,0.000,53.709
mixed,real,2330,8026400805991761524,0,1987,1,4299,0.000,61,511211,64449.856,0,0,0.000,0,0,0.000,57.187
mixed,real,2331,8026400805991761524,0,1987,2,6286,0.000,61,511272,64449.856,1,8192,0.000,0,0,0.000,58.309
mixed,real,2332,8026400805991761524,0,1986,1,81,0.000,62,519525,63986.278,1,8192,0.000,0,0,0.000,53.079
mixed,real,2333,8026400805991761524,0,1986,1,2067,0.000,62,519587,63986.278,1,8192,0.000,0,0,0.000,53.690
mixed,real,2334,8026400805991761524,0,1987,1,4053,0.000,61,510434,53457.849,1,8192,0.000,0,0,0.000,57.131
mixed,real,2335,8026400805991761524,0,1987,1,6040,0.000,61,510495,53457.849,1,8192,0.000,0,0,0.000,58.305
mixed,real,2336,8026400805991761524,0,1987,2,8027,0.000,61,510556,53457.849,1,8192,0.000,0,0,0.000,52.940
mixed,real,2337,8026400805991761524,0,1986,1,1822,0.000,62,518809,53102.778,1,8192,0.000,0,0,0.000,54.160
mixed,real,2338,8026400805991761524,0,1987,1,3808,0.000,61,509656,42044.737,1,8192,0.000,0,0,0.000,57.277
mixed,real,2339,8026400805991761524,0,1987,1,5795,0.000,61,509717,42044.737,1,8192,0.000,0,0,0.000,58.020
mixed,real,2340,8026400805991761524,0,1987,2,7782,0.000,61,509778,42044.737,1,8192,0.000,0,0,0.000,53.993
mixed,real,2341,8026400805991761524,0,1986,1,1577,0.000,62,518031,41803.966,1,8192,0.000,0,0,0.000,53.215
mixed,real,2342,8026400805991761524,0,1987,1,3563,0.000,61,508878,30204.259,1,8192,0.000,0,0,0.000,53.416
mixed,real,2343,8026400805991761524,0,1987,1,5550,0.000,61,508939,30204.259,1,8192,0.000,0,0,0.000,56.325
mixed,real,2344,8026400805991761524,0,1987,2,7537,0.000,61,509000,30204.259,1,8192,0.000,0,0,0.000,54.741
mixed,real,2345,8026400805991761524,0,1986,1,1332,0.000,62,517253,30089.843,1,8192,0.000,0,0,0.000,53.582
mixed,real,2346,8026400805991761524,0,1987,1,3318,0.000,61,508100,17936.414,1,8192,0.000,0,0,0.000,55.223
mixed,real,2347,8026400805991761524,0,1987,1,5305,0.000,61,508161,17936.414,1,8192,0.000,0,0,0.000,56.631
mixed,real,2348,8026400805991761524,0,1987,2,7292,0.000,61,508222,17936.414,1,8192,0.000,0,0,0.000,52.991
mixed,real,2349,8026400805991761524,0,1986,1,1087,0.000,62,516475,17960.409,1,8192,0.000,0,0,0.000,53.648
mixed,real,2350,8026400805991761524,0,1986,1,3073,0.000,62,516537,17960.409,1,8192,0.000,0,0,0.000,54.855
mixed,real,2351,8026400805991761524,0,1987,1,5059,0.000,61,507384,5270.636,0,0,0.000,0,0,0.000,57.085
mixed,real,2352,8026400805991761524,0,1987,2,7046,0.000,61,507445,5270.636,1,8192,0.000,0,0,0.000,58.123
mixed,real,2353,8026400805991761524,0,1986,1,841,0.000,62,515698,5444.690,1,8192,0.000,0,0,0.000,53.208
mixed,real,2354,8026400805991761524,0,1986,1,2827,0.000,62,515760,5444.690,1,8192,0.000,0,0,0.000,53.358
mixed,real,2355,8026400805991761524,0,1986,1,4813,0.000,62,515822,5444.690,0,0,0.000,0,0,0.000,55.512
mixed,real,2356,8026400805991761524,0,1986,2,6799,0.000,62,515884,5444.690,0,0,0.000,0,0,0.000,57.631
mixed,real,2357,8026400805991761524,0,1985,1,593,0.000,63,524138,5621.084,0,0,0.000,0,0,0.000,52.214
mixed,real,2358,8026400805991761524,0,1985,1,2578,0.000,63,524201,5621.084,0,0,0.000,0,0,0.000,52.985
mixed,real,2359,8026400805991761524,0,1985,1,4563,0.000,63,524264,5621.084,0,0,0.000,0,0,0.000,54.544
mixed,real,2360,8026400805991761524,0,1644,1,6548,0.000,63,524327,5621.084,0,0,0.000,0,0,0.000,58.039
decode,real,2361,8026400805991761524,0,0,0,0,0.000,64,532582,5799.835,0,0,0.000,0,0,0.000,13.299
decode,real,2362,8026400805991761524,0,0,0,0,0.000,64,532646,5799.835,0,0,0.000,0,0,0.000,13.283
decode,real,2363,8026400805991761524,0,0,0,0,0.000,64,532710,5799.835,0,0,0.000,0,0,0.000,13.270
decode,real,2364,8026400805991761524,0,0,0,0,0.000,64,532774,5799.835,0,0,0.000,0,0,0.000,13.312
decode,real,2365,8026400805991761524,0,0,0,0,0.000,64,532838,5799.835,0,0,0.000,0,0,0.000,13.231
decode,real,2366,8026400805991761524,0,0,0,0,0.000,64,532902,5799.835,0,0,0.000,0,0,0.000,13.274
decode,real,2367,8026400805991761524,0,0,0,0,0.000,64,532966,5799.835,0,0,0.000,0,0,0.000,13.219
decode,real,2368,8026400805991761524,0,0,0,0,0.000,64,533030,5799.835,0,0,0.000,0,0,0.000,13.285
decode,real,2369,8026400805991761524,0,0,0,0,0.000,64,533094,5799.835,0,0,0.000,0,0,0.000,13.251
decode,real,2370,8026400805991761524,0,0,0,0,0.000,64,533158,5799.835,0,0,0.000,0,0,0.000,13.226
decode,real,2371,8026400805991761524,0,0,0,0,0.000,64,533222,5799.835,0,0,0.000,0,0,0.000,13.277
decode,real,2372,8026400805991761524,0,0,0,0,0.000,64,533286,5799.835,0,0,0.000,0,0,0.000,13.250
decode,real,2373,8026400805991761524,0,0,0,0,0.000,64,533350,5799.835,0,0,0.000,0,0,0.000,13.250
decode,real,2374,8026400805991761524,0,0,0,0,0.000,64,533414,5799.835,0,0,0.000,0,0,0.000,13.273
decode,real,2375,8026400805991761524,0,0,0,0,0.000,64,533478,5799.835,0,0,0.000,0,0,0.000,13.259
decode,real,2376,8026400805991761524,0,0,0,0,0.000,64,533542,5799.835,0,0,0.000,0,0,0.000,13.256
decode,real,2377,8026400805991761524,0,0,0,0,0.000,64,533606,5799.835,0,0,0.000,0,0,0.000,13.245
decode,real,2378,8026400805991761524,0,0,0,0,0.000,64,533670,5799.835,0,0,0.000,0,0,0.000,13.303
decode,real,2379,8026400805991761524,0,0,0,0,0.000,64,533734,5799.835,0,0,0.000,0,0,0.000,13.259
decode,real,2380,8026400805991761524,0,0,0,0,0.000,64,533798,5799.835,0,0,0.000,0,0,0.000,13.279
decode,real,2381,8026400805991761524,0,0,0,0,0.000,64,533862,5799.835,0,0,0.000,0,0,0.000,13.254
decode,real,2382,8026400805991761524,0,0,0,0,0.000,64,533926,5799.835,0,0,0.000,0,0,0.000,13.319
decode,real,2383,8026400805991761524,0,0,0,0,0.000,64,533990,5799.835,0,0,0.000,0,0,0.000,13.228
decode,real,2384,8026400805991761524,0,0,0,0,0.000,64,534054,5799.835,0,0,0.000,0,0,0.000,13.315
decode,real,2385,8026400805991761524,0,0,0,0,0.000,64,534118,5799.835,0,0,0.000,0,0,0.000,13.241
decode,real,2386,8026400805991761524,0,0,0,0,0.000,64,534182,5799.835,0,0,0.000,0,0,0.000,13.239
decode,real,2387,8026400805991761524,0,0,0,0,0.000,64,534246,5799.835,0,0,0.000,0,0,0.000,13.280
decode,real,2388,8026400805991761524,0,0,0,0,0.000,64,534310,5799.835,0,0,0.000,0,0,0.000,13.245
decode,real,2389,8026400805991761524,0,0,0,0,0.000,64,534374,5799.835,0,0,0.000,0,0,0.000,13.285
decode,real,2390,8026400805991761524,0,0,0,0,0.000,64,534438,5799.835,0,0,0.000,0,0,0.000,13.226
decode,real,2391,8026400805991761524,0,0,0,0,0.000,64,534502,5799.835,0,0,0.000,0,0,0.000,13.271
decode,real,2392,8026400805991761524,0,0,0,0,0.000,64,534566,5799.835,0,0,0.000,0,0,0.000,13.249
decode,real,2393,8026400805991761524,0,0,0,0,0.000,64,534630,5799.835,0,0,0.000,0,0,0.000,13.248
decode,real,2394,8026400805991761524,0,0,0,0,0.000,64,534694,5799.835,0,0,0.000,0,0,0.000,13.273
decode,real,2395,8026400805991761524,0,0,0,0,0.000,64,534758,5799.835,0,0,0.000,0,0,0.000,13.267
decode,real,2396,8026400805991761524,0,0,0,0,0.000,64,534822,5799.835,0,0,0.000,0,0,0.000,13.299
decode,real,2397,8026400805991761524,0,0,0,0,0.000,64,534886,5799.835,0,0,0.000,0,0,0.000,13.240
decode,real,2398,8026400805991761524,0,0,0,0,0.000,64,534950,5799.835,0,0,0.000,0,0,0.000,13.235
decode,real,2399,8026400805991761524,0,0,0,0,0.000,64,535014,5799.835,0,0,0.000,0,0,0.000,13.278
decode,real,2400,8026400805991761524,0,0,0,0,0.000,64,535078,5799.835,0,0,0.000,0,0,0.000,13.252
decode,real,2401,8026400805991761524,0,0,0,0,0.000,64,535142,5799.835,0,0,0.000,0,0,0.000,13.291
decode,real,2402,8026400805991761524,0,0,0,0,0.000,64,535206,5799.835,0,0,0.000,0,0,0.000,13.223
decode,real,2403,8026400805991761524,0,0,0,0,0.000,64,535270,5799.835,0,0,0.000,0,0,0.000,13.287
decode,real,2404,8026400805991761524,0,0,0,0,0.000,64,535334,5799.835,0,0,0.000,0,0,0.000,13.281
decode,real,2405,8026400805991761524,0,0,0,0,0.000,64,535398,5799.835,0,0,0.000,0,0,0.000,13.274
decode,real,2406,8026400805991761524,0,0,0,0,0.000,64,535462,5799.835,0,0,0.000,0,0,0.000,13.299
decode,real,2407,8026400805991761524,0,0,0,0,0.000,64,535526,5799.835,0,0,0.000,0,0,0.000,13.256
decode,real,2408,8026400805991761524,0,0,0,0,0.000,64,535590,5799.835,0,0,0.000,0,0,0.000,13.305
decode,real,2409,8026400805991761524,0,0,0,0,0.000,64,535654,5799.835,0,0,0.000,0,0,0.000,13.244
decode,real,2410,8026400805991761524,0,0,0,0,0.000,64,535718,5799.835,0,0,0.000,0,0,0.000,13.286
decode,real,2411,8026400805991761524,0,0,0,0,0.000,64,535782,5799.835,0,0,0.000,0,0,0.000,13.281
decode,real,2412,8026400805991761524,0,0,0,0,0.000,64,535846,5799.835,0,0,0.000,0,0,0.000,13.264
decode,real,2413,8026400805991761524,0,0,0,0,0.000,64,535910,5799.835,0,0,0.000,0,0,0.000,13.264
decode,real,2414,8026400805991761524,0,0,0,0,0.000,64,535974,5799.835,0,0,0.000,0,0,0.000,13.291
decode,real,2415,8026400805991761524,0,0,0,0,0.000,64,536038,5799.835,0,0,0.000,0,0,0.000,13.281
decode,real,2416,8026400805991761524,0,0,0,0,0.000,64,536102,5799.835,0,0,0.000,0,0,0.000,13.303
decode,real,2417,8026400805991761524,0,0,0,0,0.000,64,536166,5799.835,0,0,0.000,0,0,0.000,13.282
decode,real,2418,8026400805991761524,0,0,0,0,0.000,64,536230,5799.835,0,0,0.000,0,0,0.000,13.243
decode,real,2419,8026400805991761524,0,0,0,0,0.000,64,536294,5799.835,0,0,0.000,0,0,0.000,13.320
decode,real,2420,8026400805991761524,0,0,0,0,0.000,64,536358,5799.835,0,0,0.000,0,0,0.000,13.291
decode,real,2421,8026400805991761524,0,0,0,0,0.000,64,536422,5799.835,0,0,0.000,0,0,0.000,13.325
decode,real,2422,8026400805991761524,0,0,0,0,0.000,64,536486,5799.835,0,0,0.000,0,0,0.000,13.254
decode,real,2423,8026400805991761524,0,0,0,0,0.000,64,536550,5799.835,0,0,0.000,0,0,0.000,13.283
decode,real,2424,8026400805991761524,0,0,0,0,0.000,64,536614,5799.835,0,0,0.000,0,0,0.000,13.325
decode,real,2425,8026400805991761524,0,0,0,0,0.000,64,536678,5799.835,0,0,0.000,0,0,0.000,13.223
decode,real,2426,8026400805991761524,0,0,0,0,0.000,64,536742,5799.835,0,0,0.000,0,0,0.000,13.323
decode,real,2427,8026400805991761524,0,0,0,0,0.000,64,536806,5799.835,0,0,0.000,0,0,0.000,13.279
decode,real,2428,8026400805991761524,0,0,0,0,0.000,64,536870,5799.835,0,0,0.000,0,0,0.000,13.319
decode,real,2429,8026400805991761524,0,0,0,0,0.000,64,536934,5799.835,0,0,0.000,0,0,0.000,13.281
decode,real,2430,8026400805991761524,0,0,0,0,0.000,64,536998,5799.835,0,0,0.000,0,0,0.000,13.280
decode,real,2431,8026400805991761524,0,0,0,0,0.000,64,537062,5799.835,0,0,0.000,0,0,0.000,13.286
decode,real,2432,8026400805991761524,0,0,0,0,0.000,64,537126,5799.835,0,0,0.000,0,0,0.000,13.320
decode,real,2433,8026400805991761524,0,0,0,0,0.000,64,537190,5799.835,0,0,0.000,0,0,0.000,13.325
decode,real,2434,8026400805991761524,0,0,0,0,0.000,64,537254,5799.835,0,0,0.000,0,0,0.000,13.283
decode,real,2435,8026400805991761524,0,0,0,0,0.000,64,537318,5799.835,0,0,0.000,0,0,0.000,13.296
decode,real,2436,8026400805991761524,0,0,0,0,0.000,64,537382,5799.835,0,0,0.000,0,0,0.000,13.317
decode,real,2437,8026400805991761524,0,0,0,0,0.000,64,537446,5799.835,0,0,0.000,0,0,0.000,13.293
decode,real,2438,8026400805991761524,0,0,0,0,0.000,64,537510,5799.835,0,0,0.000,0,0,0.000,13.366
decode,real,2439,8026400805991761524,0,0,0,0,0.000,64,537574,5799.835,0,0,0.000,0,0,0.000,13.244
decode,real,2440,8026400805991761524,0,0,0,0,0.000,64,537638,5799.835,0,0,0.000,0,0,0.000,13.314
decode,real,2441,8026400805991761524,0,0,0,0,0.000,64,537702,5799.835,0,0,0.000,0,0,0.000,13.323
decode,real,2442,8026400805991761524,0,0,0,0,0.000,64,537766,5799.835,0,0,0.000,0,0,0.000,13.309
decode,real,2443,8026400805991761524,0,0,0,0,0.000,64,537830,5799.835,0,0,0.000,0,0,0.000,13.289
decode,real,2444,8026400805991761524,0,0,0,0,0.000,64,537894,5799.835,0,0,0.000,0,0,0.000,13.310
decode,real,2445,8026400805991761524,0,0,0,0,0.000,64,537958,5799.835,0,0,0.000,0,0,0.000,13.289
decode,real,2446,8026400805991761524,0,0,0,0,0.000,64,538022,5799.835,0,0,0.000,0,0,0.000,13.323
decode,real,2447,8026400805991761524,0,0,0,0,0.000,64,538086,5799.835,0,0,0.000,0,0,0.000,13.304
decode,real,2448,8026400805991761524,0,0,0,0,0.000,64,538150,5799.835,0,0,0.000,0,0,0.000,13.307
decode,real,2449,8026400805991761524,0,0,0,0,0.000,64,538214,5799.835,0,0,0.000,0,0,0.000,13.325
decode,real,2450,8026400805991761524,0,0,0,0,0.000,64,538278,5799.835,0,0,0.000,0,0,0.000,13.288
decode,real,2451,8026400805991761524,0,0,0,0,0.000,64,538342,5799.835,0,0,0.000,0,0,0.000,13.351
decode,real,2452,8026400805991761524,0,0,0,0,0.000,64,538406,5799.835,0,0,0.000,0,0,0.000,13.308
decode,real,2453,8026400805991761524,0,0,0,0,0.000,64,538470,5799.835,0,0,0.000,0,0,0.000,13.292
decode,real,2454,8026400805991761524,0,0,0,0,0.000,64,538534,5799.835,0,0,0.000,0,0,0.000,13.322
decode,real,2455,8026400805991761524,0,0,0,0,0.000,64,538598,5799.835,0,0,0.000,0,0,0.000,13.324
decode,real,2456,8026400805991761524,0,0,0,0,0.000,64,538662,5799.835,0,0,0.000,0,0,0.000,13.271
decode,real,2457,8026400805991761524,0,0,0,0,0.000,64,538726,5799.835,0,0,0.000,0,0,0.000,13.329
decode,real,2458,8026400805991761524,0,0,0,0,0.000,64,538790,5799.835,0,0,0.000,0,0,0.000,13.274
decode,real,2459,8026400805991761524,0,0,0,0,0.000,64,538854,5799.835,0,0,0.000,0,0,0.000,13.330
decode,real,2460,8026400805991761524,0,0,0,0,0.000,64,538918,5799.835,0,0,0.000,0,0,0.000,13.315
decode,real,2461,8026400805991761524,0,0,0,0,0.000,64,538982,5799.835,0,0,0.000,0,0,0.000,13.285
decode,real,2462,8026400805991761524,0,0,0,0,0.000,64,539046,5799.835,0,0,0.000,0,0,0.000,13.318
decode,real,2463,8026400805991761524,0,0,0,0,0.000,64,539110,5799.835,0,0,0.000,0,0,0.000,13.313
decode,real,2464,8026400805991761524,0,0,0,0,0.000,64,539174,5799.835,0,0,0.000,0,0,0.000,13.339
decode,real,2465,8026400805991761524,0,0,0,0,0.000,64,539238,5799.835,0,0,0.000,0,0,0.000,13.294
decode,real,2466,8026400805991761524,0,0,0,0,0.000,64,539302,5799.835,0,0,0.000,0,0,0.000,13.337
decode,real,2467,8026400805991761524,0,0,0,0,0.000,64,539366,5799.835,0,0,0.000,0,0,0.000,13.315
decode,real,2468,8026400805991761524,0,0,0,0,0.000,64,539430,5799.835,0,0,0.000,0,0,0.000,13.351
decode,real,2469,8026400805991761524,0,0,0,0,0.000,64,539494,5799.835,0,0,0.000,0,0,0.000,13.290
decode,real,2470,8026400805991761524,0,0,0,0,0.000,64,539558,5799.835,0,0,0.000,0,0,0.000,13.369
decode,real,2471,8026400805991761524,0,0,0,0,0.000,64,539622,5799.835,0,0,0.000,0,0,0.000,13.284
decode,real,2472,8026400805991761524,0,0,0,0,0.000,64,539686,5799.835,0,0,0.000,0,0,0.000,13.303
decode,real,2473,8026400805991761524,0,0,0,0,0.000,64,539750,5799.835,0,0,0.000,0,0,0.000,13.348
decode,real,2474,8026400805991761524,0,0,0,0,0.000,64,539814,5799.835,0,0,0.000,0,0,0.000,13.289
decode,real,2475,8026400805991761524,0,0,0,0,0.000,64,539878,5799.835,0,0,0.000,0,0,0.000,13.326
decode,real,2476,8026400805991761524,0,0,0,0,0.000,64,539942,5799.835,0,0,0.000,0,0,0.000,13.326
decode,real,2477,8026400805991761524,0,0,0,0,0.000,64,540006,5799.835,0,0,0.000,0,0,0.000,13.301
decode,real,2478,8026400805991761524,0,0,0,0,0.000,64,540070,5799.835,0,0,0.000,0,0,0.000,13.331
decode,real,2479,8026400805991761524,0,0,0,0,0.000,64,540134,5799.835,0,0,0.000,0,0,0.000,13.349
decode,real,2480,8026400805991761524,0,0,0,0,0.000,64,540198,5799.835,0,0,0.000,0,0,0.000,13.306
decode,real,2481,8026400805991761524,0,0,0,0,0.000,64,540262,5799.835,0,0,0.000,0,0,0.000,13.314
decode,real,2482,8026400805991761524,0,0,0,0,0.000,64,540326,5799.835,0,0,0.000,0,0,0.000,13.392
decode,real,2483,8026400805991761524,0,0,0,0,0.000,64,540390,5799.835,0,0,0.000,0,0,0.000,13.286
decode,real,2484,8026400805991761524,0,0,0,0,0.000,64,540454,5799.835,0,0,0.000,0,0,0.000,13.319
decode,real,2485,8026400805991761524,0,0,0,0,0.000,64,540518,5799.835,0,0,0.000,0,0,0.000,13.333
decode,real,2486,8026400805991761524,0,0,0,0,0.000,64,540582,5799.835,0,0,0.000,0,0,0.000,13.308
decode,real,2487,8026400805991761524,0,0,0,0,0.000,64,540646,5799.835,0,0,0.000,0,0,0.000,13.331
decode,real,2488,8026400805991761524,0,0,0,0,0.000,64,540710,5799.835,0,0,0.000,0,0,0.000,13.332
decode,real,2489,8026400805991761524,0,0,0,0,0.000,64,540774,5799.835,0,0,0.000,0,0,0.000,13.314
decode,real,2490,8026400805991761524,0,0,0,0,0.000,64,540838,5799.835,0,0,0.000,0,0,0.000,13.328
decode,real,2491,8026400805991761524,0,0,0,0,0.000,64,540902,5799.835,0,0,0.000,0,0,0.000,13.326
decode,real,2492,8026400805991761524,0,0,0,0,0.000,64,540966,5799.835,0,0,0.000,0,0,0.000,13.332
decode,real,2493,8026400805991761524,0,0,0,0,0.000,64,541030,5799.835,0,0,0.000,0,0,0.000,13.367
decode,real,2494,8026400805991761524,0,0,0,0,0.000,64,541094,5799.835,0,0,0.000,0,0,0.000,13.319
decode,real,2495,8026400805991761524,0,0,0,0,0.000,64,541158,5799.835,0,0,0.000,0,0,0.000,13.301
decode,real,2496,8026400805991761524,0,0,0,0,0.000,64,541222,5799.835,0,0,0.000,0,0,0.000,13.355
decode,real,2497,8026400805991761524,0,0,0,0,0.000,64,541286,5799.835,0,0,0.000,0,0,0.000,13.369
decode,real,2498,8026400805991761524,0,0,0,0,0.000,64,541350,5799.835,0,0,0.000,0,0,0.000,13.289
decode,real,2499,8026400805991761524,0,0,0,0,0.000,64,541414,5799.835,0,0,0.000,0,0,0.000,13.517
decode,real,2500,8026400805991761524,0,0,0,0,0.000,64,541478,5799.835,0,0,0.000,0,0,0.000,13.165
decode,real,2501,8026400805991761524,0,0,0,0,0.000,64,541542,5799.835,0,0,0.000,0,0,0.000,13.330
decode,real,2502,8026400805991761524,0,0,0,0,0.000,64,541606,5799.835,0,0,0.000,0,0,0.000,13.350
decode,real,2503,8026400805991761524,0,0,0,0,0.000,64,541670,5799.835,0,0,0.000,0,0,0.000,13.326
decode,real,2504,8026400805991761524,0,0,0,0,0.000,64,541734,5799.835,0,0,0.000,0,0,0.000,13.298
decode,real,2505,8026400805991761524,0,0,0,0,0.000,64,541798,5799.835,0,0,0.000,0,0,0.000,13.387
decode,real,2506,8026400805991761524,0,0,0,0,0.000,64,541862,5799.835,0,0,0.000,0,0,0.000,13.350
decode,real,2507,8026400805991761524,0,0,0,0,0.000,64,541926,5799.835,0,0,0.000,0,0,0.000,13.302
decode,real,2508,8026400805991761524,0,0,0,0,0.000,64,541990,5799.835,0,0,0.000,0,0,0.000,13.354
decode,real,2509,8026400805991761524,0,0,0,0,0.000,64,542054,5799.835,0,0,0.000,0,0,0.000,13.391
decode,real,2510,8026400805991761524,0,0,0,0,0.000,64,542118,5799.835,0,0,0.000,0,0,0.000,13.328
decode,real,2511,8026400805991761524,0,0,0,0,0.000,64,542182,5799.835,0,0,0.000,0,0,0.000,13.372
decode,real,2512,8026400805991761524,0,0,0,0,0.000,64,542246,5799.835,0,0,0.000,0,0,0.000,13.365
decode,real,2513,8026400805991761524,0,0,0,0,0.000,64,542310,5799.835,0,0,0.000,0,0,0.000,13.343
decode,real,2514,8026400805991761524,0,0,0,0,0.000,64,542374,5799.835,0,0,0.000,0,0,0.000,13.354
decode,real,2515,8026400805991761524,0,0,0,0,0.000,64,542438,5799.835,0,0,0.000,0,0,0.000,13.392
decode,real,2516,8026400805991761524,0,0,0,0,0.000,64,542502,5799.835,0,0,0.000,0,0,0.000,13.308
decode,real,2517,8026400805991761524,0,0,0,0,0.000,64,542566,5799.835,0,0,0.000,0,0,0.000,13.380
decode,real,2518,8026400805991761524,0,0,0,0,0.000,64,542630,5799.835,0,0,0.000,0,0,0.000,13.345
decode,real,2519,8026400805991761524,0,0,0,0,0.000,64,542694,5799.835,0,0,0.000,0,0,0.000,13.365
decode,real,2520,8026400805991761524,0,0,0,0,0.000,64,542758,5799.835,0,0,0.000,0,0,0.000,13.389
decode,real,2521,8026400805991761524,0,0,0,0,0.000,64,542822,5799.835,0,0,0.000,0,0,0.000,13.298
decode,real,2522,8026400805991761524,0,0,0,0,0.000,64,542886,5799.835,0,0,0.000,0,0,0.000,13.412
decode,real,2523,8026400805991761524,0,0,0,0,0.000,64,542950,5799.835,0,0,0.000,0,0,0.000,13.304
decode,real,2524,8026400805991761524,0,0,0,0,0.000,64,543014,5799.835,0,0,0.000,0,0,0.000,13.385
decode,real,2525,8026400805991761524,0,0,0,0,0.000,64,543078,5799.835,0,0,0.000,0,0,0.000,13.351
decode,real,2526,8026400805991761524,0,0,0,0,0.000,64,543142,5799.835,0,0,0.000,0,0,0.000,13.397
decode,real,2527,8026400805991761524,0,0,0,0,0.000,64,543206,5799.835,0,0,0.000,0,0,0.000,13.356
decode,real,2528,8026400805991761524,0,0,0,0,0.000,64,543270,5799.835,0,0,0.000,0,0,0.000,13.339
decode,real,2529,8026400805991761524,0,0,0,0,0.000,64,543334,5799.835,0,0,0.000,0,0,0.000,13.379
decode,real,2530,8026400805991761524,0,0,0,0,0.000,64,543398,5799.835,0,0,0.000,0,0,0.000,13.350
decode,real,2531,8026400805991761524,0,0,0,0,0.000,64,543462,5799.835,0,0,0.000,0,0,0.000,13.408
decode,real,2532,8026400805991761524,0,0,0,0,0.000,64,543526,5799.835,0,0,0.000,0,0,0.000,13.319
decode,real,2533,8026400805991761524,0,0,0,0,0.000,64,543590,5799.835,0,0,0.000,0,0,0.000,13.351
decode,real,2534,8026400805991761524,0,0,0,0,0.000,64,543654,5799.835,0,0,0.000,0,0,0.000,13.370
decode,real,2535,8026400805991761524,0,0,0,0,0.000,64,543718,5799.835,0,0,0.000,0,0,0.000,13.369
decode,real,2536,8026400805991761524,0,0,0,0,0.000,64,543782,5799.835,0,0,0.000,0,0,0.000,13.359
decode,real,2537,8026400805991761524,0,0,0,0,0.000,64,543846,5799.835,0,0,0.000,0,0,0.000,13.367
decode,real,2538,8026400805991761524,0,0,0,0,0.000,64,543910,5799.835,0,0,0.000,0,0,0.000,13.357
decode,real,2539,8026400805991761524,0,0,0,0,0.000,64,543974,5799.835,0,0,0.000,0,0,0.000,13.383
decode,real,2540,8026400805991761524,0,0,0,0,0.000,64,544038,5799.835,0,0,0.000,0,0,0.000,13.374
decode,real,2541,8026400805991761524,0,0,0,0,0.000,64,544102,5799.835,0,0,0.000,0,0,0.000,13.379
decode,real,2542,8026400805991761524,0,0,0,0,0.000,64,544166,5799.835,0,0,0.000,0,0,0.000,13.385
decode,real,2543,8026400805991761524,0,0,0,0,0.000,64,544230,5799.835,0,0,0.000,0,0,0.000,13.362
decode,real,2544,8026400805991761524,0,0,0,0,0.000,64,544294,5799.835,0,0,0.000,0,0,0.000,13.392
decode,real,2545,8026400805991761524,0,0,0,0,0.000,64,544358,5799.835,0,0,0.000,0,0,0.000,13.389
decode,real,2546,8026400805991761524,0,0,0,0,0.000,64,544422,5799.835,0,0,0.000,0,0,0.000,13.340
decode,real,2547,8026400805991761524,0,0,0,0,0.000,64,544486,5799.835,0,0,0.000,0,0,0.000,13.394
decode,real,2548,8026400805991761524,0,0,0,0,0.000,64,544550,5799.835,0,0,0.000,0,0,0.000,13.327
decode,real,2549,8026400805991761524,0,0,0,0,0.000,64,544614,5799.835,0,0,0.000,0,0,0.000,13.395
decode,real,2550,8026400805991761524,0,0,0,0,0.000,64,544678,5799.835,0,0,0.000,0,0,0.000,13.384
decode,real,2551,8026400805991761524,0,0,0,0,0.000,64,544742,5799.835,0,0,0.000,0,0,0.000,13.323
decode,real,2552,8026400805991761524,0,0,0,0,0.000,64,544806,5799.835,0,0,0.000,0,0,0.000,13.463
decode,real,2553,8026400805991761524,0,0,0,0,0.000,64,544870,5799.835,0,0,0.000,0,0,0.000,13.369
decode,real,2554,8026400805991761524,0,0,0,0,0.000,64,544934,5799.835,0,0,0.000,0,0,0.000,13.404
decode,real,2555,8026400805991761524,0,0,0,0,0.000,64,544998,5799.835,0,0,0.000,0,0,0.000,13.369
decode,real,2556,8026400805991761524,0,0,0,0,0.000,64,545062,5799.835,0,0,0.000,0,0,0.000,13.392
decode,real,2557,8026400805991761524,0,0,0,0,0.000,64,545126,5799.835,0,0,0.000,0,0,0.000,13.366
decode,real,2558,8026400805991761524,0,0,0,0,0.000,64,545190,5799.835,0,0,0.000,0,0,0.000,13.439
decode,real,2559,8026400805991761524,0,0,0,0,0.000,64,545254,5799.835,0,0,0.000,0,0,0.000,13.359
decode,real,2560,8026400805991761524,0,0,0,0,0.000,64,545318,5799.835,0,0,0.000,0,0,0.000,13.366
decode,real,2561,8026400805991761524,0,0,0,0,0.000,64,545382,5799.835,0,0,0.000,0,0,0.000,13.399
decode,real,2562,8026400805991761524,0,0,0,0,0.000,64,545446,5799.835,0,0,0.000,0,0,0.000,13.356
decode,real,2563,8026400805991761524,0,0,0,0,0.000,64,545510,5799.835,0,0,0.000,0,0,0.000,13.442
decode,real,2564,8026400805991761524,0,0,0,0,0.000,64,545574,5799.835,0,0,0.000,0,0,0.000,13.362
decode,real,2565,8026400805991761524,0,0,0,0,0.000,64,545638,5799.835,0,0,0.000,0,0,0.000,13.392
decode,real,2566,8026400805991761524,0,0,0,0,0.000,64,545702,5799.835,0,0,0.000,0,0,0.000,13.408
decode,real,2567,8026400805991761524,0,0,0,0,0.000,64,545766,5799.835,0,0,0.000,0,0,0.000,13.356
decode,real,2568,8026400805991761524,0,0,0,0,0.000,64,545830,5799.835,0,0,0.000,0,0,0.000,13.451
decode,real,2569,8026400805991761524,0,0,0,0,0.000,64,545894,5799.835,0,0,0.000,0,0,0.000,13.376
decode,real,2570,8026400805991761524,0,0,0,0,0.000,64,545958,5799.835,0,0,0.000,0,0,0.000,13.374
decode,real,2571,8026400805991761524,0,0,0,0,0.000,64,546022,5799.835,0,0,0.000,0,0,0.000,13.407
decode,real,2572,8026400805991761524,0,0,0,0,0.000,64,546086,5799.835,0,0,0.000,0,0,0.000,13.404
decode,real,2573,8026400805991761524,0,0,0,0,0.000,64,546150,5799.835,0,0,0.000,0,0,0.000,13.401
decode,real,2574,8026400805991761524,0,0,0,0,0.000,64,546214,5799.835,0,0,0.000,0,0,0.000,13.379
decode,real,2575,8026400805991761524,0,0,0,0,0.000,64,546278,5799.835,0,0,0.000,0,0,0.000,13.362
decode,real,2576,8026400805991761524,0,0,0,0,0.000,64,546342,5799.835,0,0,0.000,0,0,0.000,13.416
decode,real,2577,8026400805991761524,0,0,0,0,0.000,64,546406,5799.835,0,0,0.000,0,0,0.000,13.385
decode,real,2578,8026400805991761524,0,0,0,0,0.000,64,546470,5799.835,0,0,0.000,0,0,0.000,13.369
decode,real,2579,8026400805991761524,0,0,0,0,0.000,64,546534,5799.835,0,0,0.000,0,0,0.000,13.400
decode,real,2580,8026400805991761524,0,0,0,0,0.000,64,546598,5799.835,0,0,0.000,0,0,0.000,13.363
decode,real,2581,8026400805991761524,0,0,0,0,0.000,64,546662,5799.835,0,0,0.000,0,0,0.000,13.426
decode,real,2582,8026400805991761524,0,0,0,0,0.000,64,546726,5799.835,0,0,0.000,0,0,0.000,13.395
decode,real,2583,8026400805991761524,0,0,0,0,0.000,64,546790,5799.835,0,0,0.000,0,0,0.000,13.400
decode,real,2584,8026400805991761524,0,0,0,0,0.000,64,546854,5799.835,0,0,0.000,0,0,0.000,13.421
decode,real,2585,8026400805991761524,0,0,0,0,0.000,64,546918,5799.835,0,0,0.000,0,0,0.000,13.381
decode,real,2586,8026400805991761524,0,0,0,0,0.000,64,546982,5799.835,0,0,0.000,0,0,0.000,13.407
decode,real,2587,8026400805991761524,0,0,0,0,0.000,64,547046,5799.835,0,0,0.000,0,0,0.000,13.382
decode,real,2588,8026400805991761524,0,0,0,0,0.000,64,547110,5799.835,0,0,0.000,0,0,0.000,13.401
decode,real,2589,8026400805991761524,0,0,0,0,0.000,64,547174,5799.835,0,0,0.000,0,0,0.000,13.412
decode,real,2590,8026400805991761524,0,0,0,0,0.000,64,547238,5799.835,0,0,0.000,0,0,0.000,13.416
decode,real,2591,8026400805991761524,0,0,0,0,0.000,64,547302,5799.835,0,0,0.000,0,0,0.000,13.381
decode,real,2592,8026400805991761524,0,0,0,0,0.000,64,547366,5799.835,0,0,0.000,0,0,0.000,13.428
decode,real,2593,8026400805991761524,0,0,0,0,0.000,64,547430,5799.835,0,0,0.000,0,0,0.000,13.377
decode,real,2594,8026400805991761524,0,0,0,0,0.000,64,547494,5799.835,0,0,0.000,0,0,0.000,13.402
decode,real,2595,8026400805991761524,0,0,0,0,0.000,64,547558,5799.835,0,0,0.000,0,0,0.000,13.415
decode,real,2596,8026400805991761524,0,0,0,0,0.000,64,547622,5799.835,0,0,0.000,0,0,0.000,13.400
decode,real,2597,8026400805991761524,0,0,0,0,0.000,64,547686,5799.835,0,0,0.000,0,0,0.000,13.403
decode,real,2598,8026400805991761524,0,0,0,0,0.000,64,547750,5799.835,0,0,0.000,0,0,0.000,13.448
decode,real,2599,8026400805991761524,0,0,0,0,0.000,64,547814,5799.835,0,0,0.000,0,0,0.000,13.389
decode,real,2600,8026400805991761524,0,0,0,0,0.000,64,547878,5799.835,0,0,0.000,0,0,0.000,13.431
decode,real,2601,8026400805991761524,0,0,0,0,0.000,64,547942,5799.835,0,0,0.000,0,0,0.000,13.403
decode,real,2602,8026400805991761524,0,0,0,0,0.000,64,548006,5799.835,0,0,0.000,0,0,0.000,13.412
decode,real,2603,8026400805991761524,0,0,0,0,0.000,64,548070,5799.835,0,0,0.000,0,0,0.000,13.426
decode,real,2604,8026400805991761524,0,0,0,0,0.000,64,548134,5799.835,0,0,0.000,0,0,0.000,13.393
decode,real,2605,8026400805991761524,0,0,0,0,0.000,64,548198,5799.835,0,0,0.000,0,0,0.000,13.401
decode,real,2606,8026400805991761524,0,0,0,0,0.000,64,548262,5799.835,0,0,0.000,0,0,0.000,13.427
decode,real,2607,8026400805991761524,0,0,0,0,0.000,64,548326,5799.835,0,0,0.000,0,0,0.000,13.393
decode,real,2608,8026400805991761524,0,0,0,0,0.000,64,548390,5799.835,0,0,0.000,0,0,0.000,13.419
decode,real,2609,8026400805991761524,0,0,0,0,0.000,64,548454,5799.835,0,0,0.000,0,0,0.000,13.415
decode,real,2610,8026400805991761524,0,0,0,0,0.000,64,548518,5799.835,0,0,0.000,0,0,0.000,13.410
decode,real,2611,8026400805991761524,0,0,0,0,0.000,64,548582,5799.835,0,0,0.000,0,0,0.000,13.403
decode,real,2612,8026400805991761524,0,0,0,0,0.000,64,548646,5799.835,0,0,0.000,0,0,0.000,13.415
decode,real,2613,8026400805991761524,0,0,0,0,0.000,64,548710,5799.835,0,0,0.000,0,0,0.000,13.435
decode,real,2614,8026400805991761524,0,0,0,0,0.000,64,548774,5799.835,0,0,0.000,0,0,0.000,13.418
decode,real,2615,8026400805991761524,0,0,0,0,0.000,64,548838,5799.835,0,0,0.000,0,0,0.000,13.394
decode,real,2616,8026400805991761524,0,0,0,0,0.000,64,548902,5799.835,0,0,0.000,0,0,0.000,13.422
decode,real,2617,8026400805991761524,0,0,0,0,0.000,64,548966,5799.835,0,0,0.000,0,0,0.000,13.406
decode,real,2618,8026400805991761524,0,0,0,0,0.000,64,549030,5799.835,0,0,0.000,0,0,0.000,13.431
decode,real,2619,8026400805991761524,0,0,0,0,0.000,64,549094,5799.835,0,0,0.000,0,0,0.000,13.403
decode,real,2620,8026400805991761524,0,0,0,0,0.000,64,549158,5799.835,0,0,0.000,0,0,0.000,13.447
decode,real,2621,8026400805991761524,0,0,0,0,0.000,64,549222,5799.835,0,0,0.000,0,0,0.000,13.394
decode,real,2622,8026400805991761524,0,0,0,0,0.000,64,549286,5799.835,0,0,0.000,0,0,0.000,13.446
decode,real,2623,8026400805991761524,0,0,0,0,0.000,64,549350,5799.835,0,0,0.000,0,0,0.000,13.409
decode,real,2624,8026400805991761524,0,0,0,0,0.000,64,549414,5799.835,0,0,0.000,0,0,0.000,13.421
decode,real,2625,8026400805991761524,0,0,0,0,0.000,64,549478,5799.835,0,0,0.000,0,0,0.000,13.424
decode,real,2626,8026400805991761524,0,0,0,0,0.000,64,549542,5799.835,0,0,0.000,0,0,0.000,13.411
decode,real,2627,8026400805991761524,0,0,0,0,0.000,64,549606,5799.835,0,0,0.000,0,0,0.000,13.418
decode,real,2628,8026400805991761524,0,0,0,0,0.000,64,549670,5799.835,0,0,0.000,0,0,0.000,13.436
decode,real,2629,8026400805991761524,0,0,0,0,0.000,64,549734,5799.835,0,0,0.000,0,0,0.000,13.428
decode,real,2630,8026400805991761524,0,0,0,0,0.000,64,549798,5799.835,0,0,0.000,0,0,0.000,13.421
decode,real,2631,8026400805991761524,0,0,0,0,0.000,64,549862,5799.835,0,0,0.000,0,0,0.000,13.431
decode,real,2632,8026400805991761524,0,0,0,0,0.000,64,549926,5799.835,0,0,0.000,0,0,0.000,13.440
decode,real,2633,8026400805991761524,0,0,0,0,0.000,64,549990,5799.835,0,0,0.000,0,0,0.000,13.396
decode,real,2634,8026400805991761524,0,0,0,0,0.000,64,550054,5799.835,0,0,0.000,0,0,0.000,13.444
decode,real,2635,8026400805991761524,0,0,0,0,0.000,64,550118,5799.835,0,0,0.000,0,0,0.000,13.415
decode,real,2636,8026400805991761524,0,0,0,0,0.000,64,550182,5799.835,0,0,0.000,0,0,0.000,13.399
decode,real,2637,8026400805991761524,0,0,0,0,0.000,64,550246,5799.835,0,0,0.000,0,0,0.000,13.425
decode,real,2638,8026400805991761524,0,0,0,0,0.000,64,550310,5799.835,0,0,0.000,0,0,0.000,13.427
decode,real,2639,8026400805991761524,0,0,0,0,0.000,64,550374,5799.835,0,0,0.000,0,0,0.000,13.444
decode,real,2640,8026400805991761524,0,0,0,0,0.000,64,550438,5799.835,0,0,0.000,0,0,0.000,13.418
decode,real,2641,8026400805991761524,0,0,0,0,0.000,64,550502,5799.835,0,0,0.000,0,0,0.000,13.401
decode,real,2642,8026400805991761524,0,0,0,0,0.000,64,550566,5799.835,0,0,0.000,0,0,0.000,13.422
decode,real,2643,8026400805991761524,0,0,0,0,0.000,64,550630,5799.835,0,0,0.000,0,0,0.000,13.437
decode,real,2644,8026400805991761524,0,0,0,0,0.000,64,550694,5799.835,0,0,0.000,0,0,0.000,13.441
decode,real,2645,8026400805991761524,0,0,0,0,0.000,64,550758,5799.835,0,0,0.000,0,0,0.000,13.448
decode,real,2646,8026400805991761524,0,0,0,0,0.000,64,550822,5799.835,0,0,0.000,0,0,0.000,13.445
decode,real,2647,8026400805991761524,0,0,0,0,0.000,64,550886,5799.835,0,0,0.000,0,0,0.000,13.429
decode,real,2648,8026400805991761524,0,0,0,0,0.000,64,550950,5799.835,0,0,0.000,0,0,0.000,13.425
decode,real,2649,8026400805991761524,0,0,0,0,0.000,64,551014,5799.835,0,0,0.000,0,0,0.000,13.432
decode,real,2650,8026400805991761524,0,0,0,0,0.000,64,551078,5799.835,0,0,0.000,0,0,0.000,13.429
decode,real,2651,8026400805991761524,0,0,0,0,0.000,64,551142,5799.835,0,0,0.000,0,0,0.000,13.448
decode,real,2652,8026400805991761524,0,0,0,0,0.000,64,551206,5799.835,0,0,0.000,0,0,0.000,13.408
decode,real,2653,8026400805991761524,0,0,0,0,0.000,64,551270,5799.835,0,0,0.000,0,0,0.000,13.462
decode,real,2654,8026400805991761524,0,0,0,0,0.000,64,551334,5799.835,0,0,0.000,0,0,0.000,13.394
decode,real,2655,8026400805991761524,0,0,0,0,0.000,64,551398,5799.835,0,0,0.000,0,0,0.000,13.411
decode,real,2656,8026400805991761524,0,0,0,0,0.000,64,551462,5799.835,0,0,0.000,0,0,0.000,13.461
decode,real,2657,8026400805991761524,0,0,0,0,0.000,64,551526,5799.835,0,0,0.000,0,0,0.000,13.455
decode,real,2658,8026400805991761524,0,0,0,0,0.000,64,551590,5799.835,0,0,0.000,0,0,0.000,13.446
decode,real,2659,8026400805991761524,0,0,0,0,0.000,64,551654,5799.835,0,0,0.000,0,0,0.000,13.487
decode,real,2660,8026400805991761524,0,0,0,0,0.000,64,551718,5799.835,0,0,0.000,0,0,0.000,13.434
decode,real,2661,8026400805991761524,0,0,0,0,0.000,64,551782,5799.835,0,0,0.000,0,0,0.000,13.456
decode,real,2662,8026400805991761524,0,0,0,0,0.000,64,551846,5799.835,0,0,0.000,0,0,0.000,13.451
decode,real,2663,8026400805991761524,0,0,0,0,0.000,64,551910,5799.835,0,0,0.000,0,0,0.000,13.459
decode,real,2664,8026400805991761524,0,0,0,0,0.000,64,551974,5799.835,0,0,0.000,0,0,0.000,13.447
decode,real,2665,8026400805991761524,0,0,0,0,0.000,64,552038,5799.835,0,0,0.000,0,0,0.000,13.452
decode,real,2666,8026400805991761524,0,0,0,0,0.000,64,552102,5799.835,0,0,0.000,0,0,0.000,13.458
decode,real,2667,8026400805991761524,0,0,0,0,0.000,64,552166,5799.835,0,0,0.000,0,0,0.000,13.451
decode,real,2668,8026400805991761524,0,0,0,0,0.000,64,552230,5799.835,0,0,0.000,0,0,0.000,13.442
decode,real,2669,8026400805991761524,0,0,0,0,0.000,64,552294,5799.835,0,0,0.000,0,0,0.000,13.456
decode,real,2670,8026400805991761524,0,0,0,0,0.000,64,552358,5799.835,0,0,0.000,0,0,0.000,13.458
decode,real,2671,8026400805991761524,0,0,0,0,0.000,64,552422,5799.835,0,0,0.000,0,0,0.000,13.474
decode,real,2672,8026400805991761524,0,0,0,0,0.000,64,552486,5799.835,0,0,0.000,0,0,0.000,13.465
decode,real,2673,8026400805991761524,0,0,0,0,0.000,64,552550,5799.835,0,0,0.000,0,0,0.000,13.466
decode,real,2674,8026400805991761524,0,0,0,0,0.000,64,552614,5799.835,0,0,0.000,0,0,0.000,13.449
decode,real,2675,8026400805991761524,0,0,0,0,0.000,64,552678,5799.835,0,0,0.000,0,0,0.000,13.495
decode,real,2676,8026400805991761524,0,0,0,0,0.000,64,552742,5799.835,0,0,0.000,0,0,0.000,13.493
decode,real,2677,8026400805991761524,0,0,0,0,0.000,64,552806,5799.835,0,0,0.000,0,0,0.000,13.461
decode,real,2678,8026400805991761524,0,0,0,0,0.000,64,552870,5799.835,0,0,0.000,0,0,0.000,13.475
decode,real,2679,8026400805991761524,0,0,0,0,0.000,64,552934,5799.835,0,0,0.000,0,0,0.000,13.483
decode,real,2680,8026400805991761524,0,0,0,0,0.000,64,552998,5799.835,0,0,0.000,0,0,0.000,13.463
decode,real,2681,8026400805991761524,0,0,0,0,0.000,64,553062,5799.835,0,0,0.000,0,0,0.000,13.447
decode,real,2682,8026400805991761524,0,0,0,0,0.000,64,553126,5799.835,0,0,0.000,0,0,0.000,13.466
decode,real,2683,8026400805991761524,0,0,0,0,0.000,64,553190,5799.835,0,0,0.000,0,0,0.000,13.483
decode,real,2684,8026400805991761524,0,0,0,0,0.000,64,553254,5799.835,0,0,0.000,0,0,0.000,13.453
decode,real,2685,8026400805991761524,0,0,0,0,0.000,64,553318,5799.835,0,0,0.000,0,0,0.000,13.509
decode,real,2686,8026400805991761524,0,0,0,0,0.000,64,553382,5799.835,0,0,0.000,0,0,0.000,13.435
decode,real,2687,8026400805991761524,0,0,0,0,0.000,64,553446,5799.835,0,0,0.000,0,0,0.000,13.481
decode,real,2688,8026400805991761524,0,0,0,0,0.000,64,553510,5799.835,0,0,0.000,0,0,0.000,13.492
decode,real,2689,8026400805991761524,0,0,0,0,0.000,64,553574,5799.835,0,0,0.000,0,0,0.000,13.458
decode,real,2690,8026400805991761524,0,0,0,0,0.000,64,553638,5799.835,0,0,0.000,0,0,0.000,13.478
decode,real,2691,8026400805991761524,0,0,0,0,0.000,64,553702,5799.835,0,0,0.000,0,0,0.000,13.487
decode,real,2692,8026400805991761524,0,0,0,0,0.000,64,553766,5799.835,0,0,0.000,0,0,0.000,13.502
decode,real,2693,8026400805991761524,0,0,0,0,0.000,64,553830,5799.835,0,0,0.000,0,0,0.000,13.455
decode,real,2694,8026400805991761524,0,0,0,0,0.000,64,553894,5799.835,0,0,0.000,0,0,0.000,13.494
decode,real,2695,8026400805991761524,0,0,0,0,0.000,64,553958,5799.835,0,0,0.000,0,0,0.000,13.468
decode,real,2696,8026400805991761524,0,0,0,0,0.000,64,554022,5799.835,0,0,0.000,0,0,0.000,13.473
decode,real,2697,8026400805991761524,0,0,0,0,0.000,64,554086,5799.835,0,0,0.000,0,0,0.000,13.489
decode,real,2698,8026400805991761524,0,0,0,0,0.000,64,554150,5799.835,0,0,0.000,0,0,0.000,13.482
decode,real,2699,8026400805991761524,0,0,0,0,0.000,64,554214,5799.835,0,0,0.000,0,0,0.000,13.463
decode,real,2700,8026400805991761524,0,0,0,0,0.000,64,554278,5799.835,0,0,0.000,0,0,0.000,13.457
decode,real,2701,8026400805991761524,0,0,0,0,0.000,64,554342,5799.835,0,0,0.000,0,0,0.000,13.481
decode,real,2702,8026400805991761524,0,0,0,0,0.000,64,554406,5799.835,0,0,0.000,0,0,0.000,13.500
decode,real,2703,8026400805991761524,0,0,0,0,0.000,64,554470,5799.835,0,0,0.000,0,0,0.000,13.483
decode,real,2704,8026400805991761524,0,0,0,0,0.000,64,554534,5799.835,0,0,0.000,0,0,0.000,13.523
decode,real,2705,8026400805991761524,0,0,0,0,0.000,64,554598,5799.835,0,0,0.000,0,0,0.000,13.452
decode,real,2706,8026400805991761524,0,0,0,0,0.000,64,554662,5799.835,0,0,0.000,0,0,0.000,13.500
decode,real,2707,8026400805991761524,0,0,0,0,0.000,64,554726,5799.835,0,0,0.000,0,0,0.000,13.507
decode,real,2708,8026400805991761524,0,0,0,0,0.000,64,554790,5799.835,0,0,0.000,0,0,0.000,13.485
decode,real,2709,8026400805991761524,0,0,0,0,0.000,64,554854,5799.835,0,0,0.000,0,0,0.000,13.461
decode,real,2710,8026400805991761524,0,0,0,0,0.000,64,554918,5799.835,0,0,0.000,0,0,0.000,13.483
decode,real,2711,8026400805991761524,0,0,0,0,0.000,64,554982,5799.835,0,0,0.000,0,0,0.000,13.502
decode,real,2712,8026400805991761524,0,0,0,0,0.000,64,555046,5799.835,0,0,0.000,0,0,0.000,13.477
decode,real,2713,8026400805991761524,0,0,0,0,0.000,64,555110,5799.835,0,0,0.000,0,0,0.000,13.459
decode,real,2714,8026400805991761524,0,0,0,0,0.000,64,555174,5799.835,0,0,0.000,0,0,0.000,13.504
decode,real,2715,8026400805991761524,0,0,0,0,0.000,64,555238,5799.835,0,0,0.000,0,0,0.000,13.526
decode,real,2716,8026400805991761524,0,0,0,0,0.000,64,555302,5799.835,0,0,0.000,0,0,0.000,13.452
decode,real,2717,8026400805991761524,0,0,0,0,0.000,64,555366,5799.835,0,0,0.000,0,0,0.000,13.506
decode,real,2718,8026400805991761524,0,0,0,0,0.000,64,555430,5799.835,0,0,0.000,0,0,0.000,13.476
decode,real,2719,8026400805991761524,0,0,0,0,0.000,64,555494,5799.835,0,0,0.000,0,0,0.000,13.484
decode,real,2720,8026400805991761524,0,0,0,0,0.000,64,555558,5799.835,0,0,0.000,0,0,0.000,13.515
decode,real,2721,8026400805991761524,0,0,0,0,0.000,64,555622,5799.835,0,0,0.000,0,0,0.000,13.513
decode,real,2722,8026400805991761524,0,0,0,0,0.000,64,555686,5799.835,0,0,0.000,0,0,0.000,13.476
decode,real,2723,8026400805991761524,0,0,0,0,0.000,64,555750,5799.835,0,0,0.000,0,0,0.000,13.509
decode,real,2724,8026400805991761524,0,0,0,0,0.000,64,555814,5799.835,0,0,0.000,0,0,0.000,13.464
decode,real,2725,8026400805991761524,0,0,0,0,0.000,64,555878,5799.835,0,0,0.000,0,0,0.000,13.510
decode,real,2726,8026400805991761524,0,0,0,0,0.000,64,555942,5799.835,0,0,0.000,0,0,0.000,13.502
decode,real,2727,8026400805991761524,0,0,0,0,0.000,64,556006,5799.835,0,0,0.000,0,0,0.000,13.485
decode,real,2728,8026400805991761524,0,0,0,0,0.000,64,556070,5799.835,0,0,0.000,0,0,0.000,13.467
decode,real,2729,8026400805991761524,0,0,0,0,0.000,64,556134,5799.835,0,0,0.000,0,0,0.000,13.547
decode,real,2730,8026400805991761524,0,0,0,0,0.000,64,556198,5799.835,0,0,0.000,0,0,0.000,13.463
decode,real,2731,8026400805991761524,0,0,0,0,0.000,64,556262,5799.835,0,0,0.000,0,0,0.000,13.491
decode,real,2732,8026400805991761524,0,0,0,0,0.000,64,556326,5799.835,0,0,0.000,0,0,0.000,13.494
decode,real,2733,8026400805991761524,0,0,0,0,0.000,64,556390,5799.835,0,0,0.000,0,0,0.000,13.464
decode,real,2734,8026400805991761524,0,0,0,0,0.000,64,556454,5799.835,0,0,0.000,0,0,0.000,13.499
decode,real,2735,8026400805991761524,0,0,0,0,0.000,64,556518,5799.835,0,0,0.000,0,0,0.000,13.568
decode,real,2736,8026400805991761524,0,0,0,0,0.000,64,556582,5799.835,0,0,0.000,0,0,0.000,13.420
decode,real,2737,8026400805991761524,0,0,0,0,0.000,64,556646,5799.835,0,0,0.000,0,0,0.000,13.527
decode,real,2738,8026400805991761524,0,0,0,0,0.000,64,556710,5799.835,0,0,0.000,0,0,0.000,13.502
decode,real,2739,8026400805991761524,0,0,0,0,0.000,64,556774,5799.835,0,0,0.000,0,0,0.000,13.503
decode,real,2740,8026400805991761524,0,0,0,0,0.000,64,556838,5799.835,0,0,0.000,0,0,0.000,13.482
decode,real,2741,8026400805991761524,0,0,0,0,0.000,64,556902,5799.835,0,0,0.000,0,0,0.000,13.522
decode,real,2742,8026400805991761524,0,0,0,0,0.000,64,556966,5799.835,0,0,0.000,0,0,0.000,13.485
decode,real,2743,8026400805991761524,0,0,0,0,0.000,64,557030,5799.835,0,0,0.000,0,0,0.000,13.509
decode,real,2744,8026400805991761524,0,0,0,0,0.000,64,557094,5799.835,0,0,0.000,0,0,0.000,13.509
decode,real,2745,8026400805991761524,0,0,0,0,0.000,64,557158,5799.835,0,0,0.000,0,0,0.000,13.502
decode,real,2746,8026400805991761524,0,0,0,0,0.000,64,557222,5799.835,0,0,0.000,0,0,0.000,13.498
decode,real,2747,8026400805991761524,0,0,0,0,0.000,64,557286,5799.835,0,0,0.000,0,0,0.000,13.526
decode,real,2748,8026400805991761524,0,0,0,0,0.000,64,557350,5799.835,0,0,0.000,0,0,0.000,13.488
decode,real,2749,8026400805991761524,0,0,0,0,0.000,64,557414,5799.835,0,0,0.000,0,0,0.000,13.513
decode,real,2750,8026400805991761524,0,0,0,0,0.000,64,557478,5799.835,0,0,0.000,0,0,0.000,13.518
decode,real,2751,8026400805991761524,0,0,0,0,0.000,64,557542,5799.835,0,0,0.000,0,0,0.000,13.521
decode,real,2752,8026400805991761524,0,0,0,0,0.000,64,557606,5799.835,0,0,0.000,0,0,0.000,13.527
decode,real,2753,8026400805991761524,0,0,0,0,0.000,64,557670,5799.835,0,0,0.000,0,0,0.000,13.479
decode,real,2754,8026400805991761524,0,0,0,0,0.000,64,557734,5799.835,0,0,0.000,0,0,0.000,13.500
decode,real,2755,8026400805991761524,0,0,0,0,0.000,64,557798,5799.835,0,0,0.000,0,0,0.000,13.500
decode,real,2756,8026400805991761524,0,0,0,0,0.000,64,557862,5799.835,0,0,0.000,0,0,0.000,13.546
decode,real,2757,8026400805991761524,0,0,0,0,0.000,64,557926,5799.835,0,0,0.000,0,0,0.000,13.484
decode,real,2758,8026400805991761524,0,0,0,0,0.000,64,557990,5799.835,0,0,0.000,0,0,0.000,13.492
decode,real,2759,8026400805991761524,0,0,0,0,0.000,64,558054,5799.835,0,0,0.000,0,0,0.000,13.536
decode,real,2760,8026400805991761524,0,0,0,0,0.000,64,558118,5799.835,0,0,0.000,0,0,0.000,13.491
decode,real,2761,8026400805991761524,0,0,0,0,0.000,64,558182,5799.835,0,0,0.000,0,0,0.000,13.501
decode,real,2762,8026400805991761524,0,0,0,0,0.000,64,558246,5799.835,0,0,0.000,0,0,0.000,13.551
decode,real,2763,8026400805991761524,0,0,0,0,0.000,64,558310,5799.835,0,0,0.000,0,0,0.000,13.541
decode,real,2764,8026400805991761524,0,0,0,0,0.000,64,558374,5799.835,0,0,0.000,0,0,0.000,13.492
decode,real,2765,8026400805991761524,0,0,0,0,0.000,64,558438,5799.835,0,0,0.000,0,0,0.000,13.537
decode,real,2766,8026400805991761524,0,0,0,0,0.000,64,558502,5799.835,0,0,0.000,0,0,0.000,13.507
decode,real,2767,8026400805991761524,0,0,0,0,0.000,64,558566,5799.835,0,0,0.000,0,0,0.000,13.564
decode,real,2768,8026400805991761524,0,0,0,0,0.000,64,558630,5799.835,0,0,0.000,0,0,0.000,13.501
decode,real,2769,8026400805991761524,0,0,0,0,0.000,64,558694,5799.835,0,0,0.000,0,0,0.000,13.506
decode,real,2770,8026400805991761524,0,0,0,0,0.000,64,558758,5799.835,0,0,0.000,0,0,0.000,13.526
decode,real,2771,8026400805991761524,0,0,0,0,0.000,64,558822,5799.835,0,0,0.000,0,0,0.000,13.500
decode,real,2772,8026400805991761524,0,0,0,0,0.000,64,558886,5799.835,0,0,0.000,0,0,0.000,13.529
decode,real,2773,8026400805991761524,0,0,0,0,0.000,64,558950,5799.835,0,0,0.000,0,0,0.000,13.498
decode,real,2774,8026400805991761524,0,0,0,0,0.000,64,559014,5799.835,0,0,0.000,0,0,0.000,13.545
decode,real,2775,8026400805991761524,0,0,0,0,0.000,64,559078,5799.835,0,0,0.000,0,0,0.000,13.524
decode,real,2776,8026400805991761524,0,0,0,0,0.000,64,559142,5799.835,0,0,0.000,0,0,0.000,13.512
decode,real,2777,8026400805991761524,0,0,0,0,0.000,64,559206,5799.835,0,0,0.000,0,0,0.000,13.533
decode,real,2778,8026400805991761524,0,0,0,0,0.000,64,559270,5799.835,0,0,0.000,0,0,0.000,13.581
decode,real,2779,8026400805991761524,0,0,0,0,0.000,64,559334,5799.835,0,0,0.000,0,0,0.000,13.482
decode,real,2780,8026400805991761524,0,0,0,0,0.000,64,559398,5799.835,0,0,0.000,0,0,0.000,13.566
decode,real,2781,8026400805991761524,0,0,0,0,0.000,64,559462,5799.835,0,0,0.000,0,0,0.000,13.507
decode,real,2782,8026400805991761524,0,0,0,0,0.000,64,559526,5799.835,0,0,0.000,0,0,0.000,13.532
decode,real,2783,8026400805991761524,0,0,0,0,0.000,64,559590,5799.835,0,0,0.000,0,0,0.000,13.549
decode,real,2784,8026400805991761524,0,0,0,0,0.000,64,559654,5799.835,0,0,0.000,0,0,0.000,13.486
decode,real,2785,8026400805991761524,0,0,0,0,0.000,64,559718,5799.835,0,0,0.000,0,0,0.000,13.554
decode,real,2786,8026400805991761524,0,0,0,0,0.000,64,559782,5799.835,0,0,0.000,0,0,0.000,13.527
decode,real,2787,8026400805991761524,0,0,0,0,0.000,64,559846,5799.835,0,0,0.000,0,0,0.000,13.526
decode,real,2788,8026400805991761524,0,0,0,0,0.000,64,559910,5799.835,0,0,0.000,0,0,0.000,13.543
decode,real,2789,8026400805991761524,0,0,0,0,0.000,64,559974,5799.835,0,0,0.000,0,0,0.000,13.531
decode,real,2790,8026400805991761524,0,0,0,0,0.000,64,560038,5799.835,0,0,0.000,0,0,0.000,13.543
decode,real,2791,8026400805991761524,0,0,0,0,0.000,64,560102,5799.835,0,0,0.000,0,0,0.000,13.734
decode,real,2792,8026400805991761524,0,0,0,0,0.000,64,560166,5799.835,0,0,0.000,0,0,0.000,13.352
decode,real,2793,8026400805991761524,0,0,0,0,0.000,64,560230,5799.835,0,0,0.000,0,0,0.000,13.561
decode,real,2794,8026400805991761524,0,0,0,0,0.000,64,560294,5799.835,0,0,0.000,0,0,0.000,13.535
decode,real,2795,8026400805991761524,0,0,0,0,0.000,64,560358,5799.835,0,0,0.000,0,0,0.000,13.540
decode,real,2796,8026400805991761524,0,0,0,0,0.000,64,560422,5799.835,0,0,0.000,0,0,0.000,13.550
decode,real,2797,8026400805991761524,0,0,0,0,0.000,64,560486,5799.835,0,0,0.000,0,0,0.000,13.550
decode,real,2798,8026400805991761524,0,0,0,0,0.000,64,560550,5799.835,0,0,0.000,0,0,0.000,13.515
decode,real,2799,8026400805991761524,0,0,0,0,0.000,64,560614,5799.835,0,0,0.000,0,0,0.000,13.559
decode,real,2800,8026400805991761524,0,0,0,0,0.000,64,560678,5799.835,0,0,0.000,0,0,0.000,13.566
decode,real,2801,8026400805991761524,0,0,0,0,0.000,64,560742,5799.835,0,0,0.000,0,0,0.000,13.540
decode,real,2802,8026400805991761524,0,0,0,0,0.000,64,560806,5799.835,0,0,0.000,0,0,0.000,13.532
decode,real,2803,8026400805991761524,0,0,0,0,0.000,64,560870,5799.835,0,0,0.000,0,0,0.000,13.506
decode,real,2804,8026400805991761524,0,0,0,0,0.000,64,560934,5799.835,0,0,0.000,0,0,0.000,13.563
decode,real,2805,8026400805991761524,0,0,0,0,0.000,64,560998,5799.835,0,0,0.000,0,0,0.000,13.539
decode,real,2806,8026400805991761524,0,0,0,0,0.000,64,561062,5799.835,0,0,0.000,0,0,0.000,13.589
decode,real,2807,8026400805991761524,0,0,0,0,0.000,64,561126,5799.835,0,0,0.000,0,0,0.000,13.554
decode,real,2808,8026400805991761524,0,0,0,0,0.000,64,561190,5799.835,0,0,0.000,0,0,0.000,13.523
decode,real,2809,8026400805991761524,0,0,0,0,0.000,64,561254,5799.835,0,0,0.000,0,0,0.000,13.576
decode,real,2810,8026400805991761524,0,0,0,0,0.000,64,561318,5799.835,0,0,0.000,0,0,0.000,13.535
decode,real,2811,8026400805991761524,0,0,0,0,0.000,64,561382,5799.835,0,0,0.000,0,0,0.000,13.624
decode,real,2812,8026400805991761524,0,0,0,0,0.000,64,561446,5799.835,0,0,0.000,0,0,0.000,13.535
decode,real,2813,8026400805991761524,0,0,0,0,0.000,64,561510,5799.835,0,0,0.000,0,0,0.000,13.541
decode,real,2814,8026400805991761524,0,0,0,0,0.000,64,561574,5799.835,0,0,0.000,0,0,0.000,13.569
decode,real,2815,8026400805991761524,0,0,0,0,0.000,64,561638,5799.835,0,0,0.000,0,0,0.000,13.552
decode,real,2816,8026400805991761524,0,0,0,0,0.000,64,561702,5799.835,0,0,0.000,0,0,0.000,13.555
decode,real,2817,8026400805991761524,0,0,0,0,0.000,64,561766,5799.835,0,0,0.000,0,0,0.000,13.549
decode,real,2818,8026400805991761524,0,0,0,0,0.000,64,561830,5799.835,0,0,0.000,0,0,0.000,13.560
decode,real,2819,8026400805991761524,0,0,0,0,0.000,64,561894,5799.835,0,0,0.000,0,0,0.000,13.566
decode,real,2820,8026400805991761524,0,0,0,0,0.000,64,561958,5799.835,0,0,0.000,0,0,0.000,13.555
decode,real,2821,8026400805991761524,0,0,0,0,0.000,64,562022,5799.835,0,0,0.000,0,0,0.000,13.550
decode,real,2822,8026400805991761524,0,0,0,0,0.000,64,562086,5799.835,0,0,0.000,0,0,0.000,13.569
decode,real,2823,8026400805991761524,0,0,0,0,0.000,64,562150,5799.835,0,0,0.000,0,0,0.000,13.547
decode,real,2824,8026400805991761524,0,0,0,0,0.000,64,562214,5799.835,0,0,0.000,0,0,0.000,13.577
decode,real,2825,8026400805991761524,0,0,0,0,0.000,64,562278,5799.835,0,0,0.000,0,0,0.000,13.561
decode,real,2826,8026400805991761524,0,0,0,0,0.000,64,562342,5799.835,0,0,0.000,0,0,0.000,13.587
decode,real,2827,8026400805991761524,0,0,0,0,0.000,64,562406,5799.835,0,0,0.000,0,0,0.000,13.548
decode,real,2828,8026400805991761524,0,0,0,0,0.000,64,562470,5799.835,0,0,0.000,0,0,0.000,13.573
decode,real,2829,8026400805991761524,0,0,0,0,0.000,64,562534,5799.835,0,0,0.000,0,0,0.000,13.549
decode,real,2830,8026400805991761524,0,0,0,0,0.000,64,562598,5799.835,0,0,0.000,0,0,0.000,13.581
decode,real,2831,8026400805991761524,0,0,0,0,0.000,64,562662,5799.835,0,0,0.000,0,0,0.000,13.663
decode,real,2832,8026400805991761524,0,0,0,0,0.000,64,562726,5799.835,0,0,0.000,0,0,0.000,13.487
decode,real,2833,8026400805991761524,0,0,0,0,0.000,64,562790,5799.835,0,0,0.000,0,0,0.000,13.564
decode,real,2834,8026400805991761524,0,0,0,0,0.000,64,562854,5799.835,0,0,0.000,0,0,0.000,13.573
decode,real,2835,8026400805991761524,0,0,0,0,0.000,64,562918,5799.835,0,0,0.000,0,0,0.000,13.558
decode,real,2836,8026400805991761524,0,0,0,0,0.000,64,562982,5799.835,0,0,0.000,0,0,0.000,13.568
decode,real,2837,8026400805991761524,0,0,0,0,0.000,64,563046,5799.835,0,0,0.000,0,0,0.000,13.559
decode,real,2838,8026400805991761524,0,0,0,0,0.000,64,563110,5799.835,0,0,0.000,0,0,0.000,13.615
decode,real,2839,8026400805991761524,0,0,0,0,0.000,64,563174,5799.835,0,0,0.000,0,0,0.000,13.549
decode,real,2840,8026400805991761524,0,0,0,0,0.000,64,563238,5799.835,0,0,0.000,0,0,0.000,13.595
decode,real,2841,8026400805991761524,0,0,0,0,0.000,64,563302,5799.835,0,0,0.000,0,0,0.000,13.574
decode,real,2842,8026400805991761524,0,0,0,0,0.000,64,563366,5799.835,0,0,0.000,0,0,0.000,13.573
decode,real,2843,8026400805991761524,0,0,0,0,0.000,64,563430,5799.835,0,0,0.000,0,0,0.000,13.548
decode,real,2844,8026400805991761524,0,0,0,0,0.000,64,563494,5799.835,0,0,0.000,0,0,0.000,13.570
decode,real,2845,8026400805991761524,0,0,0,0,0.000,64,563558,5799.835,0,0,0.000,0,0,0.000,13.575
decode,real,2846,8026400805991761524,0,0,0,0,0.000,64,563622,5799.835,0,0,0.000,0,0,0.000,13.579
decode,real,2847,8026400805991761524,0,0,0,0,0.000,64,563686,5799.835,0,0,0.000,0,0,0.000,13.597
decode,real,2848,8026400805991761524,0,0,0,0,0.000,64,563750,5799.835,0,0,0.000,0,0,0.000,13.539
decode,real,2849,8026400805991761524,0,0,0,0,0.000,64,563814,5799.835,0,0,0.000,0,0,0.000,13.571
decode,real,2850,8026400805991761524,0,0,0,0,0.000,64,563878,5799.835,0,0,0.000,0,0,0.000,13.588
decode,real,2851,8026400805991761524,0,0,0,0,0.000,64,563942,5799.835,0,0,0.000,0,0,0.000,13.590
decode,real,2852,8026400805991761524,0,0,0,0,0.000,64,564006,5799.835,0,0,0.000,0,0,0.000,13.587
decode,real,2853,8026400805991761524,0,0,0,0,0.000,64,564070,5799.835,0,0,0.000,0,0,0.000,13.590
decode,real,2854,8026400805991761524,0,0,0,0,0.000,64,564134,5799.835,0,0,0.000,0,0,0.000,13.837
decode,real,2855,8026400805991761524,0,0,0,0,0.000,64,564198,5799.835,0,0,0.000,0,0,0.000,13.363
decode,real,2856,8026400805991761524,0,0,0,0,0.000,64,564262,5799.835,0,0,0.000,0,0,0.000,13.556
decode,real,2857,8026400805991761524,0,0,0,0,0.000,64,564326,5799.835,0,0,0.000,0,0,0.000,13.606
decode,real,2858,8026400805991761524,0,0,0,0,0.000,64,564390,5799.835,0,0,0.000,0,0,0.000,13.565
decode,real,2859,8026400805991761524,0,0,0,0,0.000,64,564454,5799.835,0,0,0.000,0,0,0.000,13.563
decode,real,2860,8026400805991761524,0,0,0,0,0.000,64,564518,5799.835,0,0,0.000,0,0,0.000,13.612
decode,real,2861,8026400805991761524,0,0,0,0,0.000,64,564582,5799.835,0,0,0.000,0,0,0.000,13.566
decode,real,2862,8026400805991761524,0,0,0,0,0.000,64,564646,5799.835,0,0,0.000,0,0,0.000,13.609
decode,real,2863,8026400805991761524,0,0,0,0,0.000,64,564710,5799.835,0,0,0.000,0,0,0.000,13.554
decode,real,2864,8026400805991761524,0,0,0,0,0.000,64,564774,5799.835,0,0,0.000,0,0,0.000,13.609
decode,real,2865,8026400805991761524,0,0,0,0,0.000,64,564838,5799.835,0,0,0.000,0,0,0.000,13.576
decode,real,2866,8026400805991761524,0,0,0,0,0.000,64,564902,5799.835,0,0,0.000,0,0,0.000,13.599
decode,real,2867,8026400805991761524,0,0,0,0,0.000,64,564966,5799.835,0,0,0.000,0,0,0.000,13.607
decode,real,2868,8026400805991761524,0,0,0,0,0.000,64,565030,5799.835,0,0,0.000,0,0,0.000,13.574
decode,real,2869,8026400805991761524,0,0,0,0,0.000,64,565094,5799.835,0,0,0.000,0,0,0.000,13.588
decode,real,2870,8026400805991761524,0,0,0,0,0.000,64,565158,5799.835,0,0,0.000,0,0,0.000,13.612
decode,real,2871,8026400805991761524,0,0,0,0,0.000,64,565222,5799.835,0,0,0.000,0,0,0.000,13.602
decode,real,2872,8026400805991761524,0,0,0,0,0.000,64,565286,5799.835,0,0,0.000,0,0,0.000,13.572
decode,real,2873,8026400805991761524,0,0,0,0,0.000,64,565350,5799.835,0,0,0.000,0,0,0.000,13.565
decode,real,2874,8026400805991761524,0,0,0,0,0.000,64,565414,5799.835,0,0,0.000,0,0,0.000,13.580
decode,real,2875,8026400805991761524,0,0,0,0,0.000,64,565478,5799.835,0,0,0.000,0,0,0.000,13.613
decode,real,2876,8026400805991761524,0,0,0,0,0.000,64,565542,5799.835,0,0,0.000,0,0,0.000,13.593
decode,real,2877,8026400805991761524,0,0,0,0,0.000,64,565606,5799.835,0,0,0.000,0,0,0.000,13.600
decode,real,2878,8026400805991761524,0,0,0,0,0.000,64,565670,5799.835,0,0,0.000,0,0,0.000,13.599
decode,real,2879,8026400805991761524,0,0,0,0,0.000,64,565734,5799.835,0,0,0.000,0,0,0.000,13.607
decode,real,2880,8026400805991761524,0,0,0,0,0.000,64,565798,5799.835,0,0,0.000,0,0,0.000,13.593
decode,real,2881,8026400805991761524,0,0,0,0,0.000,64,565862,5799.835,0,0,0.000,0,0,0.000,13.602
decode,real,2882,8026400805991761524,0,0,0,0,0.000,64,565926,5799.835,0,0,0.000,0,0,0.000,13.589
decode,real,2883,8026400805991761524,0,0,0,0,0.000,64,565990,5799.835,0,0,0.000,0,0,0.000,13.629
decode,real,2884,8026400805991761524,0,0,0,0,0.000,64,566054,5799.835,0,0,0.000,0,0,0.000,13.584
decode,real,2885,8026400805991761524,0,0,0,0,0.000,64,566118,5799.835,0,0,0.000,0,0,0.000,13.603
decode,real,2886,8026400805991761524,0,0,0,0,0.000,64,566182,5799.835,0,0,0.000,0,0,0.000,13.605
decode,real,2887,8026400805991761524,0,0,0,0,0.000,64,566246,5799.835,0,0,0.000,0,0,0.000,13.576
decode,real,2888,8026400805991761524,0,0,0,0,0.000,64,566310,5799.835,0,0,0.000,0,0,0.000,13.625
decode,real,2889,8026400805991761524,0,0,0,0,0.000,64,566374,5799.835,0,0,0.000,0,0,0.000,13.583
decode,real,2890,8026400805991761524,0,0,0,0,0.000,64,566438,5799.835,0,0,0.000,0,0,0.000,14.276
decode,real,2891,8026400805991761524,0,0,0,0,0.000,64,566502,5799.835,0,0,0.000,0,0,0.000,12.952
decode,real,2892,8026400805991761524,0,0,0,0,0.000,64,566566,5799.835,0,0,0.000,0,0,0.000,13.594
decode,real,2893,8026400805991761524,0,0,0,0,0.000,64,566630,5799.835,0,0,0.000,0,0,0.000,13.587
decode,real,2894,8026400805991761524,0,0,0,0,0.000,64,566694,5799.835,0,0,0.000,0,0,0.000,13.620
decode,real,2895,8026400805991761524,0,0,0,0,0.000,64,566758,5799.835,0,0,0.000,0,0,0.000,13.619
decode,real,2896,8026400805991761524,0,0,0,0,0.000,64,566822,5799.835,0,0,0.000,0,0,0.000,13.609
decode,real,2897,8026400805991761524,0,0,0,0,0.000,64,566886,5799.835,0,0,0.000,0,0,0.000,13.609
decode,real,2898,8026400805991761524,0,0,0,0,0.000,64,566950,5799.835,0,0,0.000,0,0,0.000,13.607
decode,real,2899,8026400805991761524,0,0,0,0,0.000,64,567014,5799.835,0,0,0.000,0,0,0.000,13.601
decode,real,2900,8026400805991761524,0,0,0,0,0.000,64,567078,5799.835,0,0,0.000,0,0,0.000,13.604
decode,real,2901,8026400805991761524,0,0,0,0,0.000,64,567142,5799.835,0,0,0.000,0,0,0.000,13.575
decode,real,2902,8026400805991761524,0,0,0,0,0.000,64,567206,5799.835,0,0,0.000,0,0,0.000,13.656
decode,real,2903,8026400805991761524,0,0,0,0,0.000,64,567270,5799.835,0,0,0.000,0,0,0.000,13.573
decode,real,2904,8026400805991761524,0,0,0,0,0.000,64,567334,5799.835,0,0,0.000,0,0,0.000,13.642
decode,real,2905,8026400805991761524,0,0,0,0,0.000,64,567398,5799.835,0,0,0.000,0,0,0.000,13.606
decode,real,2906,8026400805991761524,0,0,0,0,0.000,64,567462,5799.835,0,0,0.000,0,0,0.000,13.584
decode,real,2907,8026400805991761524,0,0,0,0,0.000,64,567526,5799.835,0,0,0.000,0,0,0.000,13.625
decode,real,2908,8026400805991761524,0,0,0,0,0.000,64,567590,5799.835,0,0,0.000,0,0,0.000,13.605
decode,real,2909,8026400805991761524,0,0,0,0,0.000,64,567654,5799.835,0,0,0.000,0,0,0.000,13.616
decode,real,2910,8026400805991761524,0,0,0,0,0.000,64,567718,5799.835,0,0,0.000,0,0,0.000,13.637
decode,real,2911,8026400805991761524,0,0,0,0,0.000,64,567782,5799.835,0,0,0.000,0,0,0.000,13.584
decode,real,2912,8026400805991761524,0,0,0,0,0.000,64,567846,5799.835,0,0,0.000,0,0,0.000,13.625
decode,real,2913,8026400805991761524,0,0,0,0,0.000,64,567910,5799.835,0,0,0.000,0,0,0.000,13.592
decode,real,2914,8026400805991761524,0,0,0,0,0.000,64,567974,5799.835,0,0,0.000,0,0,0.000,13.653
decode,real,2915,8026400805991761524,0,0,0,0,0.000,64,568038,5799.835,0,0,0.000,0,0,0.000,13.597
decode,real,2916,8026400805991761524,0,0,0,0,0.000,64,568102,5799.835,0,0,0.000,0,0,0.000,13.594
decode,real,2917,8026400805991761524,0,0,0,0,0.000,64,568166,5799.835,0,0,0.000,0,0,0.000,13.601
decode,real,2918,8026400805991761524,0,0,0,0,0.000,64,568230,5799.835,0,0,0.000,0,0,0.000,13.649
decode,real,2919,8026400805991761524,0,0,0,0,0.000,64,568294,5799.835,0,0,0.000,0,0,0.000,13.621
decode,real,2920,8026400805991761524,0,0,0,0,0.000,64,568358,5799.835,0,0,0.000,0,0,0.000,13.636
decode,real,2921,8026400805991761524,0,0,0,0,0.000,64,568422,5799.835,0,0,0.000,0,0,0.000,13.637
decode,real,2922,8026400805991761524,0,0,0,0,0.000,64,568486,5799.835,0,0,0.000,0,0,0.000,13.624
decode,real,2923,8026400805991761524,0,0,0,0,0.000,64,568550,5799.835,0,0,0.000,0,0,0.000,13.626
decode,real,2924,8026400805991761524,0,0,0,0,0.000,64,568614,5799.835,0,0,0.000,0,0,0.000,13.625
decode,real,2925,8026400805991761524,0,0,0,0,0.000,64,568678,5799.835,0,0,0.000,0,0,0.000,13.618
decode,real,2926,8026400805991761524,0,0,0,0,0.000,64,568742,5799.835,0,0,0.000,0,0,0.000,13.652
decode,real,2927,8026400805991761524,0,0,0,0,0.000,64,568806,5799.835,0,0,0.000,0,0,0.000,13.634
decode,real,2928,8026400805991761524,0,0,0,0,0.000,64,568870,5799.835,0,0,0.000,0,0,0.000,13.684
decode,real,2929,8026400805991761524,0,0,0,0,0.000,64,568934,5799.835,0,0,0.000,0,0,0.000,13.631
decode,real,2930,8026400805991761524,0,0,0,0,0.000,64,568998,5799.835,0,0,0.000,0,0,0.000,13.615
decode,real,2931,8026400805991761524,0,0,0,0,0.000,64,569062,5799.835,0,0,0.000,0,0,0.000,13.631
decode,real,2932,8026400805991761524,0,0,0,0,0.000,64,569126,5799.835,0,0,0.000,0,0,0.000,13.646
decode,real,2933,8026400805991761524,0,0,0,0,0.000,64,569190,5799.835,0,0,0.000,0,0,0.000,13.626
decode,real,2934,8026400805991761524,0,0,0,0,0.000,64,569254,5799.835,0,0,0.000,0,0,0.000,13.630
decode,real,2935,8026400805991761524,0,0,0,0,0.000,64,569318,5799.835,0,0,0.000,0,0,0.000,13.625
decode,real,2936,8026400805991761524,0,0,0,0,0.000,64,569382,5799.835,0,0,0.000,0,0,0.000,13.644
decode,real,2937,8026400805991761524,0,0,0,0,0.000,64,569446,5799.835,0,0,0.000,0,0,0.000,13.661
decode,real,2938,8026400805991761524,0,0,0,0,0.000,64,569510,5799.835,0,0,0.000,0,0,0.000,13.629
decode,real,2939,8026400805991761524,0,0,0,0,0.000,64,569574,5799.835,0,0,0.000,0,0,0.000,13.683
decode,real,2940,8026400805991761524,0,0,0,0,0.000,64,569638,5799.835,0,0,0.000,0,0,0.000,13.617
decode,real,2941,8026400805991761524,0,0,0,0,0.000,64,569702,5799.835,0,0,0.000,0,0,0.000,13.651
decode,real,2942,8026400805991761524,0,0,0,0,0.000,64,569766,5799.835,0,0,0.000,0,0,0.000,13.646
decode,real,2943,8026400805991761524,0,0,0,0,0.000,64,569830,5799.835,0,0,0.000,0,0,0.000,13.668
decode,real,2944,8026400805991761524,0,0,0,0,0.000,64,569894,5799.835,0,0,0.000,0,0,0.000,13.641
decode,real,2945,8026400805991761524,0,0,0,0,0.000,64,569958,5799.835,0,0,0.000,0,0,0.000,13.654
decode,real,2946,8026400805991761524,0,0,0,0,0.000,64,570022,5799.835,0,0,0.000,0,0,0.000,13.627
decode,real,2947,8026400805991761524,0,0,0,0,0.000,64,570086,5799.835,0,0,0.000,0,0,0.000,13.669
decode,real,2948,8026400805991761524,0,0,0,0,0.000,64,570150,5799.835,0,0,0.000,0,0,0.000,13.632
decode,real,2949,8026400805991761524,0,0,0,0,0.000,64,570214,5799.835,0,0,0.000,0,0,0.000,13.617
decode,real,2950,8026400805991761524,0,0,0,0,0.000,64,570278,5799.835,0,0,0.000,0,0,0.000,13.678
decode,real,2951,8026400805991761524,0,0,0,0,0.000,64,570342,5799.835,0,0,0.000,0,0,0.000,13.686
decode,real,2952,8026400805991761524,0,0,0,0,0.000,64,570406,5799.835,0,0,0.000,0,0,0.000,13.635
decode,real,2953,8026400805991761524,0,0,0,0,0.000,64,570470,5799.835,0,0,0.000,0,0,0.000,13.628
decode,real,2954,8026400805991761524,0,0,0,0,0.000,64,570534,5799.835,0,0,0.000,0,0,0.000,13.670
decode,real,2955,8026400805991761524,0,0,0,0,0.000,64,570598,5799.835,0,0,0.000,0,0,0.000,13.651
decode,real,2956,8026400805991761524,0,0,0,0,0.000,64,570662,5799.835,0,0,0.000,0,0,0.000,13.668
decode,real,2957,8026400805991761524,0,0,0,0,0.000,64,570726,5799.835,0,0,0.000,0,0,0.000,13.653
decode,real,2958,8026400805991761524,0,0,0,0,0.000,64,570790,5799.835,0,0,0.000,0,0,0.000,13.660
decode,real,2959,8026400805991761524,0,0,0,0,0.000,64,570854,5799.835,0,0,0.000,0,0,0.000,13.669
decode,real,2960,8026400805991761524,0,0,0,0,0.000,64,570918,5799.835,0,0,0.000,0,0,0.000,13.619
decode,real,2961,8026400805991761524,0,0,0,0,0.000,64,570982,5799.835,0,0,0.000,0,0,0.000,13.685
decode,real,2962,8026400805991761524,0,0,0,0,0.000,64,571046,5799.835,0,0,0.000,0,0,0.000,13.654
decode,real,2963,8026400805991761524,0,0,0,0,0.000,64,571110,5799.835,0,0,0.000,0,0,0.000,13.634
decode,real,2964,8026400805991761524,0,0,0,0,0.000,64,571174,5799.835,0,0,0.000,0,0,0.000,13.667
decode,real,2965,8026400805991761524,0,0,0,0,0.000,64,571238,5799.835,0,0,0.000,0,0,0.000,13.635
decode,real,2966,8026400805991761524,0,0,0,0,0.000,64,571302,5799.835,0,0,0.000,0,0,0.000,13.667
decode,real,2967,8026400805991761524,0,0,0,0,0.000,64,571366,5799.835,0,0,0.000,0,0,0.000,13.663
decode,real,2968,8026400805991761524,0,0,0,0,0.000,64,571430,5799.835,0,0,0.000,0,0,0.000,13.646
decode,real,2969,8026400805991761524,0,0,0,0,0.000,64,571494,5799.835,0,0,0.000,0,0,0.000,13.663
decode,real,2970,8026400805991761524,0,0,0,0,0.000,64,571558,5799.835,0,0,0.000,0,0,0.000,13.668
decode,real,2971,8026400805991761524,0,0,0,0,0.000,64,571622,5799.835,0,0,0.000,0,0,0.000,13.681
decode,real,2972,8026400805991761524,0,0,0,0,0.000,64,571686,5799.835,0,0,0.000,0,0,0.000,13.653
decode,real,2973,8026400805991761524,0,0,0,0,0.000,64,571750,5799.835,0,0,0.000,0,0,0.000,13.661
decode,real,2974,8026400805991761524,0,0,0,0,0.000,64,571814,5799.835,0,0,0.000,0,0,0.000,13.654
decode,real,2975,8026400805991761524,0,0,0,0,0.000,64,571878,5799.835,0,0,0.000,0,0,0.000,13.649
decode,real,2976,8026400805991761524,0,0,0,0,0.000,64,571942,5799.835,0,0,0.000,0,0,0.000,13.667
decode,real,2977,8026400805991761524,0,0,0,0,0.000,64,572006,5799.835,0,0,0.000,0,0,0.000,13.678
decode,real,2978,8026400805991761524,0,0,0,0,0.000,64,572070,5799.835,0,0,0.000,0,0,0.000,13.656
decode,real,2979,8026400805991761524,0,0,0,0,0.000,64,572134,5799.835,0,0,0.000,0,0,0.000,13.669
decode,real,2980,8026400805991761524,0,0,0,0,0.000,64,572198,5799.835,0,0,0.000,0,0,0.000,13.652
decode,real,2981,8026400805991761524,0,0,0,0,0.000,64,572262,5799.835,0,0,0.000,0,0,0.000,13.659
decode,real,2982,8026400805991761524,0,0,0,0,0.000,64,572326,5799.835,0,0,0.000,0,0,0.000,13.664
decode,real,2983,8026400805991761524,0,0,0,0,0.000,64,572390,5799.835,0,0,0.000,0,0,0.000,13.687
decode,real,2984,8026400805991761524,0,0,0,0,0.000,64,572454,5799.835,0,0,0.000,0,0,0.000,13.677
decode,real,2985,8026400805991761524,0,0,0,0,0.000,64,572518,5799.835,0,0,0.000,0,0,0.000,13.671
decode,real,2986,8026400805991761524,0,0,0,0,0.000,64,572582,5799.835,0,0,0.000,0,0,0.000,13.669
decode,real,2987,8026400805991761524,0,0,0,0,0.000,64,572646,5799.835,0,0,0.000,0,0,0.000,13.645
decode,real,2988,8026400805991761524,0,0,0,0,0.000,64,572710,5799.835,0,0,0.000,0,0,0.000,13.666
decode,real,2989,8026400805991761524,0,0,0,0,0.000,64,572774,5799.835,0,0,0.000,0,0,0.000,13.721
decode,real,2990,8026400805991761524,0,0,0,0,0.000,64,572838,5799.835,0,0,0.000,0,0,0.000,13.639
decode,real,2991,8026400805991761524,0,0,0,0,0.000,64,572902,5799.835,0,0,0.000,0,0,0.000,13.771
decode,real,2992,8026400805991761524,0,0,0,0,0.000,64,572966,5799.835,0,0,0.000,0,0,0.000,13.551
decode,real,2993,8026400805991761524,0,0,0,0,0.000,64,573030,5799.835,0,0,0.000,0,0,0.000,13.664
decode,real,2994,8026400805991761524,0,0,0,0,0.000,64,573094,5799.835,0,0,0.000,0,0,0.000,13.668
decode,real,2995,8026400805991761524,0,0,0,0,0.000,64,573158,5799.835,0,0,0.000,0,0,0.000,13.670
decode,real,2996,8026400805991761524,0,0,0,0,0.000,64,573222,5799.835,0,0,0.000,0,0,0.000,13.676
decode,real,2997,8026400805991761524,0,0,0,0,0.000,64,573286,5799.835,0,0,0.000,0,0,0.000,13.664
decode,real,2998,8026400805991761524,0,0,0,0,0.000,64,573350,5799.835,0,0,0.000,0,0,0.000,13.683
decode,real,2999,8026400805991761524,0,0,0,0,0.000,64,573414,5799.835,0,0,0.000,0,0,0.000,13.699
decode,real,3000,8026400805991761524,0,0,0,0,0.000,64,573478,5799.835,0,0,0.000,0,0,0.000,13.635
decode,real,3001,8026400805991761524,0,0,0,0,0.000,64,573542,5799.835,0,0,0.000,0,0,0.000,13.726
decode,real,3002,8026400805991761524,0,0,0,0,0.000,64,573606,5799.835,0,0,0.000,0,0,0.000,13.655
decode,real,3003,8026400805991761524,0,0,0,0,0.000,64,573670,5799.835,0,0,0.000,0,0,0.000,13.658
decode,real,3004,8026400805991761524,0,0,0,0,0.000,64,573734,5799.835,0,0,0.000,0,0,0.000,13.698
decode,real,3005,8026400805991761524,0,0,0,0,0.000,64,573798,5799.835,0,0,0.000,0,0,0.000,13.659
decode,real,3006,8026400805991761524,0,0,0,0,0.000,64,573862,5799.835,0,0,0.000,0,0,0.000,13.706
decode,real,3007,8026400805991761524,0,0,0,0,0.000,64,573926,5799.835,0,0,0.000,0,0,0.000,13.650
decode,real,3008,8026400805991761524,0,0,0,0,0.000,64,573990,5799.835,0,0,0.000,0,0,0.000,13.676
decode,real,3009,8026400805991761524,0,0,0,0,0.000,64,574054,5799.835,0,0,0.000,0,0,0.000,13.665
decode,real,3010,8026400805991761524,0,0,0,0,0.000,64,574118,5799.835,0,0,0.000,0,0,0.000,13.706
decode,real,3011,8026400805991761524,0,0,0,0,0.000,64,574182,5799.835,0,0,0.000,0,0,0.000,13.675
decode,real,3012,8026400805991761524,0,0,0,0,0.000,64,574246,5799.835,0,0,0.000,0,0,0.000,13.676
decode,real,3013,8026400805991761524,0,0,0,0,0.000,64,574310,5799.835,0,0,0.000,0,0,0.000,13.697
decode,real,3014,8026400805991761524,0,0,0,0,0.000,64,574374,5799.835,0,0,0.000,0,0,0.000,13.661
decode,real,3015,8026400805991761524,0,0,0,0,0.000,64,574438,5799.835,0,0,0.000,0,0,0.000,13.695
decode,real,3016,8026400805991761524,0,0,0,0,0.000,64,574502,5799.835,0,0,0.000,0,0,0.000,13.673
decode,real,3017,8026400805991761524,0,0,0,0,0.000,64,574566,5799.835,0,0,0.000,0,0,0.000,13.691
decode,real,3018,8026400805991761524,0,0,0,0,0.000,64,574630,5799.835,0,0,0.000,0,0,0.000,13.651
decode,real,3019,8026400805991761524,0,0,0,0,0.000,64,574694,5799.835,0,0,0.000,0,0,0.000,13.688
decode,real,3020,8026400805991761524,0,0,0,0,0.000,64,574758,5799.835,0,0,0.000,0,0,0.000,13.745
decode,real,3021,8026400805991761524,0,0,0,0,0.000,64,574822,5799.835,0,0,0.000,0,0,0.000,13.692
decode,real,3022,8026400805991761524,0,0,0,0,0.000,64,574886,5799.835,0,0,0.000,0,0,0.000,13.669
decode,real,3023,8026400805991761524,0,0,0,0,0.000,64,574950,5799.835,0,0,0.000,0,0,0.000,13.697
decode,real,3024,8026400805991761524,0,0,0,0,0.000,64,575014,5799.835,0,0,0.000,0,0,0.000,13.711
decode,real,3025,8026400805991761524,0,0,0,0,0.000,64,575078,5799.835,0,0,0.000,0,0,0.000,13.696
decode,real,3026,8026400805991761524,0,0,0,0,0.000,64,575142,5799.835,0,0,0.000,0,0,0.000,13.681
decode,real,3027,8026400805991761524,0,0,0,0,0.000,64,575206,5799.835,0,0,0.000,0,0,0.000,13.732
decode,real,3028,8026400805991761524,0,0,0,0,0.000,64,575270,5799.835,0,0,0.000,0,0,0.000,13.659
decode,real,3029,8026400805991761524,0,0,0,0,0.000,64,575334,5799.835,0,0,0.000,0,0,0.000,13.728
decode,real,3030,8026400805991761524,0,0,0,0,0.000,64,575398,5799.835,0,0,0.000,0,0,0.000,13.709
decode,real,3031,8026400805991761524,0,0,0,0,0.000,64,575462,5799.835,0,0,0.000,0,0,0.000,13.679
decode,real,3032,8026400805991761524,0,0,0,0,0.000,64,575526,5799.835,0,0,0.000,0,0,0.000,13.697
decode,real,3033,8026400805991761524,0,0,0,0,0.000,64,575590,5799.835,0,0,0.000,0,0,0.000,13.705
decode,real,3034,8026400805991761524,0,0,0,0,0.000,64,575654,5799.835,0,0,0.000,0,0,0.000,13.694
decode,real,3035,8026400805991761524,0,0,0,0,0.000,64,575718,5799.835,0,0,0.000,0,0,0.000,13.725
decode,real,3036,8026400805991761524,0,0,0,0,0.000,64,575782,5799.835,0,0,0.000,0,0,0.000,13.700
decode,real,3037,8026400805991761524,0,0,0,0,0.000,64,575846,5799.835,0,0,0.000,0,0,0.000,13.639
decode,real,3038,8026400805991761524,0,0,0,0,0.000,64,575910,5799.835,0,0,0.000,0,0,0.000,13.694
decode,real,3039,8026400805991761524,0,0,0,0,0.000,64,575974,5799.835,0,0,0.000,0,0,0.000,13.728
decode,real,3040,8026400805991761524,0,0,0,0,0.000,64,576038,5799.835,0,0,0.000,0,0,0.000,13.759
decode,real,3041,8026400805991761524,0,0,0,0,0.000,64,576102,5799.835,0,0,0.000,0,0,0.000,13.649
decode,real,3042,8026400805991761524,0,0,0,0,0.000,64,576166,5799.835,0,0,0.000,0,0,0.000,13.719
decode,real,3043,8026400805991761524,0,0,0,0,0.000,64,576230,5799.835,0,0,0.000,0,0,0.000,13.716
decode,real,3044,8026400805991761524,0,0,0,0,0.000,64,576294,5799.835,0,0,0.000,0,0,0.000,13.689
decode,real,3045,8026400805991761524,0,0,0,0,0.000,64,576358,5799.835,0,0,0.000,0,0,0.000,13.731
decode,real,3046,8026400805991761524,0,0,0,0,0.000,64,576422,5799.835,0,0,0.000,0,0,0.000,13.689
decode,real,3047,8026400805991761524,0,0,0,0,0.000,64,576486,5799.835,0,0,0.000,0,0,0.000,13.713
decode,real,3048,8026400805991761524,0,0,0,0,0.000,64,576550,5799.835,0,0,0.000,0,0,0.000,13.713
decode,real,3049,8026400805991761524,0,0,0,0,0.000,64,576614,5799.835,0,0,0.000,0,0,0.000,13.704
decode,real,3050,8026400805991761524,0,0,0,0,0.000,64,576678,5799.835,0,0,0.000,0,0,0.000,13.728
decode,real,3051,8026400805991761524,0,0,0,0,0.000,64,576742,5799.835,0,0,0.000,0,0,0.000,13.694
decode,real,3052,8026400805991761524,0,0,0,0,0.000,64,576806,5799.835,0,0,0.000,0,0,0.000,13.692
decode,real,3053,8026400805991761524,0,0,0,0,0.000,64,576870,5799.835,0,0,0.000,0,0,0.000,13.722
decode,real,3054,8026400805991761524,0,0,0,0,0.000,64,576934,5799.835,0,0,0.000,0,0,0.000,13.748
decode,real,3055,8026400805991761524,0,0,0,0,0.000,64,576998,5799.835,0,0,0.000,0,0,0.000,13.685
decode,real,3056,8026400805991761524,0,0,0,0,0.000,64,577062,5799.835,0,0,0.000,0,0,0.000,13.722
decode,real,3057,8026400805991761524,0,0,0,0,0.000,64,577126,5799.835,0,0,0.000,0,0,0.000,13.748
decode,real,3058,8026400805991761524,0,0,0,0,0.000,64,577190,5799.835,0,0,0.000,0,0,0.000,13.706
decode,real,3059,8026400805991761524,0,0,0,0,0.000,64,577254,5799.835,0,0,0.000,0,0,0.000,13.715
decode,real,3060,8026400805991761524,0,0,0,0,0.000,64,577318,5799.835,0,0,0.000,0,0,0.000,13.722
decode,real,3061,8026400805991761524,0,0,0,0,0.000,64,577382,5799.835,0,0,0.000,0,0,0.000,13.747
decode,real,3062,8026400805991761524,0,0,0,0,0.000,64,577446,5799.835,0,0,0.000,0,0,0.000,13.713
decode,real,3063,8026400805991761524,0,0,0,0,0.000,64,577510,5799.835,0,0,0.000,0,0,0.000,13.718
decode,real,3064,8026400805991761524,0,0,0,0,0.000,64,577574,5799.835,0,0,0.000,0,0,0.000,13.733
decode,real,3065,8026400805991761524,0,0,0,0,0.000,64,577638,5799.835,0,0,0.000,0,0,0.000,13.707
decode,real,3066,8026400805991761524,0,0,0,0,0.000,64,577702,5799.835,0,0,0.000,0,0,0.000,13.751
decode,real,3067,8026400805991761524,0,0,0,0,0.000,64,577766,5799.835,0,0,0.000,0,0,0.000,13.700
decode,real,3068,8026400805991761524,0,0,0,0,0.000,64,577830,5799.835,0,0,0.000,0,0,0.000,13.719
decode,real,3069,8026400805991761524,0,0,0,0,0.000,64,577894,5799.835,0,0,0.000,0,0,0.000,13.726
decode,real,3070,8026400805991761524,0,0,0,0,0.000,64,577958,5799.835,0,0,0.000,0,0,0.000,13.732
decode,real,3071,8026400805991761524,0,0,0,0,0.000,64,578022,5799.835,0,0,0.000,0,0,0.000,13.705
decode,real,3072,8026400805991761524,0,0,0,0,0.000,64,578086,5799.835,0,0,0.000,0,0,0.000,13.762
decode,real,3073,8026400805991761524,0,0,0,0,0.000,64,578150,5799.835,0,0,0.000,0,0,0.000,13.721
decode,real,3074,8026400805991761524,0,0,0,0,0.000,64,578214,5799.835,0,0,0.000,0,0,0.000,13.714
decode,real,3075,8026400805991761524,0,0,0,0,0.000,64,578278,5799.835,0,0,0.000,0,0,0.000,13.749
decode,real,3076,8026400805991761524,0,0,0,0,0.000,64,578342,5799.835,0,0,0.000,0,0,0.000,13.758
decode,real,3077,8026400805991761524,0,0,0,0,0.000,64,578406,5799.835,0,0,0.000,0,0,0.000,13.717
decode,real,3078,8026400805991761524,0,0,0,0,0.000,64,578470,5799.835,0,0,0.000,0,0,0.000,13.753
decode,real,3079,8026400805991761524,0,0,0,0,0.000,64,578534,5799.835,0,0,0.000,0,0,0.000,13.702
decode,real,3080,8026400805991761524,0,0,0,0,0.000,64,578598,5799.835,0,0,0.000,0,0,0.000,13.741
decode,real,3081,8026400805991761524,0,0,0,0,0.000,64,578662,5799.835,0,0,0.000,0,0,0.000,13.725
decode,real,3082,8026400805991761524,0,0,0,0,0.000,64,578726,5799.835,0,0,0.000,0,0,0.000,13.730
decode,real,3083,8026400805991761524,0,0,0,0,0.000,64,578790,5799.835,0,0,0.000,0,0,0.000,13.733
decode,real,3084,8026400805991761524,0,0,0,0,0.000,64,578854,5799.835,0,0,0.000,0,0,0.000,13.732
decode,real,3085,8026400805991761524,0,0,0,0,0.000,64,578918,5799.835,0,0,0.000,0,0,0.000,13.723
decode,real,3086,8026400805991761524,0,0,0,0,0.000,64,578982,5799.835,0,0,0.000,0,0,0.000,13.745
decode,real,3087,8026400805991761524,0,0,0,0,0.000,64,579046,5799.835,0,0,0.000,0,0,0.000,13.759
decode,real,3088,8026400805991761524,0,0,0,0,0.000,64,579110,5799.835,0,0,0.000,0,0,0.000,13.745
decode,real,3089,8026400805991761524,0,0,0,0,0.000,64,579174,5799.835,0,0,0.000,0,0,0.000,13.719
decode,real,3090,8026400805991761524,0,0,0,0,0.000,64,579238,5799.835,0,0,0.000,0,0,0.000,13.750
decode,real,3091,8026400805991761524,0,0,0,0,0.000,64,579302,5799.835,0,0,0.000,0,0,0.000,13.747
decode,real,3092,8026400805991761524,0,0,0,0,0.000,64,579366,5799.835,0,0,0.000,0,0,0.000,13.722
decode,real,3093,8026400805991761524,0,0,0,0,0.000,64,579430,5799.835,0,0,0.000,0,0,0.000,13.731
decode,real,3094,8026400805991761524,0,0,0,0,0.000,64,579494,5799.835,0,0,0.000,0,0,0.000,13.746
decode,real,3095,8026400805991761524,0,0,0,0,0.000,64,579558,5799.835,0,0,0.000,0,0,0.000,13.749
decode,real,3096,8026400805991761524,0,0,0,0,0.000,64,579622,5799.835,0,0,0.000,0,0,0.000,13.712
decode,real,3097,8026400805991761524,0,0,0,0,0.000,64,579686,5799.835,0,0,0.000,0,0,0.000,13.772
decode,real,3098,8026400805991761524,0,0,0,0,0.000,64,579750,5799.835,0,0,0.000,0,0,0.000,13.714
decode,real,3099,8026400805991761524,0,0,0,0,0.000,64,579814,5799.835,0,0,0.000,0,0,0.000,13.749
decode,real,3100,8026400805991761524,0,0,0,0,0.000,64,579878,5799.835,0,0,0.000,0,0,0.000,13.772
decode,real,3101,8026400805991761524,0,0,0,0,0.000,64,579942,5799.835,0,0,0.000,0,0,0.000,13.722
decode,real,3102,8026400805991761524,0,0,0,0,0.000,64,580006,5799.835,0,0,0.000,0,0,0.000,13.737
decode,real,3103,8026400805991761524,0,0,0,0,0.000,64,580070,5799.835,0,0,0.000,0,0,0.000,13.738
decode,real,3104,8026400805991761524,0,0,0,0,0.000,64,580134,5799.835,0,0,0.000,0,0,0.000,13.775
decode,real,3105,8026400805991761524,0,0,0,0,0.000,64,580198,5799.835,0,0,0.000,0,0,0.000,13.731
decode,real,3106,8026400805991761524,0,0,0,0,0.000,64,580262,5799.835,0,0,0.000,0,0,0.000,13.748
decode,real,3107,8026400805991761524,0,0,0,0,0.000,64,580326,5799.835,0,0,0.000,0,0,0.000,13.756
decode,real,3108,8026400805991761524,0,0,0,0,0.000,64,580390,5799.835,0,0,0.000,0,0,0.000,13.733
decode,real,3109,8026400805991761524,0,0,0,0,0.000,64,580454,5799.835,0,0,0.000,0,0,0.000,13.763
decode,real,3110,8026400805991761524,0,0,0,0,0.000,64,580518,5799.835,0,0,0.000,0,0,0.000,13.755
decode,real,3111,8026400805991761524,0,0,0,0,0.000,64,580582,5799.835,0,0,0.000,0,0,0.000,13.729
decode,real,3112,8026400805991761524,0,0,0,0,0.000,64,580646,5799.835,0,0,0.000,0,0,0.000,13.739
decode,real,3113,8026400805991761524,0,0,0,0,0.000,64,580710,5799.835,0,0,0.000,0,0,0.000,13.743
decode,real,3114,8026400805991761524,0,0,0,0,0.000,64,580774,5799.835,0,0,0.000,0,0,0.000,13.749
decode,real,3115,8026400805991761524,0,0,0,0,0.000,64,580838,5799.835,0,0,0.000,0,0,0.000,13.725
decode,real,3116,8026400805991761524,0,0,0,0,0.000,64,580902,5799.835,0,0,0.000,0,0,0.000,13.785
decode,real,3117,8026400805991761524,0,0,0,0,0.000,64,580966,5799.835,0,0,0.000,0,0,0.000,13.800
decode,real,3118,8026400805991761524,0,0,0,0,0.000,64,581030,5799.835,0,0,0.000,0,0,0.000,13.771
decode,real,3119,8026400805991761524,0,0,0,0,0.000,64,581094,5799.835,0,0,0.000,0,0,0.000,13.688
decode,real,3120,8026400805991761524,0,0,0,0,0.000,64,581158,5799.835,0,0,0.000,0,0,0.000,13.776
decode,real,3121,8026400805991761524,0,0,0,0,0.000,64,581222,5799.835,0,0,0.000,0,0,0.000,13.732
decode,real,3122,8026400805991761524,0,0,0,0,0.000,64,581286,5799.835,0,0,0.000,0,0,0.000,13.759
decode,real,3123,8026400805991761524,0,0,0,0,0.000,64,581350,5799.835,0,0,0.000,0,0,0.000,15.311
decode,real,3124,8026400805991761524,0,0,0,0,0.000,63,572199,5617.678,0,0,0.000,0,0,0.000,12.101
decode,real,3125,8026400805991761524,0,0,0,0,0.000,63,572262,5617.678,0,0,0.000,0,0,0.000,13.673
decode,real,3126,8026400805991761524,0,0,0,0,0.000,63,572325,5617.678,0,0,0.000,0,0,0.000,13.740
decode,real,3127,8026400805991761524,0,0,0,0,0.000,63,572388,5617.678,0,0,0.000,0,0,0.000,13.666
decode,real,3128,8026400805991761524,0,0,0,0,0.000,63,572451,5617.678,0,0,0.000,0,0,0.000,14.465
decode,real,3129,8026400805991761524,0,0,0,0,0.000,62,563299,5441.959,0,0,0.000,0,0,0.000,12.915
decode,real,3130,8026400805991761524,0,0,0,0,0.000,62,563361,5441.959,0,0,0.000,0,0,0.000,13.636
decode,real,3131,8026400805991761524,0,0,0,0,0.000,62,563423,5441.959,0,0,0.000,0,0,0.000,13.595
decode,real,3132,8026400805991761524,0,0,0,0,0.000,62,563485,5441.959,0,0,0.000,0,0,0.000,14.310
decode,real,3133,8026400805991761524,0,0,0,0,0.000,61,554332,5268.603,0,0,0.000,0,0,0.000,12.906
decode,real,3134,8026400805991761524,0,0,0,0,0.000,61,554393,5268.603,0,0,0.000,0,0,0.000,13.520
decode,real,3135,8026400805991761524,0,0,0,0,0.000,61,554454,5268.603,0,0,0.000,0,0,0.000,13.504
decode,real,3136,8026400805991761524,0,0,0,0,0.000,61,554515,5268.603,0,0,0.000,0,0,0.000,14.115
decode,real,3137,8026400805991761524,0,0,0,0,0.000,60,545361,5097.594,0,0,0.000,0,0,0.000,12.879
decode,real,3138,8026400805991761524,0,0,0,0,0.000,60,545421,5097.594,0,0,0.000,0,0,0.000,13.431
decode,real,3139,8026400805991761524,0,0,0,0,0.000,60,545481,5097.594,0,0,0.000,0,0,0.000,13.455
decode,real,3140,8026400805991761524,0,0,0,0,0.000,60,545541,5097.594,0,0,0.000,0,0,0.000,14.204
decode,real,3141,8026400805991761524,0,0,0,0,0.000,59,536386,4928.917,0,0,0.000,0,0,0.000,12.695
decode,real,3142,8026400805991761524,0,0,0,0,0.000,59,536445,4928.917,0,0,0.000,0,0,0.000,13.358
decode,real,3143,8026400805991761524,0,0,0,0,0.000,59,536504,4928.917,0,0,0.000,0,0,0.000,13.399
decode,real,3144,8026400805991761524,0,0,0,0,0.000,59,536563,4928.917,0,0,0.000,0,0,0.000,13.808
decode,real,3145,8026400805991761524,0,0,0,0,0.000,58,527407,4762.553,0,0,0.000,0,0,0.000,13.181
decode,real,3146,8026400805991761524,0,0,0,0,0.000,58,527465,4762.553,0,0,0.000,0,0,0.000,13.592
decode,real,3147,8026400805991761524,0,0,0,0,0.000,58,527523,4762.553,0,0,0.000,0,0,0.000,13.532
decode,real,3148,8026400805991761524,0,0,0,0,0.000,58,527581,4762.553,0,0,0.000,0,0,0.000,13.923
decode,real,3149,8026400805991761524,0,0,0,0,0.000,57,518424,4598.484,0,0,0.000,0,0,0.000,13.192
decode,real,3150,8026400805991761524,0,0,0,0,0.000,57,518481,4598.484,0,0,0.000,0,0,0.000,13.472
decode,real,3151,8026400805991761524,0,0,0,0,0.000,57,518538,4598.484,0,0,0.000,0,0,0.000,13.485
decode,real,3152,8026400805991761524,0,0,0,0,0.000,57,518595,4598.484,0,0,0.000,0,0,0.000,13.873
decode,real,3153,8026400805991761524,0,0,0,0,0.000,56,509437,4436.688,0,0,0.000,0,0,0.000,13.139
decode,real,3154,8026400805991761524,0,0,0,0,0.000,56,509493,4436.688,0,0,0.000,0,0,0.000,13.440
decode,real,3155,8026400805991761524,0,0,0,0,0.000,56,509549,4436.688,0,0,0.000,0,0,0.000,13.469
decode,real,3156,8026400805991761524,0,0,0,0,0.000,56,509605,4436.688,0,0,0.000,0,0,0.000,13.415
decode,real,3157,8026400805991761524,0,0,0,0,0.000,56,509661,4436.688,0,0,0.000,0,0,0.000,13.897
decode,real,3158,8026400805991761524,0,0,0,0,0.000,55,500502,4281.344,0,0,0.000,0,0,0.000,13.084
decode,real,3159,8026400805991761524,0,0,0,0,0.000,55,500557,4281.344,0,0,0.000,0,0,0.000,13.445
decode,real,3160,8026400805991761524,0,0,0,0,0.000,55,500612,4281.344,0,0,0.000,0,0,0.000,13.392
decode,real,3161,8026400805991761524,0,0,0,0,0.000,55,500667,4281.344,0,0,0.000,0,0,0.000,13.864
decode,real,3162,8026400805991761524,0,0,0,0,0.000,54,491507,4128.389,0,0,0.000,0,0,0.000,13.031
decode,real,3163,8026400805991761524,0,0,0,0,0.000,54,491561,4128.389,0,0,0.000,0,0,0.000,13.406
decode,real,3164,8026400805991761524,0,0,0,0,0.000,54,491615,4128.389,0,0,0.000,0,0,0.000,13.436
decode,real,3165,8026400805991761524,0,0,0,0,0.000,54,491669,4128.389,0,0,0.000,0,0,0.000,13.824
decode,real,3166,8026400805991761524,0,0,0,0,0.000,53,482508,3977.806,0,0,0.000,0,0,0.000,13.053
decode,real,3167,8026400805991761524,0,0,0,0,0.000,53,482561,3977.806,0,0,0.000,0,0,0.000,13.427
decode,real,3168,8026400805991761524,0,0,0,0,0.000,53,482614,3977.806,0,0,0.000,0,0,0.000,13.403
decode,real,3169,8026400805991761524,0,0,0,0,0.000,53,482667,3977.806,0,0,0.000,0,0,0.000,13.796
decode,real,3170,8026400805991761524,0,0,0,0,0.000,52,473505,3829.578,0,0,0.000,0,0,0.000,13.027
decode,real,3171,8026400805991761524,0,0,0,0,0.000,52,473557,3829.578,0,0,0.000,0,0,0.000,13.390
decode,real,3172,8026400805991761524,0,0,0,0,0.000,52,473609,3829.578,0,0,0.000,0,0,0.000,13.362
decode,real,3173,8026400805991761524,0,0,0,0,0.000,52,473661,3829.578,0,0,0.000,0,0,0.000,13.745
decode,real,3174,8026400805991761524,0,0,0,0,0.000,51,464498,3683.687,0,0,0.000,0,0,0.000,13.062
decode,real,3175,8026400805991761524,0,0,0,0,0.000,51,464549,3683.687,0,0,0.000,0,0,0.000,13.359
decode,real,3176,8026400805991761524,0,0,0,0,0.000,51,464600,3683.687,0,0,0.000,0,0,0.000,13.350
decode,real,3177,8026400805991761524,0,0,0,0,0.000,51,464651,3683.687,0,0,0.000,0,0,0.000,13.727
decode,real,3178,8026400805991761524,0,0,0,0,0.000,50,455487,3540.112,0,0,0.000,0,0,0.000,13.051
decode,real,3179,8026400805991761524,0,0,0,0,0.000,50,455537,3540.112,0,0,0.000,0,0,0.000,13.351
decode,real,3180,8026400805991761524,0,0,0,0,0.000,50,455587,3540.112,0,0,0.000,0,0,0.000,13.339
decode,real,3181,8026400805991761524,0,0,0,0,0.000,50,455637,3540.112,0,0,0.000,0,0,0.000,13.730
decode,real,3182,8026400805991761524,0,0,0,0,0.000,49,446472,3398.832,0,0,0.000,0,0,0.000,13.013
decode,real,3183,8026400805991761524,0,0,0,0,0.000,49,446521,3398.832,0,0,0.000,0,0,0.000,13.348
decode,real,3184,8026400805991761524,0,0,0,0,0.000,49,446570,3398.832,0,0,0.000,0,0,0.000,13.305
decode,real,3185,8026400805991761524,0,0,0,0,0.000,49,446619,3398.832,0,0,0.000,0,0,0.000,13.738
decode,real,3186,8026400805991761524,0,0,0,0,0.000,48,437453,3259.822,0,0,0.000,0,0,0.000,13.693
decode,real,3187,8026400805991761524,0,0,0,0,0.000,48,437501,3259.822,0,0,0.000,0,0,0.000,13.992
decode,real,3188,8026400805991761524,0,0,0,0,0.000,48,437549,3259.822,0,0,0.000,0,0,0.000,14.039
decode,real,3189,8026400805991761524,0,0,0,0,0.000,48,437597,3259.822,0,0,0.000,0,0,0.000,13.995
decode,real,3190,8026400805991761524,0,0,0,0,0.000,48,437645,3259.822,0,0,0.000,0,0,0.000,14.495
decode,real,3191,8026400805991761524,0,0,0,0,0.000,47,428478,3127.268,0,0,0.000,0,0,0.000,13.590
decode,real,3192,8026400805991761524,0,0,0,0,0.000,47,428525,3127.268,0,0,0.000,0,0,0.000,13.952
decode,real,3193,8026400805991761524,0,0,0,0,0.000,47,428572,3127.268,0,0,0.000,0,0,0.000,14.073
decode,real,3194,8026400805991761524,0,0,0,0,0.000,47,428619,3127.268,0,0,0.000,0,0,0.000,14.372
decode,real,3195,8026400805991761524,0,0,0,0,0.000,46,419451,2997.120,0,0,0.000,0,0,0.000,13.692
decode,real,3196,8026400805991761524,0,0,0,0,0.000,46,419497,2997.120,0,0,0.000,0,0,0.000,13.968
decode,real,3197,8026400805991761524,0,0,0,0,0.000,46,419543,2997.120,0,0,0.000,0,0,0.000,14.019
decode,real,3198,8026400805991761524,0,0,0,0,0.000,46,419589,2997.120,0,0,0.000,0,0,0.000,14.354
decode,real,3199,8026400805991761524,0,0,0,0,0.000,45,410420,2869.358,0,0,0.000,0,0,0.000,13.695
decode,real,3200,8026400805991761524,0,0,0,0,0.000,45,410465,2869.358,0,0,0.000,0,0,0.000,13.984
decode,real,3201,8026400805991761524,0,0,0,0,0.000,45,410510,2869.358,0,0,0.000,0,0,0.000,14.013
decode,real,3202,8026400805991761524,0,0,0,0,0.000,45,410555,2869.358,0,0,0.000,0,0,0.000,14.365
decode,real,3203,8026400805991761524,0,0,0,0,0.000,44,401385,2743.964,0,0,0.000,0,0,0.000,12.075
decode,real,3204,8026400805991761524,0,0,0,0,0.000,44,401429,2743.964,0,0,0.000,0,0,0.000,12.379
decode,real,3205,8026400805991761524,0,0,0,0,0.000,44,401473,2743.964,0,0,0.000,0,0,0.000,12.426
decode,real,3206,8026400805991761524,0,0,0,0,0.000,44,401517,2743.964,0,0,0.000,0,0,0.000,12.785
decode,real,3207,8026400805991761524,0,0,0,0,0.000,43,392346,2620.917,0,0,0.000,0,0,0.000,12.040
decode,real,3208,8026400805991761524,0,0,0,0,0.000,43,392389,2620.917,0,0,0.000,0,0,0.000,12.326
decode,real,3209,8026400805991761524,0,0,0,0,0.000,43,392432,2620.917,0,0,0.000,0,0,0.000,12.340
decode,real,3210,8026400805991761524,0,0,0,0,0.000,43,392475,2620.917,0,0,0.000,0,0,0.000,12.673
decode,real,3211,8026400805991761524,0,0,0,0,0.000,42,383303,2500.193,0,0,0.000,0,0,0.000,11.939
decode,real,3212,8026400805991761524,0,0,0,0,0.000,42,383345,2500.193,0,0,0.000,0,0,0.000,12.283
decode,real,3213,8026400805991761524,0,0,0,0,0.000,42,383387,2500.193,0,0,0.000,0,0,0.000,12.290
decode,real,3214,8026400805991761524,0,0,0,0,0.000,42,383429,2500.193,0,0,0.000,0,0,0.000,12.626
decode,real,3215,8026400805991761524,0,0,0,0,0.000,41,374256,2381.767,0,0,0.000,0,0,0.000,11.890
decode,real,3216,8026400805991761524,0,0,0,0,0.000,41,374297,2381.767,0,0,0.000,0,0,0.000,12.217
decode,real,3217,8026400805991761524,0,0,0,0,0.000,41,374338,2381.767,0,0,0.000,0,0,0.000,12.229
decode,real,3218,8026400805991761524,0,0,0,0,0.000,41,374379,2381.767,0,0,0.000,0,0,0.000,12.526
decode,real,3219,8026400805991761524,0,0,0,0,0.000,40,365205,2265.609,0,0,0.000,0,0,0.000,11.498
decode,real,3220,8026400805991761524,0,0,0,0,0.000,40,365245,2265.609,0,0,0.000,0,0,0.000,11.814
decode,real,3221,8026400805991761524,0,0,0,0,0.000,40,365285,2265.609,0,0,0.000,0,0,0.000,11.821
decode,real,3222,8026400805991761524,0,0,0,0,0.000,40,365325,2265.609,0,0,0.000,0,0,0.000,12.164
decode,real,3223,8026400805991761524,0,0,0,0,0.000,39,356150,2151.690,0,0,0.000,0,0,0.000,11.459
decode,real,3224,8026400805991761524,0,0,0,0,0.000,39,356189,2151.690,0,0,0.000,0,0,0.000,11.746
decode,real,3225,8026400805991761524,0,0,0,0,0.000,39,356228,2151.690,0,0,0.000,0,0,0.000,11.757
decode,real,3226,8026400805991761524,0,0,0,0,0.000,39,356267,2151.690,0,0,0.000,0,0,0.000,11.719
decode,real,3227,8026400805991761524,0,0,0,0,0.000,39,356306,2151.690,0,0,0.000,0,0,0.000,12.165
decode,real,3228,8026400805991761524,0,0,0,0,0.000,38,347130,2044.211,0,0,0.000,0,0,0.000,11.933
decode,real,3229,8026400805991761524,0,0,0,0,0.000,38,347168,2044.211,0,0,0.000,0,0,0.000,12.285
decode,real,3230,8026400805991761524,0,0,0,0,0.000,38,347206,2044.211,0,0,0.000,0,0,0.000,12.290
decode,real,3231,8026400805991761524,0,0,0,0,0.000,38,347244,2044.211,0,0,0.000,0,0,0.000,12.793
decode,real,3232,8026400805991761524,0,0,0,0,0.000,37,338067,1939.132,0,0,0.000,0,0,0.000,11.874
decode,real,3233,8026400805991761524,0,0,0,0,0.000,37,338104,1939.132,0,0,0.000,0,0,0.000,12.245
decode,real,3234,8026400805991761524,0,0,0,0,0.000,37,338141,1939.132,0,0,0.000,0,0,0.000,12.274
decode,real,3235,8026400805991761524,0,0,0,0,0.000,37,338178,1939.132,0,0,0.000,0,0,0.000,12.656
decode,real,3236,8026400805991761524,0,0,0,0,0.000,36,329000,1836.432,0,0,0.000,0,0,0.000,12.012
decode,real,3237,8026400805991761524,0,0,0,0,0.000,36,329036,1836.432,0,0,0.000,0,0,0.000,12.231
decode,real,3238,8026400805991761524,0,0,0,0,0.000,36,329072,1836.432,0,0,0.000,0,0,0.000,12.254
decode,real,3239,8026400805991761524,0,0,0,0,0.000,36,329108,1836.432,0,0,0.000,0,0,0.000,12.637
decode,real,3240,8026400805991761524,0,0,0,0,0.000,35,319929,1736.085,0,0,0.000,0,0,0.000,11.946
decode,real,3241,8026400805991761524,0,0,0,0,0.000,35,319964,1736.085,0,0,0.000,0,0,0.000,12.250
decode,real,3242,8026400805991761524,0,0,0,0,0.000,35,319999,1736.085,0,0,0.000,0,0,0.000,12.298
decode,real,3243,8026400805991761524,0,0,0,0,0.000,35,320034,1736.085,0,0,0.000,0,0,0.000,12.618
decode,real,3244,8026400805991761524,0,0,0,0,0.000,34,310854,1638.062,0,0,0.000,0,0,0.000,11.912
decode,real,3245,8026400805991761524,0,0,0,0,0.000,34,310888,1638.062,0,0,0.000,0,0,0.000,12.252
decode,real,3246,8026400805991761524,0,0,0,0,0.000,34,310922,1638.062,0,0,0.000,0,0,0.000,12.271
decode,real,3247,8026400805991761524,0,0,0,0,0.000,34,310956,1638.062,0,0,0.000,0,0,0.000,12.609
decode,real,3248,8026400805991761524,0,0,0,0,0.000,33,301775,1542.332,0,0,0.000,0,0,0.000,10.709
decode,real,3249,8026400805991761524,0,0,0,0,0.000,33,301808,1542.332,0,0,0.000,0,0,0.000,11.005
decode,real,3250,8026400805991761524,0,0,0,0,0.000,33,301841,1542.332,0,0,0.000,0,0,0.000,11.052
decode,real,3251,8026400805991761524,0,0,0,0,0.000,33,301874,1542.332,0,0,0.000,0,0,0.000,11.350
decode,real,3252,8026400805991761524,0,0,0,0,0.000,32,292692,1448.859,0,0,0.000,0,0,0.000,10.299
decode,real,3253,8026400805991761524,0,0,0,0,0.000,32,292724,1448.859,0,0,0.000,0,0,0.000,10.547
decode,real,3254,8026400805991761524,0,0,0,0,0.000,32,292756,1448.859,0,0,0.000,0,0,0.000,10.598
decode,real,3255,8026400805991761524,0,0,0,0,0.000,32,292788,1448.859,0,0,0.000,0,0,0.000,10.943
decode,real,3256,8026400805991761524,0,0,0,0,0.000,31,283605,1357.602,0,0,0.000,0,0,0.000,10.229
decode,real,3257,8026400805991761524,0,0,0,0,0.000,31,283636,1357.602,0,0,0.000,0,0,0.000,10.519
decode,real,3258,8026400805991761524,0,0,0,0,0.000,31,283667,1357.602,0,0,0.000,0,0,0.000,10.540
decode,real,3259,8026400805991761524,0,0,0,0,0.000,31,283698,1357.602,0,0,0.000,0,0,0.000,10.552
decode,real,3260,8026400805991761524,0,0,0,0,0.000,31,283729,1357.602,0,0,0.000,0,0,0.000,10.858
decode,real,3261,8026400805991761524,0,0,0,0,0.000,30,274545,1272.783,0,0,0.000,0,0,0.000,10.147
decode,real,3262,8026400805991761524,0,0,0,0,0.000,30,274575,1272.783,0,0,0.000,0,0,0.000,10.481
decode,real,3263,8026400805991761524,0,0,0,0,0.000,30,274605,1272.783,0,0,0.000,0,0,0.000,10.471
decode,real,3264,8026400805991761524,0,0,0,0,0.000,30,274635,1272.783,0,0,0.000,0,0,0.000,10.777
decode,real,3265,8026400805991761524,0,0,0,0,0.000,29,265450,1190.385,0,0,0.000,0,0,0.000,10.113
decode,real,3266,8026400805991761524,0,0,0,0,0.000,29,265479,1190.385,0,0,0.000,0,0,0.000,10.417
decode,real,3267,8026400805991761524,0,0,0,0,0.000,29,265508,1190.385,0,0,0.000,0,0,0.000,10.397
decode,real,3268,8026400805991761524,0,0,0,0,0.000,29,265537,1190.385,0,0,0.000,0,0,0.000,10.751
decode,real,3269,8026400805991761524,0,0,0,0,0.000,28,256351,1110.381,0,0,0.000,0,0,0.000,10.723
decode,real,3270,8026400805991761524,0,0,0,0,0.000,28,256379,1110.381,0,0,0.000,0,0,0.000,11.005
decode,real,3271,8026400805991761524,0,0,0,0,0.000,28,256407,1110.381,0,0,0.000,0,0,0.000,11.020
decode,real,3272,8026400805991761524,0,0,0,0,0.000,28,256435,1110.381,0,0,0.000,0,0,0.000,11.346
decode,real,3273,8026400805991761524,0,0,0,0,0.000,27,247248,1032.741,0,0,0.000,0,0,0.000,10.726
decode,real,3274,8026400805991761524,0,0,0,0,0.000,27,247275,1032.741,0,0,0.000,0,0,0.000,11.014
decode,real,3275,8026400805991761524,0,0,0,0,0.000,27,247302,1032.741,0,0,0.000,0,0,0.000,11.000
decode,real,3276,8026400805991761524,0,0,0,0,0.000,27,247329,1032.741,0,0,0.000,0,0,0.000,11.322
decode,real,3277,8026400805991761524,0,0,0,0,0.000,26,238141,957.428,0,0,0.000,0,0,0.000,9.730
decode,real,3278,8026400805991761524,0,0,0,0,0.000,26,238167,957.428,0,0,0.000,0,0,0.000,10.011
decode,real,3279,8026400805991761524,0,0,0,0,0.000,26,238193,957.428,0,0,0.000,0,0,0.000,10.058
decode,real,3280,8026400805991761524,0,0,0,0,0.000,26,238219,957.428,0,0,0.000,0,0,0.000,10.308
decode,real,3281,8026400805991761524,0,0,0,0,0.000,25,229030,884.400,0,0,0.000,0,0,0.000,9.647
decode,real,3282,8026400805991761524,0,0,0,0,0.000,25,229055,884.400,0,0,0.000,0,0,0.000,9.941
decode,real,3283,8026400805991761524,0,0,0,0,0.000,25,229080,884.400,0,0,0.000,0,0,0.000,9.959
decode,real,3284,8026400805991761524,0,0,0,0,0.000,25,229105,884.400,0,0,0.000,0,0,0.000,10.250
decode,real,3285,8026400805991761524,0,0,0,0,0.000,24,219915,813.609,0,0,0.000,0,0,0.000,9.172
decode,real,3286,8026400805991761524,0,0,0,0,0.000,24,219939,813.609,0,0,0.000,0,0,0.000,9.487
decode,real,3287,8026400805991761524,0,0,0,0,0.000,24,219963,813.609,0,0,0.000,0,0,0.000,9.463
decode,real,3288,8026400805991761524,0,0,0,0,0.000,24,219987,813.609,0,0,0.000,0,0,0.000,9.786
decode,real,3289,8026400805991761524,0,0,0,0,0.000,23,210796,744.998,0,0,0.000,0,0,0.000,9.858
decode,real,3290,8026400805991761524,0,0,0,0,0.000,23,210819,744.998,0,0,0.000,0,0,0.000,10.109
decode,real,3291,8026400805991761524,0,0,0,0,0.000,23,210842,744.998,0,0,0.000,0,0,0.000,10.128
decode,real,3292,8026400805991761524,0,0,0,0,0.000,23,210865,744.998,0,0,0.000,0,0,0.000,10.125
decode,real,3293,8026400805991761524,0,0,0,0,0.000,23,210888,744.998,0,0,0.000,0,0,0.000,10.459
decode,real,3294,8026400805991761524,0,0,0,0,0.000,22,201696,682.818,0,0,0.000,0,0,0.000,8.964
decode,real,3295,8026400805991761524,0,0,0,0,0.000,22,201718,682.818,0,0,0.000,0,0,0.000,9.222
decode,real,3296,8026400805991761524,0,0,0,0,0.000,22,201740,682.818,0,0,0.000,0,0,0.000,9.249
decode,real,3297,8026400805991761524,0,0,0,0,0.000,22,201762,682.818,0,0,0.000,0,0,0.000,9.603
decode,real,3298,8026400805991761524,0,0,0,0,0.000,21,192569,623.093,0,0,0.000,0,0,0.000,8.835
decode,real,3299,8026400805991761524,0,0,0,0,0.000,21,192590,623.093,0,0,0.000,0,0,0.000,9.172
decode,real,3300,8026400805991761524,0,0,0,0,0.000,21,192611,623.093,0,0,0.000,0,0,0.000,9.112
decode,real,3301,8026400805991761524,0,0,0,0,0.000,21,192632,623.093,0,0,0.000,0,0,0.000,9.469
decode,real,3302,8026400805991761524,0,0,0,0,0.000,20,183438,565.790,0,0,0.000,0,0,0.000,8.790
decode,real,3303,8026400805991761524,0,0,0,0,0.000,20,183458,565.790,0,0,0.000,0,0,0.000,9.078
decode,real,3304,8026400805991761524,0,0,0,0,0.000,20,183478,565.790,0,0,0.000,0,0,0.000,9.042
decode,real,3305,8026400805991761524,0,0,0,0,0.000,20,183498,565.790,0,0,0.000,0,0,0.000,9.418
decode,real,3306,8026400805991761524,0,0,0,0,0.000,19,174303,510.870,0,0,0.000,0,0,0.000,8.665
decode,real,3307,8026400805991761524,0,0,0,0,0.000,19,174322,510.870,0,0,0.000,0,0,0.000,8.957
decode,real,3308,8026400805991761524,0,0,0,0,0.000,19,174341,510.870,0,0,0.000,0,0,0.000,8.970
decode,real,3309,8026400805991761524,0,0,0,0,0.000,19,174360,510.870,0,0,0.000,0,0,0.000,9.353
decode,real,3310,8026400805991761524,0,0,0,0,0.000,18,165164,458.284,0,0,0.000,0,0,0.000,8.495
decode,real,3311,8026400805991761524,0,0,0,0,0.000,18,165182,458.284,0,0,0.000,0,0,0.000,8.796
decode,real,3312,8026400805991761524,0,0,0,0,0.000,18,165200,458.284,0,0,0.000,0,0,0.000,8.788
decode,real,3313,8026400805991761524,0,0,0,0,0.000,18,165218,458.284,0,0,0.000,0,0,0.000,9.135
decode,real,3314,8026400805991761524,0,0,0,0,0.000,17,156021,407.972,0,0,0.000,0,0,0.000,8.435
decode,real,3315,8026400805991761524,0,0,0,0,0.000,17,156038,407.972,0,0,0.000,0,0,0.000,8.720
decode,real,3316,8026400805991761524,0,0,0,0,0.000,17,156055,407.972,0,0,0.000,0,0,0.000,8.746
decode,real,3317,8026400805991761524,0,0,0,0,0.000,17,156072,407.972,0,0,0.000,0,0,0.000,9.045
decode,real,3318,8026400805991761524,0,0,0,0,0.000,16,146874,359.859,0,0,0.000,0,0,0.000,7.941
decode,real,3319,8026400805991761524,0,0,0,0,0.000,16,146890,359.859,0,0,0.000,0,0,0.000,8.221
decode,real,3320,8026400805991761524,0,0,0,0,0.000,16,146906,359.859,0,0,0.000,0,0,0.000,8.219
decode,real,3321,8026400805991761524,0,0,0,0,0.000,16,146922,359.859,0,0,0.000,0,0,0.000,8.557
decode,real,3322,8026400805991761524,0,0,0,0,0.000,15,137723,313.849,0,0,0.000,0,0,0.000,7.860
decode,real,3323,8026400805991761524,0,0,0,0,0.000,15,137738,313.849,0,0,0.000,0,0,0.000,8.160
decode,real,3324,8026400805991761524,0,0,0,0,0.000,15,137753,313.849,0,0,0.000,0,0,0.000,8.147
decode,real,3325,8026400805991761524,0,0,0,0,0.000,15,137768,313.849,0,0,0.000,0,0,0.000,8.158
decode,real,3326,8026400805991761524,0,0,0,0,0.000,15,137783,313.849,0,0,0.000,0,0,0.000,8.461
decode,real,3327,8026400805991761524,0,0,0,0,0.000,14,128583,274.250,0,0,0.000,0,0,0.000,7.783
decode,real,3328,8026400805991761524,0,0,0,0,0.000,14,128597,274.250,0,0,0.000,0,0,0.000,8.020
decode,real,3329,8026400805991761524,0,0,0,0,0.000,14,128611,274.250,0,0,0.000,0,0,0.000,8.065
decode,real,3330,8026400805991761524,0,0,0,0,0.000,14,128625,274.250,0,0,0.000,0,0,0.000,8.400
decode,real,3331,8026400805991761524,0,0,0,0,0.000,13,119424,237.172,0,0,0.000,0,0,0.000,7.632
decode,real,3332,8026400805991761524,0,0,0,0,0.000,13,119437,237.172,0,0,0.000,0,0,0.000,7.912
decode,real,3333,8026400805991761524,0,0,0,0,0.000,13,119450,237.172,0,0,0.000,0,0,0.000,7.965
decode,real,3334,8026400805991761524,0,0,0,0,0.000,13,119463,237.172,0,0,0.000,0,0,0.000,8.280
decode,real,3335,8026400805991761524,0,0,0,0,0.000,12,110261,202.576,0,0,0.000,0,0,0.000,7.547
decode,real,3336,8026400805991761524,0,0,0,0,0.000,12,110273,202.576,0,0,0.000,0,0,0.000,7.805
decode,real,3337,8026400805991761524,0,0,0,0,0.000,12,110285,202.576,0,0,0.000,0,0,0.000,7.832
decode,real,3338,8026400805991761524,0,0,0,0,0.000,12,110297,202.576,0,0,0.000,0,0,0.000,8.196
decode,real,3339,8026400805991761524,0,0,0,0,0.000,11,101094,170.413,0,0,0.000,0,0,0.000,7.467
decode,real,3340,8026400805991761524,0,0,0,0,0.000,11,101105,170.413,0,0,0.000,0,0,0.000,7.753
decode,real,3341,8026400805991761524,0,0,0,0,0.000,11,101116,170.413,0,0,0.000,0,0,0.000,7.752
decode,real,3342,8026400805991761524,0,0,0,0,0.000,11,101127,170.413,0,0,0.000,0,0,0.000,8.070
decode,real,3343,8026400805991761524,0,0,0,0,0.000,10,91923,140.610,0,0,0.000,0,0,0.000,7.370
decode,real,3344,8026400805991761524,0,0,0,0,0.000,10,91933,140.610,0,0,0.000,0,0,0.000,7.641
decode,real,3345,8026400805991761524,0,0,0,0,0.000,10,91943,140.610,0,0,0.000,0,0,0.000,7.681
decode,real,3346,8026400805991761524,0,0,0,0,0.000,10,91953,140.610,0,0,0.000,0,0,0.000,7.935
decode,real,3347,8026400805991761524,0,0,0,0,0.000,9,82748,113.062,0,0,0.000,0,0,0.000,7.308
decode,real,3348,8026400805991761524,0,0,0,0,0.000,9,82757,113.062,0,0,0.000,0,0,0.000,7.521
decode,real,3349,8026400805991761524,0,0,0,0,0.000,9,82766,113.062,0,0,0.000,0,0,0.000,7.572
decode,real,3350,8026400805991761524,0,0,0,0,0.000,9,82775,113.062,0,0,0.000,0,0,0.000,7.836
decode,real,3351,8026400805991761524,0,0,0,0,0.000,8,73569,87.609,0,0,0.000,0,0,0.000,6.813
decode,real,3352,8026400805991761524,0,0,0,0,0.000,8,73577,87.609,0,0,0.000,0,0,0.000,7.043
decode,real,3353,8026400805991761524,0,0,0,0,0.000,8,73585,87.609,0,0,0.000,0,0,0.000,7.053
decode,real,3354,8026400805991761524,0,0,0,0,0.000,8,73593,87.609,0,0,0.000,0,0,0.000,7.366
decode,real,3355,8026400805991761524,0,0,0,0,0.000,7,64386,64.000,0,0,0.000,0,0,0.000,6.704
decode,real,3356,8026400805991761524,0,0,0,0,0.000,7,64393,64.000,0,0,0.000,0,0,0.000,6.953
decode,real,3357,8026400805991761524,0,0,0,0,0.000,7,64400,64.000,0,0,0.000,0,0,0.000,6.985
decode,real,3358,8026400805991761524,0,0,0,0,0.000,7,64407,64.000,0,0,0.000,0,0,0.000,6.976
decode,real,3359,8026400805991761524,0,0,0,0,0.000,7,64414,64.000,0,0,0.000,0,0,0.000,7.291
decode,real,3360,8026400805991761524,0,0,0,0,0.000,6,55206,46.667,0,0,0.000,0,0,0.000,6.570
decode,real,3361,8026400805991761524,0,0,0,0,0.000,6,55212,46.667,0,0,0.000,0,0,0.000,6.872
decode,real,3362,8026400805991761524,0,0,0,0,0.000,6,55218,46.667,0,0,0.000,0,0,0.000,6.875
decode,real,3363,8026400805991761524,0,0,0,0,0.000,6,55224,46.667,0,0,0.000,0,0,0.000,7.189
decode,real,3364,8026400805991761524,0,0,0,0,0.000,5,46015,32.000,0,0,0.000,0,0,0.000,6.491
decode,real,3365,8026400805991761524,0,0,0,0,0.000,5,46020,32.000,0,0,0.000,0,0,0.000,6.775
decode,real,3366,8026400805991761524,0,0,0,0,0.000,5,46025,32.000,0,0,0.000,0,0,0.000,6.770
decode,real,3367,8026400805991761524,0,0,0,0,0.000,5,46030,32.000,0,0,0.000,0,0,0.000,7.131
decode,real,3368,8026400805991761524,0,0,0,0,0.000,4,36820,20.000,0,0,0.000,0,0,0.000,6.192
decode,real,3369,8026400805991761524,0,0,0,0,0.000,4,36824,20.000,0,0,0.000,0,0,0.000,6.764
decode,real,3370,8026400805991761524,0,0,0,0,0.000,4,36828,20.000,0,0,0.000,0,0,0.000,6.256
decode,real,3371,8026400805991761524,0,0,0,0,0.000,4,36832,20.000,0,0,0.000,0,0,0.000,6.832
decode,real,3372,8026400805991761524,0,0,0,0,0.000,3,27621,10.667,0,0,0.000,0,0,0.000,6.085
decode,real,3373,8026400805991761524,0,0,0,0,0.000,3,27624,10.667,0,0,0.000,0,0,0.000,6.396
decode,real,3374,8026400805991761524,0,0,0,0,0.000,3,27627,10.667,0,0,0.000,0,0,0.000,6.415
decode,real,3375,8026400805991761524,0,0,0,0,0.000,3,27630,10.667,0,0,0.000,0,0,0.000,6.698
decode,real,3376,8026400805991761524,0,0,0,0,0.000,2,18418,4.000,0,0,0.000,0,0,0.000,5.925
decode,real,3377,8026400805991761524,0,0,0,0,0.000,2,18420,4.000,0,0,0.000,0,0,0.000,6.213
decode,real,3378,8026400805991761524,0,0,0,0,0.000,2,18422,4.000,0,0,0.000,0,0,0.000,6.230
decode,real,3379,8026400805991761524,0,0,0,0,0.000,2,18424,4.000,0,0,0.000,0,0,0.000,6.543
decode,real,3380,8026400805991761524,0,0,0,0,0.000,1,9211,0.000,0,0,0.000,0,0,0.000,5.806
decode,real,3381,8026400805991761524,0,0,0,0,0.000,1,9212,0.000,0,0,0.000,0,0,0.000,6.100
decode,real,3382,8026400805991761524,0,0,0,0,0.000,1,9213,0.000,0,0,0.000,0,0,0.000,6.105
decode,real,3383,8026400805991761524,0,0,0,0,0.000,1,9214,0.000,0,0,0.000,0,0,0.000,6.162
