phase,workload_segment,counter_id,worker_id,dp_rank,ctx_tokens,ctx_requests,ctx_kv_tokens,decode_tokens,decode_requests,decode_kv_tokens,mean_decode_kv_tokens,queued_ctx_tokens,queued_ctx_requests,queued_decode_requests,queued_decode_kv_tokens,latency_ms
context,real,1067,8026400805991761524,0,2048,1,0,0,0,0,0.000,0,0,0,0,184.758
context,real,1068,8026400805991761524,0,2048,1,2048,0,0,0,0.000,0,0,0,0,162.463
context,real,1069,8026400805991761524,0,2048,1,4096,0,0,0,0.000,8192,1,0,0,115.212
context,real,1070,8026400805991761524,0,2048,1,6144,0,0,0,0.000,49152,6,0,0,90.220
mixed,real,1071,8026400805991761524,0,2047,1,0,1,1,8192,8192.000,49152,6,0,0,105.350
mixed,real,1072,8026400805991761524,0,2047,1,2047,1,1,8193,8193.000,49152,6,0,0,91.558
mixed,real,1073,8026400805991761524,0,2047,1,4094,1,1,8194,8194.000,57344,7,0,0,85.272
mixed,real,1074,8026400805991761524,0,2047,1,6141,1,1,8195,8195.000,65536,8,0,0,84.125
mixed,real,1075,8026400805991761524,0,2047,2,8188,1,1,8196,8196.000,65536,8,0,0,84.624
mixed,real,1076,8026400805991761524,0,2046,1,2043,2,2,16389,8194.500,73728,9,0,0,82.933
mixed,real,1077,8026400805991761524,0,2046,1,4089,2,2,16391,8195.500,73728,9,0,0,81.648
mixed,real,1078,8026400805991761524,0,2046,1,6135,2,2,16393,8196.500,73728,9,0,0,80.721
mixed,real,1079,8026400805991761524,0,2046,2,8181,2,2,16395,8197.500,106496,13,0,0,74.597
mixed,real,1080,8026400805991761524,0,2045,1,2035,3,3,24589,8196.333,147456,18,0,0,66.928
mixed,real,1081,8026400805991761524,0,2045,1,4080,3,3,24592,8197.333,172032,21,0,0,63.198
mixed,real,1082,8026400805991761524,0,2045,1,6125,3,3,24595,8198.333,221184,27,0,0,52.041
mixed,real,1083,8026400805991761524,0,2045,2,8170,3,3,24598,8199.333,311296,38,0,0,50.783
mixed,real,1084,8026400805991761524,0,2044,1,2023,4,4,32793,8198.250,409600,50,0,0,50.356
mixed,real,1085,8026400805991761524,0,2044,1,4067,4,4,32797,8199.250,483328,59,0,0,50.525
mixed,real,1086,8026400805991761524,0,2044,1,6111,4,4,32801,8200.250,475136,58,0,0,51.886
mixed,real,1087,8026400805991761524,0,2044,2,8155,4,4,32805,8201.250,475136,58,0,0,51.553
mixed,real,1088,8026400805991761524,0,2043,1,2007,5,5,41001,8200.200,475136,58,0,0,52.710
mixed,real,1089,8026400805991761524,0,2043,1,4050,5,5,41006,8201.200,475136,58,0,0,52.707
mixed,real,1090,8026400805991761524,0,2043,1,6093,5,5,41011,8202.200,466944,57,0,0,56.280
mixed,real,1091,8026400805991761524,0,2043,2,8136,5,5,41016,8203.200,466944,57,0,0,51.357
mixed,real,1092,8026400805991761524,0,2042,1,1987,6,6,49213,8202.167,466944,57,0,0,50.637
mixed,real,1093,8026400805991761524,0,2042,1,4029,6,6,49219,8203.167,466944,57,0,0,50.778
mixed,real,1094,8026400805991761524,0,2042,1,6071,6,6,49225,8204.167,458752,56,0,0,54.085
mixed,real,1095,8026400805991761524,0,2042,2,8113,6,6,49231,8205.167,458752,56,0,0,50.549
mixed,real,1096,8026400805991761524,0,2041,1,1963,7,7,57429,8204.143,458752,56,0,0,50.652
mixed,real,1097,8026400805991761524,0,2041,1,4004,7,7,57436,8205.143,458752,56,0,0,52.467
mixed,real,1098,8026400805991761524,0,2041,1,6045,7,7,57443,8206.143,450560,55,0,0,55.666
mixed,real,1099,8026400805991761524,0,2041,2,8086,7,7,57450,8207.143,450560,55,0,0,51.750
mixed,real,1100,8026400805991761524,0,2040,1,1935,8,8,65649,8206.125,450560,55,0,0,53.517
mixed,real,1101,8026400805991761524,0,2040,1,3975,8,8,65657,8207.125,450560,55,0,0,52.689
mixed,real,1102,8026400805991761524,0,2040,1,6015,8,8,65665,8208.125,442368,54,0,0,55.223
mixed,real,1103,8026400805991761524,0,2040,2,8055,8,8,65673,8209.125,442368,54,0,0,50.834
mixed,real,1104,8026400805991761524,0,2039,1,1903,9,9,73873,8208.111,442368,54,0,0,50.777
mixed,real,1105,8026400805991761524,0,2039,1,3942,9,9,73882,8209.111,442368,54,0,0,50.977
mixed,real,1106,8026400805991761524,0,2039,1,5981,9,9,73891,8210.111,434176,53,0,0,54.377
mixed,real,1107,8026400805991761524,0,2039,2,8020,9,9,73900,8211.111,434176,53,0,0,50.587
mixed,real,1108,8026400805991761524,0,2038,1,1867,10,10,82101,8210.100,434176,53,0,0,50.587
mixed,real,1109,8026400805991761524,0,2038,1,3905,10,10,82111,8211.100,434176,53,0,0,50.912
mixed,real,1110,8026400805991761524,0,2038,1,5943,10,10,82121,8212.100,425984,52,0,0,54.104
mixed,real,1111,8026400805991761524,0,2038,2,7981,10,10,82131,8213.100,425984,52,0,0,51.110
mixed,real,1112,8026400805991761524,0,2037,1,1827,11,11,90333,8212.091,425984,52,0,0,50.877
mixed,real,1113,8026400805991761524,0,2037,1,3864,11,11,90344,8213.091,425984,52,0,0,52.109
mixed,real,1114,8026400805991761524,0,2037,1,5901,11,11,90355,8214.091,417792,51,0,0,55.484
mixed,real,1115,8026400805991761524,0,2037,2,7938,11,11,90366,8215.091,417792,51,0,0,50.646
mixed,real,1116,8026400805991761524,0,2036,1,1783,12,12,98569,8214.083,417792,51,0,0,50.935
mixed,real,1117,8026400805991761524,0,2036,1,3819,12,12,98581,8215.083,417792,51,0,0,52.323
mixed,real,1118,8026400805991761524,0,2036,1,5855,12,12,98593,8216.083,409600,50,0,0,54.743
mixed,real,1119,8026400805991761524,0,2036,2,7891,12,12,98605,8217.083,409600,50,0,0,50.926
mixed,real,1120,8026400805991761524,0,2035,1,1735,13,13,106809,8216.077,409600,50,0,0,50.659
mixed,real,1121,8026400805991761524,0,2035,1,3770,13,13,106822,8217.077,409600,50,0,0,50.782
mixed,real,1122,8026400805991761524,0,2035,1,5805,13,13,106835,8218.077,401408,49,0,0,53.973
mixed,real,1123,8026400805991761524,0,2035,2,7840,13,13,106848,8219.077,401408,49,0,0,50.565
mixed,real,1124,8026400805991761524,0,2034,1,1683,14,14,115053,8218.071,401408,49,0,0,51.137
mixed,real,1125,8026400805991761524,0,2034,1,3717,14,14,115067,8219.071,401408,49,0,0,51.054
mixed,real,1126,8026400805991761524,0,2034,1,5751,14,14,115081,8220.071,393216,48,0,0,54.101
mixed,real,1127,8026400805991761524,0,2034,2,7785,14,14,115095,8221.071,393216,48,0,0,47.812
mixed,real,1128,8026400805991761524,0,2033,1,1627,15,15,123301,8220.067,393216,48,0,0,51.333
mixed,real,1129,8026400805991761524,0,2033,1,3660,15,15,123316,8221.067,393216,48,0,0,53.145
mixed,real,1130,8026400805991761524,0,2033,1,5693,15,15,123331,8222.067,385024,47,0,0,56.089
mixed,real,1131,8026400805991761524,0,2033,2,7726,15,15,123346,8223.067,385024,47,0,0,49.411
mixed,real,1132,8026400805991761524,0,2032,1,1567,16,16,131553,8222.062,385024,47,0,0,52.676
mixed,real,1133,8026400805991761524,0,2032,1,3599,16,16,131569,8223.062,385024,47,0,0,51.246
mixed,real,1134,8026400805991761524,0,2032,1,5631,16,16,131585,8224.062,376832,46,0,0,53.927
mixed,real,1135,8026400805991761524,0,2032,2,7663,16,16,131601,8225.062,376832,46,0,0,48.113
mixed,real,1136,8026400805991761524,0,2031,1,1503,17,17,139809,8224.059,376832,46,0,0,50.760
mixed,real,1137,8026400805991761524,0,2031,1,3534,17,17,139826,8225.059,376832,46,0,0,51.300
mixed,real,1138,8026400805991761524,0,2031,1,5565,17,17,139843,8226.059,368640,45,0,0,54.091
mixed,real,1139,8026400805991761524,0,2031,2,7596,17,17,139860,8227.059,368640,45,0,0,48.050
mixed,real,1140,8026400805991761524,0,2030,1,1435,18,18,148069,8226.056,368640,45,0,0,50.829
mixed,real,1141,8026400805991761524,0,2030,1,3465,18,18,148087,8227.056,368640,45,0,0,51.315
mixed,real,1142,8026400805991761524,0,2030,1,5495,18,18,148105,8228.056,360448,44,0,0,54.581
mixed,real,1143,8026400805991761524,0,2030,2,7525,18,18,148123,8229.056,360448,44,0,0,48.743
mixed,real,1144,8026400805991761524,0,2029,1,1363,19,19,156333,8228.053,360448,44,0,0,50.739
mixed,real,1145,8026400805991761524,0,2029,1,3392,19,19,156352,8229.053,360448,44,0,0,51.513
mixed,real,1146,8026400805991761524,0,2029,1,5421,19,19,156371,8230.053,352256,43,0,0,54.264
mixed,real,1147,8026400805991761524,0,2029,2,7450,19,19,156390,8231.053,352256,43,0,0,49.251
mixed,real,1148,8026400805991761524,0,2028,1,1287,20,20,164601,8230.050,352256,43,0,0,50.784
mixed,real,1149,8026400805991761524,0,2028,1,3315,20,20,164621,8231.050,352256,43,0,0,52.828
mixed,real,1150,8026400805991761524,0,2028,1,5343,20,20,164641,8232.050,344064,42,0,0,55.484
mixed,real,1151,8026400805991761524,0,2028,2,7371,20,20,164661,8233.050,344064,42,0,0,53.229
mixed,real,1152,8026400805991761524,0,2027,1,1207,21,21,172873,8232.048,344064,42,0,0,52.907
mixed,real,1153,8026400805991761524,0,2027,1,3234,21,21,172894,8233.048,344064,42,0,0,53.399
mixed,real,1154,8026400805991761524,0,2027,1,5261,21,21,172915,8234.048,335872,41,0,0,54.009
mixed,real,1155,8026400805991761524,0,2027,2,7288,21,21,172936,8235.048,335872,41,0,0,52.840
mixed,real,1156,8026400805991761524,0,2026,1,1123,22,22,181149,8234.045,335872,41,0,0,52.780
mixed,real,1157,8026400805991761524,0,2026,1,3149,22,22,181171,8235.045,335872,41,0,0,52.944
mixed,real,1158,8026400805991761524,0,2026,1,5175,22,22,181193,8236.045,327680,40,0,0,54.156
mixed,real,1159,8026400805991761524,0,2026,2,7201,22,22,181215,8237.045,327680,40,0,0,52.625
mixed,real,1160,8026400805991761524,0,2025,1,1035,23,23,189429,8236.043,327680,40,0,0,52.948
mixed,real,1161,8026400805991761524,0,2025,1,3060,23,23,189452,8237.043,327680,40,0,0,52.292
mixed,real,1162,8026400805991761524,0,2025,1,5085,23,23,189475,8238.043,319488,39,0,0,55.405
mixed,real,1163,8026400805991761524,0,2025,2,7110,23,23,189498,8239.043,319488,39,0,0,53.131
mixed,real,1164,8026400805991761524,0,2024,1,943,24,24,197713,8238.042,319488,39,0,0,54.853
mixed,real,1165,8026400805991761524,0,2024,1,2967,24,24,197737,8239.042,319488,39,0,0,52.142
mixed,real,1166,8026400805991761524,0,2024,1,4991,24,24,197761,8240.042,311296,38,0,0,54.779
mixed,real,1167,8026400805991761524,0,2024,2,7015,24,24,197785,8241.042,311296,38,0,0,52.919
mixed,real,1168,8026400805991761524,0,2023,1,847,25,25,206001,8240.040,311296,38,0,0,52.290
mixed,real,1169,8026400805991761524,0,2023,1,2870,25,25,206026,8241.040,311296,38,0,0,51.261
mixed,real,1170,8026400805991761524,0,2023,1,4893,25,25,206051,8242.040,303104,37,0,0,53.950
mixed,real,1171,8026400805991761524,0,2023,2,6916,25,25,206076,8243.040,303104,37,0,0,53.118
mixed,real,1172,8026400805991761524,0,2022,1,747,26,26,214293,8242.038,303104,37,0,0,51.713
mixed,real,1173,8026400805991761524,0,2022,1,2769,26,26,214319,8243.038,303104,37,0,0,51.146
mixed,real,1174,8026400805991761524,0,2022,1,4791,26,26,214345,8244.038,294912,36,0,0,53.910
mixed,real,1175,8026400805991761524,0,2022,2,6813,26,26,214371,8245.038,294912,36,0,0,52.018
mixed,real,1176,8026400805991761524,0,2021,1,643,27,27,222589,8244.037,294912,36,0,0,52.256
mixed,real,1177,8026400805991761524,0,2021,1,2664,27,27,222616,8245.037,294912,36,0,0,51.687
mixed,real,1178,8026400805991761524,0,2021,1,4685,27,27,222643,8246.037,286720,35,0,0,53.204
mixed,real,1179,8026400805991761524,0,2021,2,6706,27,27,222670,8247.037,286720,35,0,0,52.787
mixed,real,1180,8026400805991761524,0,2020,1,535,28,28,230889,8246.036,286720,35,0,0,52.690
mixed,real,1181,8026400805991761524,0,2020,1,2555,28,28,230917,8247.036,286720,35,0,0,53.234
mixed,real,1182,8026400805991761524,0,2020,1,4575,28,28,230945,8248.036,278528,34,0,0,54.172
mixed,real,1183,8026400805991761524,0,2020,2,6595,28,28,230973,8249.036,278528,34,0,0,52.894
mixed,real,1184,8026400805991761524,0,2019,1,423,29,29,239193,8248.034,278528,34,0,0,52.442
mixed,real,1185,8026400805991761524,0,2019,1,2442,29,29,239222,8249.034,278528,34,0,0,52.843
mixed,real,1186,8026400805991761524,0,2019,1,4461,29,29,239251,8250.034,270336,33,0,0,53.192
mixed,real,1187,8026400805991761524,0,2019,2,6480,29,29,239280,8251.034,270336,33,0,0,55.674
mixed,real,1188,8026400805991761524,0,2018,1,307,30,30,247501,8250.033,270336,33,0,0,50.705
mixed,real,1189,8026400805991761524,0,2018,1,2325,30,30,247531,8251.033,270336,33,0,0,52.453
mixed,real,1190,8026400805991761524,0,2018,1,4343,30,30,247561,8252.033,262144,32,0,0,53.871
mixed,real,1191,8026400805991761524,0,2018,2,6361,30,30,247591,8253.033,262144,32,0,0,56.514
mixed,real,1192,8026400805991761524,0,2017,1,187,31,31,255813,8252.032,262144,32,0,0,50.671
mixed,real,1193,8026400805991761524,0,2017,1,2204,31,31,255844,8253.032,262144,32,0,0,52.141
mixed,real,1194,8026400805991761524,0,2017,1,4221,31,31,255875,8254.032,253952,31,0,0,53.466
mixed,real,1195,8026400805991761524,0,2017,2,6238,31,31,255906,8255.032,253952,31,0,0,57.135
mixed,real,1196,8026400805991761524,0,2016,1,63,32,32,264129,8254.031,253952,31,0,0,52.331
mixed,real,1197,8026400805991761524,0,2016,1,2079,32,32,264161,8255.031,253952,31,0,0,51.526
mixed,real,1198,8026400805991761524,0,2016,1,4095,32,32,264193,8256.031,253952,31,0,0,53.242
mixed,real,1199,8026400805991761524,0,2016,1,6111,32,32,264225,8257.031,245760,30,0,0,55.719
mixed,real,1200,8026400805991761524,0,2016,2,8127,32,32,264257,8258.031,245760,30,0,0,51.215
mixed,real,1201,8026400805991761524,0,2015,1,1951,33,33,272481,8257.000,245760,30,0,0,52.474
mixed,real,1202,8026400805991761524,0,2015,1,3966,33,33,272514,8258.000,245760,30,0,0,53.633
mixed,real,1203,8026400805991761524,0,2015,1,5981,33,33,272547,8259.000,237568,29,0,0,57.081
mixed,real,1204,8026400805991761524,0,2015,2,7996,33,33,272580,8260.000,237568,29,0,0,52.841
mixed,real,1205,8026400805991761524,0,2014,1,1819,34,34,280805,8258.971,237568,29,0,0,51.708
mixed,real,1206,8026400805991761524,0,2014,1,3833,34,34,280839,8259.971,237568,29,0,0,53.123
mixed,real,1207,8026400805991761524,0,2014,1,5847,34,34,280873,8260.971,229376,28,0,0,56.487
mixed,real,1208,8026400805991761524,0,2014,2,7861,34,34,280907,8261.971,229376,28,0,0,50.981
mixed,real,1209,8026400805991761524,0,2013,1,1683,35,35,289133,8260.943,229376,28,0,0,51.856
mixed,real,1210,8026400805991761524,0,2013,1,3696,35,35,289168,8261.943,229376,28,0,0,52.945
mixed,real,1211,8026400805991761524,0,2013,1,5709,35,35,289203,8262.943,221184,27,0,0,56.115
mixed,real,1212,8026400805991761524,0,2013,2,7722,35,35,289238,8263.943,221184,27,0,0,49.722
mixed,real,1213,8026400805991761524,0,2012,1,1543,36,36,297465,8262.917,221184,27,0,0,51.467
mixed,real,1214,8026400805991761524,0,2012,1,3555,36,36,297501,8263.917,221184,27,0,0,53.453
mixed,real,1215,8026400805991761524,0,2012,1,5567,36,36,297537,8264.917,212992,26,0,0,56.719
mixed,real,1216,8026400805991761524,0,2012,2,7579,36,36,297573,8265.917,212992,26,0,0,52.879
mixed,real,1217,8026400805991761524,0,2011,1,1399,37,37,305801,8264.892,212992,26,0,0,52.856
mixed,real,1218,8026400805991761524,0,2011,1,3410,37,37,305838,8265.892,212992,26,0,0,52.657
mixed,real,1219,8026400805991761524,0,2011,1,5421,37,37,305875,8266.892,204800,25,0,0,56.185
mixed,real,1220,8026400805991761524,0,2011,2,7432,37,37,305912,8267.892,204800,25,0,0,52.740
mixed,real,1221,8026400805991761524,0,2010,1,1251,38,38,314141,8266.868,204800,25,0,0,52.528
mixed,real,1222,8026400805991761524,0,2010,1,3261,38,38,314179,8267.868,204800,25,0,0,52.930
mixed,real,1223,8026400805991761524,0,2010,1,5271,38,38,314217,8268.868,196608,24,0,0,55.517
mixed,real,1224,8026400805991761524,0,2010,2,7281,38,38,314255,8269.868,196608,24,0,0,53.389
mixed,real,1225,8026400805991761524,0,2009,1,1099,39,39,322485,8268.846,196608,24,0,0,52.343
mixed,real,1226,8026400805991761524,0,2009,1,3108,39,39,322524,8269.846,196608,24,0,0,53.894
mixed,real,1227,8026400805991761524,0,2009,1,5117,39,39,322563,8270.846,188416,23,0,0,54.359
mixed,real,1228,8026400805991761524,0,2009,2,7126,39,39,322602,8271.846,188416,23,0,0,53.230
mixed,real,1229,8026400805991761524,0,2008,1,943,40,40,330833,8270.825,188416,23,0,0,53.555
mixed,real,1230,8026400805991761524,0,2008,1,2951,40,40,330873,8271.825,188416,23,0,0,51.939
mixed,real,1231,8026400805991761524,0,2008,1,4959,40,40,330913,8272.825,180224,22,0,0,54.877
mixed,real,1232,8026400805991761524,0,2008,2,6967,40,40,330953,8273.825,180224,22,0,0,53.237
mixed,real,1233,8026400805991761524,0,2007,1,783,41,41,339185,8272.805,180224,22,0,0,53.125
mixed,real,1234,8026400805991761524,0,2007,1,2790,41,41,339226,8273.805,180224,22,0,0,52.879
mixed,real,1235,8026400805991761524,0,2007,1,4797,41,41,339267,8274.805,172032,21,0,0,54.426
mixed,real,1236,8026400805991761524,0,2007,2,6804,41,41,339308,8275.805,172032,21,0,0,52.919
mixed,real,1237,8026400805991761524,0,2006,1,619,42,42,347541,8274.786,172032,21,0,0,52.166
mixed,real,1238,8026400805991761524,0,2006,1,2625,42,42,347583,8275.786,172032,21,0,0,52.370
mixed,real,1239,8026400805991761524,0,2006,1,4631,42,42,347625,8276.786,163840,20,0,0,54.683
mixed,real,1240,8026400805991761524,0,2006,2,6637,42,42,347667,8277.786,163840,20,0,0,56.469
mixed,real,1241,8026400805991761524,0,2005,1,451,43,43,355901,8276.767,163840,20,0,0,51.167
mixed,real,1242,8026400805991761524,0,2005,1,2456,43,43,355944,8277.767,163840,20,0,0,52.693
mixed,real,1243,8026400805991761524,0,2005,1,4461,43,43,355987,8278.767,155648,19,0,0,54.174
mixed,real,1244,8026400805991761524,0,2005,2,6466,43,43,356030,8279.767,155648,19,0,0,56.429
mixed,real,1245,8026400805991761524,0,2004,1,279,44,44,364265,8278.750,155648,19,0,0,51.473
mixed,real,1246,8026400805991761524,0,2004,1,2283,44,44,364309,8279.750,155648,19,0,0,53.998
mixed,real,1247,8026400805991761524,0,2004,1,4287,44,44,364353,8280.750,147456,18,0,0,54.488
mixed,real,1248,8026400805991761524,0,2004,2,6291,44,44,364397,8281.750,147456,18,0,0,57.054
mixed,real,1249,8026400805991761524,0,2003,1,103,45,45,372633,8280.733,147456,18,0,0,52.121
mixed,real,1250,8026400805991761524,0,2003,1,2106,45,45,372678,8281.733,147456,18,0,0,53.341
mixed,real,1251,8026400805991761524,0,2003,1,4109,45,45,372723,8282.733,147456,18,0,0,53.275
mixed,real,1252,8026400805991761524,0,2003,1,6112,45,45,372768,8283.733,139264,17,0,0,56.076
mixed,real,1253,8026400805991761524,0,2003,2,8115,45,45,372813,8284.733,139264,17,0,0,51.867
mixed,real,1254,8026400805991761524,0,2002,1,1926,46,46,381050,8283.696,139264,17,0,0,52.897
mixed,real,1255,8026400805991761524,0,2002,1,3928,46,46,381096,8284.696,139264,17,0,0,53.554
mixed,real,1256,8026400805991761524,0,2002,1,5930,46,46,381142,8285.696,131072,16,0,0,55.558
mixed,real,1257,8026400805991761524,0,2002,2,7932,46,46,381188,8286.696,131072,16,0,0,51.594
mixed,real,1258,8026400805991761524,0,2001,1,1742,47,47,389426,8285.660,131072,16,0,0,51.544
mixed,real,1259,8026400805991761524,0,2001,1,3743,47,47,389473,8286.660,131072,16,0,0,53.213
mixed,real,1260,8026400805991761524,0,2001,1,5744,47,47,389520,8287.660,122880,15,0,0,57.168
mixed,real,1261,8026400805991761524,0,2001,2,7745,47,47,389567,8288.660,122880,15,0,0,54.648
mixed,real,1262,8026400805991761524,0,2000,1,1554,48,48,397806,8287.625,122880,15,0,0,53.450
mixed,real,1263,8026400805991761524,0,2000,1,3554,48,48,397854,8288.625,122880,15,0,0,52.607
mixed,real,1264,8026400805991761524,0,2000,1,5554,48,48,397902,8289.625,114688,14,0,0,56.046
mixed,real,1265,8026400805991761524,0,2000,2,7554,48,48,397950,8290.625,114688,14,0,0,53.127
mixed,real,1266,8026400805991761524,0,1999,1,1362,49,49,406190,8289.592,114688,14,0,0,52.742
mixed,real,1267,8026400805991761524,0,1999,1,3361,49,49,406239,8290.592,114688,14,0,0,52.903
mixed,real,1268,8026400805991761524,0,1999,1,5360,49,49,406288,8291.592,106496,13,0,0,56.607
mixed,real,1269,8026400805991761524,0,1999,2,7359,49,49,406337,8292.592,106496,13,0,0,53.451
mixed,real,1270,8026400805991761524,0,1998,1,1166,50,50,414578,8291.560,106496,13,0,0,53.090
mixed,real,1271,8026400805991761524,0,1998,1,3164,50,50,414628,8292.560,106496,13,0,0,52.697
mixed,real,1272,8026400805991761524,0,1998,1,5162,50,50,414678,8293.560,98304,12,0,0,54.923
mixed,real,1273,8026400805991761524,0,1998,2,7160,50,50,414728,8294.560,98304,12,0,0,52.620
mixed,real,1274,8026400805991761524,0,1997,1,966,51,51,422970,8293.529,98304,12,0,0,53.305
mixed,real,1275,8026400805991761524,0,1997,1,2963,51,51,423021,8294.529,98304,12,0,0,53.144
mixed,real,1276,8026400805991761524,0,1997,1,4960,51,51,423072,8295.529,90112,11,0,0,55.394
mixed,real,1277,8026400805991761524,0,1997,2,6957,51,51,423123,8296.529,90112,11,0,0,53.812
mixed,real,1278,8026400805991761524,0,1996,1,762,52,52,431366,8295.500,90112,11,0,0,52.518
mixed,real,1279,8026400805991761524,0,1996,1,2758,52,52,431418,8296.500,90112,11,0,0,53.527
mixed,real,1280,8026400805991761524,0,1996,1,4754,52,52,431470,8297.500,81920,10,0,0,54.678
mixed,real,1281,8026400805991761524,0,1996,2,6750,52,52,431522,8298.500,81920,10,0,0,56.941
mixed,real,1282,8026400805991761524,0,1995,1,554,53,53,439766,8297.472,81920,10,0,0,51.843
mixed,real,1283,8026400805991761524,0,1995,1,2549,53,53,439819,8298.472,81920,10,0,0,53.328
mixed,real,1284,8026400805991761524,0,1995,1,4544,53,53,439872,8299.472,73728,9,0,0,55.289
mixed,real,1285,8026400805991761524,0,1995,2,6539,53,53,439925,8300.472,73728,9,0,0,57.465
mixed,real,1286,8026400805991761524,0,1994,1,342,54,54,448170,8299.444,73728,9,0,0,52.268
mixed,real,1287,8026400805991761524,0,1994,1,2336,54,54,448224,8300.444,73728,9,0,0,53.027
mixed,real,1288,8026400805991761524,0,1994,1,4330,54,54,448278,8301.444,65536,8,0,0,54.568
mixed,real,1289,8026400805991761524,0,1994,2,6324,54,54,448332,8302.444,65536,8,0,0,56.449
mixed,real,1290,8026400805991761524,0,1993,1,126,55,55,456578,8301.418,65536,8,0,0,52.517
mixed,real,1291,8026400805991761524,0,1993,1,2119,55,55,456633,8302.418,65536,8,0,0,53.706
mixed,real,1292,8026400805991761524,0,1993,1,4112,55,55,456688,8303.418,65536,8,0,0,54.074
mixed,real,1293,8026400805991761524,0,1993,1,6105,55,55,456743,8304.418,57344,7,0,0,56.481
mixed,real,1294,8026400805991761524,0,1993,2,8098,55,55,456798,8305.418,57344,7,0,0,53.154
mixed,real,1295,8026400805991761524,0,1992,1,1899,56,56,465045,8304.375,57344,7,0,0,53.073
mixed,real,1296,8026400805991761524,0,1992,1,3891,56,56,465101,8305.375,57344,7,0,0,53.794
mixed,real,1297,8026400805991761524,0,1992,1,5883,56,56,465157,8306.375,49152,6,0,0,56.520
mixed,real,1298,8026400805991761524,0,1992,2,7875,56,56,465213,8307.375,49152,6,0,0,53.321
mixed,real,1299,8026400805991761524,0,1991,1,1675,57,57,473461,8306.333,49152,6,0,0,53.317
mixed,real,1300,8026400805991761524,0,1991,1,3666,57,57,473518,8307.333,49152,6,0,0,53.543
mixed,real,1301,8026400805991761524,0,1991,1,5657,57,57,473575,8308.333,40960,5,0,0,56.149
mixed,real,1302,8026400805991761524,0,1991,2,7648,57,57,473632,8309.333,40960,5,0,0,53.821
mixed,real,1303,8026400805991761524,0,1990,1,1447,58,58,481881,8308.293,40960,5,0,0,52.671
mixed,real,1304,8026400805991761524,0,1990,1,3437,58,58,481939,8309.293,40960,5,0,0,53.698
mixed,real,1305,8026400805991761524,0,1990,1,5427,58,58,481997,8310.293,32768,4,0,0,56.415
mixed,real,1306,8026400805991761524,0,1990,2,7417,58,58,482055,8311.293,32768,4,0,0,55.455
mixed,real,1307,8026400805991761524,0,1989,1,1215,59,59,490305,8310.254,32768,4,0,0,52.673
mixed,real,1308,8026400805991761524,0,1989,1,3204,59,59,490364,8311.254,32768,4,0,0,53.249
mixed,real,1309,8026400805991761524,0,1989,1,5193,59,59,490423,8312.254,24576,3,0,0,55.708
mixed,real,1310,8026400805991761524,0,1989,2,7182,59,59,490482,8313.254,24576,3,0,0,53.606
mixed,real,1311,8026400805991761524,0,1988,1,979,60,60,498733,8312.217,24576,3,0,0,52.578
mixed,real,1312,8026400805991761524,0,1988,1,2967,60,60,498793,8313.217,24576,3,0,0,53.613
mixed,real,1313,8026400805991761524,0,1988,1,4955,60,60,498853,8314.217,16384,2,0,0,55.747
mixed,real,1314,8026400805991761524,0,1988,2,6943,60,60,498913,8315.217,16384,2,0,0,57.240
mixed,real,1315,8026400805991761524,0,1987,1,739,61,61,507165,8314.180,16384,2,0,0,52.327
mixed,real,1316,8026400805991761524,0,1987,1,2726,61,61,507226,8315.180,16384,2,0,0,53.205
mixed,real,1317,8026400805991761524,0,1987,1,4713,61,61,507287,8316.180,8192,1,0,0,54.888
mixed,real,1318,8026400805991761524,0,1987,2,6700,61,61,507348,8317.180,8192,1,0,0,57.465
mixed,real,1319,8026400805991761524,0,1986,1,495,62,62,515601,8316.145,8192,1,0,0,53.119
mixed,real,1320,8026400805991761524,0,1986,1,2481,62,62,515663,8317.145,8192,1,0,0,53.442
mixed,real,1321,8026400805991761524,0,1986,1,4467,62,62,515725,8318.145,0,0,0,0,54.506
mixed,real,1322,8026400805991761524,0,1986,2,6453,62,62,515787,8319.145,0,0,0,0,56.826
mixed,real,1323,8026400805991761524,0,1985,1,247,63,63,524041,8318.111,0,0,0,0,52.964
mixed,real,1324,8026400805991761524,0,1985,1,2232,63,63,524104,8319.111,0,0,0,0,52.846
mixed,real,1325,8026400805991761524,0,1985,1,4217,63,63,524167,8320.111,0,0,0,0,54.837
mixed,real,1326,8026400805991761524,0,1985,1,6202,63,63,524230,8321.111,0,0,0,0,57.242
mixed,real,1327,8026400805991761524,0,5,1,8187,63,63,524293,8322.111,0,0,0,0,13.475
decode,real,1328,8026400805991761524,0,0,0,0,64,64,532548,8321.062,0,0,0,0,13.181
decode,real,1329,8026400805991761524,0,0,0,0,64,64,532612,8322.062,0,0,0,0,13.221
decode,real,1330,8026400805991761524,0,0,0,0,64,64,532676,8323.062,0,0,0,0,13.245
decode,real,1331,8026400805991761524,0,0,0,0,64,64,532740,8324.062,0,0,0,0,13.234
decode,real,1332,8026400805991761524,0,0,0,0,64,64,532804,8325.062,0,0,0,0,13.222
decode,real,1333,8026400805991761524,0,0,0,0,64,64,532868,8326.062,0,0,0,0,13.210
decode,real,1334,8026400805991761524,0,0,0,0,64,64,532932,8327.062,0,0,0,0,13.221
decode,real,1335,8026400805991761524,0,0,0,0,64,64,532996,8328.062,0,0,0,0,13.213
decode,real,1336,8026400805991761524,0,0,0,0,64,64,533060,8329.062,0,0,0,0,13.215
decode,real,1337,8026400805991761524,0,0,0,0,64,64,533124,8330.062,0,0,0,0,13.222
decode,real,1338,8026400805991761524,0,0,0,0,64,64,533188,8331.062,0,0,0,0,13.239
decode,real,1339,8026400805991761524,0,0,0,0,64,64,533252,8332.062,0,0,0,0,13.230
decode,real,1340,8026400805991761524,0,0,0,0,64,64,533316,8333.062,0,0,0,0,13.260
decode,real,1341,8026400805991761524,0,0,0,0,64,64,533380,8334.062,0,0,0,0,13.237
decode,real,1342,8026400805991761524,0,0,0,0,64,64,533444,8335.062,0,0,0,0,13.256
decode,real,1343,8026400805991761524,0,0,0,0,64,64,533508,8336.062,0,0,0,0,13.277
decode,real,1344,8026400805991761524,0,0,0,0,64,64,533572,8337.062,0,0,0,0,13.169
decode,real,1345,8026400805991761524,0,0,0,0,64,64,533636,8338.062,0,0,0,0,13.270
decode,real,1346,8026400805991761524,0,0,0,0,64,64,533700,8339.062,0,0,0,0,13.256
decode,real,1347,8026400805991761524,0,0,0,0,64,64,533764,8340.062,0,0,0,0,13.194
decode,real,1348,8026400805991761524,0,0,0,0,64,64,533828,8341.062,0,0,0,0,13.229
decode,real,1349,8026400805991761524,0,0,0,0,64,64,533892,8342.062,0,0,0,0,13.275
decode,real,1350,8026400805991761524,0,0,0,0,64,64,533956,8343.062,0,0,0,0,13.236
decode,real,1351,8026400805991761524,0,0,0,0,64,64,534020,8344.062,0,0,0,0,13.235
decode,real,1352,8026400805991761524,0,0,0,0,64,64,534084,8345.062,0,0,0,0,13.217
decode,real,1353,8026400805991761524,0,0,0,0,64,64,534148,8346.062,0,0,0,0,13.265
decode,real,1354,8026400805991761524,0,0,0,0,64,64,534212,8347.062,0,0,0,0,13.258
decode,real,1355,8026400805991761524,0,0,0,0,64,64,534276,8348.062,0,0,0,0,13.239
decode,real,1356,8026400805991761524,0,0,0,0,64,64,534340,8349.062,0,0,0,0,13.177
decode,real,1357,8026400805991761524,0,0,0,0,64,64,534404,8350.062,0,0,0,0,13.296
decode,real,1358,8026400805991761524,0,0,0,0,64,64,534468,8351.062,0,0,0,0,13.237
decode,real,1359,8026400805991761524,0,0,0,0,64,64,534532,8352.062,0,0,0,0,13.244
decode,real,1360,8026400805991761524,0,0,0,0,64,64,534596,8353.062,0,0,0,0,13.195
decode,real,1361,8026400805991761524,0,0,0,0,64,64,534660,8354.062,0,0,0,0,13.252
decode,real,1362,8026400805991761524,0,0,0,0,64,64,534724,8355.062,0,0,0,0,13.309
decode,real,1363,8026400805991761524,0,0,0,0,64,64,534788,8356.062,0,0,0,0,13.176
decode,real,1364,8026400805991761524,0,0,0,0,64,64,534852,8357.062,0,0,0,0,13.258
decode,real,1365,8026400805991761524,0,0,0,0,64,64,534916,8358.062,0,0,0,0,13.214
decode,real,1366,8026400805991761524,0,0,0,0,64,64,534980,8359.062,0,0,0,0,13.258
decode,real,1367,8026400805991761524,0,0,0,0,64,64,535044,8360.062,0,0,0,0,13.219
decode,real,1368,8026400805991761524,0,0,0,0,64,64,535108,8361.062,0,0,0,0,13.234
decode,real,1369,8026400805991761524,0,0,0,0,64,64,535172,8362.062,0,0,0,0,13.247
decode,real,1370,8026400805991761524,0,0,0,0,64,64,535236,8363.062,0,0,0,0,13.255
decode,real,1371,8026400805991761524,0,0,0,0,64,64,535300,8364.062,0,0,0,0,13.235
decode,real,1372,8026400805991761524,0,0,0,0,64,64,535364,8365.062,0,0,0,0,13.241
decode,real,1373,8026400805991761524,0,0,0,0,64,64,535428,8366.062,0,0,0,0,13.223
decode,real,1374,8026400805991761524,0,0,0,0,64,64,535492,8367.062,0,0,0,0,13.316
decode,real,1375,8026400805991761524,0,0,0,0,64,64,535556,8368.062,0,0,0,0,13.199
decode,real,1376,8026400805991761524,0,0,0,0,64,64,535620,8369.062,0,0,0,0,13.226
decode,real,1377,8026400805991761524,0,0,0,0,64,64,535684,8370.062,0,0,0,0,13.294
decode,real,1378,8026400805991761524,0,0,0,0,64,64,535748,8371.062,0,0,0,0,13.262
decode,real,1379,8026400805991761524,0,0,0,0,64,64,535812,8372.062,0,0,0,0,13.204
decode,real,1380,8026400805991761524,0,0,0,0,64,64,535876,8373.062,0,0,0,0,13.248
decode,real,1381,8026400805991761524,0,0,0,0,64,64,535940,8374.062,0,0,0,0,13.235
decode,real,1382,8026400805991761524,0,0,0,0,64,64,536004,8375.062,0,0,0,0,13.293
decode,real,1383,8026400805991761524,0,0,0,0,64,64,536068,8376.062,0,0,0,0,13.279
decode,real,1384,8026400805991761524,0,0,0,0,64,64,536132,8377.062,0,0,0,0,13.208
decode,real,1385,8026400805991761524,0,0,0,0,64,64,536196,8378.062,0,0,0,0,14.125
decode,real,1386,8026400805991761524,0,0,0,0,64,64,536260,8379.062,0,0,0,0,12.604
decode,real,1387,8026400805991761524,0,0,0,0,64,64,536324,8380.062,0,0,0,0,13.157
decode,real,1388,8026400805991761524,0,0,0,0,64,64,536388,8381.062,0,0,0,0,13.222
decode,real,1389,8026400805991761524,0,0,0,0,64,64,536452,8382.062,0,0,0,0,13.313
decode,real,1390,8026400805991761524,0,0,0,0,64,64,536516,8383.062,0,0,0,0,13.282
decode,real,1391,8026400805991761524,0,0,0,0,64,64,536580,8384.062,0,0,0,0,13.260
decode,real,1392,8026400805991761524,0,0,0,0,64,64,536644,8385.062,0,0,0,0,13.250
decode,real,1393,8026400805991761524,0,0,0,0,64,64,536708,8386.062,0,0,0,0,13.289
decode,real,1394,8026400805991761524,0,0,0,0,64,64,536772,8387.062,0,0,0,0,13.302
decode,real,1395,8026400805991761524,0,0,0,0,64,64,536836,8388.062,0,0,0,0,13.224
decode,real,1396,8026400805991761524,0,0,0,0,64,64,536900,8389.062,0,0,0,0,13.250
decode,real,1397,8026400805991761524,0,0,0,0,64,64,536964,8390.062,0,0,0,0,13.288
decode,real,1398,8026400805991761524,0,0,0,0,64,64,537028,8391.062,0,0,0,0,13.265
decode,real,1399,8026400805991761524,0,0,0,0,64,64,537092,8392.062,0,0,0,0,13.302
decode,real,1400,8026400805991761524,0,0,0,0,64,64,537156,8393.062,0,0,0,0,13.185
decode,real,1401,8026400805991761524,0,0,0,0,64,64,537220,8394.062,0,0,0,0,13.308
decode,real,1402,8026400805991761524,0,0,0,0,64,64,537284,8395.062,0,0,0,0,13.326
decode,real,1403,8026400805991761524,0,0,0,0,64,64,537348,8396.062,0,0,0,0,13.239
decode,real,1404,8026400805991761524,0,0,0,0,64,64,537412,8397.062,0,0,0,0,13.259
decode,real,1405,8026400805991761524,0,0,0,0,64,64,537476,8398.062,0,0,0,0,13.329
decode,real,1406,8026400805991761524,0,0,0,0,64,64,537540,8399.062,0,0,0,0,13.295
decode,real,1407,8026400805991761524,0,0,0,0,64,64,537604,8400.062,0,0,0,0,13.267
decode,real,1408,8026400805991761524,0,0,0,0,64,64,537668,8401.062,0,0,0,0,13.303
decode,real,1409,8026400805991761524,0,0,0,0,64,64,537732,8402.062,0,0,0,0,13.228
decode,real,1410,8026400805991761524,0,0,0,0,64,64,537796,8403.062,0,0,0,0,15.071
decode,real,1411,8026400805991761524,0,0,0,0,64,64,537860,8404.062,0,0,0,0,11.578
decode,real,1412,8026400805991761524,0,0,0,0,64,64,537924,8405.062,0,0,0,0,13.213
decode,real,1413,8026400805991761524,0,0,0,0,64,64,537988,8406.062,0,0,0,0,13.299
decode,real,1414,8026400805991761524,0,0,0,0,64,64,538052,8407.062,0,0,0,0,13.314
decode,real,1415,8026400805991761524,0,0,0,0,64,64,538116,8408.062,0,0,0,0,13.192
decode,real,1416,8026400805991761524,0,0,0,0,64,64,538180,8409.062,0,0,0,0,13.227
decode,real,1417,8026400805991761524,0,0,0,0,64,64,538244,8410.062,0,0,0,0,13.336
decode,real,1418,8026400805991761524,0,0,0,0,64,64,538308,8411.062,0,0,0,0,13.319
decode,real,1419,8026400805991761524,0,0,0,0,64,64,538372,8412.062,0,0,0,0,13.275
decode,real,1420,8026400805991761524,0,0,0,0,64,64,538436,8413.062,0,0,0,0,13.257
decode,real,1421,8026400805991761524,0,0,0,0,64,64,538500,8414.062,0,0,0,0,13.322
decode,real,1422,8026400805991761524,0,0,0,0,64,64,538564,8415.062,0,0,0,0,13.309
decode,real,1423,8026400805991761524,0,0,0,0,64,64,538628,8416.062,0,0,0,0,13.255
decode,real,1424,8026400805991761524,0,0,0,0,64,64,538692,8417.062,0,0,0,0,13.311
decode,real,1425,8026400805991761524,0,0,0,0,64,64,538756,8418.062,0,0,0,0,13.306
decode,real,1426,8026400805991761524,0,0,0,0,64,64,538820,8419.062,0,0,0,0,13.250
decode,real,1427,8026400805991761524,0,0,0,0,64,64,538884,8420.062,0,0,0,0,13.281
decode,real,1428,8026400805991761524,0,0,0,0,64,64,538948,8421.062,0,0,0,0,13.275
decode,real,1429,8026400805991761524,0,0,0,0,64,64,539012,8422.062,0,0,0,0,13.257
decode,real,1430,8026400805991761524,0,0,0,0,64,64,539076,8423.062,0,0,0,0,13.654
decode,real,1431,8026400805991761524,0,0,0,0,64,64,539140,8424.062,0,0,0,0,13.051
decode,real,1432,8026400805991761524,0,0,0,0,64,64,539204,8425.062,0,0,0,0,13.238
decode,real,1433,8026400805991761524,0,0,0,0,64,64,539268,8426.062,0,0,0,0,13.302
decode,real,1434,8026400805991761524,0,0,0,0,64,64,539332,8427.062,0,0,0,0,13.281
decode,real,1435,8026400805991761524,0,0,0,0,64,64,539396,8428.062,0,0,0,0,13.298
decode,real,1436,8026400805991761524,0,0,0,0,64,64,539460,8429.062,0,0,0,0,13.340
decode,real,1437,8026400805991761524,0,0,0,0,64,64,539524,8430.062,0,0,0,0,13.252
decode,real,1438,8026400805991761524,0,0,0,0,64,64,539588,8431.062,0,0,0,0,13.284
decode,real,1439,8026400805991761524,0,0,0,0,64,64,539652,8432.062,0,0,0,0,13.315
decode,real,1440,8026400805991761524,0,0,0,0,64,64,539716,8433.062,0,0,0,0,13.250
decode,real,1441,8026400805991761524,0,0,0,0,64,64,539780,8434.062,0,0,0,0,13.331
decode,real,1442,8026400805991761524,0,0,0,0,64,64,539844,8435.062,0,0,0,0,13.303
decode,real,1443,8026400805991761524,0,0,0,0,64,64,539908,8436.062,0,0,0,0,13.328
decode,real,1444,8026400805991761524,0,0,0,0,64,64,539972,8437.062,0,0,0,0,13.275
decode,real,1445,8026400805991761524,0,0,0,0,64,64,540036,8438.062,0,0,0,0,13.251
decode,real,1446,8026400805991761524,0,0,0,0,64,64,540100,8439.062,0,0,0,0,13.346
decode,real,1447,8026400805991761524,0,0,0,0,64,64,540164,8440.062,0,0,0,0,13.328
decode,real,1448,8026400805991761524,0,0,0,0,64,64,540228,8441.062,0,0,0,0,13.277
decode,real,1449,8026400805991761524,0,0,0,0,64,64,540292,8442.062,0,0,0,0,13.300
decode,real,1450,8026400805991761524,0,0,0,0,64,64,540356,8443.062,0,0,0,0,13.338
decode,real,1451,8026400805991761524,0,0,0,0,64,64,540420,8444.062,0,0,0,0,13.252
decode,real,1452,8026400805991761524,0,0,0,0,64,64,540484,8445.062,0,0,0,0,13.375
decode,real,1453,8026400805991761524,0,0,0,0,64,64,540548,8446.062,0,0,0,0,13.458
decode,real,1454,8026400805991761524,0,0,0,0,64,64,540612,8447.062,0,0,0,0,13.260
decode,real,1455,8026400805991761524,0,0,0,0,64,64,540676,8448.062,0,0,0,0,13.214
decode,real,1456,8026400805991761524,0,0,0,0,64,64,540740,8449.062,0,0,0,0,13.268
decode,real,1457,8026400805991761524,0,0,0,0,64,64,540804,8450.062,0,0,0,0,13.295
decode,real,1458,8026400805991761524,0,0,0,0,64,64,540868,8451.062,0,0,0,0,13.317
decode,real,1459,8026400805991761524,0,0,0,0,64,64,540932,8452.062,0,0,0,0,13.286
decode,real,1460,8026400805991761524,0,0,0,0,64,64,540996,8453.062,0,0,0,0,13.322
decode,real,1461,8026400805991761524,0,0,0,0,64,64,541060,8454.062,0,0,0,0,13.268
decode,real,1462,8026400805991761524,0,0,0,0,64,64,541124,8455.062,0,0,0,0,13.354
decode,real,1463,8026400805991761524,0,0,0,0,64,64,541188,8456.062,0,0,0,0,13.293
decode,real,1464,8026400805991761524,0,0,0,0,64,64,541252,8457.062,0,0,0,0,13.318
decode,real,1465,8026400805991761524,0,0,0,0,64,64,541316,8458.062,0,0,0,0,13.289
decode,real,1466,8026400805991761524,0,0,0,0,64,64,541380,8459.062,0,0,0,0,13.433
decode,real,1467,8026400805991761524,0,0,0,0,64,64,541444,8460.062,0,0,0,0,13.232
decode,real,1468,8026400805991761524,0,0,0,0,64,64,541508,8461.062,0,0,0,0,13.320
decode,real,1469,8026400805991761524,0,0,0,0,64,64,541572,8462.062,0,0,0,0,13.328
decode,real,1470,8026400805991761524,0,0,0,0,64,64,541636,8463.062,0,0,0,0,13.321
decode,real,1471,8026400805991761524,0,0,0,0,64,64,541700,8464.062,0,0,0,0,13.303
decode,real,1472,8026400805991761524,0,0,0,0,64,64,541764,8465.062,0,0,0,0,13.282
decode,real,1473,8026400805991761524,0,0,0,0,64,64,541828,8466.062,0,0,0,0,13.331
decode,real,1474,8026400805991761524,0,0,0,0,64,64,541892,8467.062,0,0,0,0,13.320
decode,real,1475,8026400805991761524,0,0,0,0,64,64,541956,8468.062,0,0,0,0,13.311
decode,real,1476,8026400805991761524,0,0,0,0,64,64,542020,8469.062,0,0,0,0,13.286
decode,real,1477,8026400805991761524,0,0,0,0,64,64,542084,8470.062,0,0,0,0,13.324
decode,real,1478,8026400805991761524,0,0,0,0,64,64,542148,8471.062,0,0,0,0,13.365
decode,real,1479,8026400805991761524,0,0,0,0,64,64,542212,8472.062,0,0,0,0,13.312
decode,real,1480,8026400805991761524,0,0,0,0,64,64,542276,8473.062,0,0,0,0,13.268
decode,real,1481,8026400805991761524,0,0,0,0,64,64,542340,8474.062,0,0,0,0,13.401
decode,real,1482,8026400805991761524,0,0,0,0,64,64,542404,8475.062,0,0,0,0,13.330
decode,real,1483,8026400805991761524,0,0,0,0,64,64,542468,8476.062,0,0,0,0,13.320
decode,real,1484,8026400805991761524,0,0,0,0,64,64,542532,8477.062,0,0,0,0,13.337
decode,real,1485,8026400805991761524,0,0,0,0,64,64,542596,8478.062,0,0,0,0,13.328
decode,real,1486,8026400805991761524,0,0,0,0,64,64,542660,8479.062,0,0,0,0,13.302
decode,real,1487,8026400805991761524,0,0,0,0,64,64,542724,8480.062,0,0,0,0,13.371
decode,real,1488,8026400805991761524,0,0,0,0,64,64,542788,8481.062,0,0,0,0,13.275
decode,real,1489,8026400805991761524,0,0,0,0,64,64,542852,8482.062,0,0,0,0,13.312
decode,real,1490,8026400805991761524,0,0,0,0,64,64,542916,8483.062,0,0,0,0,13.401
decode,real,1491,8026400805991761524,0,0,0,0,64,64,542980,8484.062,0,0,0,0,13.264
decode,real,1492,8026400805991761524,0,0,0,0,64,64,543044,8485.062,0,0,0,0,13.341
decode,real,1493,8026400805991761524,0,0,0,0,64,64,543108,8486.062,0,0,0,0,13.369
decode,real,1494,8026400805991761524,0,0,0,0,64,64,543172,8487.062,0,0,0,0,13.313
decode,real,1495,8026400805991761524,0,0,0,0,64,64,543236,8488.062,0,0,0,0,13.356
decode,real,1496,8026400805991761524,0,0,0,0,64,64,543300,8489.062,0,0,0,0,13.363
decode,real,1497,8026400805991761524,0,0,0,0,64,64,543364,8490.062,0,0,0,0,13.316
decode,real,1498,8026400805991761524,0,0,0,0,64,64,543428,8491.062,0,0,0,0,13.347
decode,real,1499,8026400805991761524,0,0,0,0,64,64,543492,8492.062,0,0,0,0,13.315
decode,real,1500,8026400805991761524,0,0,0,0,64,64,543556,8493.062,0,0,0,0,13.344
decode,real,1501,8026400805991761524,0,0,0,0,64,64,543620,8494.062,0,0,0,0,13.350
decode,real,1502,8026400805991761524,0,0,0,0,64,64,543684,8495.062,0,0,0,0,13.313
decode,real,1503,8026400805991761524,0,0,0,0,64,64,543748,8496.062,0,0,0,0,13.282
decode,real,1504,8026400805991761524,0,0,0,0,64,64,543812,8497.062,0,0,0,0,13.359
decode,real,1505,8026400805991761524,0,0,0,0,64,64,543876,8498.062,0,0,0,0,13.353
decode,real,1506,8026400805991761524,0,0,0,0,64,64,543940,8499.062,0,0,0,0,13.339
decode,real,1507,8026400805991761524,0,0,0,0,64,64,544004,8500.062,0,0,0,0,13.337
decode,real,1508,8026400805991761524,0,0,0,0,64,64,544068,8501.062,0,0,0,0,13.340
decode,real,1509,8026400805991761524,0,0,0,0,64,64,544132,8502.062,0,0,0,0,13.320
decode,real,1510,8026400805991761524,0,0,0,0,64,64,544196,8503.062,0,0,0,0,13.386
decode,real,1511,8026400805991761524,0,0,0,0,64,64,544260,8504.062,0,0,0,0,13.346
decode,real,1512,8026400805991761524,0,0,0,0,64,64,544324,8505.062,0,0,0,0,13.328
decode,real,1513,8026400805991761524,0,0,0,0,64,64,544388,8506.062,0,0,0,0,13.357
decode,real,1514,8026400805991761524,0,0,0,0,64,64,544452,8507.062,0,0,0,0,13.351
decode,real,1515,8026400805991761524,0,0,0,0,64,64,544516,8508.062,0,0,0,0,13.362
decode,real,1516,8026400805991761524,0,0,0,0,64,64,544580,8509.062,0,0,0,0,13.357
decode,real,1517,8026400805991761524,0,0,0,0,64,64,544644,8510.062,0,0,0,0,13.339
decode,real,1518,8026400805991761524,0,0,0,0,64,64,544708,8511.062,0,0,0,0,13.329
decode,real,1519,8026400805991761524,0,0,0,0,64,64,544772,8512.062,0,0,0,0,13.378
decode,real,1520,8026400805991761524,0,0,0,0,64,64,544836,8513.062,0,0,0,0,13.325
decode,real,1521,8026400805991761524,0,0,0,0,64,64,544900,8514.062,0,0,0,0,13.355
decode,real,1522,8026400805991761524,0,0,0,0,64,64,544964,8515.062,0,0,0,0,13.416
decode,real,1523,8026400805991761524,0,0,0,0,64,64,545028,8516.062,0,0,0,0,13.294
decode,real,1524,8026400805991761524,0,0,0,0,64,64,545092,8517.062,0,0,0,0,13.345
decode,real,1525,8026400805991761524,0,0,0,0,64,64,545156,8518.062,0,0,0,0,13.384
decode,real,1526,8026400805991761524,0,0,0,0,64,64,545220,8519.062,0,0,0,0,13.363
decode,real,1527,8026400805991761524,0,0,0,0,64,64,545284,8520.062,0,0,0,0,13.353
decode,real,1528,8026400805991761524,0,0,0,0,64,64,545348,8521.062,0,0,0,0,13.381
decode,real,1529,8026400805991761524,0,0,0,0,64,64,545412,8522.062,0,0,0,0,13.320
decode,real,1530,8026400805991761524,0,0,0,0,64,64,545476,8523.062,0,0,0,0,13.369
decode,real,1531,8026400805991761524,0,0,0,0,64,64,545540,8524.062,0,0,0,0,13.380
decode,real,1532,8026400805991761524,0,0,0,0,64,64,545604,8525.062,0,0,0,0,13.339
decode,real,1533,8026400805991761524,0,0,0,0,64,64,545668,8526.062,0,0,0,0,13.359
decode,real,1534,8026400805991761524,0,0,0,0,64,64,545732,8527.062,0,0,0,0,13.355
decode,real,1535,8026400805991761524,0,0,0,0,64,64,545796,8528.062,0,0,0,0,13.371
decode,real,1536,8026400805991761524,0,0,0,0,64,64,545860,8529.062,0,0,0,0,13.364
decode,real,1537,8026400805991761524,0,0,0,0,64,64,545924,8530.062,0,0,0,0,13.389
decode,real,1538,8026400805991761524,0,0,0,0,64,64,545988,8531.062,0,0,0,0,13.644
decode,real,1539,8026400805991761524,0,0,0,0,64,64,546052,8532.062,0,0,0,0,13.183
decode,real,1540,8026400805991761524,0,0,0,0,64,64,546116,8533.062,0,0,0,0,13.253
decode,real,1541,8026400805991761524,0,0,0,0,64,64,546180,8534.062,0,0,0,0,13.410
decode,real,1542,8026400805991761524,0,0,0,0,64,64,546244,8535.062,0,0,0,0,13.362
decode,real,1543,8026400805991761524,0,0,0,0,64,64,546308,8536.062,0,0,0,0,13.396
decode,real,1544,8026400805991761524,0,0,0,0,64,64,546372,8537.062,0,0,0,0,13.360
decode,real,1545,8026400805991761524,0,0,0,0,64,64,546436,8538.062,0,0,0,0,13.361
decode,real,1546,8026400805991761524,0,0,0,0,64,64,546500,8539.062,0,0,0,0,13.403
decode,real,1547,8026400805991761524,0,0,0,0,64,64,546564,8540.062,0,0,0,0,13.372
decode,real,1548,8026400805991761524,0,0,0,0,64,64,546628,8541.062,0,0,0,0,13.319
decode,real,1549,8026400805991761524,0,0,0,0,64,64,546692,8542.062,0,0,0,0,13.335
decode,real,1550,8026400805991761524,0,0,0,0,64,64,546756,8543.062,0,0,0,0,13.436
decode,real,1551,8026400805991761524,0,0,0,0,64,64,546820,8544.062,0,0,0,0,13.302
decode,real,1552,8026400805991761524,0,0,0,0,64,64,546884,8545.062,0,0,0,0,13.384
decode,real,1553,8026400805991761524,0,0,0,0,64,64,546948,8546.062,0,0,0,0,13.375
decode,real,1554,8026400805991761524,0,0,0,0,64,64,547012,8547.062,0,0,0,0,13.384
decode,real,1555,8026400805991761524,0,0,0,0,64,64,547076,8548.062,0,0,0,0,13.388
decode,real,1556,8026400805991761524,0,0,0,0,64,64,547140,8549.062,0,0,0,0,13.372
decode,real,1557,8026400805991761524,0,0,0,0,64,64,547204,8550.062,0,0,0,0,13.377
decode,real,1558,8026400805991761524,0,0,0,0,64,64,547268,8551.062,0,0,0,0,13.389
decode,real,1559,8026400805991761524,0,0,0,0,64,64,547332,8552.062,0,0,0,0,13.337
decode,real,1560,8026400805991761524,0,0,0,0,64,64,547396,8553.062,0,0,0,0,13.373
decode,real,1561,8026400805991761524,0,0,0,0,64,64,547460,8554.062,0,0,0,0,13.337
decode,real,1562,8026400805991761524,0,0,0,0,64,64,547524,8555.062,0,0,0,0,13.412
decode,real,1563,8026400805991761524,0,0,0,0,64,64,547588,8556.062,0,0,0,0,13.369
decode,real,1564,8026400805991761524,0,0,0,0,64,64,547652,8557.062,0,0,0,0,13.338
decode,real,1565,8026400805991761524,0,0,0,0,64,64,547716,8558.062,0,0,0,0,13.415
decode,real,1566,8026400805991761524,0,0,0,0,64,64,547780,8559.062,0,0,0,0,13.381
decode,real,1567,8026400805991761524,0,0,0,0,64,64,547844,8560.062,0,0,0,0,13.378
decode,real,1568,8026400805991761524,0,0,0,0,64,64,547908,8561.062,0,0,0,0,13.354
decode,real,1569,8026400805991761524,0,0,0,0,64,64,547972,8562.062,0,0,0,0,13.396
decode,real,1570,8026400805991761524,0,0,0,0,64,64,548036,8563.062,0,0,0,0,13.368
decode,real,1571,8026400805991761524,0,0,0,0,64,64,548100,8564.062,0,0,0,0,13.385
decode,real,1572,8026400805991761524,0,0,0,0,64,64,548164,8565.062,0,0,0,0,13.360
decode,real,1573,8026400805991761524,0,0,0,0,64,64,548228,8566.062,0,0,0,0,13.367
decode,real,1574,8026400805991761524,0,0,0,0,64,64,548292,8567.062,0,0,0,0,13.415
decode,real,1575,8026400805991761524,0,0,0,0,64,64,548356,8568.062,0,0,0,0,13.378
decode,real,1576,8026400805991761524,0,0,0,0,64,64,548420,8569.062,0,0,0,0,13.370
decode,real,1577,8026400805991761524,0,0,0,0,64,64,548484,8570.062,0,0,0,0,13.760
decode,real,1578,8026400805991761524,0,0,0,0,64,64,548548,8571.062,0,0,0,0,13.081
decode,real,1579,8026400805991761524,0,0,0,0,64,64,548612,8572.062,0,0,0,0,13.304
decode,real,1580,8026400805991761524,0,0,0,0,64,64,548676,8573.062,0,0,0,0,13.391
decode,real,1581,8026400805991761524,0,0,0,0,64,64,548740,8574.062,0,0,0,0,13.394
decode,real,1582,8026400805991761524,0,0,0,0,64,64,548804,8575.062,0,0,0,0,13.395
decode,real,1583,8026400805991761524,0,0,0,0,64,64,548868,8576.062,0,0,0,0,13.387
decode,real,1584,8026400805991761524,0,0,0,0,64,64,548932,8577.062,0,0,0,0,13.390
decode,real,1585,8026400805991761524,0,0,0,0,64,64,548996,8578.062,0,0,0,0,13.382
decode,real,1586,8026400805991761524,0,0,0,0,64,64,549060,8579.062,0,0,0,0,13.494
decode,real,1587,8026400805991761524,0,0,0,0,64,64,549124,8580.062,0,0,0,0,13.336
decode,real,1588,8026400805991761524,0,0,0,0,64,64,549188,8581.062,0,0,0,0,13.382
decode,real,1589,8026400805991761524,0,0,0,0,64,64,549252,8582.062,0,0,0,0,13.394
decode,real,1590,8026400805991761524,0,0,0,0,64,64,549316,8583.062,0,0,0,0,13.417
decode,real,1591,8026400805991761524,0,0,0,0,64,64,549380,8584.062,0,0,0,0,13.375
decode,real,1592,8026400805991761524,0,0,0,0,64,64,549444,8585.062,0,0,0,0,13.379
decode,real,1593,8026400805991761524,0,0,0,0,64,64,549508,8586.062,0,0,0,0,13.385
decode,real,1594,8026400805991761524,0,0,0,0,64,64,549572,8587.062,0,0,0,0,13.408
decode,real,1595,8026400805991761524,0,0,0,0,64,64,549636,8588.062,0,0,0,0,13.412
decode,real,1596,8026400805991761524,0,0,0,0,64,64,549700,8589.062,0,0,0,0,13.371
decode,real,1597,8026400805991761524,0,0,0,0,64,64,549764,8590.062,0,0,0,0,13.445
decode,real,1598,8026400805991761524,0,0,0,0,64,64,549828,8591.062,0,0,0,0,13.408
decode,real,1599,8026400805991761524,0,0,0,0,64,64,549892,8592.062,0,0,0,0,13.418
decode,real,1600,8026400805991761524,0,0,0,0,64,64,549956,8593.062,0,0,0,0,13.342
decode,real,1601,8026400805991761524,0,0,0,0,64,64,550020,8594.062,0,0,0,0,13.404
decode,real,1602,8026400805991761524,0,0,0,0,64,64,550084,8595.062,0,0,0,0,13.602
decode,real,1603,8026400805991761524,0,0,0,0,64,64,550148,8596.062,0,0,0,0,13.236
decode,real,1604,8026400805991761524,0,0,0,0,64,64,550212,8597.062,0,0,0,0,13.423
decode,real,1605,8026400805991761524,0,0,0,0,64,64,550276,8598.062,0,0,0,0,13.378
decode,real,1606,8026400805991761524,0,0,0,0,64,64,550340,8599.062,0,0,0,0,13.431
decode,real,1607,8026400805991761524,0,0,0,0,64,64,550404,8600.062,0,0,0,0,13.392
decode,real,1608,8026400805991761524,0,0,0,0,64,64,550468,8601.062,0,0,0,0,13.410
decode,real,1609,8026400805991761524,0,0,0,0,64,64,550532,8602.062,0,0,0,0,13.433
decode,real,1610,8026400805991761524,0,0,0,0,64,64,550596,8603.062,0,0,0,0,13.423
decode,real,1611,8026400805991761524,0,0,0,0,64,64,550660,8604.062,0,0,0,0,13.383
decode,real,1612,8026400805991761524,0,0,0,0,64,64,550724,8605.062,0,0,0,0,13.431
decode,real,1613,8026400805991761524,0,0,0,0,64,64,550788,8606.062,0,0,0,0,13.391
decode,real,1614,8026400805991761524,0,0,0,0,64,64,550852,8607.062,0,0,0,0,13.455
decode,real,1615,8026400805991761524,0,0,0,0,64,64,550916,8608.062,0,0,0,0,13.432
decode,real,1616,8026400805991761524,0,0,0,0,64,64,550980,8609.062,0,0,0,0,13.406
decode,real,1617,8026400805991761524,0,0,0,0,64,64,551044,8610.062,0,0,0,0,13.401
decode,real,1618,8026400805991761524,0,0,0,0,64,64,551108,8611.062,0,0,0,0,13.468
decode,real,1619,8026400805991761524,0,0,0,0,64,64,551172,8612.062,0,0,0,0,13.404
decode,real,1620,8026400805991761524,0,0,0,0,64,64,551236,8613.062,0,0,0,0,13.393
decode,real,1621,8026400805991761524,0,0,0,0,64,64,551300,8614.062,0,0,0,0,13.431
decode,real,1622,8026400805991761524,0,0,0,0,64,64,551364,8615.062,0,0,0,0,13.434
decode,real,1623,8026400805991761524,0,0,0,0,64,64,551428,8616.062,0,0,0,0,13.393
decode,real,1624,8026400805991761524,0,0,0,0,64,64,551492,8617.062,0,0,0,0,13.433
decode,real,1625,8026400805991761524,0,0,0,0,64,64,551556,8618.062,0,0,0,0,13.418
decode,real,1626,8026400805991761524,0,0,0,0,64,64,551620,8619.062,0,0,0,0,13.458
decode,real,1627,8026400805991761524,0,0,0,0,64,64,551684,8620.062,0,0,0,0,13.975
decode,real,1628,8026400805991761524,0,0,0,0,64,64,551748,8621.062,0,0,0,0,12.854
decode,real,1629,8026400805991761524,0,0,0,0,64,64,551812,8622.062,0,0,0,0,13.440
decode,real,1630,8026400805991761524,0,0,0,0,64,64,551876,8623.062,0,0,0,0,13.432
decode,real,1631,8026400805991761524,0,0,0,0,64,64,551940,8624.062,0,0,0,0,13.416
decode,real,1632,8026400805991761524,0,0,0,0,64,64,552004,8625.062,0,0,0,0,13.409
decode,real,1633,8026400805991761524,0,0,0,0,64,64,552068,8626.062,0,0,0,0,13.411
decode,real,1634,8026400805991761524,0,0,0,0,64,64,552132,8627.062,0,0,0,0,13.463
decode,real,1635,8026400805991761524,0,0,0,0,64,64,552196,8628.062,0,0,0,0,13.406
decode,real,1636,8026400805991761524,0,0,0,0,64,64,552260,8629.062,0,0,0,0,13.435
decode,real,1637,8026400805991761524,0,0,0,0,64,64,552324,8630.062,0,0,0,0,13.424
decode,real,1638,8026400805991761524,0,0,0,0,64,64,552388,8631.062,0,0,0,0,13.441
decode,real,1639,8026400805991761524,0,0,0,0,64,64,552452,8632.062,0,0,0,0,13.416
decode,real,1640,8026400805991761524,0,0,0,0,64,64,552516,8633.062,0,0,0,0,13.443
decode,real,1641,8026400805991761524,0,0,0,0,64,64,552580,8634.062,0,0,0,0,13.423
decode,real,1642,8026400805991761524,0,0,0,0,64,64,552644,8635.062,0,0,0,0,13.461
decode,real,1643,8026400805991761524,0,0,0,0,64,64,552708,8636.062,0,0,0,0,13.414
decode,real,1644,8026400805991761524,0,0,0,0,64,64,552772,8637.062,0,0,0,0,13.454
decode,real,1645,8026400805991761524,0,0,0,0,64,64,552836,8638.062,0,0,0,0,13.421
decode,real,1646,8026400805991761524,0,0,0,0,64,64,552900,8639.062,0,0,0,0,13.462
decode,real,1647,8026400805991761524,0,0,0,0,64,64,552964,8640.062,0,0,0,0,13.470
decode,real,1648,8026400805991761524,0,0,0,0,64,64,553028,8641.062,0,0,0,0,13.419
decode,real,1649,8026400805991761524,0,0,0,0,64,64,553092,8642.062,0,0,0,0,13.451
decode,real,1650,8026400805991761524,0,0,0,0,64,64,553156,8643.062,0,0,0,0,13.452
decode,real,1651,8026400805991761524,0,0,0,0,64,64,553220,8644.062,0,0,0,0,13.467
decode,real,1652,8026400805991761524,0,0,0,0,64,64,553284,8645.062,0,0,0,0,13.394
decode,real,1653,8026400805991761524,0,0,0,0,64,64,553348,8646.062,0,0,0,0,13.495
decode,real,1654,8026400805991761524,0,0,0,0,64,64,553412,8647.062,0,0,0,0,13.430
decode,real,1655,8026400805991761524,0,0,0,0,64,64,553476,8648.062,0,0,0,0,13.454
decode,real,1656,8026400805991761524,0,0,0,0,64,64,553540,8649.062,0,0,0,0,13.449
decode,real,1657,8026400805991761524,0,0,0,0,64,64,553604,8650.062,0,0,0,0,13.443
decode,real,1658,8026400805991761524,0,0,0,0,64,64,553668,8651.062,0,0,0,0,13.472
decode,real,1659,8026400805991761524,0,0,0,0,64,64,553732,8652.062,0,0,0,0,13.438
decode,real,1660,8026400805991761524,0,0,0,0,64,64,553796,8653.062,0,0,0,0,13.473
decode,real,1661,8026400805991761524,0,0,0,0,64,64,553860,8654.062,0,0,0,0,13.461
decode,real,1662,8026400805991761524,0,0,0,0,64,64,553924,8655.062,0,0,0,0,13.461
decode,real,1663,8026400805991761524,0,0,0,0,64,64,553988,8656.062,0,0,0,0,13.446
decode,real,1664,8026400805991761524,0,0,0,0,64,64,554052,8657.062,0,0,0,0,13.450
decode,real,1665,8026400805991761524,0,0,0,0,64,64,554116,8658.062,0,0,0,0,13.452
decode,real,1666,8026400805991761524,0,0,0,0,64,64,554180,8659.062,0,0,0,0,13.457
decode,real,1667,8026400805991761524,0,0,0,0,64,64,554244,8660.062,0,0,0,0,13.447
decode,real,1668,8026400805991761524,0,0,0,0,64,64,554308,8661.062,0,0,0,0,13.444
decode,real,1669,8026400805991761524,0,0,0,0,64,64,554372,8662.062,0,0,0,0,13.454
decode,real,1670,8026400805991761524,0,0,0,0,64,64,554436,8663.062,0,0,0,0,13.449
decode,real,1671,8026400805991761524,0,0,0,0,64,64,554500,8664.062,0,0,0,0,13.465
decode,real,1672,8026400805991761524,0,0,0,0,64,64,554564,8665.062,0,0,0,0,13.446
decode,real,1673,8026400805991761524,0,0,0,0,64,64,554628,8666.062,0,0,0,0,13.498
decode,real,1674,8026400805991761524,0,0,0,0,64,64,554692,8667.062,0,0,0,0,13.451
decode,real,1675,8026400805991761524,0,0,0,0,64,64,554756,8668.062,0,0,0,0,13.463
decode,real,1676,8026400805991761524,0,0,0,0,64,64,554820,8669.062,0,0,0,0,13.455
decode,real,1677,8026400805991761524,0,0,0,0,64,64,554884,8670.062,0,0,0,0,13.473
decode,real,1678,8026400805991761524,0,0,0,0,64,64,554948,8671.062,0,0,0,0,13.475
decode,real,1679,8026400805991761524,0,0,0,0,64,64,555012,8672.062,0,0,0,0,13.450
decode,real,1680,8026400805991761524,0,0,0,0,64,64,555076,8673.062,0,0,0,0,13.452
decode,real,1681,8026400805991761524,0,0,0,0,64,64,555140,8674.062,0,0,0,0,13.451
decode,real,1682,8026400805991761524,0,0,0,0,64,64,555204,8675.062,0,0,0,0,13.472
decode,real,1683,8026400805991761524,0,0,0,0,64,64,555268,8676.062,0,0,0,0,13.466
decode,real,1684,8026400805991761524,0,0,0,0,64,64,555332,8677.062,0,0,0,0,13.477
decode,real,1685,8026400805991761524,0,0,0,0,64,64,555396,8678.062,0,0,0,0,13.440
decode,real,1686,8026400805991761524,0,0,0,0,64,64,555460,8679.062,0,0,0,0,13.477
decode,real,1687,8026400805991761524,0,0,0,0,64,64,555524,8680.062,0,0,0,0,13.508
decode,real,1688,8026400805991761524,0,0,0,0,64,64,555588,8681.062,0,0,0,0,13.463
decode,real,1689,8026400805991761524,0,0,0,0,64,64,555652,8682.062,0,0,0,0,13.445
decode,real,1690,8026400805991761524,0,0,0,0,64,64,555716,8683.062,0,0,0,0,13.509
decode,real,1691,8026400805991761524,0,0,0,0,64,64,555780,8684.062,0,0,0,0,13.445
decode,real,1692,8026400805991761524,0,0,0,0,64,64,555844,8685.062,0,0,0,0,13.468
decode,real,1693,8026400805991761524,0,0,0,0,64,64,555908,8686.062,0,0,0,0,13.480
decode,real,1694,8026400805991761524,0,0,0,0,64,64,555972,8687.062,0,0,0,0,13.482
decode,real,1695,8026400805991761524,0,0,0,0,64,64,556036,8688.062,0,0,0,0,13.467
decode,real,1696,8026400805991761524,0,0,0,0,64,64,556100,8689.062,0,0,0,0,13.449
decode,real,1697,8026400805991761524,0,0,0,0,64,64,556164,8690.062,0,0,0,0,13.454
decode,real,1698,8026400805991761524,0,0,0,0,64,64,556228,8691.062,0,0,0,0,13.476
decode,real,1699,8026400805991761524,0,0,0,0,64,64,556292,8692.062,0,0,0,0,13.469
decode,real,1700,8026400805991761524,0,0,0,0,64,64,556356,8693.062,0,0,0,0,13.460
decode,real,1701,8026400805991761524,0,0,0,0,64,64,556420,8694.062,0,0,0,0,13.503
decode,real,1702,8026400805991761524,0,0,0,0,64,64,556484,8695.062,0,0,0,0,13.459
decode,real,1703,8026400805991761524,0,0,0,0,64,64,556548,8696.062,0,0,0,0,13.498
decode,real,1704,8026400805991761524,0,0,0,0,64,64,556612,8697.062,0,0,0,0,13.445
decode,real,1705,8026400805991761524,0,0,0,0,64,64,556676,8698.062,0,0,0,0,13.496
decode,real,1706,8026400805991761524,0,0,0,0,64,64,556740,8699.062,0,0,0,0,13.480
decode,real,1707,8026400805991761524,0,0,0,0,64,64,556804,8700.062,0,0,0,0,13.514
decode,real,1708,8026400805991761524,0,0,0,0,64,64,556868,8701.062,0,0,0,0,13.422
decode,real,1709,8026400805991761524,0,0,0,0,64,64,556932,8702.062,0,0,0,0,13.534
decode,real,1710,8026400805991761524,0,0,0,0,64,64,556996,8703.062,0,0,0,0,13.463
decode,real,1711,8026400805991761524,0,0,0,0,64,64,557060,8704.062,0,0,0,0,13.491
decode,real,1712,8026400805991761524,0,0,0,0,64,64,557124,8705.062,0,0,0,0,13.469
decode,real,1713,8026400805991761524,0,0,0,0,64,64,557188,8706.062,0,0,0,0,13.560
decode,real,1714,8026400805991761524,0,0,0,0,64,64,557252,8707.062,0,0,0,0,13.461
decode,real,1715,8026400805991761524,0,0,0,0,64,64,557316,8708.062,0,0,0,0,13.477
decode,real,1716,8026400805991761524,0,0,0,0,64,64,557380,8709.062,0,0,0,0,13.469
decode,real,1717,8026400805991761524,0,0,0,0,64,64,557444,8710.062,0,0,0,0,13.491
decode,real,1718,8026400805991761524,0,0,0,0,64,64,557508,8711.062,0,0,0,0,13.538
decode,real,1719,8026400805991761524,0,0,0,0,64,64,557572,8712.062,0,0,0,0,13.445
decode,real,1720,8026400805991761524,0,0,0,0,64,64,557636,8713.062,0,0,0,0,13.491
decode,real,1721,8026400805991761524,0,0,0,0,64,64,557700,8714.062,0,0,0,0,13.526
decode,real,1722,8026400805991761524,0,0,0,0,64,64,557764,8715.062,0,0,0,0,13.511
decode,real,1723,8026400805991761524,0,0,0,0,64,64,557828,8716.062,0,0,0,0,13.538
decode,real,1724,8026400805991761524,0,0,0,0,64,64,557892,8717.062,0,0,0,0,13.410
decode,real,1725,8026400805991761524,0,0,0,0,64,64,557956,8718.062,0,0,0,0,13.516
decode,real,1726,8026400805991761524,0,0,0,0,64,64,558020,8719.062,0,0,0,0,13.493
decode,real,1727,8026400805991761524,0,0,0,0,64,64,558084,8720.062,0,0,0,0,13.467
decode,real,1728,8026400805991761524,0,0,0,0,64,64,558148,8721.062,0,0,0,0,13.480
decode,real,1729,8026400805991761524,0,0,0,0,64,64,558212,8722.062,0,0,0,0,13.497
decode,real,1730,8026400805991761524,0,0,0,0,64,64,558276,8723.062,0,0,0,0,13.560
decode,real,1731,8026400805991761524,0,0,0,0,64,64,558340,8724.062,0,0,0,0,13.452
decode,real,1732,8026400805991761524,0,0,0,0,64,64,558404,8725.062,0,0,0,0,13.492
decode,real,1733,8026400805991761524,0,0,0,0,64,64,558468,8726.062,0,0,0,0,13.532
decode,real,1734,8026400805991761524,0,0,0,0,64,64,558532,8727.062,0,0,0,0,13.482
decode,real,1735,8026400805991761524,0,0,0,0,64,64,558596,8728.062,0,0,0,0,13.540
decode,real,1736,8026400805991761524,0,0,0,0,64,64,558660,8729.062,0,0,0,0,13.459
decode,real,1737,8026400805991761524,0,0,0,0,64,64,558724,8730.062,0,0,0,0,13.459
decode,real,1738,8026400805991761524,0,0,0,0,64,64,558788,8731.062,0,0,0,0,13.536
decode,real,1739,8026400805991761524,0,0,0,0,64,64,558852,8732.062,0,0,0,0,13.453
decode,real,1740,8026400805991761524,0,0,0,0,64,64,558916,8733.062,0,0,0,0,13.473
decode,real,1741,8026400805991761524,0,0,0,0,64,64,558980,8734.062,0,0,0,0,13.500
decode,real,1742,8026400805991761524,0,0,0,0,64,64,559044,8735.062,0,0,0,0,13.523
decode,real,1743,8026400805991761524,0,0,0,0,64,64,559108,8736.062,0,0,0,0,13.481
decode,real,1744,8026400805991761524,0,0,0,0,64,64,559172,8737.062,0,0,0,0,13.521
decode,real,1745,8026400805991761524,0,0,0,0,64,64,559236,8738.062,0,0,0,0,13.517
decode,real,1746,8026400805991761524,0,0,0,0,64,64,559300,8739.062,0,0,0,0,13.509
decode,real,1747,8026400805991761524,0,0,0,0,64,64,559364,8740.062,0,0,0,0,13.499
decode,real,1748,8026400805991761524,0,0,0,0,64,64,559428,8741.062,0,0,0,0,13.492
decode,real,1749,8026400805991761524,0,0,0,0,64,64,559492,8742.062,0,0,0,0,13.501
decode,real,1750,8026400805991761524,0,0,0,0,64,64,559556,8743.062,0,0,0,0,13.556
decode,real,1751,8026400805991761524,0,0,0,0,64,64,559620,8744.062,0,0,0,0,13.503
decode,real,1752,8026400805991761524,0,0,0,0,64,64,559684,8745.062,0,0,0,0,13.517
decode,real,1753,8026400805991761524,0,0,0,0,64,64,559748,8746.062,0,0,0,0,13.482
decode,real,1754,8026400805991761524,0,0,0,0,64,64,559812,8747.062,0,0,0,0,13.545
decode,real,1755,8026400805991761524,0,0,0,0,64,64,559876,8748.062,0,0,0,0,13.507
decode,real,1756,8026400805991761524,0,0,0,0,64,64,559940,8749.062,0,0,0,0,13.835
decode,real,1757,8026400805991761524,0,0,0,0,64,64,560004,8750.062,0,0,0,0,13.332
decode,real,1758,8026400805991761524,0,0,0,0,64,64,560068,8751.062,0,0,0,0,13.598
decode,real,1759,8026400805991761524,0,0,0,0,64,64,560132,8752.062,0,0,0,0,13.471
decode,real,1760,8026400805991761524,0,0,0,0,64,64,560196,8753.062,0,0,0,0,13.316
decode,real,1761,8026400805991761524,0,0,0,0,64,64,560260,8754.062,0,0,0,0,13.530
decode,real,1762,8026400805991761524,0,0,0,0,64,64,560324,8755.062,0,0,0,0,13.547
decode,real,1763,8026400805991761524,0,0,0,0,64,64,560388,8756.062,0,0,0,0,13.518
decode,real,1764,8026400805991761524,0,0,0,0,64,64,560452,8757.062,0,0,0,0,13.510
decode,real,1765,8026400805991761524,0,0,0,0,64,64,560516,8758.062,0,0,0,0,13.535
decode,real,1766,8026400805991761524,0,0,0,0,64,64,560580,8759.062,0,0,0,0,13.520
decode,real,1767,8026400805991761524,0,0,0,0,64,64,560644,8760.062,0,0,0,0,13.518
decode,real,1768,8026400805991761524,0,0,0,0,64,64,560708,8761.062,0,0,0,0,13.493
decode,real,1769,8026400805991761524,0,0,0,0,64,64,560772,8762.062,0,0,0,0,13.558
decode,real,1770,8026400805991761524,0,0,0,0,64,64,560836,8763.062,0,0,0,0,13.514
decode,real,1771,8026400805991761524,0,0,0,0,64,64,560900,8764.062,0,0,0,0,13.482
decode,real,1772,8026400805991761524,0,0,0,0,64,64,560964,8765.062,0,0,0,0,13.509
decode,real,1773,8026400805991761524,0,0,0,0,64,64,561028,8766.062,0,0,0,0,13.562
decode,real,1774,8026400805991761524,0,0,0,0,64,64,561092,8767.062,0,0,0,0,13.496
decode,real,1775,8026400805991761524,0,0,0,0,64,64,561156,8768.062,0,0,0,0,13.541
decode,real,1776,8026400805991761524,0,0,0,0,64,64,561220,8769.062,0,0,0,0,13.509
decode,real,1777,8026400805991761524,0,0,0,0,64,64,561284,8770.062,0,0,0,0,13.523
decode,real,1778,8026400805991761524,0,0,0,0,64,64,561348,8771.062,0,0,0,0,13.580
decode,real,1779,8026400805991761524,0,0,0,0,64,64,561412,8772.062,0,0,0,0,13.481
decode,real,1780,8026400805991761524,0,0,0,0,64,64,561476,8773.062,0,0,0,0,13.572
decode,real,1781,8026400805991761524,0,0,0,0,64,64,561540,8774.062,0,0,0,0,13.545
decode,real,1782,8026400805991761524,0,0,0,0,64,64,561604,8775.062,0,0,0,0,13.542
decode,real,1783,8026400805991761524,0,0,0,0,64,64,561668,8776.062,0,0,0,0,13.515
decode,real,1784,8026400805991761524,0,0,0,0,64,64,561732,8777.062,0,0,0,0,13.549
decode,real,1785,8026400805991761524,0,0,0,0,64,64,561796,8778.062,0,0,0,0,13.495
decode,real,1786,8026400805991761524,0,0,0,0,64,64,561860,8779.062,0,0,0,0,13.572
decode,real,1787,8026400805991761524,0,0,0,0,64,64,561924,8780.062,0,0,0,0,13.508
decode,real,1788,8026400805991761524,0,0,0,0,64,64,561988,8781.062,0,0,0,0,13.539
decode,real,1789,8026400805991761524,0,0,0,0,64,64,562052,8782.062,0,0,0,0,13.514
decode,real,1790,8026400805991761524,0,0,0,0,64,64,562116,8783.062,0,0,0,0,13.562
decode,real,1791,8026400805991761524,0,0,0,0,64,64,562180,8784.062,0,0,0,0,13.553
decode,real,1792,8026400805991761524,0,0,0,0,64,64,562244,8785.062,0,0,0,0,13.520
decode,real,1793,8026400805991761524,0,0,0,0,64,64,562308,8786.062,0,0,0,0,13.540
decode,real,1794,8026400805991761524,0,0,0,0,64,64,562372,8787.062,0,0,0,0,13.573
decode,real,1795,8026400805991761524,0,0,0,0,64,64,562436,8788.062,0,0,0,0,13.537
decode,real,1796,8026400805991761524,0,0,0,0,64,64,562500,8789.062,0,0,0,0,13.537
decode,real,1797,8026400805991761524,0,0,0,0,64,64,562564,8790.062,0,0,0,0,13.539
decode,real,1798,8026400805991761524,0,0,0,0,64,64,562628,8791.062,0,0,0,0,13.566
decode,real,1799,8026400805991761524,0,0,0,0,64,64,562692,8792.062,0,0,0,0,13.493
decode,real,1800,8026400805991761524,0,0,0,0,64,64,562756,8793.062,0,0,0,0,13.563
decode,real,1801,8026400805991761524,0,0,0,0,64,64,562820,8794.062,0,0,0,0,13.532
decode,real,1802,8026400805991761524,0,0,0,0,64,64,562884,8795.062,0,0,0,0,13.536
decode,real,1803,8026400805991761524,0,0,0,0,64,64,562948,8796.062,0,0,0,0,13.557
decode,real,1804,8026400805991761524,0,0,0,0,64,64,563012,8797.062,0,0,0,0,13.528
decode,real,1805,8026400805991761524,0,0,0,0,64,64,563076,8798.062,0,0,0,0,13.575
decode,real,1806,8026400805991761524,0,0,0,0,64,64,563140,8799.062,0,0,0,0,13.570
decode,real,1807,8026400805991761524,0,0,0,0,64,64,563204,8800.062,0,0,0,0,13.579
decode,real,1808,8026400805991761524,0,0,0,0,64,64,563268,8801.062,0,0,0,0,13.510
decode,real,1809,8026400805991761524,0,0,0,0,64,64,563332,8802.062,0,0,0,0,13.526
decode,real,1810,8026400805991761524,0,0,0,0,64,64,563396,8803.062,0,0,0,0,13.618
decode,real,1811,8026400805991761524,0,0,0,0,64,64,563460,8804.062,0,0,0,0,13.509
decode,real,1812,8026400805991761524,0,0,0,0,64,64,563524,8805.062,0,0,0,0,13.543
decode,real,1813,8026400805991761524,0,0,0,0,64,64,563588,8806.062,0,0,0,0,13.563
decode,real,1814,8026400805991761524,0,0,0,0,64,64,563652,8807.062,0,0,0,0,13.565
decode,real,1815,8026400805991761524,0,0,0,0,64,64,563716,8808.062,0,0,0,0,13.522
decode,real,1816,8026400805991761524,0,0,0,0,64,64,563780,8809.062,0,0,0,0,13.601
decode,real,1817,8026400805991761524,0,0,0,0,64,64,563844,8810.062,0,0,0,0,13.506
decode,real,1818,8026400805991761524,0,0,0,0,64,64,563908,8811.062,0,0,0,0,13.563
decode,real,1819,8026400805991761524,0,0,0,0,64,64,563972,8812.062,0,0,0,0,13.574
decode,real,1820,8026400805991761524,0,0,0,0,64,64,564036,8813.062,0,0,0,0,13.556
decode,real,1821,8026400805991761524,0,0,0,0,64,64,564100,8814.062,0,0,0,0,13.541
decode,real,1822,8026400805991761524,0,0,0,0,64,64,564164,8815.062,0,0,0,0,13.591
decode,real,1823,8026400805991761524,0,0,0,0,64,64,564228,8816.062,0,0,0,0,13.532
decode,real,1824,8026400805991761524,0,0,0,0,64,64,564292,8817.062,0,0,0,0,13.584
decode,real,1825,8026400805991761524,0,0,0,0,64,64,564356,8818.062,0,0,0,0,13.547
decode,real,1826,8026400805991761524,0,0,0,0,64,64,564420,8819.062,0,0,0,0,13.585
decode,real,1827,8026400805991761524,0,0,0,0,64,64,564484,8820.062,0,0,0,0,13.592
decode,real,1828,8026400805991761524,0,0,0,0,64,64,564548,8821.062,0,0,0,0,13.532
decode,real,1829,8026400805991761524,0,0,0,0,64,64,564612,8822.062,0,0,0,0,13.545
decode,real,1830,8026400805991761524,0,0,0,0,64,64,564676,8823.062,0,0,0,0,13.546
decode,real,1831,8026400805991761524,0,0,0,0,64,64,564740,8824.062,0,0,0,0,13.548
decode,real,1832,8026400805991761524,0,0,0,0,64,64,564804,8825.062,0,0,0,0,13.629
decode,real,1833,8026400805991761524,0,0,0,0,64,64,564868,8826.062,0,0,0,0,13.568
decode,real,1834,8026400805991761524,0,0,0,0,64,64,564932,8827.062,0,0,0,0,13.562
decode,real,1835,8026400805991761524,0,0,0,0,64,64,564996,8828.062,0,0,0,0,13.519
decode,real,1836,8026400805991761524,0,0,0,0,64,64,565060,8829.062,0,0,0,0,13.578
decode,real,1837,8026400805991761524,0,0,0,0,64,64,565124,8830.062,0,0,0,0,13.561
decode,real,1838,8026400805991761524,0,0,0,0,64,64,565188,8831.062,0,0,0,0,13.566
decode,real,1839,8026400805991761524,0,0,0,0,64,64,565252,8832.062,0,0,0,0,13.571
decode,real,1840,8026400805991761524,0,0,0,0,64,64,565316,8833.062,0,0,0,0,13.570
decode,real,1841,8026400805991761524,0,0,0,0,64,64,565380,8834.062,0,0,0,0,13.569
decode,real,1842,8026400805991761524,0,0,0,0,64,64,565444,8835.062,0,0,0,0,13.571
decode,real,1843,8026400805991761524,0,0,0,0,64,64,565508,8836.062,0,0,0,0,13.561
decode,real,1844,8026400805991761524,0,0,0,0,64,64,565572,8837.062,0,0,0,0,13.579
decode,real,1845,8026400805991761524,0,0,0,0,64,64,565636,8838.062,0,0,0,0,13.505
decode,real,1846,8026400805991761524,0,0,0,0,64,64,565700,8839.062,0,0,0,0,13.576
decode,real,1847,8026400805991761524,0,0,0,0,64,64,565764,8840.062,0,0,0,0,13.642
decode,real,1848,8026400805991761524,0,0,0,0,64,64,565828,8841.062,0,0,0,0,13.639
decode,real,1849,8026400805991761524,0,0,0,0,64,64,565892,8842.062,0,0,0,0,13.539
decode,real,1850,8026400805991761524,0,0,0,0,64,64,565956,8843.062,0,0,0,0,13.559
decode,real,1851,8026400805991761524,0,0,0,0,64,64,566020,8844.062,0,0,0,0,13.613
decode,real,1852,8026400805991761524,0,0,0,0,64,64,566084,8845.062,0,0,0,0,13.490
decode,real,1853,8026400805991761524,0,0,0,0,64,64,566148,8846.062,0,0,0,0,13.606
decode,real,1854,8026400805991761524,0,0,0,0,64,64,566212,8847.062,0,0,0,0,13.601
decode,real,1855,8026400805991761524,0,0,0,0,64,64,566276,8848.062,0,0,0,0,13.585
decode,real,1856,8026400805991761524,0,0,0,0,64,64,566340,8849.062,0,0,0,0,13.559
decode,real,1857,8026400805991761524,0,0,0,0,64,64,566404,8850.062,0,0,0,0,13.576
decode,real,1858,8026400805991761524,0,0,0,0,64,64,566468,8851.062,0,0,0,0,13.595
decode,real,1859,8026400805991761524,0,0,0,0,64,64,566532,8852.062,0,0,0,0,13.591
decode,real,1860,8026400805991761524,0,0,0,0,64,64,566596,8853.062,0,0,0,0,13.569
decode,real,1861,8026400805991761524,0,0,0,0,64,64,566660,8854.062,0,0,0,0,13.613
decode,real,1862,8026400805991761524,0,0,0,0,64,64,566724,8855.062,0,0,0,0,13.586
decode,real,1863,8026400805991761524,0,0,0,0,64,64,566788,8856.062,0,0,0,0,13.596
decode,real,1864,8026400805991761524,0,0,0,0,64,64,566852,8857.062,0,0,0,0,13.595
decode,real,1865,8026400805991761524,0,0,0,0,64,64,566916,8858.062,0,0,0,0,13.600
decode,real,1866,8026400805991761524,0,0,0,0,64,64,566980,8859.062,0,0,0,0,13.573
decode,real,1867,8026400805991761524,0,0,0,0,64,64,567044,8860.062,0,0,0,0,13.595
decode,real,1868,8026400805991761524,0,0,0,0,64,64,567108,8861.062,0,0,0,0,13.574
decode,real,1869,8026400805991761524,0,0,0,0,64,64,567172,8862.062,0,0,0,0,13.566
decode,real,1870,8026400805991761524,0,0,0,0,64,64,567236,8863.062,0,0,0,0,13.647
decode,real,1871,8026400805991761524,0,0,0,0,64,64,567300,8864.062,0,0,0,0,13.590
decode,real,1872,8026400805991761524,0,0,0,0,64,64,567364,8865.062,0,0,0,0,13.557
decode,real,1873,8026400805991761524,0,0,0,0,64,64,567428,8866.062,0,0,0,0,13.601
decode,real,1874,8026400805991761524,0,0,0,0,64,64,567492,8867.062,0,0,0,0,13.586
decode,real,1875,8026400805991761524,0,0,0,0,64,64,567556,8868.062,0,0,0,0,13.601
decode,real,1876,8026400805991761524,0,0,0,0,64,64,567620,8869.062,0,0,0,0,13.580
decode,real,1877,8026400805991761524,0,0,0,0,64,64,567684,8870.062,0,0,0,0,13.570
decode,real,1878,8026400805991761524,0,0,0,0,64,64,567748,8871.062,0,0,0,0,13.614
decode,real,1879,8026400805991761524,0,0,0,0,64,64,567812,8872.062,0,0,0,0,13.566
decode,real,1880,8026400805991761524,0,0,0,0,64,64,567876,8873.062,0,0,0,0,13.614
decode,real,1881,8026400805991761524,0,0,0,0,64,64,567940,8874.062,0,0,0,0,13.633
decode,real,1882,8026400805991761524,0,0,0,0,64,64,568004,8875.062,0,0,0,0,13.586
decode,real,1883,8026400805991761524,0,0,0,0,64,64,568068,8876.062,0,0,0,0,13.599
decode,real,1884,8026400805991761524,0,0,0,0,64,64,568132,8877.062,0,0,0,0,13.635
decode,real,1885,8026400805991761524,0,0,0,0,64,64,568196,8878.062,0,0,0,0,13.597
decode,real,1886,8026400805991761524,0,0,0,0,64,64,568260,8879.062,0,0,0,0,13.613
decode,real,1887,8026400805991761524,0,0,0,0,64,64,568324,8880.062,0,0,0,0,13.575
decode,real,1888,8026400805991761524,0,0,0,0,64,64,568388,8881.062,0,0,0,0,13.586
decode,real,1889,8026400805991761524,0,0,0,0,64,64,568452,8882.062,0,0,0,0,13.591
decode,real,1890,8026400805991761524,0,0,0,0,64,64,568516,8883.062,0,0,0,0,13.657
decode,real,1891,8026400805991761524,0,0,0,0,64,64,568580,8884.062,0,0,0,0,13.591
decode,real,1892,8026400805991761524,0,0,0,0,64,64,568644,8885.062,0,0,0,0,13.590
decode,real,1893,8026400805991761524,0,0,0,0,64,64,568708,8886.062,0,0,0,0,13.598
decode,real,1894,8026400805991761524,0,0,0,0,64,64,568772,8887.062,0,0,0,0,13.641
decode,real,1895,8026400805991761524,0,0,0,0,64,64,568836,8888.062,0,0,0,0,13.627
decode,real,1896,8026400805991761524,0,0,0,0,64,64,568900,8889.062,0,0,0,0,13.598
decode,real,1897,8026400805991761524,0,0,0,0,64,64,568964,8890.062,0,0,0,0,13.605
decode,real,1898,8026400805991761524,0,0,0,0,64,64,569028,8891.062,0,0,0,0,13.640
decode,real,1899,8026400805991761524,0,0,0,0,64,64,569092,8892.062,0,0,0,0,13.594
decode,real,1900,8026400805991761524,0,0,0,0,64,64,569156,8893.062,0,0,0,0,13.598
decode,real,1901,8026400805991761524,0,0,0,0,64,64,569220,8894.062,0,0,0,0,13.712
decode,real,1902,8026400805991761524,0,0,0,0,64,64,569284,8895.062,0,0,0,0,13.546
decode,real,1903,8026400805991761524,0,0,0,0,64,64,569348,8896.062,0,0,0,0,13.635
decode,real,1904,8026400805991761524,0,0,0,0,64,64,569412,8897.062,0,0,0,0,13.624
decode,real,1905,8026400805991761524,0,0,0,0,64,64,569476,8898.062,0,0,0,0,13.601
decode,real,1906,8026400805991761524,0,0,0,0,64,64,569540,8899.062,0,0,0,0,13.640
decode,real,1907,8026400805991761524,0,0,0,0,64,64,569604,8900.062,0,0,0,0,13.623
decode,real,1908,8026400805991761524,0,0,0,0,64,64,569668,8901.062,0,0,0,0,13.651
decode,real,1909,8026400805991761524,0,0,0,0,64,64,569732,8902.062,0,0,0,0,13.597
decode,real,1910,8026400805991761524,0,0,0,0,64,64,569796,8903.062,0,0,0,0,13.649
decode,real,1911,8026400805991761524,0,0,0,0,64,64,569860,8904.062,0,0,0,0,13.603
decode,real,1912,8026400805991761524,0,0,0,0,64,64,569924,8905.062,0,0,0,0,13.660
decode,real,1913,8026400805991761524,0,0,0,0,64,64,569988,8906.062,0,0,0,0,13.638
decode,real,1914,8026400805991761524,0,0,0,0,64,64,570052,8907.062,0,0,0,0,13.640
decode,real,1915,8026400805991761524,0,0,0,0,64,64,570116,8908.062,0,0,0,0,13.638
decode,real,1916,8026400805991761524,0,0,0,0,64,64,570180,8909.062,0,0,0,0,13.618
decode,real,1917,8026400805991761524,0,0,0,0,64,64,570244,8910.062,0,0,0,0,13.628
decode,real,1918,8026400805991761524,0,0,0,0,64,64,570308,8911.062,0,0,0,0,13.602
decode,real,1919,8026400805991761524,0,0,0,0,64,64,570372,8912.062,0,0,0,0,13.646
decode,real,1920,8026400805991761524,0,0,0,0,64,64,570436,8913.062,0,0,0,0,13.662
decode,real,1921,8026400805991761524,0,0,0,0,64,64,570500,8914.062,0,0,0,0,13.675
decode,real,1922,8026400805991761524,0,0,0,0,64,64,570564,8915.062,0,0,0,0,13.635
decode,real,1923,8026400805991761524,0,0,0,0,64,64,570628,8916.062,0,0,0,0,13.627
decode,real,1924,8026400805991761524,0,0,0,0,64,64,570692,8917.062,0,0,0,0,13.517
decode,real,1925,8026400805991761524,0,0,0,0,64,64,570756,8918.062,0,0,0,0,13.666
decode,real,1926,8026400805991761524,0,0,0,0,64,64,570820,8919.062,0,0,0,0,13.637
decode,real,1927,8026400805991761524,0,0,0,0,64,64,570884,8920.062,0,0,0,0,13.633
decode,real,1928,8026400805991761524,0,0,0,0,64,64,570948,8921.062,0,0,0,0,13.601
decode,real,1929,8026400805991761524,0,0,0,0,64,64,571012,8922.062,0,0,0,0,13.628
decode,real,1930,8026400805991761524,0,0,0,0,64,64,571076,8923.062,0,0,0,0,13.693
decode,real,1931,8026400805991761524,0,0,0,0,64,64,571140,8924.062,0,0,0,0,13.598
decode,real,1932,8026400805991761524,0,0,0,0,64,64,571204,8925.062,0,0,0,0,13.624
decode,real,1933,8026400805991761524,0,0,0,0,64,64,571268,8926.062,0,0,0,0,13.644
decode,real,1934,8026400805991761524,0,0,0,0,64,64,571332,8927.062,0,0,0,0,13.644
decode,real,1935,8026400805991761524,0,0,0,0,64,64,571396,8928.062,0,0,0,0,13.641
decode,real,1936,8026400805991761524,0,0,0,0,64,64,571460,8929.062,0,0,0,0,13.630
decode,real,1937,8026400805991761524,0,0,0,0,64,64,571524,8930.062,0,0,0,0,13.798
decode,real,1938,8026400805991761524,0,0,0,0,64,64,571588,8931.062,0,0,0,0,13.579
decode,real,1939,8026400805991761524,0,0,0,0,64,64,571652,8932.062,0,0,0,0,13.639
decode,real,1940,8026400805991761524,0,0,0,0,64,64,571716,8933.062,0,0,0,0,13.712
decode,real,1941,8026400805991761524,0,0,0,0,64,64,571780,8934.062,0,0,0,0,13.585
decode,real,1942,8026400805991761524,0,0,0,0,64,64,571844,8935.062,0,0,0,0,13.634
decode,real,1943,8026400805991761524,0,0,0,0,64,64,571908,8936.062,0,0,0,0,13.581
decode,real,1944,8026400805991761524,0,0,0,0,64,64,571972,8937.062,0,0,0,0,13.654
decode,real,1945,8026400805991761524,0,0,0,0,64,64,572036,8938.062,0,0,0,0,13.666
decode,real,1946,8026400805991761524,0,0,0,0,64,64,572100,8939.062,0,0,0,0,13.618
decode,real,1947,8026400805991761524,0,0,0,0,64,64,572164,8940.062,0,0,0,0,13.638
decode,real,1948,8026400805991761524,0,0,0,0,64,64,572228,8941.062,0,0,0,0,13.645
decode,real,1949,8026400805991761524,0,0,0,0,64,64,572292,8942.062,0,0,0,0,13.655
decode,real,1950,8026400805991761524,0,0,0,0,64,64,572356,8943.062,0,0,0,0,13.668
decode,real,1951,8026400805991761524,0,0,0,0,64,64,572420,8944.062,0,0,0,0,13.637
decode,real,1952,8026400805991761524,0,0,0,0,64,64,572484,8945.062,0,0,0,0,13.616
decode,real,1953,8026400805991761524,0,0,0,0,64,64,572548,8946.062,0,0,0,0,13.651
decode,real,1954,8026400805991761524,0,0,0,0,64,64,572612,8947.062,0,0,0,0,13.671
decode,real,1955,8026400805991761524,0,0,0,0,64,64,572676,8948.062,0,0,0,0,13.620
decode,real,1956,8026400805991761524,0,0,0,0,64,64,572740,8949.062,0,0,0,0,13.653
decode,real,1957,8026400805991761524,0,0,0,0,64,64,572804,8950.062,0,0,0,0,13.658
decode,real,1958,8026400805991761524,0,0,0,0,64,64,572868,8951.062,0,0,0,0,13.676
decode,real,1959,8026400805991761524,0,0,0,0,64,64,572932,8952.062,0,0,0,0,13.623
decode,real,1960,8026400805991761524,0,0,0,0,64,64,572996,8953.062,0,0,0,0,13.627
decode,real,1961,8026400805991761524,0,0,0,0,64,64,573060,8954.062,0,0,0,0,13.656
decode,real,1962,8026400805991761524,0,0,0,0,64,64,573124,8955.062,0,0,0,0,13.655
decode,real,1963,8026400805991761524,0,0,0,0,64,64,573188,8956.062,0,0,0,0,13.641
decode,real,1964,8026400805991761524,0,0,0,0,64,64,573252,8957.062,0,0,0,0,13.644
decode,real,1965,8026400805991761524,0,0,0,0,64,64,573316,8958.062,0,0,0,0,13.657
decode,real,1966,8026400805991761524,0,0,0,0,64,64,573380,8959.062,0,0,0,0,13.682
decode,real,1967,8026400805991761524,0,0,0,0,64,64,573444,8960.062,0,0,0,0,13.648
decode,real,1968,8026400805991761524,0,0,0,0,64,64,573508,8961.062,0,0,0,0,13.649
decode,real,1969,8026400805991761524,0,0,0,0,64,64,573572,8962.062,0,0,0,0,13.663
decode,real,1970,8026400805991761524,0,0,0,0,64,64,573636,8963.062,0,0,0,0,13.700
decode,real,1971,8026400805991761524,0,0,0,0,64,64,573700,8964.062,0,0,0,0,13.612
decode,real,1972,8026400805991761524,0,0,0,0,64,64,573764,8965.062,0,0,0,0,13.664
decode,real,1973,8026400805991761524,0,0,0,0,64,64,573828,8966.062,0,0,0,0,13.682
decode,real,1974,8026400805991761524,0,0,0,0,64,64,573892,8967.062,0,0,0,0,13.663
decode,real,1975,8026400805991761524,0,0,0,0,64,64,573956,8968.062,0,0,0,0,13.626
decode,real,1976,8026400805991761524,0,0,0,0,64,64,574020,8969.062,0,0,0,0,13.669
decode,real,1977,8026400805991761524,0,0,0,0,64,64,574084,8970.062,0,0,0,0,13.648
decode,real,1978,8026400805991761524,0,0,0,0,64,64,574148,8971.062,0,0,0,0,13.661
decode,real,1979,8026400805991761524,0,0,0,0,64,64,574212,8972.062,0,0,0,0,13.669
decode,real,1980,8026400805991761524,0,0,0,0,64,64,574276,8973.062,0,0,0,0,13.642
decode,real,1981,8026400805991761524,0,0,0,0,64,64,574340,8974.062,0,0,0,0,13.660
decode,real,1982,8026400805991761524,0,0,0,0,64,64,574404,8975.062,0,0,0,0,13.702
decode,real,1983,8026400805991761524,0,0,0,0,64,64,574468,8976.062,0,0,0,0,13.617
decode,real,1984,8026400805991761524,0,0,0,0,64,64,574532,8977.062,0,0,0,0,13.678
decode,real,1985,8026400805991761524,0,0,0,0,64,64,574596,8978.062,0,0,0,0,13.720
decode,real,1986,8026400805991761524,0,0,0,0,64,64,574660,8979.062,0,0,0,0,13.824
decode,real,1987,8026400805991761524,0,0,0,0,64,64,574724,8980.062,0,0,0,0,13.501
decode,real,1988,8026400805991761524,0,0,0,0,64,64,574788,8981.062,0,0,0,0,13.665
decode,real,1989,8026400805991761524,0,0,0,0,64,64,574852,8982.062,0,0,0,0,13.655
decode,real,1990,8026400805991761524,0,0,0,0,64,64,574916,8983.062,0,0,0,0,13.699
decode,real,1991,8026400805991761524,0,0,0,0,64,64,574980,8984.062,0,0,0,0,13.661
decode,real,1992,8026400805991761524,0,0,0,0,64,64,575044,8985.062,0,0,0,0,13.607
decode,real,1993,8026400805991761524,0,0,0,0,64,64,575108,8986.062,0,0,0,0,13.703
decode,real,1994,8026400805991761524,0,0,0,0,64,64,575172,8987.062,0,0,0,0,13.692
decode,real,1995,8026400805991761524,0,0,0,0,64,64,575236,8988.062,0,0,0,0,13.655
decode,real,1996,8026400805991761524,0,0,0,0,64,64,575300,8989.062,0,0,0,0,13.649
decode,real,1997,8026400805991761524,0,0,0,0,64,64,575364,8990.062,0,0,0,0,13.707
decode,real,1998,8026400805991761524,0,0,0,0,64,64,575428,8991.062,0,0,0,0,13.667
decode,real,1999,8026400805991761524,0,0,0,0,64,64,575492,8992.062,0,0,0,0,13.673
decode,real,2000,8026400805991761524,0,0,0,0,64,64,575556,8993.062,0,0,0,0,13.679
decode,real,2001,8026400805991761524,0,0,0,0,64,64,575620,8994.062,0,0,0,0,13.663
decode,real,2002,8026400805991761524,0,0,0,0,64,64,575684,8995.062,0,0,0,0,13.689
decode,real,2003,8026400805991761524,0,0,0,0,64,64,575748,8996.062,0,0,0,0,13.671
decode,real,2004,8026400805991761524,0,0,0,0,64,64,575812,8997.062,0,0,0,0,13.798
decode,real,2005,8026400805991761524,0,0,0,0,64,64,575876,8998.062,0,0,0,0,13.603
decode,real,2006,8026400805991761524,0,0,0,0,64,64,575940,8999.062,0,0,0,0,13.682
decode,real,2007,8026400805991761524,0,0,0,0,64,64,576004,9000.062,0,0,0,0,13.663
decode,real,2008,8026400805991761524,0,0,0,0,64,64,576068,9001.062,0,0,0,0,13.669
decode,real,2009,8026400805991761524,0,0,0,0,64,64,576132,9002.062,0,0,0,0,13.674
decode,real,2010,8026400805991761524,0,0,0,0,64,64,576196,9003.062,0,0,0,0,13.717
decode,real,2011,8026400805991761524,0,0,0,0,64,64,576260,9004.062,0,0,0,0,14.497
decode,real,2012,8026400805991761524,0,0,0,0,64,64,576324,9005.062,0,0,0,0,12.871
decode,real,2013,8026400805991761524,0,0,0,0,64,64,576388,9006.062,0,0,0,0,13.722
decode,real,2014,8026400805991761524,0,0,0,0,64,64,576452,9007.062,0,0,0,0,13.698
decode,real,2015,8026400805991761524,0,0,0,0,64,64,576516,9008.062,0,0,0,0,13.681
decode,real,2016,8026400805991761524,0,0,0,0,64,64,576580,9009.062,0,0,0,0,13.679
decode,real,2017,8026400805991761524,0,0,0,0,64,64,576644,9010.062,0,0,0,0,13.671
decode,real,2018,8026400805991761524,0,0,0,0,64,64,576708,9011.062,0,0,0,0,13.720
decode,real,2019,8026400805991761524,0,0,0,0,64,64,576772,9012.062,0,0,0,0,13.677
decode,real,2020,8026400805991761524,0,0,0,0,64,64,576836,9013.062,0,0,0,0,13.687
decode,real,2021,8026400805991761524,0,0,0,0,64,64,576900,9014.062,0,0,0,0,13.655
decode,real,2022,8026400805991761524,0,0,0,0,64,64,576964,9015.062,0,0,0,0,13.725
decode,real,2023,8026400805991761524,0,0,0,0,64,64,577028,9016.062,0,0,0,0,13.792
decode,real,2024,8026400805991761524,0,0,0,0,64,64,577092,9017.062,0,0,0,0,13.568
decode,real,2025,8026400805991761524,0,0,0,0,64,64,577156,9018.062,0,0,0,0,13.692
decode,real,2026,8026400805991761524,0,0,0,0,64,64,577220,9019.062,0,0,0,0,13.717
decode,real,2027,8026400805991761524,0,0,0,0,64,64,577284,9020.062,0,0,0,0,13.680
decode,real,2028,8026400805991761524,0,0,0,0,64,64,577348,9021.062,0,0,0,0,13.678
decode,real,2029,8026400805991761524,0,0,0,0,64,64,577412,9022.062,0,0,0,0,13.745
decode,real,2030,8026400805991761524,0,0,0,0,64,64,577476,9023.062,0,0,0,0,13.695
decode,real,2031,8026400805991761524,0,0,0,0,64,64,577540,9024.062,0,0,0,0,13.702
decode,real,2032,8026400805991761524,0,0,0,0,64,64,577604,9025.062,0,0,0,0,13.667
decode,real,2033,8026400805991761524,0,0,0,0,64,64,577668,9026.062,0,0,0,0,13.719
decode,real,2034,8026400805991761524,0,0,0,0,64,64,577732,9027.062,0,0,0,0,13.688
decode,real,2035,8026400805991761524,0,0,0,0,64,64,577796,9028.062,0,0,0,0,13.717
decode,real,2036,8026400805991761524,0,0,0,0,64,64,577860,9029.062,0,0,0,0,13.707
decode,real,2037,8026400805991761524,0,0,0,0,64,64,577924,9030.062,0,0,0,0,13.680
decode,real,2038,8026400805991761524,0,0,0,0,64,64,577988,9031.062,0,0,0,0,13.706
decode,real,2039,8026400805991761524,0,0,0,0,64,64,578052,9032.062,0,0,0,0,13.679
decode,real,2040,8026400805991761524,0,0,0,0,64,64,578116,9033.062,0,0,0,0,13.710
decode,real,2041,8026400805991761524,0,0,0,0,64,64,578180,9034.062,0,0,0,0,13.729
decode,real,2042,8026400805991761524,0,0,0,0,64,64,578244,9035.062,0,0,0,0,13.719
decode,real,2043,8026400805991761524,0,0,0,0,64,64,578308,9036.062,0,0,0,0,13.731
decode,real,2044,8026400805991761524,0,0,0,0,64,64,578372,9037.062,0,0,0,0,13.680
decode,real,2045,8026400805991761524,0,0,0,0,64,64,578436,9038.062,0,0,0,0,13.746
decode,real,2046,8026400805991761524,0,0,0,0,64,64,578500,9039.062,0,0,0,0,13.683
decode,real,2047,8026400805991761524,0,0,0,0,64,64,578564,9040.062,0,0,0,0,13.684
decode,real,2048,8026400805991761524,0,0,0,0,64,64,578628,9041.062,0,0,0,0,13.721
decode,real,2049,8026400805991761524,0,0,0,0,64,64,578692,9042.062,0,0,0,0,13.717
decode,real,2050,8026400805991761524,0,0,0,0,64,64,578756,9043.062,0,0,0,0,13.725
decode,real,2051,8026400805991761524,0,0,0,0,64,64,578820,9044.062,0,0,0,0,13.650
decode,real,2052,8026400805991761524,0,0,0,0,64,64,578884,9045.062,0,0,0,0,13.712
decode,real,2053,8026400805991761524,0,0,0,0,64,64,578948,9046.062,0,0,0,0,13.723
decode,real,2054,8026400805991761524,0,0,0,0,64,64,579012,9047.062,0,0,0,0,13.756
decode,real,2055,8026400805991761524,0,0,0,0,64,64,579076,9048.062,0,0,0,0,13.679
decode,real,2056,8026400805991761524,0,0,0,0,64,64,579140,9049.062,0,0,0,0,13.741
decode,real,2057,8026400805991761524,0,0,0,0,64,64,579204,9050.062,0,0,0,0,13.730
decode,real,2058,8026400805991761524,0,0,0,0,64,64,579268,9051.062,0,0,0,0,13.737
decode,real,2059,8026400805991761524,0,0,0,0,64,64,579332,9052.062,0,0,0,0,13.723
decode,real,2060,8026400805991761524,0,0,0,0,64,64,579396,9053.062,0,0,0,0,13.797
decode,real,2061,8026400805991761524,0,0,0,0,64,64,579460,9054.062,0,0,0,0,13.616
decode,real,2062,8026400805991761524,0,0,0,0,64,64,579524,9055.062,0,0,0,0,13.745
decode,real,2063,8026400805991761524,0,0,0,0,64,64,579588,9056.062,0,0,0,0,13.703
decode,real,2064,8026400805991761524,0,0,0,0,64,64,579652,9057.062,0,0,0,0,13.708
decode,real,2065,8026400805991761524,0,0,0,0,64,64,579716,9058.062,0,0,0,0,13.699
decode,real,2066,8026400805991761524,0,0,0,0,64,64,579780,9059.062,0,0,0,0,13.746
decode,real,2067,8026400805991761524,0,0,0,0,64,64,579844,9060.062,0,0,0,0,13.730
decode,real,2068,8026400805991761524,0,0,0,0,64,64,579908,9061.062,0,0,0,0,13.703
decode,real,2069,8026400805991761524,0,0,0,0,64,64,579972,9062.062,0,0,0,0,13.730
decode,real,2070,8026400805991761524,0,0,0,0,64,64,580036,9063.062,0,0,0,0,13.785
decode,real,2071,8026400805991761524,0,0,0,0,64,64,580100,9064.062,0,0,0,0,13.716
decode,real,2072,8026400805991761524,0,0,0,0,64,64,580164,9065.062,0,0,0,0,13.718
decode,real,2073,8026400805991761524,0,0,0,0,64,64,580228,9066.062,0,0,0,0,13.857
decode,real,2074,8026400805991761524,0,0,0,0,64,64,580292,9067.062,0,0,0,0,13.674
decode,real,2075,8026400805991761524,0,0,0,0,64,64,580356,9068.062,0,0,0,0,13.691
decode,real,2076,8026400805991761524,0,0,0,0,64,64,580420,9069.062,0,0,0,0,13.696
decode,real,2077,8026400805991761524,0,0,0,0,64,64,580484,9070.062,0,0,0,0,13.760
decode,real,2078,8026400805991761524,0,0,0,0,64,64,580548,9071.062,0,0,0,0,13.740
decode,real,2079,8026400805991761524,0,0,0,0,64,64,580612,9072.062,0,0,0,0,13.709
decode,real,2080,8026400805991761524,0,0,0,0,64,64,580676,9073.062,0,0,0,0,13.720
decode,real,2081,8026400805991761524,0,0,0,0,64,64,580740,9074.062,0,0,0,0,13.740
decode,real,2082,8026400805991761524,0,0,0,0,64,64,580804,9075.062,0,0,0,0,13.762
decode,real,2083,8026400805991761524,0,0,0,0,64,64,580868,9076.062,0,0,0,0,13.732
decode,real,2084,8026400805991761524,0,0,0,0,64,64,580932,9077.062,0,0,0,0,13.711
decode,real,2085,8026400805991761524,0,0,0,0,64,64,580996,9078.062,0,0,0,0,13.768
decode,real,2086,8026400805991761524,0,0,0,0,64,64,581060,9079.062,0,0,0,0,13.732
decode,real,2087,8026400805991761524,0,0,0,0,64,64,581124,9080.062,0,0,0,0,13.703
decode,real,2088,8026400805991761524,0,0,0,0,64,64,581188,9081.062,0,0,0,0,13.723
decode,real,2089,8026400805991761524,0,0,0,0,64,64,581252,9082.062,0,0,0,0,13.773
decode,real,2090,8026400805991761524,0,0,0,0,64,64,581316,9083.062,0,0,0,0,13.738
decode,real,2091,8026400805991761524,0,0,0,0,64,64,581380,9084.062,0,0,0,0,13.721
decode,real,2092,8026400805991761524,0,0,0,0,64,64,581444,9085.062,0,0,0,0,13.722
decode,real,2093,8026400805991761524,0,0,0,0,64,64,581508,9086.062,0,0,0,0,14.792
decode,real,2094,8026400805991761524,0,0,0,0,63,63,572357,9085.032,0,0,0,0,14.374
decode,real,2095,8026400805991761524,0,0,0,0,63,63,572420,9086.032,0,0,0,0,12.096
mixed,real,2096,8026400805991761524,0,1985,1,0,63,63,572483,9087.032,0,0,0,0,52.586
mixed,real,2097,8026400805991761524,0,1985,1,1985,63,63,572546,9088.032,0,0,0,0,53.221
mixed,real,2098,8026400805991761524,0,1985,1,3970,63,63,572609,9089.032,0,0,0,0,54.203
mixed,real,2099,8026400805991761524,0,1986,1,5955,62,62,563457,9088.016,0,0,0,0,57.345
mixed,real,2100,8026400805991761524,0,251,1,7941,62,62,563519,9089.016,0,0,0,0,33.547
mixed,real,2101,8026400805991761524,0,1985,1,0,63,63,571773,9075.762,0,0,0,0,54.933
mixed,real,2102,8026400805991761524,0,1985,1,1985,63,63,571836,9076.762,0,0,0,0,53.749
mixed,real,2103,8026400805991761524,0,1986,1,3970,62,62,562684,9075.548,0,0,0,0,55.985
mixed,real,2104,8026400805991761524,0,1986,1,5956,62,62,562746,9076.548,0,0,0,0,57.377
mixed,real,2105,8026400805991761524,0,1986,2,7942,62,62,562808,9077.548,0,0,0,0,53.486
mixed,real,2106,8026400805991761524,0,1985,1,1736,63,63,571062,9064.476,0,0,0,0,54.262
mixed,real,2107,8026400805991761524,0,1986,1,3721,62,62,561910,9063.065,0,0,0,0,56.724
mixed,real,2108,8026400805991761524,0,1986,1,5707,62,62,561972,9064.065,0,0,0,0,57.220
mixed,real,2109,8026400805991761524,0,1986,2,7693,62,62,562034,9065.065,0,0,0,0,54.280
mixed,real,2110,8026400805991761524,0,1985,1,1487,63,63,570288,9052.190,0,0,0,0,53.816
mixed,real,2111,8026400805991761524,0,1986,1,3472,62,62,561136,9050.581,0,0,0,0,55.846
mixed,real,2112,8026400805991761524,0,1986,1,5458,62,62,561198,9051.581,0,0,0,0,56.939
mixed,real,2113,8026400805991761524,0,1986,2,7444,62,62,561260,9052.581,0,0,0,0,53.731
mixed,real,2114,8026400805991761524,0,1985,1,1238,63,63,569514,9039.905,0,0,0,0,53.380
mixed,real,2115,8026400805991761524,0,1986,1,3223,62,62,560362,9038.097,0,0,0,0,55.225
mixed,real,2116,8026400805991761524,0,1986,1,5209,62,62,560424,9039.097,0,0,0,0,56.704
mixed,real,2117,8026400805991761524,0,1986,2,7195,62,62,560486,9040.097,0,0,0,0,53.491
mixed,real,2118,8026400805991761524,0,1985,1,989,63,63,568740,9027.619,0,0,0,0,53.395
mixed,real,2119,8026400805991761524,0,1986,1,2974,62,62,559588,9025.613,0,0,0,0,56.291
mixed,real,2120,8026400805991761524,0,1986,1,4960,62,62,559650,9026.613,0,0,0,0,56.609
mixed,real,2121,8026400805991761524,0,1986,2,6946,62,62,559712,9027.613,0,0,0,0,58.552
mixed,real,2122,8026400805991761524,0,1985,1,740,63,63,567966,9015.333,0,0,0,0,53.769
mixed,real,2123,8026400805991761524,0,1986,1,2725,62,62,558814,9013.129,0,0,0,0,55.865
mixed,real,2124,8026400805991761524,0,1986,1,4711,62,62,558876,9014.129,0,0,0,0,56.470
mixed,real,2125,8026400805991761524,0,1986,2,6697,62,62,558938,9015.129,0,0,0,0,58.367
mixed,real,2126,8026400805991761524,0,1985,1,491,63,63,567192,9003.048,0,0,0,0,54.013
mixed,real,2127,8026400805991761524,0,1986,1,2476,62,62,558040,9000.645,0,0,0,0,55.506
mixed,real,2128,8026400805991761524,0,1986,1,4462,62,62,558102,9001.645,0,0,0,0,56.017
mixed,real,2129,8026400805991761524,0,1986,2,6448,62,62,558164,9002.645,0,0,0,0,57.557
mixed,real,2130,8026400805991761524,0,1985,1,242,63,63,566418,8990.762,0,0,0,0,53.438
mixed,real,2131,8026400805991761524,0,1986,1,2227,62,62,557266,8988.161,0,0,0,0,56.675
mixed,real,2132,8026400805991761524,0,1986,1,4213,62,62,557328,8989.161,8192,1,0,0,56.233
mixed,real,2133,8026400805991761524,0,1986,1,6199,62,62,557390,8990.161,0,0,0,0,57.689
mixed,real,2134,8026400805991761524,0,1986,2,8185,62,62,557452,8991.161,0,0,0,0,53.785
mixed,real,2135,8026400805991761524,0,1986,1,1979,62,62,556491,8975.661,0,0,0,0,54.816
mixed,real,2136,8026400805991761524,0,1986,1,3965,62,62,556553,8976.661,8192,1,0,0,55.826
mixed,real,2137,8026400805991761524,0,1986,1,5951,62,62,556615,8977.661,0,0,0,0,57.233
mixed,real,2138,8026400805991761524,0,1986,2,7937,62,62,556677,8978.661,0,0,0,0,53.708
mixed,real,2139,8026400805991761524,0,1986,1,1731,62,62,555716,8963.161,0,0,0,0,54.596
mixed,real,2140,8026400805991761524,0,1986,1,3717,62,62,555778,8964.161,8192,1,0,0,55.781
mixed,real,2141,8026400805991761524,0,1986,1,5703,62,62,555840,8965.161,0,0,0,0,57.313
mixed,real,2142,8026400805991761524,0,1986,2,7689,62,62,555902,8966.161,0,0,0,0,54.673
mixed,real,2143,8026400805991761524,0,1986,1,1483,62,62,554941,8950.661,0,0,0,0,55.229
mixed,real,2144,8026400805991761524,0,1986,1,3469,62,62,555003,8951.661,8192,1,0,0,55.394
mixed,real,2145,8026400805991761524,0,1986,1,5455,62,62,555065,8952.661,0,0,0,0,56.986
mixed,real,2146,8026400805991761524,0,1986,2,7441,62,62,555127,8953.661,0,0,0,0,53.757
mixed,real,2147,8026400805991761524,0,1986,1,1235,62,62,554166,8938.161,0,0,0,0,54.713
mixed,real,2148,8026400805991761524,0,1986,1,3221,62,62,554228,8939.161,8192,1,0,0,55.258
mixed,real,2149,8026400805991761524,0,1986,1,5207,62,62,554290,8940.161,0,0,0,0,56.792
mixed,real,2150,8026400805991761524,0,1986,2,7193,62,62,554352,8941.161,0,0,0,0,53.637
mixed,real,2151,8026400805991761524,0,1986,1,987,62,62,553391,8925.661,0,0,0,0,53.854
mixed,real,2152,8026400805991761524,0,1986,1,2973,62,62,553453,8926.661,8192,1,0,0,55.455
mixed,real,2153,8026400805991761524,0,1986,1,4959,62,62,553515,8927.661,0,0,0,0,56.874
mixed,real,2154,8026400805991761524,0,1986,2,6945,62,62,553577,8928.661,0,0,0,0,58.623
mixed,real,2155,8026400805991761524,0,1986,1,739,62,62,552616,8913.161,0,0,0,0,53.220
mixed,real,2156,8026400805991761524,0,1986,1,2725,62,62,552678,8914.161,8192,1,0,0,54.702
mixed,real,2157,8026400805991761524,0,1986,1,4711,62,62,552740,8915.161,0,0,0,0,56.315
mixed,real,2158,8026400805991761524,0,1986,2,6697,62,62,552802,8916.161,0,0,0,0,58.810
mixed,real,2159,8026400805991761524,0,1986,1,491,62,62,551841,8900.661,0,0,0,0,53.254
mixed,real,2160,8026400805991761524,0,1986,1,2477,62,62,551903,8901.661,8192,1,0,0,55.315
mixed,real,2161,8026400805991761524,0,1986,1,4463,62,62,551965,8902.661,0,0,0,0,56.578
mixed,real,2162,8026400805991761524,0,1986,2,6449,62,62,552027,8903.661,0,0,0,0,57.977
mixed,real,2163,8026400805991761524,0,1986,1,243,62,62,551066,8888.161,0,0,0,0,53.846
mixed,real,2164,8026400805991761524,0,1986,1,2229,62,62,551128,8889.161,8192,1,0,0,55.170
mixed,real,2165,8026400805991761524,0,1986,1,4215,62,62,551190,8890.161,8192,1,0,0,56.141
mixed,real,2166,8026400805991761524,0,1986,1,6201,62,62,551252,8891.161,0,0,0,0,58.287
mixed,real,2167,8026400805991761524,0,1987,2,8187,61,61,542099,8886.869,0,0,0,0,53.248
mixed,real,2168,8026400805991761524,0,1986,1,1982,62,62,550352,8876.645,8192,1,0,0,54.867
mixed,real,2169,8026400805991761524,0,1986,1,3968,62,62,550414,8877.645,8192,1,0,0,56.082
mixed,real,2170,8026400805991761524,0,1986,1,5954,62,62,550476,8878.645,0,0,0,0,57.946
mixed,real,2171,8026400805991761524,0,1987,2,7940,61,61,541323,8874.148,0,0,0,0,53.716
mixed,real,2172,8026400805991761524,0,1986,1,1735,62,62,549576,8864.129,8192,1,0,0,55.005
mixed,real,2173,8026400805991761524,0,1986,1,3721,62,62,549638,8865.129,8192,1,0,0,55.618
mixed,real,2174,8026400805991761524,0,1986,1,5707,62,62,549700,8866.129,0,0,0,0,57.679
mixed,real,2175,8026400805991761524,0,1987,2,7693,61,61,540547,8861.426,0,0,0,0,52.353
mixed,real,2176,8026400805991761524,0,1986,1,1488,62,62,548800,8851.613,8192,1,0,0,55.112
mixed,real,2177,8026400805991761524,0,1986,1,3474,62,62,548862,8852.613,8192,1,0,0,55.644
mixed,real,2178,8026400805991761524,0,1986,1,5460,62,62,548924,8853.613,0,0,0,0,57.518
mixed,real,2179,8026400805991761524,0,1987,2,7446,61,61,539771,8848.705,0,0,0,0,53.937
mixed,real,2180,8026400805991761524,0,1986,1,1241,62,62,548024,8839.097,8192,1,0,0,54.033
mixed,real,2181,8026400805991761524,0,1986,1,3227,62,62,548086,8840.097,8192,1,0,0,55.409
mixed,real,2182,8026400805991761524,0,1986,1,5213,62,62,548148,8841.097,0,0,0,0,57.216
mixed,real,2183,8026400805991761524,0,1987,2,7199,61,61,538995,8835.984,0,0,0,0,53.711
mixed,real,2184,8026400805991761524,0,1986,1,994,62,62,547248,8826.581,8192,1,0,0,53.986
mixed,real,2185,8026400805991761524,0,1986,1,2980,62,62,547310,8827.581,8192,1,0,0,55.242
mixed,real,2186,8026400805991761524,0,1986,1,4966,62,62,547372,8828.581,0,0,0,0,57.116
mixed,real,2187,8026400805991761524,0,1987,2,6952,61,61,538219,8823.262,0,0,0,0,58.056
mixed,real,2188,8026400805991761524,0,1986,1,747,62,62,546472,8814.065,8192,1,0,0,53.816
mixed,real,2189,8026400805991761524,0,1986,1,2733,62,62,546534,8815.065,8192,1,0,0,55.531
mixed,real,2190,8026400805991761524,0,1986,1,4719,62,62,546596,8816.065,0,0,0,0,56.950
mixed,real,2191,8026400805991761524,0,1987,2,6705,61,61,537443,8810.541,0,0,0,0,58.095
mixed,real,2192,8026400805991761524,0,1986,1,500,62,62,545696,8801.548,8192,1,0,0,54.959
mixed,real,2193,8026400805991761524,0,1986,1,2486,62,62,545758,8802.548,8192,1,0,0,56.669
mixed,real,2194,8026400805991761524,0,1986,1,4472,62,62,545820,8803.548,0,0,0,0,56.254
mixed,real,2195,8026400805991761524,0,1987,2,6458,61,61,536667,8797.820,0,0,0,0,57.056
mixed,real,2196,8026400805991761524,0,1986,1,253,62,62,544920,8789.032,8192,1,0,0,53.531
mixed,real,2197,8026400805991761524,0,1986,1,2239,62,62,544982,8790.032,8192,1,0,0,55.203
mixed,real,2198,8026400805991761524,0,1986,1,4225,62,62,545044,8791.032,0,0,0,0,57.009
mixed,real,2199,8026400805991761524,0,1987,2,6211,61,61,535891,8785.098,0,0,0,0,58.690
mixed,real,2200,8026400805991761524,0,1986,1,6,62,62,544144,8776.516,8192,1,0,0,52.107
mixed,real,2201,8026400805991761524,0,1986,1,1992,62,62,544206,8777.516,8192,1,0,0,54.644
mixed,real,2202,8026400805991761524,0,1986,1,3978,62,62,544268,8778.516,8192,1,0,0,57.104
mixed,real,2203,8026400805991761524,0,1987,1,5964,61,61,535115,8772.377,0,0,0,0,56.666
mixed,real,2204,8026400805991761524,0,1987,2,7951,61,61,535176,8773.377,8192,1,0,0,53.464
mixed,real,2205,8026400805991761524,0,1986,1,1746,62,62,543429,8764.984,8192,1,0,0,53.364
mixed,real,2206,8026400805991761524,0,1986,1,3732,62,62,543491,8765.984,8192,1,0,0,53.958
mixed,real,2207,8026400805991761524,0,1987,1,5718,61,61,534338,8759.639,0,0,0,0,58.260
mixed,real,2208,8026400805991761524,0,1987,2,7705,61,61,534399,8760.639,8192,1,0,0,54.257
mixed,real,2209,8026400805991761524,0,1986,1,1500,62,62,542652,8752.452,8192,1,0,0,53.520
mixed,real,2210,8026400805991761524,0,1986,1,3486,62,62,542714,8753.452,8192,1,0,0,54.069
mixed,real,2211,8026400805991761524,0,1987,1,5472,61,61,533561,8746.902,0,0,0,0,57.797
mixed,real,2212,8026400805991761524,0,1987,2,7459,61,61,533622,8747.902,8192,1,0,0,53.882
mixed,real,2213,8026400805991761524,0,1986,1,1254,62,62,541875,8739.919,8192,1,0,0,54.540
mixed,real,2214,8026400805991761524,0,1986,1,3240,62,62,541937,8740.919,8192,1,0,0,53.693
mixed,real,2215,8026400805991761524,0,1987,1,5226,61,61,532784,8734.164,0,0,0,0,57.882
mixed,real,2216,8026400805991761524,0,1987,2,7213,61,61,532845,8735.164,8192,1,0,0,53.411
mixed,real,2217,8026400805991761524,0,1986,1,1008,62,62,541098,8727.387,8192,1,0,0,53.019
mixed,real,2218,8026400805991761524,0,1986,1,2994,62,62,541160,8728.387,8192,1,0,0,54.461
mixed,real,2219,8026400805991761524,0,1987,1,4980,61,61,532007,8721.426,0,0,0,0,57.033
mixed,real,2220,8026400805991761524,0,1987,2,6967,61,61,532068,8722.426,8192,1,0,0,58.744
mixed,real,2221,8026400805991761524,0,1986,1,762,62,62,540321,8714.855,8192,1,0,0,55.158
mixed,real,2222,8026400805991761524,0,1986,1,2748,62,62,540383,8715.855,8192,1,0,0,52.461
mixed,real,2223,8026400805991761524,0,1986,1,4734,62,62,540445,8716.855,0,0,0,0,56.517
mixed,real,2224,8026400805991761524,0,1987,2,6720,61,61,531292,8709.705,0,0,0,0,57.543
mixed,real,2225,8026400805991761524,0,1986,1,515,62,62,539545,8702.339,8192,1,0,0,53.478
mixed,real,2226,8026400805991761524,0,1986,1,2501,62,62,539607,8703.339,8192,1,0,0,55.998
mixed,real,2227,8026400805991761524,0,1986,1,4487,62,62,539669,8704.339,0,0,0,0,57.083
mixed,real,2228,8026400805991761524,0,1987,2,6473,61,61,530516,8696.984,0,0,0,0,57.270
mixed,real,2229,8026400805991761524,0,1986,1,268,62,62,538769,8689.823,8192,1,0,0,53.259
mixed,real,2230,8026400805991761524,0,1986,1,2254,62,62,538831,8690.823,8192,1,0,0,55.144
mixed,real,2231,8026400805991761524,0,1986,1,4240,62,62,538893,8691.823,0,0,0,0,56.882
mixed,real,2232,8026400805991761524,0,1987,2,6226,61,61,529740,8684.262,0,0,0,0,57.664
mixed,real,2233,8026400805991761524,0,1986,1,21,62,62,537993,8677.306,8192,1,0,0,54.044
mixed,real,2234,8026400805991761524,0,1986,1,2007,62,62,538055,8678.306,8192,1,0,0,55.483
mixed,real,2235,8026400805991761524,0,1986,1,3993,62,62,538117,8679.306,8192,1,0,0,56.712
mixed,real,2236,8026400805991761524,0,1987,1,5979,61,61,528964,8671.541,0,0,0,0,57.691
mixed,real,2237,8026400805991761524,0,1987,2,7966,61,61,529025,8672.541,8192,1,0,0,53.644
mixed,real,2238,8026400805991761524,0,1986,1,1761,62,62,537278,8665.774,8192,1,0,0,53.874
mixed,real,2239,8026400805991761524,0,1986,1,3747,62,62,537340,8666.774,8192,1,0,0,54.707
mixed,real,2240,8026400805991761524,0,1987,1,5733,61,61,528187,8658.803,0,0,0,0,58.133
mixed,real,2241,8026400805991761524,0,1987,2,7720,61,61,528248,8659.803,8192,1,0,0,54.039
mixed,real,2242,8026400805991761524,0,1986,1,1515,62,62,536501,8653.242,8192,1,0,0,53.899
mixed,real,2243,8026400805991761524,0,1986,1,3501,62,62,536563,8654.242,8192,1,0,0,53.850
mixed,real,2244,8026400805991761524,0,1987,1,5487,61,61,527410,8646.066,0,0,0,0,58.187
mixed,real,2245,8026400805991761524,0,1987,2,7474,61,61,527471,8647.066,8192,1,0,0,53.225
mixed,real,2246,8026400805991761524,0,1986,1,1269,62,62,535724,8640.710,8192,1,0,0,53.635
mixed,real,2247,8026400805991761524,0,1986,1,3255,62,62,535786,8641.710,8192,1,0,0,53.667
mixed,real,2248,8026400805991761524,0,1987,1,5241,61,61,526633,8633.328,0,0,0,0,58.602
mixed,real,2249,8026400805991761524,0,1987,2,7228,61,61,526694,8634.328,8192,1,0,0,53.625
mixed,real,2250,8026400805991761524,0,1986,1,1023,62,62,534947,8628.177,8192,1,0,0,53.875
mixed,real,2251,8026400805991761524,0,1986,1,3009,62,62,535009,8629.177,8192,1,0,0,54.493
mixed,real,2252,8026400805991761524,0,1987,1,4995,61,61,525856,8620.590,0,0,0,0,58.271
mixed,real,2253,8026400805991761524,0,1987,2,6982,61,61,525917,8621.590,8192,1,0,0,58.469
mixed,real,2254,8026400805991761524,0,1986,1,777,62,62,534170,8615.645,8192,1,0,0,52.645
mixed,real,2255,8026400805991761524,0,1986,1,2763,62,62,534232,8616.645,8192,1,0,0,53.903
mixed,real,2256,8026400805991761524,0,1987,1,4749,61,61,525079,8607.852,0,0,0,0,58.507
mixed,real,2257,8026400805991761524,0,1987,2,6736,61,61,525140,8608.852,8192,1,0,0,58.735
mixed,real,2258,8026400805991761524,0,1986,1,531,62,62,533393,8603.113,8192,1,0,0,53.154
mixed,real,2259,8026400805991761524,0,1986,1,2517,62,62,533455,8604.113,8192,1,0,0,54.001
mixed,real,2260,8026400805991761524,0,1987,1,4503,61,61,524302,8595.115,0,0,0,0,56.983
mixed,real,2261,8026400805991761524,0,1987,2,6490,61,61,524363,8596.115,8192,1,0,0,58.137
mixed,real,2262,8026400805991761524,0,1986,1,285,62,62,532616,8590.581,8192,1,0,0,53.255
mixed,real,2263,8026400805991761524,0,1986,1,2271,62,62,532678,8591.581,8192,1,0,0,53.630
mixed,real,2264,8026400805991761524,0,1987,1,4257,61,61,523525,8582.377,0,0,0,0,57.860
mixed,real,2265,8026400805991761524,0,1987,2,6244,61,61,523586,8583.377,8192,1,0,0,58.256
mixed,real,2266,8026400805991761524,0,1986,1,39,62,62,531839,8578.048,8192,1,0,0,53.216
mixed,real,2267,8026400805991761524,0,1986,1,2025,62,62,531901,8579.048,8192,1,0,0,53.569
mixed,real,2268,8026400805991761524,0,1987,1,4011,61,61,522748,8569.639,8192,1,0,0,57.156
mixed,real,2269,8026400805991761524,0,1987,1,5998,61,61,522809,8570.639,8192,1,0,0,58.170
mixed,real,2270,8026400805991761524,0,1987,2,7985,61,61,522870,8571.639,8192,1,0,0,53.362
mixed,real,2271,8026400805991761524,0,1986,1,1780,62,62,531123,8566.500,8192,1,0,0,53.566
mixed,real,2272,8026400805991761524,0,1987,1,3766,61,61,521970,8556.885,8192,1,0,0,56.590
mixed,real,2273,8026400805991761524,0,1987,1,5753,61,61,522031,8557.885,8192,1,0,0,58.141
mixed,real,2274,8026400805991761524,0,1987,2,7740,61,61,522092,8558.885,8192,1,0,0,53.260
mixed,real,2275,8026400805991761524,0,1986,1,1535,62,62,530345,8553.952,8192,1,0,0,54.011
mixed,real,2276,8026400805991761524,0,1986,1,3521,62,62,530407,8554.952,8192,1,0,0,53.747
mixed,real,2277,8026400805991761524,0,1987,1,5507,61,61,521254,8545.148,0,0,0,0,57.863
mixed,real,2278,8026400805991761524,0,1987,2,7494,61,61,521315,8546.148,8192,1,0,0,53.764
mixed,real,2279,8026400805991761524,0,1986,1,1289,62,62,529568,8541.419,8192,1,0,0,53.835
mixed,real,2280,8026400805991761524,0,1986,1,3275,62,62,529630,8542.419,8192,1,0,0,54.231
mixed,real,2281,8026400805991761524,0,1987,1,5261,61,61,520477,8532.410,0,0,0,0,57.962
mixed,real,2282,8026400805991761524,0,1987,2,7248,61,61,520538,8533.410,8192,1,0,0,54.274
mixed,real,2283,8026400805991761524,0,1986,1,1043,62,62,528791,8528.887,8192,1,0,0,53.092
mixed,real,2284,8026400805991761524,0,1986,1,3029,62,62,528853,8529.887,8192,1,0,0,54.029
mixed,real,2285,8026400805991761524,0,1987,1,5015,61,61,519700,8519.672,0,0,0,0,57.901
mixed,real,2286,8026400805991761524,0,1987,2,7002,61,61,519761,8520.672,8192,1,0,0,58.924
mixed,real,2287,8026400805991761524,0,1986,1,797,62,62,528014,8516.355,8192,1,0,0,53.580
mixed,real,2288,8026400805991761524,0,1986,1,2783,62,62,528076,8517.355,8192,1,0,0,53.917
mixed,real,2289,8026400805991761524,0,1987,1,4769,61,61,518923,8506.934,0,0,0,0,57.602
mixed,real,2290,8026400805991761524,0,1987,2,6756,61,61,518984,8507.934,8192,1,0,0,58.905
mixed,real,2291,8026400805991761524,0,1986,1,551,62,62,527237,8503.823,8192,1,0,0,52.840
mixed,real,2292,8026400805991761524,0,1986,1,2537,62,62,527299,8504.823,8192,1,0,0,54.130
mixed,real,2293,8026400805991761524,0,1987,1,4523,61,61,518146,8494.197,0,0,0,0,58.374
mixed,real,2294,8026400805991761524,0,1987,2,6510,61,61,518207,8495.197,8192,1,0,0,58.100
mixed,real,2295,8026400805991761524,0,1986,1,305,62,62,526460,8491.290,8192,1,0,0,52.945
mixed,real,2296,8026400805991761524,0,1986,1,2291,62,62,526522,8492.290,8192,1,0,0,53.917
mixed,real,2297,8026400805991761524,0,1987,1,4277,61,61,517369,8481.459,0,0,0,0,57.253
mixed,real,2298,8026400805991761524,0,1987,2,6264,61,61,517430,8482.459,8192,1,0,0,58.511
mixed,real,2299,8026400805991761524,0,1986,1,59,62,62,525683,8478.758,8192,1,0,0,52.926
mixed,real,2300,8026400805991761524,0,1986,1,2045,62,62,525745,8479.758,8192,1,0,0,53.683
mixed,real,2301,8026400805991761524,0,1987,1,4031,61,61,516592,8468.721,8192,1,0,0,56.924
mixed,real,2302,8026400805991761524,0,1987,1,6018,61,61,516653,8469.721,8192,1,0,0,58.246
mixed,real,2303,8026400805991761524,0,1987,2,8005,61,61,516714,8470.721,8192,1,0,0,53.646
mixed,real,2304,8026400805991761524,0,1986,1,1800,62,62,524967,8467.210,8192,1,0,0,53.784
mixed,real,2305,8026400805991761524,0,1987,1,3786,61,61,515814,8455.967,8192,1,0,0,56.566
mixed,real,2306,8026400805991761524,0,1987,1,5773,61,61,515875,8456.967,8192,1,0,0,58.294
mixed,real,2307,8026400805991761524,0,1987,2,7760,61,61,515936,8457.967,8192,1,0,0,53.954
mixed,real,2308,8026400805991761524,0,1986,1,1555,62,62,524189,8454.661,8192,1,0,0,53.346
mixed,real,2309,8026400805991761524,0,1987,1,3541,61,61,515036,8443.213,8192,1,0,0,56.375
mixed,real,2310,8026400805991761524,0,1987,1,5528,61,61,515097,8444.213,8192,1,0,0,57.895
mixed,real,2311,8026400805991761524,0,1987,2,7515,61,61,515158,8445.213,8192,1,0,0,53.209
mixed,real,2312,8026400805991761524,0,1986,1,1310,62,62,523411,8442.113,8192,1,0,0,53.862
mixed,real,2313,8026400805991761524,0,1987,1,3296,61,61,514258,8430.459,8192,1,0,0,56.111
mixed,real,2314,8026400805991761524,0,1987,1,5283,61,61,514319,8431.459,8192,1,0,0,57.489
mixed,real,2315,8026400805991761524,0,1987,2,7270,61,61,514380,8432.459,8192,1,0,0,53.095
mixed,real,2316,8026400805991761524,0,1986,1,1065,62,62,522633,8429.565,8192,1,0,0,53.486
mixed,real,2317,8026400805991761524,0,1986,1,3051,62,62,522695,8430.565,8192,1,0,0,54.339
mixed,real,2318,8026400805991761524,0,1987,1,5037,61,61,513542,8418.721,0,0,0,0,57.681
mixed,real,2319,8026400805991761524,0,1987,2,7024,61,61,513603,8419.721,8192,1,0,0,59.474
mixed,real,2320,8026400805991761524,0,1986,1,819,62,62,521856,8417.032,8192,1,0,0,53.040
mixed,real,2321,8026400805991761524,0,1986,1,2805,62,62,521918,8418.032,8192,1,0,0,55.054
mixed,real,2322,8026400805991761524,0,1987,1,4791,61,61,512765,8405.984,0,0,0,0,58.123
mixed,real,2323,8026400805991761524,0,1987,2,6778,61,61,512826,8406.984,8192,1,0,0,58.620
mixed,real,2324,8026400805991761524,0,1986,1,573,62,62,521079,8404.500,8192,1,0,0,52.686
mixed,real,2325,8026400805991761524,0,1986,1,2559,62,62,521141,8405.500,8192,1,0,0,53.779
mixed,real,2326,8026400805991761524,0,1987,1,4545,61,61,511988,8393.246,0,0,0,0,58.160
mixed,real,2327,8026400805991761524,0,1987,2,6532,61,61,512049,8394.246,8192,1,0,0,59.563
mixed,real,2328,8026400805991761524,0,1986,1,327,62,62,520302,8391.968,8192,1,0,0,52.497
mixed,real,2329,8026400805991761524,0,1986,1,2313,62,62,520364,8392.968,8192,1,0,0,53.709
mixed,real,2330,8026400805991761524,0,1987,1,4299,61,61,511211,8380.508,0,0,0,0,57.187
mixed,real,2331,8026400805991761524,0,1987,2,6286,61,61,511272,8381.508,8192,1,0,0,58.309
mixed,real,2332,8026400805991761524,0,1986,1,81,62,62,519525,8379.435,8192,1,0,0,53.079
mixed,real,2333,8026400805991761524,0,1986,1,2067,62,62,519587,8380.435,8192,1,0,0,53.690
mixed,real,2334,8026400805991761524,0,1987,1,4053,61,61,510434,8367.770,8192,1,0,0,57.131
mixed,real,2335,8026400805991761524,0,1987,1,6040,61,61,510495,8368.770,8192,1,0,0,58.305
mixed,real,2336,8026400805991761524,0,1987,2,8027,61,61,510556,8369.770,8192,1,0,0,52.940
mixed,real,2337,8026400805991761524,0,1986,1,1822,62,62,518809,8367.887,8192,1,0,0,54.160
mixed,real,2338,8026400805991761524,0,1987,1,3808,61,61,509656,8355.016,8192,1,0,0,57.277
mixed,real,2339,8026400805991761524,0,1987,1,5795,61,61,509717,8356.016,8192,1,0,0,58.020
mixed,real,2340,8026400805991761524,0,1987,2,7782,61,61,509778,8357.016,8192,1,0,0,53.993
mixed,real,2341,8026400805991761524,0,1986,1,1577,62,62,518031,8355.339,8192,1,0,0,53.215
mixed,real,2342,8026400805991761524,0,1987,1,3563,61,61,508878,8342.262,8192,1,0,0,53.416
mixed,real,2343,8026400805991761524,0,1987,1,5550,61,61,508939,8343.262,8192,1,0,0,56.325
mixed,real,2344,8026400805991761524,0,1987,2,7537,61,61,509000,8344.262,8192,1,0,0,54.741
mixed,real,2345,8026400805991761524,0,1986,1,1332,62,62,517253,8342.790,8192,1,0,0,53.582
mixed,real,2346,8026400805991761524,0,1987,1,3318,61,61,508100,8329.508,8192,1,0,0,55.223
mixed,real,2347,8026400805991761524,0,1987,1,5305,61,61,508161,8330.508,8192,1,0,0,56.631
mixed,real,2348,8026400805991761524,0,1987,2,7292,61,61,508222,8331.508,8192,1,0,0,52.991
mixed,real,2349,8026400805991761524,0,1986,1,1087,62,62,516475,8330.242,8192,1,0,0,53.648
mixed,real,2350,8026400805991761524,0,1986,1,3073,62,62,516537,8331.242,8192,1,0,0,54.855
mixed,real,2351,8026400805991761524,0,1987,1,5059,61,61,507384,8317.770,0,0,0,0,57.085
mixed,real,2352,8026400805991761524,0,1987,2,7046,61,61,507445,8318.770,8192,1,0,0,58.123
mixed,real,2353,8026400805991761524,0,1986,1,841,62,62,515698,8317.710,8192,1,0,0,53.208
mixed,real,2354,8026400805991761524,0,1986,1,2827,62,62,515760,8318.710,8192,1,0,0,53.358
mixed,real,2355,8026400805991761524,0,1986,1,4813,62,62,515822,8319.710,0,0,0,0,55.512
mixed,real,2356,8026400805991761524,0,1986,2,6799,62,62,515884,8320.710,0,0,0,0,57.631
mixed,real,2357,8026400805991761524,0,1985,1,593,63,63,524138,8319.651,0,0,0,0,52.214
mixed,real,2358,8026400805991761524,0,1985,1,2578,63,63,524201,8320.651,0,0,0,0,52.985
mixed,real,2359,8026400805991761524,0,1985,1,4563,63,63,524264,8321.651,0,0,0,0,54.544
mixed,real,2360,8026400805991761524,0,1644,1,6548,63,63,524327,8322.651,0,0,0,0,58.039
decode,real,2361,8026400805991761524,0,0,0,0,64,64,532582,8321.594,0,0,0,0,13.299
decode,real,2362,8026400805991761524,0,0,0,0,64,64,532646,8322.594,0,0,0,0,13.283
decode,real,2363,8026400805991761524,0,0,0,0,64,64,532710,8323.594,0,0,0,0,13.270
decode,real,2364,8026400805991761524,0,0,0,0,64,64,532774,8324.594,0,0,0,0,13.312
decode,real,2365,8026400805991761524,0,0,0,0,64,64,532838,8325.594,0,0,0,0,13.231
decode,real,2366,8026400805991761524,0,0,0,0,64,64,532902,8326.594,0,0,0,0,13.274
decode,real,2367,8026400805991761524,0,0,0,0,64,64,532966,8327.594,0,0,0,0,13.219
decode,real,2368,8026400805991761524,0,0,0,0,64,64,533030,8328.594,0,0,0,0,13.285
decode,real,2369,8026400805991761524,0,0,0,0,64,64,533094,8329.594,0,0,0,0,13.251
decode,real,2370,8026400805991761524,0,0,0,0,64,64,533158,8330.594,0,0,0,0,13.226
decode,real,2371,8026400805991761524,0,0,0,0,64,64,533222,8331.594,0,0,0,0,13.277
decode,real,2372,8026400805991761524,0,0,0,0,64,64,533286,8332.594,0,0,0,0,13.250
decode,real,2373,8026400805991761524,0,0,0,0,64,64,533350,8333.594,0,0,0,0,13.250
decode,real,2374,8026400805991761524,0,0,0,0,64,64,533414,8334.594,0,0,0,0,13.273
decode,real,2375,8026400805991761524,0,0,0,0,64,64,533478,8335.594,0,0,0,0,13.259
decode,real,2376,8026400805991761524,0,0,0,0,64,64,533542,8336.594,0,0,0,0,13.256
decode,real,2377,8026400805991761524,0,0,0,0,64,64,533606,8337.594,0,0,0,0,13.245
decode,real,2378,8026400805991761524,0,0,0,0,64,64,533670,8338.594,0,0,0,0,13.303
decode,real,2379,8026400805991761524,0,0,0,0,64,64,533734,8339.594,0,0,0,0,13.259
decode,real,2380,8026400805991761524,0,0,0,0,64,64,533798,8340.594,0,0,0,0,13.279
decode,real,2381,8026400805991761524,0,0,0,0,64,64,533862,8341.594,0,0,0,0,13.254
decode,real,2382,8026400805991761524,0,0,0,0,64,64,533926,8342.594,0,0,0,0,13.319
decode,real,2383,8026400805991761524,0,0,0,0,64,64,533990,8343.594,0,0,0,0,13.228
decode,real,2384,8026400805991761524,0,0,0,0,64,64,534054,8344.594,0,0,0,0,13.315
decode,real,2385,8026400805991761524,0,0,0,0,64,64,534118,8345.594,0,0,0,0,13.241
decode,real,2386,8026400805991761524,0,0,0,0,64,64,534182,8346.594,0,0,0,0,13.239
decode,real,2387,8026400805991761524,0,0,0,0,64,64,534246,8347.594,0,0,0,0,13.280
decode,real,2388,8026400805991761524,0,0,0,0,64,64,534310,8348.594,0,0,0,0,13.245
decode,real,2389,8026400805991761524,0,0,0,0,64,64,534374,8349.594,0,0,0,0,13.285
decode,real,2390,8026400805991761524,0,0,0,0,64,64,534438,8350.594,0,0,0,0,13.226
decode,real,2391,8026400805991761524,0,0,0,0,64,64,534502,8351.594,0,0,0,0,13.271
decode,real,2392,8026400805991761524,0,0,0,0,64,64,534566,8352.594,0,0,0,0,13.249
decode,real,2393,8026400805991761524,0,0,0,0,64,64,534630,8353.594,0,0,0,0,13.248
decode,real,2394,8026400805991761524,0,0,0,0,64,64,534694,8354.594,0,0,0,0,13.273
decode,real,2395,8026400805991761524,0,0,0,0,64,64,534758,8355.594,0,0,0,0,13.267
decode,real,2396,8026400805991761524,0,0,0,0,64,64,534822,8356.594,0,0,0,0,13.299
decode,real,2397,8026400805991761524,0,0,0,0,64,64,534886,8357.594,0,0,0,0,13.240
decode,real,2398,8026400805991761524,0,0,0,0,64,64,534950,8358.594,0,0,0,0,13.235
decode,real,2399,8026400805991761524,0,0,0,0,64,64,535014,8359.594,0,0,0,0,13.278
decode,real,2400,8026400805991761524,0,0,0,0,64,64,535078,8360.594,0,0,0,0,13.252
decode,real,2401,8026400805991761524,0,0,0,0,64,64,535142,8361.594,0,0,0,0,13.291
decode,real,2402,8026400805991761524,0,0,0,0,64,64,535206,8362.594,0,0,0,0,13.223
decode,real,2403,8026400805991761524,0,0,0,0,64,64,535270,8363.594,0,0,0,0,13.287
decode,real,2404,8026400805991761524,0,0,0,0,64,64,535334,8364.594,0,0,0,0,13.281
decode,real,2405,8026400805991761524,0,0,0,0,64,64,535398,8365.594,0,0,0,0,13.274
decode,real,2406,8026400805991761524,0,0,0,0,64,64,535462,8366.594,0,0,0,0,13.299
decode,real,2407,8026400805991761524,0,0,0,0,64,64,535526,8367.594,0,0,0,0,13.256
decode,real,2408,8026400805991761524,0,0,0,0,64,64,535590,8368.594,0,0,0,0,13.305
decode,real,2409,8026400805991761524,0,0,0,0,64,64,535654,8369.594,0,0,0,0,13.244
decode,real,2410,8026400805991761524,0,0,0,0,64,64,535718,8370.594,0,0,0,0,13.286
decode,real,2411,8026400805991761524,0,0,0,0,64,64,535782,8371.594,0,0,0,0,13.281
decode,real,2412,8026400805991761524,0,0,0,0,64,64,535846,8372.594,0,0,0,0,13.264
decode,real,2413,8026400805991761524,0,0,0,0,64,64,535910,8373.594,0,0,0,0,13.264
decode,real,2414,8026400805991761524,0,0,0,0,64,64,535974,8374.594,0,0,0,0,13.291
decode,real,2415,8026400805991761524,0,0,0,0,64,64,536038,8375.594,0,0,0,0,13.281
decode,real,2416,8026400805991761524,0,0,0,0,64,64,536102,8376.594,0,0,0,0,13.303
decode,real,2417,8026400805991761524,0,0,0,0,64,64,536166,8377.594,0,0,0,0,13.282
decode,real,2418,8026400805991761524,0,0,0,0,64,64,536230,8378.594,0,0,0,0,13.243
decode,real,2419,8026400805991761524,0,0,0,0,64,64,536294,8379.594,0,0,0,0,13.320
decode,real,2420,8026400805991761524,0,0,0,0,64,64,536358,8380.594,0,0,0,0,13.291
decode,real,2421,8026400805991761524,0,0,0,0,64,64,536422,8381.594,0,0,0,0,13.325
decode,real,2422,8026400805991761524,0,0,0,0,64,64,536486,8382.594,0,0,0,0,13.254
decode,real,2423,8026400805991761524,0,0,0,0,64,64,536550,8383.594,0,0,0,0,13.283
decode,real,2424,8026400805991761524,0,0,0,0,64,64,536614,8384.594,0,0,0,0,13.325
decode,real,2425,8026400805991761524,0,0,0,0,64,64,536678,8385.594,0,0,0,0,13.223
decode,real,2426,8026400805991761524,0,0,0,0,64,64,536742,8386.594,0,0,0,0,13.323
decode,real,2427,8026400805991761524,0,0,0,0,64,64,536806,8387.594,0,0,0,0,13.279
decode,real,2428,8026400805991761524,0,0,0,0,64,64,536870,8388.594,0,0,0,0,13.319
decode,real,2429,8026400805991761524,0,0,0,0,64,64,536934,8389.594,0,0,0,0,13.281
decode,real,2430,8026400805991761524,0,0,0,0,64,64,536998,8390.594,0,0,0,0,13.280
decode,real,2431,8026400805991761524,0,0,0,0,64,64,537062,8391.594,0,0,0,0,13.286
decode,real,2432,8026400805991761524,0,0,0,0,64,64,537126,8392.594,0,0,0,0,13.320
decode,real,2433,8026400805991761524,0,0,0,0,64,64,537190,8393.594,0,0,0,0,13.325
decode,real,2434,8026400805991761524,0,0,0,0,64,64,537254,8394.594,0,0,0,0,13.283
decode,real,2435,8026400805991761524,0,0,0,0,64,64,537318,8395.594,0,0,0,0,13.296
decode,real,2436,8026400805991761524,0,0,0,0,64,64,537382,8396.594,0,0,0,0,13.317
decode,real,2437,8026400805991761524,0,0,0,0,64,64,537446,8397.594,0,0,0,0,13.293
decode,real,2438,8026400805991761524,0,0,0,0,64,64,537510,8398.594,0,0,0,0,13.366
decode,real,2439,8026400805991761524,0,0,0,0,64,64,537574,8399.594,0,0,0,0,13.244
decode,real,2440,8026400805991761524,0,0,0,0,64,64,537638,8400.594,0,0,0,0,13.314
decode,real,2441,8026400805991761524,0,0,0,0,64,64,537702,8401.594,0,0,0,0,13.323
decode,real,2442,8026400805991761524,0,0,0,0,64,64,537766,8402.594,0,0,0,0,13.309
decode,real,2443,8026400805991761524,0,0,0,0,64,64,537830,8403.594,0,0,0,0,13.289
decode,real,2444,8026400805991761524,0,0,0,0,64,64,537894,8404.594,0,0,0,0,13.310
decode,real,2445,8026400805991761524,0,0,0,0,64,64,537958,8405.594,0,0,0,0,13.289
decode,real,2446,8026400805991761524,0,0,0,0,64,64,538022,8406.594,0,0,0,0,13.323
decode,real,2447,8026400805991761524,0,0,0,0,64,64,538086,8407.594,0,0,0,0,13.304
decode,real,2448,8026400805991761524,0,0,0,0,64,64,538150,8408.594,0,0,0,0,13.307
decode,real,2449,8026400805991761524,0,0,0,0,64,64,538214,8409.594,0,0,0,0,13.325
decode,real,2450,8026400805991761524,0,0,0,0,64,64,538278,8410.594,0,0,0,0,13.288
decode,real,2451,8026400805991761524,0,0,0,0,64,64,538342,8411.594,0,0,0,0,13.351
decode,real,2452,8026400805991761524,0,0,0,0,64,64,538406,8412.594,0,0,0,0,13.308
decode,real,2453,8026400805991761524,0,0,0,0,64,64,538470,8413.594,0,0,0,0,13.292
decode,real,2454,8026400805991761524,0,0,0,0,64,64,538534,8414.594,0,0,0,0,13.322
decode,real,2455,8026400805991761524,0,0,0,0,64,64,538598,8415.594,0,0,0,0,13.324
decode,real,2456,8026400805991761524,0,0,0,0,64,64,538662,8416.594,0,0,0,0,13.271
decode,real,2457,8026400805991761524,0,0,0,0,64,64,538726,8417.594,0,0,0,0,13.329
decode,real,2458,8026400805991761524,0,0,0,0,64,64,538790,8418.594,0,0,0,0,13.274
decode,real,2459,8026400805991761524,0,0,0,0,64,64,538854,8419.594,0,0,0,0,13.330
decode,real,2460,8026400805991761524,0,0,0,0,64,64,538918,8420.594,0,0,0,0,13.315
decode,real,2461,8026400805991761524,0,0,0,0,64,64,538982,8421.594,0,0,0,0,13.285
decode,real,2462,8026400805991761524,0,0,0,0,64,64,539046,8422.594,0,0,0,0,13.318
decode,real,2463,8026400805991761524,0,0,0,0,64,64,539110,8423.594,0,0,0,0,13.313
decode,real,2464,8026400805991761524,0,0,0,0,64,64,539174,8424.594,0,0,0,0,13.339
decode,real,2465,8026400805991761524,0,0,0,0,64,64,539238,8425.594,0,0,0,0,13.294
decode,real,2466,8026400805991761524,0,0,0,0,64,64,539302,8426.594,0,0,0,0,13.337
decode,real,2467,8026400805991761524,0,0,0,0,64,64,539366,8427.594,0,0,0,0,13.315
decode,real,2468,8026400805991761524,0,0,0,0,64,64,539430,8428.594,0,0,0,0,13.351
decode,real,2469,8026400805991761524,0,0,0,0,64,64,539494,8429.594,0,0,0,0,13.290
decode,real,2470,8026400805991761524,0,0,0,0,64,64,539558,8430.594,0,0,0,0,13.369
decode,real,2471,8026400805991761524,0,0,0,0,64,64,539622,8431.594,0,0,0,0,13.284
decode,real,2472,8026400805991761524,0,0,0,0,64,64,539686,8432.594,0,0,0,0,13.303
decode,real,2473,8026400805991761524,0,0,0,0,64,64,539750,8433.594,0,0,0,0,13.348
decode,real,2474,8026400805991761524,0,0,0,0,64,64,539814,8434.594,0,0,0,0,13.289
decode,real,2475,8026400805991761524,0,0,0,0,64,64,539878,8435.594,0,0,0,0,13.326
decode,real,2476,8026400805991761524,0,0,0,0,64,64,539942,8436.594,0,0,0,0,13.326
decode,real,2477,8026400805991761524,0,0,0,0,64,64,540006,8437.594,0,0,0,0,13.301
decode,real,2478,8026400805991761524,0,0,0,0,64,64,540070,8438.594,0,0,0,0,13.331
decode,real,2479,8026400805991761524,0,0,0,0,64,64,540134,8439.594,0,0,0,0,13.349
decode,real,2480,8026400805991761524,0,0,0,0,64,64,540198,8440.594,0,0,0,0,13.306
decode,real,2481,8026400805991761524,0,0,0,0,64,64,540262,8441.594,0,0,0,0,13.314
decode,real,2482,8026400805991761524,0,0,0,0,64,64,540326,8442.594,0,0,0,0,13.392
decode,real,2483,8026400805991761524,0,0,0,0,64,64,540390,8443.594,0,0,0,0,13.286
decode,real,2484,8026400805991761524,0,0,0,0,64,64,540454,8444.594,0,0,0,0,13.319
decode,real,2485,8026400805991761524,0,0,0,0,64,64,540518,8445.594,0,0,0,0,13.333
decode,real,2486,8026400805991761524,0,0,0,0,64,64,540582,8446.594,0,0,0,0,13.308
decode,real,2487,8026400805991761524,0,0,0,0,64,64,540646,8447.594,0,0,0,0,13.331
decode,real,2488,8026400805991761524,0,0,0,0,64,64,540710,8448.594,0,0,0,0,13.332
decode,real,2489,8026400805991761524,0,0,0,0,64,64,540774,8449.594,0,0,0,0,13.314
decode,real,2490,8026400805991761524,0,0,0,0,64,64,540838,8450.594,0,0,0,0,13.328
decode,real,2491,8026400805991761524,0,0,0,0,64,64,540902,8451.594,0,0,0,0,13.326
decode,real,2492,8026400805991761524,0,0,0,0,64,64,540966,8452.594,0,0,0,0,13.332
decode,real,2493,8026400805991761524,0,0,0,0,64,64,541030,8453.594,0,0,0,0,13.367
decode,real,2494,8026400805991761524,0,0,0,0,64,64,541094,8454.594,0,0,0,0,13.319
decode,real,2495,8026400805991761524,0,0,0,0,64,64,541158,8455.594,0,0,0,0,13.301
decode,real,2496,8026400805991761524,0,0,0,0,64,64,541222,8456.594,0,0,0,0,13.355
decode,real,2497,8026400805991761524,0,0,0,0,64,64,541286,8457.594,0,0,0,0,13.369
decode,real,2498,8026400805991761524,0,0,0,0,64,64,541350,8458.594,0,0,0,0,13.289
decode,real,2499,8026400805991761524,0,0,0,0,64,64,541414,8459.594,0,0,0,0,13.517
decode,real,2500,8026400805991761524,0,0,0,0,64,64,541478,8460.594,0,0,0,0,13.165
decode,real,2501,8026400805991761524,0,0,0,0,64,64,541542,8461.594,0,0,0,0,13.330
decode,real,2502,8026400805991761524,0,0,0,0,64,64,541606,8462.594,0,0,0,0,13.350
decode,real,2503,8026400805991761524,0,0,0,0,64,64,541670,8463.594,0,0,0,0,13.326
decode,real,2504,8026400805991761524,0,0,0,0,64,64,541734,8464.594,0,0,0,0,13.298
decode,real,2505,8026400805991761524,0,0,0,0,64,64,541798,8465.594,0,0,0,0,13.387
decode,real,2506,8026400805991761524,0,0,0,0,64,64,541862,8466.594,0,0,0,0,13.350
decode,real,2507,8026400805991761524,0,0,0,0,64,64,541926,8467.594,0,0,0,0,13.302
decode,real,2508,8026400805991761524,0,0,0,0,64,64,541990,8468.594,0,0,0,0,13.354
decode,real,2509,8026400805991761524,0,0,0,0,64,64,542054,8469.594,0,0,0,0,13.391
decode,real,2510,8026400805991761524,0,0,0,0,64,64,542118,8470.594,0,0,0,0,13.328
decode,real,2511,8026400805991761524,0,0,0,0,64,64,542182,8471.594,0,0,0,0,13.372
decode,real,2512,8026400805991761524,0,0,0,0,64,64,542246,8472.594,0,0,0,0,13.365
decode,real,2513,8026400805991761524,0,0,0,0,64,64,542310,8473.594,0,0,0,0,13.343
decode,real,2514,8026400805991761524,0,0,0,0,64,64,542374,8474.594,0,0,0,0,13.354
decode,real,2515,8026400805991761524,0,0,0,0,64,64,542438,8475.594,0,0,0,0,13.392
decode,real,2516,8026400805991761524,0,0,0,0,64,64,542502,8476.594,0,0,0,0,13.308
decode,real,2517,8026400805991761524,0,0,0,0,64,64,542566,8477.594,0,0,0,0,13.380
decode,real,2518,8026400805991761524,0,0,0,0,64,64,542630,8478.594,0,0,0,0,13.345
decode,real,2519,8026400805991761524,0,0,0,0,64,64,542694,8479.594,0,0,0,0,13.365
decode,real,2520,8026400805991761524,0,0,0,0,64,64,542758,8480.594,0,0,0,0,13.389
decode,real,2521,8026400805991761524,0,0,0,0,64,64,542822,8481.594,0,0,0,0,13.298
decode,real,2522,8026400805991761524,0,0,0,0,64,64,542886,8482.594,0,0,0,0,13.412
decode,real,2523,8026400805991761524,0,0,0,0,64,64,542950,8483.594,0,0,0,0,13.304
decode,real,2524,8026400805991761524,0,0,0,0,64,64,543014,8484.594,0,0,0,0,13.385
decode,real,2525,8026400805991761524,0,0,0,0,64,64,543078,8485.594,0,0,0,0,13.351
decode,real,2526,8026400805991761524,0,0,0,0,64,64,543142,8486.594,0,0,0,0,13.397
decode,real,2527,8026400805991761524,0,0,0,0,64,64,543206,8487.594,0,0,0,0,13.356
decode,real,2528,8026400805991761524,0,0,0,0,64,64,543270,8488.594,0,0,0,0,13.339
decode,real,2529,8026400805991761524,0,0,0,0,64,64,543334,8489.594,0,0,0,0,13.379
decode,real,2530,8026400805991761524,0,0,0,0,64,64,543398,8490.594,0,0,0,0,13.350
decode,real,2531,8026400805991761524,0,0,0,0,64,64,543462,8491.594,0,0,0,0,13.408
decode,real,2532,8026400805991761524,0,0,0,0,64,64,543526,8492.594,0,0,0,0,13.319
decode,real,2533,8026400805991761524,0,0,0,0,64,64,543590,8493.594,0,0,0,0,13.351
decode,real,2534,8026400805991761524,0,0,0,0,64,64,543654,8494.594,0,0,0,0,13.370
decode,real,2535,8026400805991761524,0,0,0,0,64,64,543718,8495.594,0,0,0,0,13.369
decode,real,2536,8026400805991761524,0,0,0,0,64,64,543782,8496.594,0,0,0,0,13.359
decode,real,2537,8026400805991761524,0,0,0,0,64,64,543846,8497.594,0,0,0,0,13.367
decode,real,2538,8026400805991761524,0,0,0,0,64,64,543910,8498.594,0,0,0,0,13.357
decode,real,2539,8026400805991761524,0,0,0,0,64,64,543974,8499.594,0,0,0,0,13.383
decode,real,2540,8026400805991761524,0,0,0,0,64,64,544038,8500.594,0,0,0,0,13.374
decode,real,2541,8026400805991761524,0,0,0,0,64,64,544102,8501.594,0,0,0,0,13.379
decode,real,2542,8026400805991761524,0,0,0,0,64,64,544166,8502.594,0,0,0,0,13.385
decode,real,2543,8026400805991761524,0,0,0,0,64,64,544230,8503.594,0,0,0,0,13.362
decode,real,2544,8026400805991761524,0,0,0,0,64,64,544294,8504.594,0,0,0,0,13.392
decode,real,2545,8026400805991761524,0,0,0,0,64,64,544358,8505.594,0,0,0,0,13.389
decode,real,2546,8026400805991761524,0,0,0,0,64,64,544422,8506.594,0,0,0,0,13.340
decode,real,2547,8026400805991761524,0,0,0,0,64,64,544486,8507.594,0,0,0,0,13.394
decode,real,2548,8026400805991761524,0,0,0,0,64,64,544550,8508.594,0,0,0,0,13.327
decode,real,2549,8026400805991761524,0,0,0,0,64,64,544614,8509.594,0,0,0,0,13.395
decode,real,2550,8026400805991761524,0,0,0,0,64,64,544678,8510.594,0,0,0,0,13.384
decode,real,2551,8026400805991761524,0,0,0,0,64,64,544742,8511.594,0,0,0,0,13.323
decode,real,2552,8026400805991761524,0,0,0,0,64,64,544806,8512.594,0,0,0,0,13.463
decode,real,2553,8026400805991761524,0,0,0,0,64,64,544870,8513.594,0,0,0,0,13.369
decode,real,2554,8026400805991761524,0,0,0,0,64,64,544934,8514.594,0,0,0,0,13.404
decode,real,2555,8026400805991761524,0,0,0,0,64,64,544998,8515.594,0,0,0,0,13.369
decode,real,2556,8026400805991761524,0,0,0,0,64,64,545062,8516.594,0,0,0,0,13.392
decode,real,2557,8026400805991761524,0,0,0,0,64,64,545126,8517.594,0,0,0,0,13.366
decode,real,2558,8026400805991761524,0,0,0,0,64,64,545190,8518.594,0,0,0,0,13.439
decode,real,2559,8026400805991761524,0,0,0,0,64,64,545254,8519.594,0,0,0,0,13.359
decode,real,2560,8026400805991761524,0,0,0,0,64,64,545318,8520.594,0,0,0,0,13.366
decode,real,2561,8026400805991761524,0,0,0,0,64,64,545382,8521.594,0,0,0,0,13.399
decode,real,2562,8026400805991761524,0,0,0,0,64,64,545446,8522.594,0,0,0,0,13.356
decode,real,2563,8026400805991761524,0,0,0,0,64,64,545510,8523.594,0,0,0,0,13.442
decode,real,2564,8026400805991761524,0,0,0,0,64,64,545574,8524.594,0,0,0,0,13.362
decode,real,2565,8026400805991761524,0,0,0,0,64,64,545638,8525.594,0,0,0,0,13.392
decode,real,2566,8026400805991761524,0,0,0,0,64,64,545702,8526.594,0,0,0,0,13.408
decode,real,2567,8026400805991761524,0,0,0,0,64,64,545766,8527.594,0,0,0,0,13.356
decode,real,2568,8026400805991761524,0,0,0,0,64,64,545830,8528.594,0,0,0,0,13.451
decode,real,2569,8026400805991761524,0,0,0,0,64,64,545894,8529.594,0,0,0,0,13.376
decode,real,2570,8026400805991761524,0,0,0,0,64,64,545958,8530.594,0,0,0,0,13.374
decode,real,2571,8026400805991761524,0,0,0,0,64,64,546022,8531.594,0,0,0,0,13.407
decode,real,2572,8026400805991761524,0,0,0,0,64,64,546086,8532.594,0,0,0,0,13.404
decode,real,2573,8026400805991761524,0,0,0,0,64,64,546150,8533.594,0,0,0,0,13.401
decode,real,2574,8026400805991761524,0,0,0,0,64,64,546214,8534.594,0,0,0,0,13.379
decode,real,2575,8026400805991761524,0,0,0,0,64,64,546278,8535.594,0,0,0,0,13.362
decode,real,2576,8026400805991761524,0,0,0,0,64,64,546342,8536.594,0,0,0,0,13.416
decode,real,2577,8026400805991761524,0,0,0,0,64,64,546406,8537.594,0,0,0,0,13.385
decode,real,2578,8026400805991761524,0,0,0,0,64,64,546470,8538.594,0,0,0,0,13.369
decode,real,2579,8026400805991761524,0,0,0,0,64,64,546534,8539.594,0,0,0,0,13.400
decode,real,2580,8026400805991761524,0,0,0,0,64,64,546598,8540.594,0,0,0,0,13.363
decode,real,2581,8026400805991761524,0,0,0,0,64,64,546662,8541.594,0,0,0,0,13.426
decode,real,2582,8026400805991761524,0,0,0,0,64,64,546726,8542.594,0,0,0,0,13.395
decode,real,2583,8026400805991761524,0,0,0,0,64,64,546790,8543.594,0,0,0,0,13.400
decode,real,2584,8026400805991761524,0,0,0,0,64,64,546854,8544.594,0,0,0,0,13.421
decode,real,2585,8026400805991761524,0,0,0,0,64,64,546918,8545.594,0,0,0,0,13.381
decode,real,2586,8026400805991761524,0,0,0,0,64,64,546982,8546.594,0,0,0,0,13.407
decode,real,2587,8026400805991761524,0,0,0,0,64,64,547046,8547.594,0,0,0,0,13.382
decode,real,2588,8026400805991761524,0,0,0,0,64,64,547110,8548.594,0,0,0,0,13.401
decode,real,2589,8026400805991761524,0,0,0,0,64,64,547174,8549.594,0,0,0,0,13.412
decode,real,2590,8026400805991761524,0,0,0,0,64,64,547238,8550.594,0,0,0,0,13.416
decode,real,2591,8026400805991761524,0,0,0,0,64,64,547302,8551.594,0,0,0,0,13.381
decode,real,2592,8026400805991761524,0,0,0,0,64,64,547366,8552.594,0,0,0,0,13.428
decode,real,2593,8026400805991761524,0,0,0,0,64,64,547430,8553.594,0,0,0,0,13.377
decode,real,2594,8026400805991761524,0,0,0,0,64,64,547494,8554.594,0,0,0,0,13.402
decode,real,2595,8026400805991761524,0,0,0,0,64,64,547558,8555.594,0,0,0,0,13.415
decode,real,2596,8026400805991761524,0,0,0,0,64,64,547622,8556.594,0,0,0,0,13.400
decode,real,2597,8026400805991761524,0,0,0,0,64,64,547686,8557.594,0,0,0,0,13.403
decode,real,2598,8026400805991761524,0,0,0,0,64,64,547750,8558.594,0,0,0,0,13.448
decode,real,2599,8026400805991761524,0,0,0,0,64,64,547814,8559.594,0,0,0,0,13.389
decode,real,2600,8026400805991761524,0,0,0,0,64,64,547878,8560.594,0,0,0,0,13.431
decode,real,2601,8026400805991761524,0,0,0,0,64,64,547942,8561.594,0,0,0,0,13.403
decode,real,2602,8026400805991761524,0,0,0,0,64,64,548006,8562.594,0,0,0,0,13.412
decode,real,2603,8026400805991761524,0,0,0,0,64,64,548070,8563.594,0,0,0,0,13.426
decode,real,2604,8026400805991761524,0,0,0,0,64,64,548134,8564.594,0,0,0,0,13.393
decode,real,2605,8026400805991761524,0,0,0,0,64,64,548198,8565.594,0,0,0,0,13.401
decode,real,2606,8026400805991761524,0,0,0,0,64,64,548262,8566.594,0,0,0,0,13.427
decode,real,2607,8026400805991761524,0,0,0,0,64,64,548326,8567.594,0,0,0,0,13.393
decode,real,2608,8026400805991761524,0,0,0,0,64,64,548390,8568.594,0,0,0,0,13.419
decode,real,2609,8026400805991761524,0,0,0,0,64,64,548454,8569.594,0,0,0,0,13.415
decode,real,2610,8026400805991761524,0,0,0,0,64,64,548518,8570.594,0,0,0,0,13.410
decode,real,2611,8026400805991761524,0,0,0,0,64,64,548582,8571.594,0,0,0,0,13.403
decode,real,2612,8026400805991761524,0,0,0,0,64,64,548646,8572.594,0,0,0,0,13.415
decode,real,2613,8026400805991761524,0,0,0,0,64,64,548710,8573.594,0,0,0,0,13.435
decode,real,2614,8026400805991761524,0,0,0,0,64,64,548774,8574.594,0,0,0,0,13.418
decode,real,2615,8026400805991761524,0,0,0,0,64,64,548838,8575.594,0,0,0,0,13.394
decode,real,2616,8026400805991761524,0,0,0,0,64,64,548902,8576.594,0,0,0,0,13.422
decode,real,2617,8026400805991761524,0,0,0,0,64,64,548966,8577.594,0,0,0,0,13.406
decode,real,2618,8026400805991761524,0,0,0,0,64,64,549030,8578.594,0,0,0,0,13.431
decode,real,2619,8026400805991761524,0,0,0,0,64,64,549094,8579.594,0,0,0,0,13.403
decode,real,2620,8026400805991761524,0,0,0,0,64,64,549158,8580.594,0,0,0,0,13.447
decode,real,2621,8026400805991761524,0,0,0,0,64,64,549222,8581.594,0,0,0,0,13.394
decode,real,2622,8026400805991761524,0,0,0,0,64,64,549286,8582.594,0,0,0,0,13.446
decode,real,2623,8026400805991761524,0,0,0,0,64,64,549350,8583.594,0,0,0,0,13.409
decode,real,2624,8026400805991761524,0,0,0,0,64,64,549414,8584.594,0,0,0,0,13.421
decode,real,2625,8026400805991761524,0,0,0,0,64,64,549478,8585.594,0,0,0,0,13.424
decode,real,2626,8026400805991761524,0,0,0,0,64,64,549542,8586.594,0,0,0,0,13.411
decode,real,2627,8026400805991761524,0,0,0,0,64,64,549606,8587.594,0,0,0,0,13.418
decode,real,2628,8026400805991761524,0,0,0,0,64,64,549670,8588.594,0,0,0,0,13.436
decode,real,2629,8026400805991761524,0,0,0,0,64,64,549734,8589.594,0,0,0,0,13.428
decode,real,2630,8026400805991761524,0,0,0,0,64,64,549798,8590.594,0,0,0,0,13.421
decode,real,2631,8026400805991761524,0,0,0,0,64,64,549862,8591.594,0,0,0,0,13.431
decode,real,2632,8026400805991761524,0,0,0,0,64,64,549926,8592.594,0,0,0,0,13.440
decode,real,2633,8026400805991761524,0,0,0,0,64,64,549990,8593.594,0,0,0,0,13.396
decode,real,2634,8026400805991761524,0,0,0,0,64,64,550054,8594.594,0,0,0,0,13.444
decode,real,2635,8026400805991761524,0,0,0,0,64,64,550118,8595.594,0,0,0,0,13.415
decode,real,2636,8026400805991761524,0,0,0,0,64,64,550182,8596.594,0,0,0,0,13.399
decode,real,2637,8026400805991761524,0,0,0,0,64,64,550246,8597.594,0,0,0,0,13.425
decode,real,2638,8026400805991761524,0,0,0,0,64,64,550310,8598.594,0,0,0,0,13.427
decode,real,2639,8026400805991761524,0,0,0,0,64,64,550374,8599.594,0,0,0,0,13.444
decode,real,2640,8026400805991761524,0,0,0,0,64,64,550438,8600.594,0,0,0,0,13.418
decode,real,2641,8026400805991761524,0,0,0,0,64,64,550502,8601.594,0,0,0,0,13.401
decode,real,2642,8026400805991761524,0,0,0,0,64,64,550566,8602.594,0,0,0,0,13.422
decode,real,2643,8026400805991761524,0,0,0,0,64,64,550630,8603.594,0,0,0,0,13.437
decode,real,2644,8026400805991761524,0,0,0,0,64,64,550694,8604.594,0,0,0,0,13.441
decode,real,2645,8026400805991761524,0,0,0,0,64,64,550758,8605.594,0,0,0,0,13.448
decode,real,2646,8026400805991761524,0,0,0,0,64,64,550822,8606.594,0,0,0,0,13.445
decode,real,2647,8026400805991761524,0,0,0,0,64,64,550886,8607.594,0,0,0,0,13.429
decode,real,2648,8026400805991761524,0,0,0,0,64,64,550950,8608.594,0,0,0,0,13.425
decode,real,2649,8026400805991761524,0,0,0,0,64,64,551014,8609.594,0,0,0,0,13.432
decode,real,2650,8026400805991761524,0,0,0,0,64,64,551078,8610.594,0,0,0,0,13.429
decode,real,2651,8026400805991761524,0,0,0,0,64,64,551142,8611.594,0,0,0,0,13.448
decode,real,2652,8026400805991761524,0,0,0,0,64,64,551206,8612.594,0,0,0,0,13.408
decode,real,2653,8026400805991761524,0,0,0,0,64,64,551270,8613.594,0,0,0,0,13.462
decode,real,2654,8026400805991761524,0,0,0,0,64,64,551334,8614.594,0,0,0,0,13.394
decode,real,2655,8026400805991761524,0,0,0,0,64,64,551398,8615.594,0,0,0,0,13.411
decode,real,2656,8026400805991761524,0,0,0,0,64,64,551462,8616.594,0,0,0,0,13.461
decode,real,2657,8026400805991761524,0,0,0,0,64,64,551526,8617.594,0,0,0,0,13.455
decode,real,2658,8026400805991761524,0,0,0,0,64,64,551590,8618.594,0,0,0,0,13.446
decode,real,2659,8026400805991761524,0,0,0,0,64,64,551654,8619.594,0,0,0,0,13.487
decode,real,2660,8026400805991761524,0,0,0,0,64,64,551718,8620.594,0,0,0,0,13.434
decode,real,2661,8026400805991761524,0,0,0,0,64,64,551782,8621.594,0,0,0,0,13.456
decode,real,2662,8026400805991761524,0,0,0,0,64,64,551846,8622.594,0,0,0,0,13.451
decode,real,2663,8026400805991761524,0,0,0,0,64,64,551910,8623.594,0,0,0,0,13.459
decode,real,2664,8026400805991761524,0,0,0,0,64,64,551974,8624.594,0,0,0,0,13.447
decode,real,2665,8026400805991761524,0,0,0,0,64,64,552038,8625.594,0,0,0,0,13.452
decode,real,2666,8026400805991761524,0,0,0,0,64,64,552102,8626.594,0,0,0,0,13.458
decode,real,2667,8026400805991761524,0,0,0,0,64,64,552166,8627.594,0,0,0,0,13.451
decode,real,2668,8026400805991761524,0,0,0,0,64,64,552230,8628.594,0,0,0,0,13.442
decode,real,2669,8026400805991761524,0,0,0,0,64,64,552294,8629.594,0,0,0,0,13.456
decode,real,2670,8026400805991761524,0,0,0,0,64,64,552358,8630.594,0,0,0,0,13.458
decode,real,2671,8026400805991761524,0,0,0,0,64,64,552422,8631.594,0,0,0,0,13.474
decode,real,2672,8026400805991761524,0,0,0,0,64,64,552486,8632.594,0,0,0,0,13.465
decode,real,2673,8026400805991761524,0,0,0,0,64,64,552550,8633.594,0,0,0,0,13.466
decode,real,2674,8026400805991761524,0,0,0,0,64,64,552614,8634.594,0,0,0,0,13.449
decode,real,2675,8026400805991761524,0,0,0,0,64,64,552678,8635.594,0,0,0,0,13.495
decode,real,2676,8026400805991761524,0,0,0,0,64,64,552742,8636.594,0,0,0,0,13.493
decode,real,2677,8026400805991761524,0,0,0,0,64,64,552806,8637.594,0,0,0,0,13.461
decode,real,2678,8026400805991761524,0,0,0,0,64,64,552870,8638.594,0,0,0,0,13.475
decode,real,2679,8026400805991761524,0,0,0,0,64,64,552934,8639.594,0,0,0,0,13.483
decode,real,2680,8026400805991761524,0,0,0,0,64,64,552998,8640.594,0,0,0,0,13.463
decode,real,2681,8026400805991761524,0,0,0,0,64,64,553062,8641.594,0,0,0,0,13.447
decode,real,2682,8026400805991761524,0,0,0,0,64,64,553126,8642.594,0,0,0,0,13.466
decode,real,2683,8026400805991761524,0,0,0,0,64,64,553190,8643.594,0,0,0,0,13.483
decode,real,2684,8026400805991761524,0,0,0,0,64,64,553254,8644.594,0,0,0,0,13.453
decode,real,2685,8026400805991761524,0,0,0,0,64,64,553318,8645.594,0,0,0,0,13.509
decode,real,2686,8026400805991761524,0,0,0,0,64,64,553382,8646.594,0,0,0,0,13.435
decode,real,2687,8026400805991761524,0,0,0,0,64,64,553446,8647.594,0,0,0,0,13.481
decode,real,2688,8026400805991761524,0,0,0,0,64,64,553510,8648.594,0,0,0,0,13.492
decode,real,2689,8026400805991761524,0,0,0,0,64,64,553574,8649.594,0,0,0,0,13.458
decode,real,2690,8026400805991761524,0,0,0,0,64,64,553638,8650.594,0,0,0,0,13.478
decode,real,2691,8026400805991761524,0,0,0,0,64,64,553702,8651.594,0,0,0,0,13.487
decode,real,2692,8026400805991761524,0,0,0,0,64,64,553766,8652.594,0,0,0,0,13.502
decode,real,2693,8026400805991761524,0,0,0,0,64,64,553830,8653.594,0,0,0,0,13.455
decode,real,2694,8026400805991761524,0,0,0,0,64,64,553894,8654.594,0,0,0,0,13.494
decode,real,2695,8026400805991761524,0,0,0,0,64,64,553958,8655.594,0,0,0,0,13.468
decode,real,2696,8026400805991761524,0,0,0,0,64,64,554022,8656.594,0,0,0,0,13.473
decode,real,2697,8026400805991761524,0,0,0,0,64,64,554086,8657.594,0,0,0,0,13.489
decode,real,2698,8026400805991761524,0,0,0,0,64,64,554150,8658.594,0,0,0,0,13.482
decode,real,2699,8026400805991761524,0,0,0,0,64,64,554214,8659.594,0,0,0,0,13.463
decode,real,2700,8026400805991761524,0,0,0,0,64,64,554278,8660.594,0,0,0,0,13.457
decode,real,2701,8026400805991761524,0,0,0,0,64,64,554342,8661.594,0,0,0,0,13.481
decode,real,2702,8026400805991761524,0,0,0,0,64,64,554406,8662.594,0,0,0,0,13.500
decode,real,2703,8026400805991761524,0,0,0,0,64,64,554470,8663.594,0,0,0,0,13.483
decode,real,2704,8026400805991761524,0,0,0,0,64,64,554534,8664.594,0,0,0,0,13.523
decode,real,2705,8026400805991761524,0,0,0,0,64,64,554598,8665.594,0,0,0,0,13.452
decode,real,2706,8026400805991761524,0,0,0,0,64,64,554662,8666.594,0,0,0,0,13.500
decode,real,2707,8026400805991761524,0,0,0,0,64,64,554726,8667.594,0,0,0,0,13.507
decode,real,2708,8026400805991761524,0,0,0,0,64,64,554790,8668.594,0,0,0,0,13.485
decode,real,2709,8026400805991761524,0,0,0,0,64,64,554854,8669.594,0,0,0,0,13.461
decode,real,2710,8026400805991761524,0,0,0,0,64,64,554918,8670.594,0,0,0,0,13.483
decode,real,2711,8026400805991761524,0,0,0,0,64,64,554982,8671.594,0,0,0,0,13.502
decode,real,2712,8026400805991761524,0,0,0,0,64,64,555046,8672.594,0,0,0,0,13.477
decode,real,2713,8026400805991761524,0,0,0,0,64,64,555110,8673.594,0,0,0,0,13.459
decode,real,2714,8026400805991761524,0,0,0,0,64,64,555174,8674.594,0,0,0,0,13.504
decode,real,2715,8026400805991761524,0,0,0,0,64,64,555238,8675.594,0,0,0,0,13.526
decode,real,2716,8026400805991761524,0,0,0,0,64,64,555302,8676.594,0,0,0,0,13.452
decode,real,2717,8026400805991761524,0,0,0,0,64,64,555366,8677.594,0,0,0,0,13.506
decode,real,2718,8026400805991761524,0,0,0,0,64,64,555430,8678.594,0,0,0,0,13.476
decode,real,2719,8026400805991761524,0,0,0,0,64,64,555494,8679.594,0,0,0,0,13.484
decode,real,2720,8026400805991761524,0,0,0,0,64,64,555558,8680.594,0,0,0,0,13.515
decode,real,2721,8026400805991761524,0,0,0,0,64,64,555622,8681.594,0,0,0,0,13.513
decode,real,2722,8026400805991761524,0,0,0,0,64,64,555686,8682.594,0,0,0,0,13.476
decode,real,2723,8026400805991761524,0,0,0,0,64,64,555750,8683.594,0,0,0,0,13.509
decode,real,2724,8026400805991761524,0,0,0,0,64,64,555814,8684.594,0,0,0,0,13.464
decode,real,2725,8026400805991761524,0,0,0,0,64,64,555878,8685.594,0,0,0,0,13.510
decode,real,2726,8026400805991761524,0,0,0,0,64,64,555942,8686.594,0,0,0,0,13.502
decode,real,2727,8026400805991761524,0,0,0,0,64,64,556006,8687.594,0,0,0,0,13.485
decode,real,2728,8026400805991761524,0,0,0,0,64,64,556070,8688.594,0,0,0,0,13.467
decode,real,2729,8026400805991761524,0,0,0,0,64,64,556134,8689.594,0,0,0,0,13.547
decode,real,2730,8026400805991761524,0,0,0,0,64,64,556198,8690.594,0,0,0,0,13.463
decode,real,2731,8026400805991761524,0,0,0,0,64,64,556262,8691.594,0,0,0,0,13.491
decode,real,2732,8026400805991761524,0,0,0,0,64,64,556326,8692.594,0,0,0,0,13.494
decode,real,2733,8026400805991761524,0,0,0,0,64,64,556390,8693.594,0,0,0,0,13.464
decode,real,2734,8026400805991761524,0,0,0,0,64,64,556454,8694.594,0,0,0,0,13.499
decode,real,2735,8026400805991761524,0,0,0,0,64,64,556518,8695.594,0,0,0,0,13.568
decode,real,2736,8026400805991761524,0,0,0,0,64,64,556582,8696.594,0,0,0,0,13.420
decode,real,2737,8026400805991761524,0,0,0,0,64,64,556646,8697.594,0,0,0,0,13.527
decode,real,2738,8026400805991761524,0,0,0,0,64,64,556710,8698.594,0,0,0,0,13.502
decode,real,2739,8026400805991761524,0,0,0,0,64,64,556774,8699.594,0,0,0,0,13.503
decode,real,2740,8026400805991761524,0,0,0,0,64,64,556838,8700.594,0,0,0,0,13.482
decode,real,2741,8026400805991761524,0,0,0,0,64,64,556902,8701.594,0,0,0,0,13.522
decode,real,2742,8026400805991761524,0,0,0,0,64,64,556966,8702.594,0,0,0,0,13.485
decode,real,2743,8026400805991761524,0,0,0,0,64,64,557030,8703.594,0,0,0,0,13.509
decode,real,2744,8026400805991761524,0,0,0,0,64,64,557094,8704.594,0,0,0,0,13.509
decode,real,2745,8026400805991761524,0,0,0,0,64,64,557158,8705.594,0,0,0,0,13.502
decode,real,2746,8026400805991761524,0,0,0,0,64,64,557222,8706.594,0,0,0,0,13.498
decode,real,2747,8026400805991761524,0,0,0,0,64,64,557286,8707.594,0,0,0,0,13.526
decode,real,2748,8026400805991761524,0,0,0,0,64,64,557350,8708.594,0,0,0,0,13.488
decode,real,2749,8026400805991761524,0,0,0,0,64,64,557414,8709.594,0,0,0,0,13.513
decode,real,2750,8026400805991761524,0,0,0,0,64,64,557478,8710.594,0,0,0,0,13.518
decode,real,2751,8026400805991761524,0,0,0,0,64,64,557542,8711.594,0,0,0,0,13.521
decode,real,2752,8026400805991761524,0,0,0,0,64,64,557606,8712.594,0,0,0,0,13.527
decode,real,2753,8026400805991761524,0,0,0,0,64,64,557670,8713.594,0,0,0,0,13.479
decode,real,2754,8026400805991761524,0,0,0,0,64,64,557734,8714.594,0,0,0,0,13.500
decode,real,2755,8026400805991761524,0,0,0,0,64,64,557798,8715.594,0,0,0,0,13.500
decode,real,2756,8026400805991761524,0,0,0,0,64,64,557862,8716.594,0,0,0,0,13.546
decode,real,2757,8026400805991761524,0,0,0,0,64,64,557926,8717.594,0,0,0,0,13.484
decode,real,2758,8026400805991761524,0,0,0,0,64,64,557990,8718.594,0,0,0,0,13.492
decode,real,2759,8026400805991761524,0,0,0,0,64,64,558054,8719.594,0,0,0,0,13.536
decode,real,2760,8026400805991761524,0,0,0,0,64,64,558118,8720.594,0,0,0,0,13.491
decode,real,2761,8026400805991761524,0,0,0,0,64,64,558182,8721.594,0,0,0,0,13.501
decode,real,2762,8026400805991761524,0,0,0,0,64,64,558246,8722.594,0,0,0,0,13.551
decode,real,2763,8026400805991761524,0,0,0,0,64,64,558310,8723.594,0,0,0,0,13.541
decode,real,2764,8026400805991761524,0,0,0,0,64,64,558374,8724.594,0,0,0,0,13.492
decode,real,2765,8026400805991761524,0,0,0,0,64,64,558438,8725.594,0,0,0,0,13.537
decode,real,2766,8026400805991761524,0,0,0,0,64,64,558502,8726.594,0,0,0,0,13.507
decode,real,2767,8026400805991761524,0,0,0,0,64,64,558566,8727.594,0,0,0,0,13.564
decode,real,2768,8026400805991761524,0,0,0,0,64,64,558630,8728.594,0,0,0,0,13.501
decode,real,2769,8026400805991761524,0,0,0,0,64,64,558694,8729.594,0,0,0,0,13.506
decode,real,2770,8026400805991761524,0,0,0,0,64,64,558758,8730.594,0,0,0,0,13.526
decode,real,2771,8026400805991761524,0,0,0,0,64,64,558822,8731.594,0,0,0,0,13.500
decode,real,2772,8026400805991761524,0,0,0,0,64,64,558886,8732.594,0,0,0,0,13.529
decode,real,2773,8026400805991761524,0,0,0,0,64,64,558950,8733.594,0,0,0,0,13.498
decode,real,2774,8026400805991761524,0,0,0,0,64,64,559014,8734.594,0,0,0,0,13.545
decode,real,2775,8026400805991761524,0,0,0,0,64,64,559078,8735.594,0,0,0,0,13.524
decode,real,2776,8026400805991761524,0,0,0,0,64,64,559142,8736.594,0,0,0,0,13.512
decode,real,2777,8026400805991761524,0,0,0,0,64,64,559206,8737.594,0,0,0,0,13.533
decode,real,2778,8026400805991761524,0,0,0,0,64,64,559270,8738.594,0,0,0,0,13.581
decode,real,2779,8026400805991761524,0,0,0,0,64,64,559334,8739.594,0,0,0,0,13.482
decode,real,2780,8026400805991761524,0,0,0,0,64,64,559398,8740.594,0,0,0,0,13.566
decode,real,2781,8026400805991761524,0,0,0,0,64,64,559462,8741.594,0,0,0,0,13.507
decode,real,2782,8026400805991761524,0,0,0,0,64,64,559526,8742.594,0,0,0,0,13.532
decode,real,2783,8026400805991761524,0,0,0,0,64,64,559590,8743.594,0,0,0,0,13.549
decode,real,2784,8026400805991761524,0,0,0,0,64,64,559654,8744.594,0,0,0,0,13.486
decode,real,2785,8026400805991761524,0,0,0,0,64,64,559718,8745.594,0,0,0,0,13.554
decode,real,2786,8026400805991761524,0,0,0,0,64,64,559782,8746.594,0,0,0,0,13.527
decode,real,2787,8026400805991761524,0,0,0,0,64,64,559846,8747.594,0,0,0,0,13.526
decode,real,2788,8026400805991761524,0,0,0,0,64,64,559910,8748.594,0,0,0,0,13.543
decode,real,2789,8026400805991761524,0,0,0,0,64,64,559974,8749.594,0,0,0,0,13.531
decode,real,2790,8026400805991761524,0,0,0,0,64,64,560038,8750.594,0,0,0,0,13.543
decode,real,2791,8026400805991761524,0,0,0,0,64,64,560102,8751.594,0,0,0,0,13.734
decode,real,2792,8026400805991761524,0,0,0,0,64,64,560166,8752.594,0,0,0,0,13.352
decode,real,2793,8026400805991761524,0,0,0,0,64,64,560230,8753.594,0,0,0,0,13.561
decode,real,2794,8026400805991761524,0,0,0,0,64,64,560294,8754.594,0,0,0,0,13.535
decode,real,2795,8026400805991761524,0,0,0,0,64,64,560358,8755.594,0,0,0,0,13.540
decode,real,2796,8026400805991761524,0,0,0,0,64,64,560422,8756.594,0,0,0,0,13.550
decode,real,2797,8026400805991761524,0,0,0,0,64,64,560486,8757.594,0,0,0,0,13.550
decode,real,2798,8026400805991761524,0,0,0,0,64,64,560550,8758.594,0,0,0,0,13.515
decode,real,2799,8026400805991761524,0,0,0,0,64,64,560614,8759.594,0,0,0,0,13.559
decode,real,2800,8026400805991761524,0,0,0,0,64,64,560678,8760.594,0,0,0,0,13.566
decode,real,2801,8026400805991761524,0,0,0,0,64,64,560742,8761.594,0,0,0,0,13.540
decode,real,2802,8026400805991761524,0,0,0,0,64,64,560806,8762.594,0,0,0,0,13.532
decode,real,2803,8026400805991761524,0,0,0,0,64,64,560870,8763.594,0,0,0,0,13.506
decode,real,2804,8026400805991761524,0,0,0,0,64,64,560934,8764.594,0,0,0,0,13.563
decode,real,2805,8026400805991761524,0,0,0,0,64,64,560998,8765.594,0,0,0,0,13.539
decode,real,2806,8026400805991761524,0,0,0,0,64,64,561062,8766.594,0,0,0,0,13.589
decode,real,2807,8026400805991761524,0,0,0,0,64,64,561126,8767.594,0,0,0,0,13.554
decode,real,2808,8026400805991761524,0,0,0,0,64,64,561190,8768.594,0,0,0,0,13.523
decode,real,2809,8026400805991761524,0,0,0,0,64,64,561254,8769.594,0,0,0,0,13.576
decode,real,2810,8026400805991761524,0,0,0,0,64,64,561318,8770.594,0,0,0,0,13.535
decode,real,2811,8026400805991761524,0,0,0,0,64,64,561382,8771.594,0,0,0,0,13.624
decode,real,2812,8026400805991761524,0,0,0,0,64,64,561446,8772.594,0,0,0,0,13.535
decode,real,2813,8026400805991761524,0,0,0,0,64,64,561510,8773.594,0,0,0,0,13.541
decode,real,2814,8026400805991761524,0,0,0,0,64,64,561574,8774.594,0,0,0,0,13.569
decode,real,2815,8026400805991761524,0,0,0,0,64,64,561638,8775.594,0,0,0,0,13.552
decode,real,2816,8026400805991761524,0,0,0,0,64,64,561702,8776.594,0,0,0,0,13.555
decode,real,2817,8026400805991761524,0,0,0,0,64,64,561766,8777.594,0,0,0,0,13.549
decode,real,2818,8026400805991761524,0,0,0,0,64,64,561830,8778.594,0,0,0,0,13.560
decode,real,2819,8026400805991761524,0,0,0,0,64,64,561894,8779.594,0,0,0,0,13.566
decode,real,2820,8026400805991761524,0,0,0,0,64,64,561958,8780.594,0,0,0,0,13.555
decode,real,2821,8026400805991761524,0,0,0,0,64,64,562022,8781.594,0,0,0,0,13.550
decode,real,2822,8026400805991761524,0,0,0,0,64,64,562086,8782.594,0,0,0,0,13.569
decode,real,2823,8026400805991761524,0,0,0,0,64,64,562150,8783.594,0,0,0,0,13.547
decode,real,2824,8026400805991761524,0,0,0,0,64,64,562214,8784.594,0,0,0,0,13.577
decode,real,2825,8026400805991761524,0,0,0,0,64,64,562278,8785.594,0,0,0,0,13.561
decode,real,2826,8026400805991761524,0,0,0,0,64,64,562342,8786.594,0,0,0,0,13.587
decode,real,2827,8026400805991761524,0,0,0,0,64,64,562406,8787.594,0,0,0,0,13.548
decode,real,2828,8026400805991761524,0,0,0,0,64,64,562470,8788.594,0,0,0,0,13.573
decode,real,2829,8026400805991761524,0,0,0,0,64,64,562534,8789.594,0,0,0,0,13.549
decode,real,2830,8026400805991761524,0,0,0,0,64,64,562598,8790.594,0,0,0,0,13.581
decode,real,2831,8026400805991761524,0,0,0,0,64,64,562662,8791.594,0,0,0,0,13.663
decode,real,2832,8026400805991761524,0,0,0,0,64,64,562726,8792.594,0,0,0,0,13.487
decode,real,2833,8026400805991761524,0,0,0,0,64,64,562790,8793.594,0,0,0,0,13.564
decode,real,2834,8026400805991761524,0,0,0,0,64,64,562854,8794.594,0,0,0,0,13.573
decode,real,2835,8026400805991761524,0,0,0,0,64,64,562918,8795.594,0,0,0,0,13.558
decode,real,2836,8026400805991761524,0,0,0,0,64,64,562982,8796.594,0,0,0,0,13.568
decode,real,2837,8026400805991761524,0,0,0,0,64,64,563046,8797.594,0,0,0,0,13.559
decode,real,2838,8026400805991761524,0,0,0,0,64,64,563110,8798.594,0,0,0,0,13.615
decode,real,2839,8026400805991761524,0,0,0,0,64,64,563174,8799.594,0,0,0,0,13.549
decode,real,2840,8026400805991761524,0,0,0,0,64,64,563238,8800.594,0,0,0,0,13.595
decode,real,2841,8026400805991761524,0,0,0,0,64,64,563302,8801.594,0,0,0,0,13.574
decode,real,2842,8026400805991761524,0,0,0,0,64,64,563366,8802.594,0,0,0,0,13.573
decode,real,2843,8026400805991761524,0,0,0,0,64,64,563430,8803.594,0,0,0,0,13.548
decode,real,2844,8026400805991761524,0,0,0,0,64,64,563494,8804.594,0,0,0,0,13.570
decode,real,2845,8026400805991761524,0,0,0,0,64,64,563558,8805.594,0,0,0,0,13.575
decode,real,2846,8026400805991761524,0,0,0,0,64,64,563622,8806.594,0,0,0,0,13.579
decode,real,2847,8026400805991761524,0,0,0,0,64,64,563686,8807.594,0,0,0,0,13.597
decode,real,2848,8026400805991761524,0,0,0,0,64,64,563750,8808.594,0,0,0,0,13.539
decode,real,2849,8026400805991761524,0,0,0,0,64,64,563814,8809.594,0,0,0,0,13.571
decode,real,2850,8026400805991761524,0,0,0,0,64,64,563878,8810.594,0,0,0,0,13.588
decode,real,2851,8026400805991761524,0,0,0,0,64,64,563942,8811.594,0,0,0,0,13.590
decode,real,2852,8026400805991761524,0,0,0,0,64,64,564006,8812.594,0,0,0,0,13.587
decode,real,2853,8026400805991761524,0,0,0,0,64,64,564070,8813.594,0,0,0,0,13.590
decode,real,2854,8026400805991761524,0,0,0,0,64,64,564134,8814.594,0,0,0,0,13.837
decode,real,2855,8026400805991761524,0,0,0,0,64,64,564198,8815.594,0,0,0,0,13.363
decode,real,2856,8026400805991761524,0,0,0,0,64,64,564262,8816.594,0,0,0,0,13.556
decode,real,2857,8026400805991761524,0,0,0,0,64,64,564326,8817.594,0,0,0,0,13.606
decode,real,2858,8026400805991761524,0,0,0,0,64,64,564390,8818.594,0,0,0,0,13.565
decode,real,2859,8026400805991761524,0,0,0,0,64,64,564454,8819.594,0,0,0,0,13.563
decode,real,2860,8026400805991761524,0,0,0,0,64,64,564518,8820.594,0,0,0,0,13.612
decode,real,2861,8026400805991761524,0,0,0,0,64,64,564582,8821.594,0,0,0,0,13.566
decode,real,2862,8026400805991761524,0,0,0,0,64,64,564646,8822.594,0,0,0,0,13.609
decode,real,2863,8026400805991761524,0,0,0,0,64,64,564710,8823.594,0,0,0,0,13.554
decode,real,2864,8026400805991761524,0,0,0,0,64,64,564774,8824.594,0,0,0,0,13.609
decode,real,2865,8026400805991761524,0,0,0,0,64,64,564838,8825.594,0,0,0,0,13.576
decode,real,2866,8026400805991761524,0,0,0,0,64,64,564902,8826.594,0,0,0,0,13.599
decode,real,2867,8026400805991761524,0,0,0,0,64,64,564966,8827.594,0,0,0,0,13.607
decode,real,2868,8026400805991761524,0,0,0,0,64,64,565030,8828.594,0,0,0,0,13.574
decode,real,2869,8026400805991761524,0,0,0,0,64,64,565094,8829.594,0,0,0,0,13.588
decode,real,2870,8026400805991761524,0,0,0,0,64,64,565158,8830.594,0,0,0,0,13.612
decode,real,2871,8026400805991761524,0,0,0,0,64,64,565222,8831.594,0,0,0,0,13.602
decode,real,2872,8026400805991761524,0,0,0,0,64,64,565286,8832.594,0,0,0,0,13.572
decode,real,2873,8026400805991761524,0,0,0,0,64,64,565350,8833.594,0,0,0,0,13.565
decode,real,2874,8026400805991761524,0,0,0,0,64,64,565414,8834.594,0,0,0,0,13.580
decode,real,2875,8026400805991761524,0,0,0,0,64,64,565478,8835.594,0,0,0,0,13.613
decode,real,2876,8026400805991761524,0,0,0,0,64,64,565542,8836.594,0,0,0,0,13.593
decode,real,2877,8026400805991761524,0,0,0,0,64,64,565606,8837.594,0,0,0,0,13.600
decode,real,2878,8026400805991761524,0,0,0,0,64,64,565670,8838.594,0,0,0,0,13.599
decode,real,2879,8026400805991761524,0,0,0,0,64,64,565734,8839.594,0,0,0,0,13.607
decode,real,2880,8026400805991761524,0,0,0,0,64,64,565798,8840.594,0,0,0,0,13.593
decode,real,2881,8026400805991761524,0,0,0,0,64,64,565862,8841.594,0,0,0,0,13.602
decode,real,2882,8026400805991761524,0,0,0,0,64,64,565926,8842.594,0,0,0,0,13.589
decode,real,2883,8026400805991761524,0,0,0,0,64,64,565990,8843.594,0,0,0,0,13.629
decode,real,2884,8026400805991761524,0,0,0,0,64,64,566054,8844.594,0,0,0,0,13.584
decode,real,2885,8026400805991761524,0,0,0,0,64,64,566118,8845.594,0,0,0,0,13.603
decode,real,2886,8026400805991761524,0,0,0,0,64,64,566182,8846.594,0,0,0,0,13.605
decode,real,2887,8026400805991761524,0,0,0,0,64,64,566246,8847.594,0,0,0,0,13.576
decode,real,2888,8026400805991761524,0,0,0,0,64,64,566310,8848.594,0,0,0,0,13.625
decode,real,2889,8026400805991761524,0,0,0,0,64,64,566374,8849.594,0,0,0,0,13.583
decode,real,2890,8026400805991761524,0,0,0,0,64,64,566438,8850.594,0,0,0,0,14.276
decode,real,2891,8026400805991761524,0,0,0,0,64,64,566502,8851.594,0,0,0,0,12.952
decode,real,2892,8026400805991761524,0,0,0,0,64,64,566566,8852.594,0,0,0,0,13.594
decode,real,2893,8026400805991761524,0,0,0,0,64,64,566630,8853.594,0,0,0,0,13.587
decode,real,2894,8026400805991761524,0,0,0,0,64,64,566694,8854.594,0,0,0,0,13.620
decode,real,2895,8026400805991761524,0,0,0,0,64,64,566758,8855.594,0,0,0,0,13.619
decode,real,2896,8026400805991761524,0,0,0,0,64,64,566822,8856.594,0,0,0,0,13.609
decode,real,2897,8026400805991761524,0,0,0,0,64,64,566886,8857.594,0,0,0,0,13.609
decode,real,2898,8026400805991761524,0,0,0,0,64,64,566950,8858.594,0,0,0,0,13.607
decode,real,2899,8026400805991761524,0,0,0,0,64,64,567014,8859.594,0,0,0,0,13.601
decode,real,2900,8026400805991761524,0,0,0,0,64,64,567078,8860.594,0,0,0,0,13.604
decode,real,2901,8026400805991761524,0,0,0,0,64,64,567142,8861.594,0,0,0,0,13.575
decode,real,2902,8026400805991761524,0,0,0,0,64,64,567206,8862.594,0,0,0,0,13.656
decode,real,2903,8026400805991761524,0,0,0,0,64,64,567270,8863.594,0,0,0,0,13.573
decode,real,2904,8026400805991761524,0,0,0,0,64,64,567334,8864.594,0,0,0,0,13.642
decode,real,2905,8026400805991761524,0,0,0,0,64,64,567398,8865.594,0,0,0,0,13.606
decode,real,2906,8026400805991761524,0,0,0,0,64,64,567462,8866.594,0,0,0,0,13.584
decode,real,2907,8026400805991761524,0,0,0,0,64,64,567526,8867.594,0,0,0,0,13.625
decode,real,2908,8026400805991761524,0,0,0,0,64,64,567590,8868.594,0,0,0,0,13.605
decode,real,2909,8026400805991761524,0,0,0,0,64,64,567654,8869.594,0,0,0,0,13.616
decode,real,2910,8026400805991761524,0,0,0,0,64,64,567718,8870.594,0,0,0,0,13.637
decode,real,2911,8026400805991761524,0,0,0,0,64,64,567782,8871.594,0,0,0,0,13.584
decode,real,2912,8026400805991761524,0,0,0,0,64,64,567846,8872.594,0,0,0,0,13.625
decode,real,2913,8026400805991761524,0,0,0,0,64,64,567910,8873.594,0,0,0,0,13.592
decode,real,2914,8026400805991761524,0,0,0,0,64,64,567974,8874.594,0,0,0,0,13.653
decode,real,2915,8026400805991761524,0,0,0,0,64,64,568038,8875.594,0,0,0,0,13.597
decode,real,2916,8026400805991761524,0,0,0,0,64,64,568102,8876.594,0,0,0,0,13.594
decode,real,2917,8026400805991761524,0,0,0,0,64,64,568166,8877.594,0,0,0,0,13.601
decode,real,2918,8026400805991761524,0,0,0,0,64,64,568230,8878.594,0,0,0,0,13.649
decode,real,2919,8026400805991761524,0,0,0,0,64,64,568294,8879.594,0,0,0,0,13.621
decode,real,2920,8026400805991761524,0,0,0,0,64,64,568358,8880.594,0,0,0,0,13.636
decode,real,2921,8026400805991761524,0,0,0,0,64,64,568422,8881.594,0,0,0,0,13.637
decode,real,2922,8026400805991761524,0,0,0,0,64,64,568486,8882.594,0,0,0,0,13.624
decode,real,2923,8026400805991761524,0,0,0,0,64,64,568550,8883.594,0,0,0,0,13.626
decode,real,2924,8026400805991761524,0,0,0,0,64,64,568614,8884.594,0,0,0,0,13.625
decode,real,2925,8026400805991761524,0,0,0,0,64,64,568678,8885.594,0,0,0,0,13.618
decode,real,2926,8026400805991761524,0,0,0,0,64,64,568742,8886.594,0,0,0,0,13.652
decode,real,2927,8026400805991761524,0,0,0,0,64,64,568806,8887.594,0,0,0,0,13.634
decode,real,2928,8026400805991761524,0,0,0,0,64,64,568870,8888.594,0,0,0,0,13.684
decode,real,2929,8026400805991761524,0,0,0,0,64,64,568934,8889.594,0,0,0,0,13.631
decode,real,2930,8026400805991761524,0,0,0,0,64,64,568998,8890.594,0,0,0,0,13.615
decode,real,2931,8026400805991761524,0,0,0,0,64,64,569062,8891.594,0,0,0,0,13.631
decode,real,2932,8026400805991761524,0,0,0,0,64,64,569126,8892.594,0,0,0,0,13.646
decode,real,2933,8026400805991761524,0,0,0,0,64,64,569190,8893.594,0,0,0,0,13.626
decode,real,2934,8026400805991761524,0,0,0,0,64,64,569254,8894.594,0,0,0,0,13.630
decode,real,2935,8026400805991761524,0,0,0,0,64,64,569318,8895.594,0,0,0,0,13.625
decode,real,2936,8026400805991761524,0,0,0,0,64,64,569382,8896.594,0,0,0,0,13.644
decode,real,2937,8026400805991761524,0,0,0,0,64,64,569446,8897.594,0,0,0,0,13.661
decode,real,2938,8026400805991761524,0,0,0,0,64,64,569510,8898.594,0,0,0,0,13.629
decode,real,2939,8026400805991761524,0,0,0,0,64,64,569574,8899.594,0,0,0,0,13.683
decode,real,2940,8026400805991761524,0,0,0,0,64,64,569638,8900.594,0,0,0,0,13.617
decode,real,2941,8026400805991761524,0,0,0,0,64,64,569702,8901.594,0,0,0,0,13.651
decode,real,2942,8026400805991761524,0,0,0,0,64,64,569766,8902.594,0,0,0,0,13.646
decode,real,2943,8026400805991761524,0,0,0,0,64,64,569830,8903.594,0,0,0,0,13.668
decode,real,2944,8026400805991761524,0,0,0,0,64,64,569894,8904.594,0,0,0,0,13.641
decode,real,2945,8026400805991761524,0,0,0,0,64,64,569958,8905.594,0,0,0,0,13.654
decode,real,2946,8026400805991761524,0,0,0,0,64,64,570022,8906.594,0,0,0,0,13.627
decode,real,2947,8026400805991761524,0,0,0,0,64,64,570086,8907.594,0,0,0,0,13.669
decode,real,2948,8026400805991761524,0,0,0,0,64,64,570150,8908.594,0,0,0,0,13.632
decode,real,2949,8026400805991761524,0,0,0,0,64,64,570214,8909.594,0,0,0,0,13.617
decode,real,2950,8026400805991761524,0,0,0,0,64,64,570278,8910.594,0,0,0,0,13.678
decode,real,2951,8026400805991761524,0,0,0,0,64,64,570342,8911.594,0,0,0,0,13.686
decode,real,2952,8026400805991761524,0,0,0,0,64,64,570406,8912.594,0,0,0,0,13.635
decode,real,2953,8026400805991761524,0,0,0,0,64,64,570470,8913.594,0,0,0,0,13.628
decode,real,2954,8026400805991761524,0,0,0,0,64,64,570534,8914.594,0,0,0,0,13.670
decode,real,2955,8026400805991761524,0,0,0,0,64,64,570598,8915.594,0,0,0,0,13.651
decode,real,2956,8026400805991761524,0,0,0,0,64,64,570662,8916.594,0,0,0,0,13.668
decode,real,2957,8026400805991761524,0,0,0,0,64,64,570726,8917.594,0,0,0,0,13.653
decode,real,2958,8026400805991761524,0,0,0,0,64,64,570790,8918.594,0,0,0,0,13.660
decode,real,2959,8026400805991761524,0,0,0,0,64,64,570854,8919.594,0,0,0,0,13.669
decode,real,2960,8026400805991761524,0,0,0,0,64,64,570918,8920.594,0,0,0,0,13.619
decode,real,2961,8026400805991761524,0,0,0,0,64,64,570982,8921.594,0,0,0,0,13.685
decode,real,2962,8026400805991761524,0,0,0,0,64,64,571046,8922.594,0,0,0,0,13.654
decode,real,2963,8026400805991761524,0,0,0,0,64,64,571110,8923.594,0,0,0,0,13.634
decode,real,2964,8026400805991761524,0,0,0,0,64,64,571174,8924.594,0,0,0,0,13.667
decode,real,2965,8026400805991761524,0,0,0,0,64,64,571238,8925.594,0,0,0,0,13.635
decode,real,2966,8026400805991761524,0,0,0,0,64,64,571302,8926.594,0,0,0,0,13.667
decode,real,2967,8026400805991761524,0,0,0,0,64,64,571366,8927.594,0,0,0,0,13.663
decode,real,2968,8026400805991761524,0,0,0,0,64,64,571430,8928.594,0,0,0,0,13.646
decode,real,2969,8026400805991761524,0,0,0,0,64,64,571494,8929.594,0,0,0,0,13.663
decode,real,2970,8026400805991761524,0,0,0,0,64,64,571558,8930.594,0,0,0,0,13.668
decode,real,2971,8026400805991761524,0,0,0,0,64,64,571622,8931.594,0,0,0,0,13.681
decode,real,2972,8026400805991761524,0,0,0,0,64,64,571686,8932.594,0,0,0,0,13.653
decode,real,2973,8026400805991761524,0,0,0,0,64,64,571750,8933.594,0,0,0,0,13.661
decode,real,2974,8026400805991761524,0,0,0,0,64,64,571814,8934.594,0,0,0,0,13.654
decode,real,2975,8026400805991761524,0,0,0,0,64,64,571878,8935.594,0,0,0,0,13.649
decode,real,2976,8026400805991761524,0,0,0,0,64,64,571942,8936.594,0,0,0,0,13.667
decode,real,2977,8026400805991761524,0,0,0,0,64,64,572006,8937.594,0,0,0,0,13.678
decode,real,2978,8026400805991761524,0,0,0,0,64,64,572070,8938.594,0,0,0,0,13.656
decode,real,2979,8026400805991761524,0,0,0,0,64,64,572134,8939.594,0,0,0,0,13.669
decode,real,2980,8026400805991761524,0,0,0,0,64,64,572198,8940.594,0,0,0,0,13.652
decode,real,2981,8026400805991761524,0,0,0,0,64,64,572262,8941.594,0,0,0,0,13.659
decode,real,2982,8026400805991761524,0,0,0,0,64,64,572326,8942.594,0,0,0,0,13.664
decode,real,2983,8026400805991761524,0,0,0,0,64,64,572390,8943.594,0,0,0,0,13.687
decode,real,2984,8026400805991761524,0,0,0,0,64,64,572454,8944.594,0,0,0,0,13.677
decode,real,2985,8026400805991761524,0,0,0,0,64,64,572518,8945.594,0,0,0,0,13.671
decode,real,2986,8026400805991761524,0,0,0,0,64,64,572582,8946.594,0,0,0,0,13.669
decode,real,2987,8026400805991761524,0,0,0,0,64,64,572646,8947.594,0,0,0,0,13.645
decode,real,2988,8026400805991761524,0,0,0,0,64,64,572710,8948.594,0,0,0,0,13.666
decode,real,2989,8026400805991761524,0,0,0,0,64,64,572774,8949.594,0,0,0,0,13.721
decode,real,2990,8026400805991761524,0,0,0,0,64,64,572838,8950.594,0,0,0,0,13.639
decode,real,2991,8026400805991761524,0,0,0,0,64,64,572902,8951.594,0,0,0,0,13.771
decode,real,2992,8026400805991761524,0,0,0,0,64,64,572966,8952.594,0,0,0,0,13.551
decode,real,2993,8026400805991761524,0,0,0,0,64,64,573030,8953.594,0,0,0,0,13.664
decode,real,2994,8026400805991761524,0,0,0,0,64,64,573094,8954.594,0,0,0,0,13.668
decode,real,2995,8026400805991761524,0,0,0,0,64,64,573158,8955.594,0,0,0,0,13.670
decode,real,2996,8026400805991761524,0,0,0,0,64,64,573222,8956.594,0,0,0,0,13.676
decode,real,2997,8026400805991761524,0,0,0,0,64,64,573286,8957.594,0,0,0,0,13.664
decode,real,2998,8026400805991761524,0,0,0,0,64,64,573350,8958.594,0,0,0,0,13.683
decode,real,2999,8026400805991761524,0,0,0,0,64,64,573414,8959.594,0,0,0,0,13.699
decode,real,3000,8026400805991761524,0,0,0,0,64,64,573478,8960.594,0,0,0,0,13.635
decode,real,3001,8026400805991761524,0,0,0,0,64,64,573542,8961.594,0,0,0,0,13.726
decode,real,3002,8026400805991761524,0,0,0,0,64,64,573606,8962.594,0,0,0,0,13.655
decode,real,3003,8026400805991761524,0,0,0,0,64,64,573670,8963.594,0,0,0,0,13.658
decode,real,3004,8026400805991761524,0,0,0,0,64,64,573734,8964.594,0,0,0,0,13.698
decode,real,3005,8026400805991761524,0,0,0,0,64,64,573798,8965.594,0,0,0,0,13.659
decode,real,3006,8026400805991761524,0,0,0,0,64,64,573862,8966.594,0,0,0,0,13.706
decode,real,3007,8026400805991761524,0,0,0,0,64,64,573926,8967.594,0,0,0,0,13.650
decode,real,3008,8026400805991761524,0,0,0,0,64,64,573990,8968.594,0,0,0,0,13.676
decode,real,3009,8026400805991761524,0,0,0,0,64,64,574054,8969.594,0,0,0,0,13.665
decode,real,3010,8026400805991761524,0,0,0,0,64,64,574118,8970.594,0,0,0,0,13.706
decode,real,3011,8026400805991761524,0,0,0,0,64,64,574182,8971.594,0,0,0,0,13.675
decode,real,3012,8026400805991761524,0,0,0,0,64,64,574246,8972.594,0,0,0,0,13.676
decode,real,3013,8026400805991761524,0,0,0,0,64,64,574310,8973.594,0,0,0,0,13.697
decode,real,3014,8026400805991761524,0,0,0,0,64,64,574374,8974.594,0,0,0,0,13.661
decode,real,3015,8026400805991761524,0,0,0,0,64,64,574438,8975.594,0,0,0,0,13.695
decode,real,3016,8026400805991761524,0,0,0,0,64,64,574502,8976.594,0,0,0,0,13.673
decode,real,3017,8026400805991761524,0,0,0,0,64,64,574566,8977.594,0,0,0,0,13.691
decode,real,3018,8026400805991761524,0,0,0,0,64,64,574630,8978.594,0,0,0,0,13.651
decode,real,3019,8026400805991761524,0,0,0,0,64,64,574694,8979.594,0,0,0,0,13.688
decode,real,3020,8026400805991761524,0,0,0,0,64,64,574758,8980.594,0,0,0,0,13.745
decode,real,3021,8026400805991761524,0,0,0,0,64,64,574822,8981.594,0,0,0,0,13.692
decode,real,3022,8026400805991761524,0,0,0,0,64,64,574886,8982.594,0,0,0,0,13.669
decode,real,3023,8026400805991761524,0,0,0,0,64,64,574950,8983.594,0,0,0,0,13.697
decode,real,3024,8026400805991761524,0,0,0,0,64,64,575014,8984.594,0,0,0,0,13.711
decode,real,3025,8026400805991761524,0,0,0,0,64,64,575078,8985.594,0,0,0,0,13.696
decode,real,3026,8026400805991761524,0,0,0,0,64,64,575142,8986.594,0,0,0,0,13.681
decode,real,3027,8026400805991761524,0,0,0,0,64,64,575206,8987.594,0,0,0,0,13.732
decode,real,3028,8026400805991761524,0,0,0,0,64,64,575270,8988.594,0,0,0,0,13.659
decode,real,3029,8026400805991761524,0,0,0,0,64,64,575334,8989.594,0,0,0,0,13.728
decode,real,3030,8026400805991761524,0,0,0,0,64,64,575398,8990.594,0,0,0,0,13.709
decode,real,3031,8026400805991761524,0,0,0,0,64,64,575462,8991.594,0,0,0,0,13.679
decode,real,3032,8026400805991761524,0,0,0,0,64,64,575526,8992.594,0,0,0,0,13.697
decode,real,3033,8026400805991761524,0,0,0,0,64,64,575590,8993.594,0,0,0,0,13.705
decode,real,3034,8026400805991761524,0,0,0,0,64,64,575654,8994.594,0,0,0,0,13.694
decode,real,3035,8026400805991761524,0,0,0,0,64,64,575718,8995.594,0,0,0,0,13.725
decode,real,3036,8026400805991761524,0,0,0,0,64,64,575782,8996.594,0,0,0,0,13.700
decode,real,3037,8026400805991761524,0,0,0,0,64,64,575846,8997.594,0,0,0,0,13.639
decode,real,3038,8026400805991761524,0,0,0,0,64,64,575910,8998.594,0,0,0,0,13.694
decode,real,3039,8026400805991761524,0,0,0,0,64,64,575974,8999.594,0,0,0,0,13.728
decode,real,3040,8026400805991761524,0,0,0,0,64,64,576038,9000.594,0,0,0,0,13.759
decode,real,3041,8026400805991761524,0,0,0,0,64,64,576102,9001.594,0,0,0,0,13.649
decode,real,3042,8026400805991761524,0,0,0,0,64,64,576166,9002.594,0,0,0,0,13.719
decode,real,3043,8026400805991761524,0,0,0,0,64,64,576230,9003.594,0,0,0,0,13.716
decode,real,3044,8026400805991761524,0,0,0,0,64,64,576294,9004.594,0,0,0,0,13.689
decode,real,3045,8026400805991761524,0,0,0,0,64,64,576358,9005.594,0,0,0,0,13.731
decode,real,3046,8026400805991761524,0,0,0,0,64,64,576422,9006.594,0,0,0,0,13.689
decode,real,3047,8026400805991761524,0,0,0,0,64,64,576486,9007.594,0,0,0,0,13.713
decode,real,3048,8026400805991761524,0,0,0,0,64,64,576550,9008.594,0,0,0,0,13.713
decode,real,3049,8026400805991761524,0,0,0,0,64,64,576614,9009.594,0,0,0,0,13.704
decode,real,3050,8026400805991761524,0,0,0,0,64,64,576678,9010.594,0,0,0,0,13.728
decode,real,3051,8026400805991761524,0,0,0,0,64,64,576742,9011.594,0,0,0,0,13.694
decode,real,3052,8026400805991761524,0,0,0,0,64,64,576806,9012.594,0,0,0,0,13.692
decode,real,3053,8026400805991761524,0,0,0,0,64,64,576870,9013.594,0,0,0,0,13.722
decode,real,3054,8026400805991761524,0,0,0,0,64,64,576934,9014.594,0,0,0,0,13.748
decode,real,3055,8026400805991761524,0,0,0,0,64,64,576998,9015.594,0,0,0,0,13.685
decode,real,3056,8026400805991761524,0,0,0,0,64,64,577062,9016.594,0,0,0,0,13.722
decode,real,3057,8026400805991761524,0,0,0,0,64,64,577126,9017.594,0,0,0,0,13.748
decode,real,3058,8026400805991761524,0,0,0,0,64,64,577190,9018.594,0,0,0,0,13.706
decode,real,3059,8026400805991761524,0,0,0,0,64,64,577254,9019.594,0,0,0,0,13.715
decode,real,3060,8026400805991761524,0,0,0,0,64,64,577318,9020.594,0,0,0,0,13.722
decode,real,3061,8026400805991761524,0,0,0,0,64,64,577382,9021.594,0,0,0,0,13.747
decode,real,3062,8026400805991761524,0,0,0,0,64,64,577446,9022.594,0,0,0,0,13.713
decode,real,3063,8026400805991761524,0,0,0,0,64,64,577510,9023.594,0,0,0,0,13.718
decode,real,3064,8026400805991761524,0,0,0,0,64,64,577574,9024.594,0,0,0,0,13.733
decode,real,3065,8026400805991761524,0,0,0,0,64,64,577638,9025.594,0,0,0,0,13.707
decode,real,3066,8026400805991761524,0,0,0,0,64,64,577702,9026.594,0,0,0,0,13.751
decode,real,3067,8026400805991761524,0,0,0,0,64,64,577766,9027.594,0,0,0,0,13.700
decode,real,3068,8026400805991761524,0,0,0,0,64,64,577830,9028.594,0,0,0,0,13.719
decode,real,3069,8026400805991761524,0,0,0,0,64,64,577894,9029.594,0,0,0,0,13.726
decode,real,3070,8026400805991761524,0,0,0,0,64,64,577958,9030.594,0,0,0,0,13.732
decode,real,3071,8026400805991761524,0,0,0,0,64,64,578022,9031.594,0,0,0,0,13.705
decode,real,3072,8026400805991761524,0,0,0,0,64,64,578086,9032.594,0,0,0,0,13.762
decode,real,3073,8026400805991761524,0,0,0,0,64,64,578150,9033.594,0,0,0,0,13.721
decode,real,3074,8026400805991761524,0,0,0,0,64,64,578214,9034.594,0,0,0,0,13.714
decode,real,3075,8026400805991761524,0,0,0,0,64,64,578278,9035.594,0,0,0,0,13.749
decode,real,3076,8026400805991761524,0,0,0,0,64,64,578342,9036.594,0,0,0,0,13.758
decode,real,3077,8026400805991761524,0,0,0,0,64,64,578406,9037.594,0,0,0,0,13.717
decode,real,3078,8026400805991761524,0,0,0,0,64,64,578470,9038.594,0,0,0,0,13.753
decode,real,3079,8026400805991761524,0,0,0,0,64,64,578534,9039.594,0,0,0,0,13.702
decode,real,3080,8026400805991761524,0,0,0,0,64,64,578598,9040.594,0,0,0,0,13.741
decode,real,3081,8026400805991761524,0,0,0,0,64,64,578662,9041.594,0,0,0,0,13.725
decode,real,3082,8026400805991761524,0,0,0,0,64,64,578726,9042.594,0,0,0,0,13.730
decode,real,3083,8026400805991761524,0,0,0,0,64,64,578790,9043.594,0,0,0,0,13.733
decode,real,3084,8026400805991761524,0,0,0,0,64,64,578854,9044.594,0,0,0,0,13.732
decode,real,3085,8026400805991761524,0,0,0,0,64,64,578918,9045.594,0,0,0,0,13.723
decode,real,3086,8026400805991761524,0,0,0,0,64,64,578982,9046.594,0,0,0,0,13.745
decode,real,3087,8026400805991761524,0,0,0,0,64,64,579046,9047.594,0,0,0,0,13.759
decode,real,3088,8026400805991761524,0,0,0,0,64,64,579110,9048.594,0,0,0,0,13.745
decode,real,3089,8026400805991761524,0,0,0,0,64,64,579174,9049.594,0,0,0,0,13.719
decode,real,3090,8026400805991761524,0,0,0,0,64,64,579238,9050.594,0,0,0,0,13.750
decode,real,3091,8026400805991761524,0,0,0,0,64,64,579302,9051.594,0,0,0,0,13.747
decode,real,3092,8026400805991761524,0,0,0,0,64,64,579366,9052.594,0,0,0,0,13.722
decode,real,3093,8026400805991761524,0,0,0,0,64,64,579430,9053.594,0,0,0,0,13.731
decode,real,3094,8026400805991761524,0,0,0,0,64,64,579494,9054.594,0,0,0,0,13.746
decode,real,3095,8026400805991761524,0,0,0,0,64,64,579558,9055.594,0,0,0,0,13.749
decode,real,3096,8026400805991761524,0,0,0,0,64,64,579622,9056.594,0,0,0,0,13.712
decode,real,3097,8026400805991761524,0,0,0,0,64,64,579686,9057.594,0,0,0,0,13.772
decode,real,3098,8026400805991761524,0,0,0,0,64,64,579750,9058.594,0,0,0,0,13.714
decode,real,3099,8026400805991761524,0,0,0,0,64,64,579814,9059.594,0,0,0,0,13.749
decode,real,3100,8026400805991761524,0,0,0,0,64,64,579878,9060.594,0,0,0,0,13.772
decode,real,3101,8026400805991761524,0,0,0,0,64,64,579942,9061.594,0,0,0,0,13.722
decode,real,3102,8026400805991761524,0,0,0,0,64,64,580006,9062.594,0,0,0,0,13.737
decode,real,3103,8026400805991761524,0,0,0,0,64,64,580070,9063.594,0,0,0,0,13.738
decode,real,3104,8026400805991761524,0,0,0,0,64,64,580134,9064.594,0,0,0,0,13.775
decode,real,3105,8026400805991761524,0,0,0,0,64,64,580198,9065.594,0,0,0,0,13.731
decode,real,3106,8026400805991761524,0,0,0,0,64,64,580262,9066.594,0,0,0,0,13.748
decode,real,3107,8026400805991761524,0,0,0,0,64,64,580326,9067.594,0,0,0,0,13.756
decode,real,3108,8026400805991761524,0,0,0,0,64,64,580390,9068.594,0,0,0,0,13.733
decode,real,3109,8026400805991761524,0,0,0,0,64,64,580454,9069.594,0,0,0,0,13.763
decode,real,3110,8026400805991761524,0,0,0,0,64,64,580518,9070.594,0,0,0,0,13.755
decode,real,3111,8026400805991761524,0,0,0,0,64,64,580582,9071.594,0,0,0,0,13.729
decode,real,3112,8026400805991761524,0,0,0,0,64,64,580646,9072.594,0,0,0,0,13.739
decode,real,3113,8026400805991761524,0,0,0,0,64,64,580710,9073.594,0,0,0,0,13.743
decode,real,3114,8026400805991761524,0,0,0,0,64,64,580774,9074.594,0,0,0,0,13.749
decode,real,3115,8026400805991761524,0,0,0,0,64,64,580838,9075.594,0,0,0,0,13.725
decode,real,3116,8026400805991761524,0,0,0,0,64,64,580902,9076.594,0,0,0,0,13.785
decode,real,3117,8026400805991761524,0,0,0,0,64,64,580966,9077.594,0,0,0,0,13.800
decode,real,3118,8026400805991761524,0,0,0,0,64,64,581030,9078.594,0,0,0,0,13.771
decode,real,3119,8026400805991761524,0,0,0,0,64,64,581094,9079.594,0,0,0,0,13.688
decode,real,3120,8026400805991761524,0,0,0,0,64,64,581158,9080.594,0,0,0,0,13.776
decode,real,3121,8026400805991761524,0,0,0,0,64,64,581222,9081.594,0,0,0,0,13.732
decode,real,3122,8026400805991761524,0,0,0,0,64,64,581286,9082.594,0,0,0,0,13.759
decode,real,3123,8026400805991761524,0,0,0,0,64,64,581350,9083.594,0,0,0,0,15.311
decode,real,3124,8026400805991761524,0,0,0,0,63,63,572199,9082.524,0,0,0,0,12.101
decode,real,3125,8026400805991761524,0,0,0,0,63,63,572262,9083.524,0,0,0,0,13.673
decode,real,3126,8026400805991761524,0,0,0,0,63,63,572325,9084.524,0,0,0,0,13.740
decode,real,3127,8026400805991761524,0,0,0,0,63,63,572388,9085.524,0,0,0,0,13.666
decode,real,3128,8026400805991761524,0,0,0,0,63,63,572451,9086.524,0,0,0,0,14.465
decode,real,3129,8026400805991761524,0,0,0,0,62,62,563299,9085.468,0,0,0,0,12.915
decode,real,3130,8026400805991761524,0,0,0,0,62,62,563361,9086.468,0,0,0,0,13.636
decode,real,3131,8026400805991761524,0,0,0,0,62,62,563423,9087.468,0,0,0,0,13.595
decode,real,3132,8026400805991761524,0,0,0,0,62,62,563485,9088.468,0,0,0,0,14.310
decode,real,3133,8026400805991761524,0,0,0,0,61,61,554332,9087.410,0,0,0,0,12.906
decode,real,3134,8026400805991761524,0,0,0,0,61,61,554393,9088.410,0,0,0,0,13.520
decode,real,3135,8026400805991761524,0,0,0,0,61,61,554454,9089.410,0,0,0,0,13.504
decode,real,3136,8026400805991761524,0,0,0,0,61,61,554515,9090.410,0,0,0,0,14.115
decode,real,3137,8026400805991761524,0,0,0,0,60,60,545361,9089.350,0,0,0,0,12.879
decode,real,3138,8026400805991761524,0,0,0,0,60,60,545421,9090.350,0,0,0,0,13.431
decode,real,3139,8026400805991761524,0,0,0,0,60,60,545481,9091.350,0,0,0,0,13.455
decode,real,3140,8026400805991761524,0,0,0,0,60,60,545541,9092.350,0,0,0,0,14.204
decode,real,3141,8026400805991761524,0,0,0,0,59,59,536386,9091.288,0,0,0,0,12.695
decode,real,3142,8026400805991761524,0,0,0,0,59,59,536445,9092.288,0,0,0,0,13.358
decode,real,3143,8026400805991761524,0,0,0,0,59,59,536504,9093.288,0,0,0,0,13.399
decode,real,3144,8026400805991761524,0,0,0,0,59,59,536563,9094.288,0,0,0,0,13.808
decode,real,3145,8026400805991761524,0,0,0,0,58,58,527407,9093.224,0,0,0,0,13.181
decode,real,3146,8026400805991761524,0,0,0,0,58,58,527465,9094.224,0,0,0,0,13.592
decode,real,3147,8026400805991761524,0,0,0,0,58,58,527523,9095.224,0,0,0,0,13.532
decode,real,3148,8026400805991761524,0,0,0,0,58,58,527581,9096.224,0,0,0,0,13.923
decode,real,3149,8026400805991761524,0,0,0,0,57,57,518424,9095.158,0,0,0,0,13.192
decode,real,3150,8026400805991761524,0,0,0,0,57,57,518481,9096.158,0,0,0,0,13.472
decode,real,3151,8026400805991761524,0,0,0,0,57,57,518538,9097.158,0,0,0,0,13.485
decode,real,3152,8026400805991761524,0,0,0,0,57,57,518595,9098.158,0,0,0,0,13.873
decode,real,3153,8026400805991761524,0,0,0,0,56,56,509437,9097.089,0,0,0,0,13.139
decode,real,3154,8026400805991761524,0,0,0,0,56,56,509493,9098.089,0,0,0,0,13.440
decode,real,3155,8026400805991761524,0,0,0,0,56,56,509549,9099.089,0,0,0,0,13.469
decode,real,3156,8026400805991761524,0,0,0,0,56,56,509605,9100.089,0,0,0,0,13.415
decode,real,3157,8026400805991761524,0,0,0,0,56,56,509661,9101.089,0,0,0,0,13.897
decode,real,3158,8026400805991761524,0,0,0,0,55,55,500502,9100.036,0,0,0,0,13.084
decode,real,3159,8026400805991761524,0,0,0,0,55,55,500557,9101.036,0,0,0,0,13.445
decode,real,3160,8026400805991761524,0,0,0,0,55,55,500612,9102.036,0,0,0,0,13.392
decode,real,3161,8026400805991761524,0,0,0,0,55,55,500667,9103.036,0,0,0,0,13.864
decode,real,3162,8026400805991761524,0,0,0,0,54,54,491507,9101.981,0,0,0,0,13.031
decode,real,3163,8026400805991761524,0,0,0,0,54,54,491561,9102.981,0,0,0,0,13.406
decode,real,3164,8026400805991761524,0,0,0,0,54,54,491615,9103.981,0,0,0,0,13.436
decode,real,3165,8026400805991761524,0,0,0,0,54,54,491669,9104.981,0,0,0,0,13.824
decode,real,3166,8026400805991761524,0,0,0,0,53,53,482508,9103.925,0,0,0,0,13.053
decode,real,3167,8026400805991761524,0,0,0,0,53,53,482561,9104.925,0,0,0,0,13.427
decode,real,3168,8026400805991761524,0,0,0,0,53,53,482614,9105.925,0,0,0,0,13.403
decode,real,3169,8026400805991761524,0,0,0,0,53,53,482667,9106.925,0,0,0,0,13.796
decode,real,3170,8026400805991761524,0,0,0,0,52,52,473505,9105.865,0,0,0,0,13.027
decode,real,3171,8026400805991761524,0,0,0,0,52,52,473557,9106.865,0,0,0,0,13.390
decode,real,3172,8026400805991761524,0,0,0,0,52,52,473609,9107.865,0,0,0,0,13.362
decode,real,3173,8026400805991761524,0,0,0,0,52,52,473661,9108.865,0,0,0,0,13.745
decode,real,3174,8026400805991761524,0,0,0,0,51,51,464498,9107.804,0,0,0,0,13.062
decode,real,3175,8026400805991761524,0,0,0,0,51,51,464549,9108.804,0,0,0,0,13.359
decode,real,3176,8026400805991761524,0,0,0,0,51,51,464600,9109.804,0,0,0,0,13.350
decode,real,3177,8026400805991761524,0,0,0,0,51,51,464651,9110.804,0,0,0,0,13.727
decode,real,3178,8026400805991761524,0,0,0,0,50,50,455487,9109.740,0,0,0,0,13.051
decode,real,3179,8026400805991761524,0,0,0,0,50,50,455537,9110.740,0,0,0,0,13.351
decode,real,3180,8026400805991761524,0,0,0,0,50,50,455587,9111.740,0,0,0,0,13.339
decode,real,3181,8026400805991761524,0,0,0,0,50,50,455637,9112.740,0,0,0,0,13.730
decode,real,3182,8026400805991761524,0,0,0,0,49,49,446472,9111.673,0,0,0,0,13.013
decode,real,3183,8026400805991761524,0,0,0,0,49,49,446521,9112.673,0,0,0,0,13.348
decode,real,3184,8026400805991761524,0,0,0,0,49,49,446570,9113.673,0,0,0,0,13.305
decode,real,3185,8026400805991761524,0,0,0,0,49,49,446619,9114.673,0,0,0,0,13.738
decode,real,3186,8026400805991761524,0,0,0,0,48,48,437453,9113.604,0,0,0,0,13.693
decode,real,3187,8026400805991761524,0,0,0,0,48,48,437501,9114.604,0,0,0,0,13.992
decode,real,3188,8026400805991761524,0,0,0,0,48,48,437549,9115.604,0,0,0,0,14.039
decode,real,3189,8026400805991761524,0,0,0,0,48,48,437597,9116.604,0,0,0,0,13.995
decode,real,3190,8026400805991761524,0,0,0,0,48,48,437645,9117.604,0,0,0,0,14.495
decode,real,3191,8026400805991761524,0,0,0,0,47,47,428478,9116.553,0,0,0,0,13.590
decode,real,3192,8026400805991761524,0,0,0,0,47,47,428525,9117.553,0,0,0,0,13.952
decode,real,3193,8026400805991761524,0,0,0,0,47,47,428572,9118.553,0,0,0,0,14.073
decode,real,3194,8026400805991761524,0,0,0,0,47,47,428619,9119.553,0,0,0,0,14.372
decode,real,3195,8026400805991761524,0,0,0,0,46,46,419451,9118.500,0,0,0,0,13.692
decode,real,3196,8026400805991761524,0,0,0,0,46,46,419497,9119.500,0,0,0,0,13.968
decode,real,3197,8026400805991761524,0,0,0,0,46,46,419543,9120.500,0,0,0,0,14.019
decode,real,3198,8026400805991761524,0,0,0,0,46,46,419589,9121.500,0,0,0,0,14.354
decode,real,3199,8026400805991761524,0,0,0,0,45,45,410420,9120.444,0,0,0,0,13.695
decode,real,3200,8026400805991761524,0,0,0,0,45,45,410465,9121.444,0,0,0,0,13.984
decode,real,3201,8026400805991761524,0,0,0,0,45,45,410510,9122.444,0,0,0,0,14.013
decode,real,3202,8026400805991761524,0,0,0,0,45,45,410555,9123.444,0,0,0,0,14.365
decode,real,3203,8026400805991761524,0,0,0,0,44,44,401385,9122.386,0,0,0,0,12.075
decode,real,3204,8026400805991761524,0,0,0,0,44,44,401429,9123.386,0,0,0,0,12.379
decode,real,3205,8026400805991761524,0,0,0,0,44,44,401473,9124.386,0,0,0,0,12.426
decode,real,3206,8026400805991761524,0,0,0,0,44,44,401517,9125.386,0,0,0,0,12.785
decode,real,3207,8026400805991761524,0,0,0,0,43,43,392346,9124.326,0,0,0,0,12.040
decode,real,3208,8026400805991761524,0,0,0,0,43,43,392389,9125.326,0,0,0,0,12.326
decode,real,3209,8026400805991761524,0,0,0,0,43,43,392432,9126.326,0,0,0,0,12.340
decode,real,3210,8026400805991761524,0,0,0,0,43,43,392475,9127.326,0,0,0,0,12.673
decode,real,3211,8026400805991761524,0,0,0,0,42,42,383303,9126.262,0,0,0,0,11.939
decode,real,3212,8026400805991761524,0,0,0,0,42,42,383345,9127.262,0,0,0,0,12.283
decode,real,3213,8026400805991761524,0,0,0,0,42,42,383387,9128.262,0,0,0,0,12.290
decode,real,3214,8026400805991761524,0,0,0,0,42,42,383429,9129.262,0,0,0,0,12.626
decode,real,3215,8026400805991761524,0,0,0,0,41,41,374256,9128.195,0,0,0,0,11.890
decode,real,3216,8026400805991761524,0,0,0,0,41,41,374297,9129.195,0,0,0,0,12.217
decode,real,3217,8026400805991761524,0,0,0,0,41,41,374338,9130.195,0,0,0,0,12.229
decode,real,3218,8026400805991761524,0,0,0,0,41,41,374379,9131.195,0,0,0,0,12.526
decode,real,3219,8026400805991761524,0,0,0,0,40,40,365205,9130.125,0,0,0,0,11.498
decode,real,3220,8026400805991761524,0,0,0,0,40,40,365245,9131.125,0,0,0,0,11.814
decode,real,3221,8026400805991761524,0,0,0,0,40,40,365285,9132.125,0,0,0,0,11.821
decode,real,3222,8026400805991761524,0,0,0,0,40,40,365325,9133.125,0,0,0,0,12.164
decode,real,3223,8026400805991761524,0,0,0,0,39,39,356150,9132.051,0,0,0,0,11.459
decode,real,3224,8026400805991761524,0,0,0,0,39,39,356189,9133.051,0,0,0,0,11.746
decode,real,3225,8026400805991761524,0,0,0,0,39,39,356228,9134.051,0,0,0,0,11.757
decode,real,3226,8026400805991761524,0,0,0,0,39,39,356267,9135.051,0,0,0,0,11.719
decode,real,3227,8026400805991761524,0,0,0,0,39,39,356306,9136.051,0,0,0,0,12.165
decode,real,3228,8026400805991761524,0,0,0,0,38,38,347130,9135.000,0,0,0,0,11.933
decode,real,3229,8026400805991761524,0,0,0,0,38,38,347168,9136.000,0,0,0,0,12.285
decode,real,3230,8026400805991761524,0,0,0,0,38,38,347206,9137.000,0,0,0,0,12.290
decode,real,3231,8026400805991761524,0,0,0,0,38,38,347244,9138.000,0,0,0,0,12.793
decode,real,3232,8026400805991761524,0,0,0,0,37,37,338067,9136.946,0,0,0,0,11.874
decode,real,3233,8026400805991761524,0,0,0,0,37,37,338104,9137.946,0,0,0,0,12.245
decode,real,3234,8026400805991761524,0,0,0,0,37,37,338141,9138.946,0,0,0,0,12.274
decode,real,3235,8026400805991761524,0,0,0,0,37,37,338178,9139.946,0,0,0,0,12.656
decode,real,3236,8026400805991761524,0,0,0,0,36,36,329000,9138.889,0,0,0,0,12.012
decode,real,3237,8026400805991761524,0,0,0,0,36,36,329036,9139.889,0,0,0,0,12.231
decode,real,3238,8026400805991761524,0,0,0,0,36,36,329072,9140.889,0,0,0,0,12.254
decode,real,3239,8026400805991761524,0,0,0,0,36,36,329108,9141.889,0,0,0,0,12.637
decode,real,3240,8026400805991761524,0,0,0,0,35,35,319929,9140.829,0,0,0,0,11.946
decode,real,3241,8026400805991761524,0,0,0,0,35,35,319964,9141.829,0,0,0,0,12.250
decode,real,3242,8026400805991761524,0,0,0,0,35,35,319999,9142.829,0,0,0,0,12.298
decode,real,3243,8026400805991761524,0,0,0,0,35,35,320034,9143.829,0,0,0,0,12.618
decode,real,3244,8026400805991761524,0,0,0,0,34,34,310854,9142.765,0,0,0,0,11.912
decode,real,3245,8026400805991761524,0,0,0,0,34,34,310888,9143.765,0,0,0,0,12.252
decode,real,3246,8026400805991761524,0,0,0,0,34,34,310922,9144.765,0,0,0,0,12.271
decode,real,3247,8026400805991761524,0,0,0,0,34,34,310956,9145.765,0,0,0,0,12.609
decode,real,3248,8026400805991761524,0,0,0,0,33,33,301775,9144.697,0,0,0,0,10.709
decode,real,3249,8026400805991761524,0,0,0,0,33,33,301808,9145.697,0,0,0,0,11.005
decode,real,3250,8026400805991761524,0,0,0,0,33,33,301841,9146.697,0,0,0,0,11.052
decode,real,3251,8026400805991761524,0,0,0,0,33,33,301874,9147.697,0,0,0,0,11.350
decode,real,3252,8026400805991761524,0,0,0,0,32,32,292692,9146.625,0,0,0,0,10.299
decode,real,3253,8026400805991761524,0,0,0,0,32,32,292724,9147.625,0,0,0,0,10.547
decode,real,3254,8026400805991761524,0,0,0,0,32,32,292756,9148.625,0,0,0,0,10.598
decode,real,3255,8026400805991761524,0,0,0,0,32,32,292788,9149.625,0,0,0,0,10.943
decode,real,3256,8026400805991761524,0,0,0,0,31,31,283605,9148.548,0,0,0,0,10.229
decode,real,3257,8026400805991761524,0,0,0,0,31,31,283636,9149.548,0,0,0,0,10.519
decode,real,3258,8026400805991761524,0,0,0,0,31,31,283667,9150.548,0,0,0,0,10.540
decode,real,3259,8026400805991761524,0,0,0,0,31,31,283698,9151.548,0,0,0,0,10.552
decode,real,3260,8026400805991761524,0,0,0,0,31,31,283729,9152.548,0,0,0,0,10.858
decode,real,3261,8026400805991761524,0,0,0,0,30,30,274545,9151.500,0,0,0,0,10.147
decode,real,3262,8026400805991761524,0,0,0,0,30,30,274575,9152.500,0,0,0,0,10.481
decode,real,3263,8026400805991761524,0,0,0,0,30,30,274605,9153.500,0,0,0,0,10.471
decode,real,3264,8026400805991761524,0,0,0,0,30,30,274635,9154.500,0,0,0,0,10.777
decode,real,3265,8026400805991761524,0,0,0,0,29,29,265450,9153.448,0,0,0,0,10.113
decode,real,3266,8026400805991761524,0,0,0,0,29,29,265479,9154.448,0,0,0,0,10.417
decode,real,3267,8026400805991761524,0,0,0,0,29,29,265508,9155.448,0,0,0,0,10.397
decode,real,3268,8026400805991761524,0,0,0,0,29,29,265537,9156.448,0,0,0,0,10.751
decode,real,3269,8026400805991761524,0,0,0,0,28,28,256351,9155.393,0,0,0,0,10.723
decode,real,3270,8026400805991761524,0,0,0,0,28,28,256379,9156.393,0,0,0,0,11.005
decode,real,3271,8026400805991761524,0,0,0,0,28,28,256407,9157.393,0,0,0,0,11.020
decode,real,3272,8026400805991761524,0,0,0,0,28,28,256435,9158.393,0,0,0,0,11.346
decode,real,3273,8026400805991761524,0,0,0,0,27,27,247248,9157.333,0,0,0,0,10.726
decode,real,3274,8026400805991761524,0,0,0,0,27,27,247275,9158.333,0,0,0,0,11.014
decode,real,3275,8026400805991761524,0,0,0,0,27,27,247302,9159.333,0,0,0,0,11.000
decode,real,3276,8026400805991761524,0,0,0,0,27,27,247329,9160.333,0,0,0,0,11.322
decode,real,3277,8026400805991761524,0,0,0,0,26,26,238141,9159.269,0,0,0,0,9.730
decode,real,3278,8026400805991761524,0,0,0,0,26,26,238167,9160.269,0,0,0,0,10.011
decode,real,3279,8026400805991761524,0,0,0,0,26,26,238193,9161.269,0,0,0,0,10.058
decode,real,3280,8026400805991761524,0,0,0,0,26,26,238219,9162.269,0,0,0,0,10.308
decode,real,3281,8026400805991761524,0,0,0,0,25,25,229030,9161.200,0,0,0,0,9.647
decode,real,3282,8026400805991761524,0,0,0,0,25,25,229055,9162.200,0,0,0,0,9.941
decode,real,3283,8026400805991761524,0,0,0,0,25,25,229080,9163.200,0,0,0,0,9.959
decode,real,3284,8026400805991761524,0,0,0,0,25,25,229105,9164.200,0,0,0,0,10.250
decode,real,3285,8026400805991761524,0,0,0,0,24,24,219915,9163.125,0,0,0,0,9.172
decode,real,3286,8026400805991761524,0,0,0,0,24,24,219939,9164.125,0,0,0,0,9.487
decode,real,3287,8026400805991761524,0,0,0,0,24,24,219963,9165.125,0,0,0,0,9.463
decode,real,3288,8026400805991761524,0,0,0,0,24,24,219987,9166.125,0,0,0,0,9.786
decode,real,3289,8026400805991761524,0,0,0,0,23,23,210796,9165.043,0,0,0,0,9.858
decode,real,3290,8026400805991761524,0,0,0,0,23,23,210819,9166.043,0,0,0,0,10.109
decode,real,3291,8026400805991761524,0,0,0,0,23,23,210842,9167.043,0,0,0,0,10.128
decode,real,3292,8026400805991761524,0,0,0,0,23,23,210865,9168.043,0,0,0,0,10.125
decode,real,3293,8026400805991761524,0,0,0,0,23,23,210888,9169.043,0,0,0,0,10.459
decode,real,3294,8026400805991761524,0,0,0,0,22,22,201696,9168.000,0,0,0,0,8.964
decode,real,3295,8026400805991761524,0,0,0,0,22,22,201718,9169.000,0,0,0,0,9.222
decode,real,3296,8026400805991761524,0,0,0,0,22,22,201740,9170.000,0,0,0,0,9.249
decode,real,3297,8026400805991761524,0,0,0,0,22,22,201762,9171.000,0,0,0,0,9.603
decode,real,3298,8026400805991761524,0,0,0,0,21,21,192569,9169.952,0,0,0,0,8.835
decode,real,3299,8026400805991761524,0,0,0,0,21,21,192590,9170.952,0,0,0,0,9.172
decode,real,3300,8026400805991761524,0,0,0,0,21,21,192611,9171.952,0,0,0,0,9.112
decode,real,3301,8026400805991761524,0,0,0,0,21,21,192632,9172.952,0,0,0,0,9.469
decode,real,3302,8026400805991761524,0,0,0,0,20,20,183438,9171.900,0,0,0,0,8.790
decode,real,3303,8026400805991761524,0,0,0,0,20,20,183458,9172.900,0,0,0,0,9.078
decode,real,3304,8026400805991761524,0,0,0,0,20,20,183478,9173.900,0,0,0,0,9.042
decode,real,3305,8026400805991761524,0,0,0,0,20,20,183498,9174.900,0,0,0,0,9.418
decode,real,3306,8026400805991761524,0,0,0,0,19,19,174303,9173.842,0,0,0,0,8.665
decode,real,3307,8026400805991761524,0,0,0,0,19,19,174322,9174.842,0,0,0,0,8.957
decode,real,3308,8026400805991761524,0,0,0,0,19,19,174341,9175.842,0,0,0,0,8.970
decode,real,3309,8026400805991761524,0,0,0,0,19,19,174360,9176.842,0,0,0,0,9.353
decode,real,3310,8026400805991761524,0,0,0,0,18,18,165164,9175.778,0,0,0,0,8.495
decode,real,3311,8026400805991761524,0,0,0,0,18,18,165182,9176.778,0,0,0,0,8.796
decode,real,3312,8026400805991761524,0,0,0,0,18,18,165200,9177.778,0,0,0,0,8.788
decode,real,3313,8026400805991761524,0,0,0,0,18,18,165218,9178.778,0,0,0,0,9.135
decode,real,3314,8026400805991761524,0,0,0,0,17,17,156021,9177.706,0,0,0,0,8.435
decode,real,3315,8026400805991761524,0,0,0,0,17,17,156038,9178.706,0,0,0,0,8.720
decode,real,3316,8026400805991761524,0,0,0,0,17,17,156055,9179.706,0,0,0,0,8.746
decode,real,3317,8026400805991761524,0,0,0,0,17,17,156072,9180.706,0,0,0,0,9.045
decode,real,3318,8026400805991761524,0,0,0,0,16,16,146874,9179.625,0,0,0,0,7.941
decode,real,3319,8026400805991761524,0,0,0,0,16,16,146890,9180.625,0,0,0,0,8.221
decode,real,3320,8026400805991761524,0,0,0,0,16,16,146906,9181.625,0,0,0,0,8.219
decode,real,3321,8026400805991761524,0,0,0,0,16,16,146922,9182.625,0,0,0,0,8.557
decode,real,3322,8026400805991761524,0,0,0,0,15,15,137723,9181.533,0,0,0,0,7.860
decode,real,3323,8026400805991761524,0,0,0,0,15,15,137738,9182.533,0,0,0,0,8.160
decode,real,3324,8026400805991761524,0,0,0,0,15,15,137753,9183.533,0,0,0,0,8.147
decode,real,3325,8026400805991761524,0,0,0,0,15,15,137768,9184.533,0,0,0,0,8.158
decode,real,3326,8026400805991761524,0,0,0,0,15,15,137783,9185.533,0,0,0,0,8.461
decode,real,3327,8026400805991761524,0,0,0,0,14,14,128583,9184.500,0,0,0,0,7.783
decode,real,3328,8026400805991761524,0,0,0,0,14,14,128597,9185.500,0,0,0,0,8.020
decode,real,3329,8026400805991761524,0,0,0,0,14,14,128611,9186.500,0,0,0,0,8.065
decode,real,3330,8026400805991761524,0,0,0,0,14,14,128625,9187.500,0,0,0,0,8.400
decode,real,3331,8026400805991761524,0,0,0,0,13,13,119424,9186.462,0,0,0,0,7.632
decode,real,3332,8026400805991761524,0,0,0,0,13,13,119437,9187.462,0,0,0,0,7.912
decode,real,3333,8026400805991761524,0,0,0,0,13,13,119450,9188.462,0,0,0,0,7.965
decode,real,3334,8026400805991761524,0,0,0,0,13,13,119463,9189.462,0,0,0,0,8.280
decode,real,3335,8026400805991761524,0,0,0,0,12,12,110261,9188.417,0,0,0,0,7.547
decode,real,3336,8026400805991761524,0,0,0,0,12,12,110273,9189.417,0,0,0,0,7.805
decode,real,3337,8026400805991761524,0,0,0,0,12,12,110285,9190.417,0,0,0,0,7.832
decode,real,3338,8026400805991761524,0,0,0,0,12,12,110297,9191.417,0,0,0,0,8.196
decode,real,3339,8026400805991761524,0,0,0,0,11,11,101094,9190.364,0,0,0,0,7.467
decode,real,3340,8026400805991761524,0,0,0,0,11,11,101105,9191.364,0,0,0,0,7.753
decode,real,3341,8026400805991761524,0,0,0,0,11,11,101116,9192.364,0,0,0,0,7.752
decode,real,3342,8026400805991761524,0,0,0,0,11,11,101127,9193.364,0,0,0,0,8.070
decode,real,3343,8026400805991761524,0,0,0,0,10,10,91923,9192.300,0,0,0,0,7.370
decode,real,3344,8026400805991761524,0,0,0,0,10,10,91933,9193.300,0,0,0,0,7.641
decode,real,3345,8026400805991761524,0,0,0,0,10,10,91943,9194.300,0,0,0,0,7.681
decode,real,3346,8026400805991761524,0,0,0,0,10,10,91953,9195.300,0,0,0,0,7.935
decode,real,3347,8026400805991761524,0,0,0,0,9,9,82748,9194.222,0,0,0,0,7.308
decode,real,3348,8026400805991761524,0,0,0,0,9,9,82757,9195.222,0,0,0,0,7.521
decode,real,3349,8026400805991761524,0,0,0,0,9,9,82766,9196.222,0,0,0,0,7.572
decode,real,3350,8026400805991761524,0,0,0,0,9,9,82775,9197.222,0,0,0,0,7.836
decode,real,3351,8026400805991761524,0,0,0,0,8,8,73569,9196.125,0,0,0,0,6.813
decode,real,3352,8026400805991761524,0,0,0,0,8,8,73577,9197.125,0,0,0,0,7.043
decode,real,3353,8026400805991761524,0,0,0,0,8,8,73585,9198.125,0,0,0,0,7.053
decode,real,3354,8026400805991761524,0,0,0,0,8,8,73593,9199.125,0,0,0,0,7.366
decode,real,3355,8026400805991761524,0,0,0,0,7,7,64386,9198.000,0,0,0,0,6.704
decode,real,3356,8026400805991761524,0,0,0,0,7,7,64393,9199.000,0,0,0,0,6.953
decode,real,3357,8026400805991761524,0,0,0,0,7,7,64400,9200.000,0,0,0,0,6.985
decode,real,3358,8026400805991761524,0,0,0,0,7,7,64407,9201.000,0,0,0,0,6.976
decode,real,3359,8026400805991761524,0,0,0,0,7,7,64414,9202.000,0,0,0,0,7.291
decode,real,3360,8026400805991761524,0,0,0,0,6,6,55206,9201.000,0,0,0,0,6.570
decode,real,3361,8026400805991761524,0,0,0,0,6,6,55212,9202.000,0,0,0,0,6.872
decode,real,3362,8026400805991761524,0,0,0,0,6,6,55218,9203.000,0,0,0,0,6.875
decode,real,3363,8026400805991761524,0,0,0,0,6,6,55224,9204.000,0,0,0,0,7.189
decode,real,3364,8026400805991761524,0,0,0,0,5,5,46015,9203.000,0,0,0,0,6.491
decode,real,3365,8026400805991761524,0,0,0,0,5,5,46020,9204.000,0,0,0,0,6.775
decode,real,3366,8026400805991761524,0,0,0,0,5,5,46025,9205.000,0,0,0,0,6.770
decode,real,3367,8026400805991761524,0,0,0,0,5,5,46030,9206.000,0,0,0,0,7.131
decode,real,3368,8026400805991761524,0,0,0,0,4,4,36820,9205.000,0,0,0,0,6.192
decode,real,3369,8026400805991761524,0,0,0,0,4,4,36824,9206.000,0,0,0,0,6.764
decode,real,3370,8026400805991761524,0,0,0,0,4,4,36828,9207.000,0,0,0,0,6.256
decode,real,3371,8026400805991761524,0,0,0,0,4,4,36832,9208.000,0,0,0,0,6.832
decode,real,3372,8026400805991761524,0,0,0,0,3,3,27621,9207.000,0,0,0,0,6.085
decode,real,3373,8026400805991761524,0,0,0,0,3,3,27624,9208.000,0,0,0,0,6.396
decode,real,3374,8026400805991761524,0,0,0,0,3,3,27627,9209.000,0,0,0,0,6.415
decode,real,3375,8026400805991761524,0,0,0,0,3,3,27630,9210.000,0,0,0,0,6.698
decode,real,3376,8026400805991761524,0,0,0,0,2,2,18418,9209.000,0,0,0,0,5.925
decode,real,3377,8026400805991761524,0,0,0,0,2,2,18420,9210.000,0,0,0,0,6.213
decode,real,3378,8026400805991761524,0,0,0,0,2,2,18422,9211.000,0,0,0,0,6.230
decode,real,3379,8026400805991761524,0,0,0,0,2,2,18424,9212.000,0,0,0,0,6.543
decode,real,3380,8026400805991761524,0,0,0,0,1,1,9211,9211.000,0,0,0,0,5.806
decode,real,3381,8026400805991761524,0,0,0,0,1,1,9212,9212.000,0,0,0,0,6.100
decode,real,3382,8026400805991761524,0,0,0,0,1,1,9213,9213.000,0,0,0,0,6.105
decode,real,3383,8026400805991761524,0,0,0,0,1,1,9214,9214.000,0,0,0,0,6.162
