phase,workload_segment,counter_id,worker_id,dp_rank,ctx_tokens,ctx_requests,ctx_kv_tokens,decode_tokens,decode_requests,decode_kv_tokens,mean_decode_kv_tokens,queued_ctx_tokens,queued_ctx_requests,queued_decode_requests,queued_decode_kv_tokens,latency_ms
context,real,1066,3635841680073185635,0,2048,1,0,0,0,0,0.000,8192,1,0,0,52.588
context,real,1067,3635841680073185635,0,2048,1,2048,0,0,0,0.000,24576,3,0,0,46.978
context,real,1068,3635841680073185635,0,2048,1,4096,0,0,0,0.000,24576,3,0,0,48.631
context,real,1069,3635841680073185635,0,2048,1,6144,0,0,0,0.000,16384,2,0,0,50.415
mixed,real,1070,3635841680073185635,0,2047,1,0,1,1,8192,8192.000,16384,2,0,0,50.512
mixed,real,1071,3635841680073185635,0,2047,1,2047,1,1,8193,8193.000,16384,2,0,0,50.522
mixed,real,1072,3635841680073185635,0,2047,1,4094,1,1,8194,8194.000,16384,2,0,0,50.692
mixed,real,1073,3635841680073185635,0,2047,1,6141,1,1,8195,8195.000,8192,1,0,0,51.016
mixed,real,1074,3635841680073185635,0,2047,2,8188,1,1,8196,8196.000,8192,1,0,0,51.641
mixed,real,1075,3635841680073185635,0,2046,1,2043,2,2,16389,8194.500,8192,1,0,0,53.243
mixed,real,1076,3635841680073185635,0,2046,1,4089,2,2,16391,8195.500,8192,1,0,0,52.708
mixed,real,1077,3635841680073185635,0,2046,1,6135,2,2,16393,8196.500,0,0,0,0,52.621
mixed,real,1078,3635841680073185635,0,2046,2,8181,2,2,16395,8197.500,0,0,0,0,52.687
mixed,real,1079,3635841680073185635,0,2045,1,2035,3,3,24589,8196.333,0,0,0,0,52.448
mixed,real,1080,3635841680073185635,0,2045,1,4080,3,3,24592,8197.333,0,0,0,0,53.178
mixed,real,1081,3635841680073185635,0,2045,1,6125,3,3,24595,8198.333,0,0,0,0,52.602
mixed,real,1082,3635841680073185635,0,22,1,8170,3,3,24598,8199.333,0,0,0,0,8.146
decode,real,1083,3635841680073185635,0,0,0,0,4,4,32793,8198.250,0,0,0,0,6.611
decode,real,1084,3635841680073185635,0,0,0,0,4,4,32797,8199.250,0,0,0,0,6.678
decode,real,1085,3635841680073185635,0,0,0,0,4,4,32801,8200.250,0,0,0,0,6.620
decode,real,1086,3635841680073185635,0,0,0,0,4,4,32805,8201.250,0,0,0,0,6.578
decode,real,1087,3635841680073185635,0,0,0,0,4,4,32809,8202.250,0,0,0,0,6.574
decode,real,1088,3635841680073185635,0,0,0,0,4,4,32813,8203.250,0,0,0,0,6.572
decode,real,1089,3635841680073185635,0,0,0,0,4,4,32817,8204.250,0,0,0,0,6.615
decode,real,1090,3635841680073185635,0,0,0,0,4,4,32821,8205.250,0,0,0,0,6.556
decode,real,1091,3635841680073185635,0,0,0,0,4,4,32825,8206.250,0,0,0,0,6.573
decode,real,1092,3635841680073185635,0,0,0,0,4,4,32829,8207.250,0,0,0,0,6.550
decode,real,1093,3635841680073185635,0,0,0,0,4,4,32833,8208.250,0,0,0,0,6.565
decode,real,1094,3635841680073185635,0,0,0,0,4,4,32837,8209.250,0,0,0,0,6.569
decode,real,1095,3635841680073185635,0,0,0,0,4,4,32841,8210.250,0,0,0,0,6.540
decode,real,1096,3635841680073185635,0,0,0,0,4,4,32845,8211.250,0,0,0,0,6.540
decode,real,1097,3635841680073185635,0,0,0,0,4,4,32849,8212.250,0,0,0,0,6.608
decode,real,1098,3635841680073185635,0,0,0,0,4,4,32853,8213.250,0,0,0,0,6.595
decode,real,1099,3635841680073185635,0,0,0,0,4,4,32857,8214.250,0,0,0,0,6.482
decode,real,1100,3635841680073185635,0,0,0,0,4,4,32861,8215.250,0,0,0,0,6.576
decode,real,1101,3635841680073185635,0,0,0,0,4,4,32865,8216.250,0,0,0,0,6.532
decode,real,1102,3635841680073185635,0,0,0,0,4,4,32869,8217.250,0,0,0,0,6.557
decode,real,1103,3635841680073185635,0,0,0,0,4,4,32873,8218.250,0,0,0,0,6.537
decode,real,1104,3635841680073185635,0,0,0,0,4,4,32877,8219.250,0,0,0,0,6.538
decode,real,1105,3635841680073185635,0,0,0,0,4,4,32881,8220.250,0,0,0,0,6.519
decode,real,1106,3635841680073185635,0,0,0,0,4,4,32885,8221.250,0,0,0,0,6.525
decode,real,1107,3635841680073185635,0,0,0,0,4,4,32889,8222.250,0,0,0,0,6.459
decode,real,1108,3635841680073185635,0,0,0,0,4,4,32893,8223.250,0,0,0,0,6.511
decode,real,1109,3635841680073185635,0,0,0,0,4,4,32897,8224.250,0,0,0,0,6.522
decode,real,1110,3635841680073185635,0,0,0,0,4,4,32901,8225.250,0,0,0,0,6.483
decode,real,1111,3635841680073185635,0,0,0,0,4,4,32905,8226.250,0,0,0,0,6.507
decode,real,1112,3635841680073185635,0,0,0,0,4,4,32909,8227.250,0,0,0,0,6.512
decode,real,1113,3635841680073185635,0,0,0,0,4,4,32913,8228.250,0,0,0,0,6.508
decode,real,1114,3635841680073185635,0,0,0,0,4,4,32917,8229.250,0,0,0,0,6.488
decode,real,1115,3635841680073185635,0,0,0,0,4,4,32921,8230.250,0,0,0,0,6.494
decode,real,1116,3635841680073185635,0,0,0,0,4,4,32925,8231.250,0,0,0,0,6.508
decode,real,1117,3635841680073185635,0,0,0,0,4,4,32929,8232.250,0,0,0,0,6.477
decode,real,1118,3635841680073185635,0,0,0,0,4,4,32933,8233.250,0,0,0,0,6.513
decode,real,1119,3635841680073185635,0,0,0,0,4,4,32937,8234.250,0,0,0,0,6.481
decode,real,1120,3635841680073185635,0,0,0,0,4,4,32941,8235.250,0,0,0,0,6.498
decode,real,1121,3635841680073185635,0,0,0,0,4,4,32945,8236.250,0,0,0,0,6.486
decode,real,1122,3635841680073185635,0,0,0,0,4,4,32949,8237.250,0,0,0,0,6.462
decode,real,1123,3635841680073185635,0,0,0,0,4,4,32953,8238.250,0,0,0,0,6.472
decode,real,1124,3635841680073185635,0,0,0,0,4,4,32957,8239.250,0,0,0,0,6.500
decode,real,1125,3635841680073185635,0,0,0,0,4,4,32961,8240.250,0,0,0,0,6.472
decode,real,1126,3635841680073185635,0,0,0,0,4,4,32965,8241.250,0,0,0,0,6.505
decode,real,1127,3635841680073185635,0,0,0,0,4,4,32969,8242.250,0,0,0,0,6.442
decode,real,1128,3635841680073185635,0,0,0,0,4,4,32973,8243.250,0,0,0,0,6.481
decode,real,1129,3635841680073185635,0,0,0,0,4,4,32977,8244.250,0,0,0,0,6.471
decode,real,1130,3635841680073185635,0,0,0,0,4,4,32981,8245.250,0,0,0,0,6.467
decode,real,1131,3635841680073185635,0,0,0,0,4,4,32985,8246.250,0,0,0,0,6.456
decode,real,1132,3635841680073185635,0,0,0,0,4,4,32989,8247.250,0,0,0,0,6.486
decode,real,1133,3635841680073185635,0,0,0,0,4,4,32993,8248.250,0,0,0,0,6.505
decode,real,1134,3635841680073185635,0,0,0,0,4,4,32997,8249.250,0,0,0,0,6.418
decode,real,1135,3635841680073185635,0,0,0,0,4,4,33001,8250.250,0,0,0,0,6.461
decode,real,1136,3635841680073185635,0,0,0,0,4,4,33005,8251.250,0,0,0,0,6.472
decode,real,1137,3635841680073185635,0,0,0,0,4,4,33009,8252.250,0,0,0,0,6.478
decode,real,1138,3635841680073185635,0,0,0,0,4,4,33013,8253.250,0,0,0,0,6.446
decode,real,1139,3635841680073185635,0,0,0,0,4,4,33017,8254.250,0,0,0,0,6.450
decode,real,1140,3635841680073185635,0,0,0,0,4,4,33021,8255.250,0,0,0,0,6.443
decode,real,1141,3635841680073185635,0,0,0,0,4,4,33025,8256.250,0,0,0,0,6.482
decode,real,1142,3635841680073185635,0,0,0,0,4,4,33029,8257.250,0,0,0,0,6.425
decode,real,1143,3635841680073185635,0,0,0,0,4,4,33033,8258.250,0,0,0,0,6.479
decode,real,1144,3635841680073185635,0,0,0,0,4,4,33037,8259.250,0,0,0,0,6.459
decode,real,1145,3635841680073185635,0,0,0,0,4,4,33041,8260.250,0,0,0,0,6.445
decode,real,1146,3635841680073185635,0,0,0,0,4,4,33045,8261.250,0,0,0,0,6.440
decode,real,1147,3635841680073185635,0,0,0,0,4,4,33049,8262.250,0,0,0,0,6.470
decode,real,1148,3635841680073185635,0,0,0,0,4,4,33053,8263.250,0,0,0,0,6.452
decode,real,1149,3635841680073185635,0,0,0,0,4,4,33057,8264.250,0,0,0,0,6.456
decode,real,1150,3635841680073185635,0,0,0,0,4,4,33061,8265.250,0,0,0,0,6.444
decode,real,1151,3635841680073185635,0,0,0,0,4,4,33065,8266.250,0,0,0,0,6.489
decode,real,1152,3635841680073185635,0,0,0,0,4,4,33069,8267.250,0,0,0,0,6.467
decode,real,1153,3635841680073185635,0,0,0,0,4,4,33073,8268.250,0,0,0,0,6.443
decode,real,1154,3635841680073185635,0,0,0,0,4,4,33077,8269.250,0,0,0,0,6.443
decode,real,1155,3635841680073185635,0,0,0,0,4,4,33081,8270.250,0,0,0,0,6.476
decode,real,1156,3635841680073185635,0,0,0,0,4,4,33085,8271.250,0,0,0,0,6.460
decode,real,1157,3635841680073185635,0,0,0,0,4,4,33089,8272.250,0,0,0,0,6.463
decode,real,1158,3635841680073185635,0,0,0,0,4,4,33093,8273.250,0,0,0,0,6.448
decode,real,1159,3635841680073185635,0,0,0,0,4,4,33097,8274.250,0,0,0,0,6.454
decode,real,1160,3635841680073185635,0,0,0,0,4,4,33101,8275.250,0,0,0,0,6.472
decode,real,1161,3635841680073185635,0,0,0,0,4,4,33105,8276.250,0,0,0,0,6.475
decode,real,1162,3635841680073185635,0,0,0,0,4,4,33109,8277.250,0,0,0,0,6.441
decode,real,1163,3635841680073185635,0,0,0,0,4,4,33113,8278.250,0,0,0,0,6.470
decode,real,1164,3635841680073185635,0,0,0,0,4,4,33117,8279.250,0,0,0,0,6.478
decode,real,1165,3635841680073185635,0,0,0,0,4,4,33121,8280.250,0,0,0,0,6.427
decode,real,1166,3635841680073185635,0,0,0,0,4,4,33125,8281.250,0,0,0,0,6.471
decode,real,1167,3635841680073185635,0,0,0,0,4,4,33129,8282.250,0,0,0,0,6.457
decode,real,1168,3635841680073185635,0,0,0,0,4,4,33133,8283.250,0,0,0,0,6.472
decode,real,1169,3635841680073185635,0,0,0,0,4,4,33137,8284.250,0,0,0,0,6.470
decode,real,1170,3635841680073185635,0,0,0,0,4,4,33141,8285.250,0,0,0,0,6.447
decode,real,1171,3635841680073185635,0,0,0,0,4,4,33145,8286.250,0,0,0,0,6.447
decode,real,1172,3635841680073185635,0,0,0,0,4,4,33149,8287.250,0,0,0,0,6.462
decode,real,1173,3635841680073185635,0,0,0,0,4,4,33153,8288.250,0,0,0,0,6.476
decode,real,1174,3635841680073185635,0,0,0,0,4,4,33157,8289.250,0,0,0,0,6.455
decode,real,1175,3635841680073185635,0,0,0,0,4,4,33161,8290.250,0,0,0,0,6.471
decode,real,1176,3635841680073185635,0,0,0,0,4,4,33165,8291.250,0,0,0,0,6.457
decode,real,1177,3635841680073185635,0,0,0,0,4,4,33169,8292.250,0,0,0,0,6.463
decode,real,1178,3635841680073185635,0,0,0,0,4,4,33173,8293.250,0,0,0,0,6.574
decode,real,1179,3635841680073185635,0,0,0,0,4,4,33177,8294.250,0,0,0,0,6.310
decode,real,1180,3635841680073185635,0,0,0,0,4,4,33181,8295.250,0,0,0,0,6.485
decode,real,1181,3635841680073185635,0,0,0,0,4,4,33185,8296.250,0,0,0,0,6.477
decode,real,1182,3635841680073185635,0,0,0,0,4,4,33189,8297.250,0,0,0,0,6.425
decode,real,1183,3635841680073185635,0,0,0,0,4,4,33193,8298.250,0,0,0,0,6.460
decode,real,1184,3635841680073185635,0,0,0,0,4,4,33197,8299.250,0,0,0,0,6.466
decode,real,1185,3635841680073185635,0,0,0,0,4,4,33201,8300.250,0,0,0,0,6.469
decode,real,1186,3635841680073185635,0,0,0,0,4,4,33205,8301.250,0,0,0,0,6.451
decode,real,1187,3635841680073185635,0,0,0,0,4,4,33209,8302.250,0,0,0,0,6.502
decode,real,1188,3635841680073185635,0,0,0,0,4,4,33213,8303.250,0,0,0,0,6.453
decode,real,1189,3635841680073185635,0,0,0,0,4,4,33217,8304.250,0,0,0,0,6.458
decode,real,1190,3635841680073185635,0,0,0,0,4,4,33221,8305.250,0,0,0,0,6.430
decode,real,1191,3635841680073185635,0,0,0,0,4,4,33225,8306.250,0,0,0,0,6.471
decode,real,1192,3635841680073185635,0,0,0,0,4,4,33229,8307.250,0,0,0,0,6.449
decode,real,1193,3635841680073185635,0,0,0,0,4,4,33233,8308.250,0,0,0,0,6.480
decode,real,1194,3635841680073185635,0,0,0,0,4,4,33237,8309.250,0,0,0,0,6.437
decode,real,1195,3635841680073185635,0,0,0,0,4,4,33241,8310.250,0,0,0,0,6.467
decode,real,1196,3635841680073185635,0,0,0,0,4,4,33245,8311.250,0,0,0,0,6.481
decode,real,1197,3635841680073185635,0,0,0,0,4,4,33249,8312.250,0,0,0,0,6.441
decode,real,1198,3635841680073185635,0,0,0,0,4,4,33253,8313.250,0,0,0,0,6.452
decode,real,1199,3635841680073185635,0,0,0,0,4,4,33257,8314.250,0,0,0,0,6.488
decode,real,1200,3635841680073185635,0,0,0,0,4,4,33261,8315.250,0,0,0,0,6.430
decode,real,1201,3635841680073185635,0,0,0,0,4,4,33265,8316.250,0,0,0,0,6.469
decode,real,1202,3635841680073185635,0,0,0,0,4,4,33269,8317.250,0,0,0,0,6.475
decode,real,1203,3635841680073185635,0,0,0,0,4,4,33273,8318.250,0,0,0,0,6.455
decode,real,1204,3635841680073185635,0,0,0,0,4,4,33277,8319.250,0,0,0,0,6.431
decode,real,1205,3635841680073185635,0,0,0,0,4,4,33281,8320.250,0,0,0,0,6.473
decode,real,1206,3635841680073185635,0,0,0,0,4,4,33285,8321.250,0,0,0,0,6.455
decode,real,1207,3635841680073185635,0,0,0,0,4,4,33289,8322.250,0,0,0,0,6.451
decode,real,1208,3635841680073185635,0,0,0,0,4,4,33293,8323.250,0,0,0,0,6.474
decode,real,1209,3635841680073185635,0,0,0,0,4,4,33297,8324.250,0,0,0,0,6.473
decode,real,1210,3635841680073185635,0,0,0,0,4,4,33301,8325.250,0,0,0,0,6.427
decode,real,1211,3635841680073185635,0,0,0,0,4,4,33305,8326.250,0,0,0,0,6.452
decode,real,1212,3635841680073185635,0,0,0,0,4,4,33309,8327.250,0,0,0,0,6.458
decode,real,1213,3635841680073185635,0,0,0,0,4,4,33313,8328.250,0,0,0,0,6.444
decode,real,1214,3635841680073185635,0,0,0,0,4,4,33317,8329.250,0,0,0,0,6.467
decode,real,1215,3635841680073185635,0,0,0,0,4,4,33321,8330.250,0,0,0,0,6.454
decode,real,1216,3635841680073185635,0,0,0,0,4,4,33325,8331.250,0,0,0,0,6.440
decode,real,1217,3635841680073185635,0,0,0,0,4,4,33329,8332.250,0,0,0,0,6.465
decode,real,1218,3635841680073185635,0,0,0,0,4,4,33333,8333.250,0,0,0,0,6.461
decode,real,1219,3635841680073185635,0,0,0,0,4,4,33337,8334.250,0,0,0,0,6.444
decode,real,1220,3635841680073185635,0,0,0,0,4,4,33341,8335.250,0,0,0,0,6.467
decode,real,1221,3635841680073185635,0,0,0,0,4,4,33345,8336.250,0,0,0,0,6.468
decode,real,1222,3635841680073185635,0,0,0,0,4,4,33349,8337.250,0,0,0,0,6.454
decode,real,1223,3635841680073185635,0,0,0,0,4,4,33353,8338.250,0,0,0,0,6.454
decode,real,1224,3635841680073185635,0,0,0,0,4,4,33357,8339.250,0,0,0,0,6.465
decode,real,1225,3635841680073185635,0,0,0,0,4,4,33361,8340.250,0,0,0,0,6.447
decode,real,1226,3635841680073185635,0,0,0,0,4,4,33365,8341.250,0,0,0,0,6.449
decode,real,1227,3635841680073185635,0,0,0,0,4,4,33369,8342.250,0,0,0,0,6.459
decode,real,1228,3635841680073185635,0,0,0,0,4,4,33373,8343.250,0,0,0,0,6.462
decode,real,1229,3635841680073185635,0,0,0,0,4,4,33377,8344.250,0,0,0,0,6.457
decode,real,1230,3635841680073185635,0,0,0,0,4,4,33381,8345.250,0,0,0,0,6.460
decode,real,1231,3635841680073185635,0,0,0,0,4,4,33385,8346.250,0,0,0,0,6.455
decode,real,1232,3635841680073185635,0,0,0,0,4,4,33389,8347.250,0,0,0,0,6.460
decode,real,1233,3635841680073185635,0,0,0,0,4,4,33393,8348.250,0,0,0,0,6.478
decode,real,1234,3635841680073185635,0,0,0,0,4,4,33397,8349.250,0,0,0,0,6.439
decode,real,1235,3635841680073185635,0,0,0,0,4,4,33401,8350.250,0,0,0,0,6.444
decode,real,1236,3635841680073185635,0,0,0,0,4,4,33405,8351.250,0,0,0,0,6.453
decode,real,1237,3635841680073185635,0,0,0,0,4,4,33409,8352.250,0,0,0,0,6.482
decode,real,1238,3635841680073185635,0,0,0,0,4,4,33413,8353.250,0,0,0,0,6.432
decode,real,1239,3635841680073185635,0,0,0,0,4,4,33417,8354.250,0,0,0,0,6.472
decode,real,1240,3635841680073185635,0,0,0,0,4,4,33421,8355.250,0,0,0,0,6.478
decode,real,1241,3635841680073185635,0,0,0,0,4,4,33425,8356.250,0,0,0,0,6.444
decode,real,1242,3635841680073185635,0,0,0,0,4,4,33429,8357.250,0,0,0,0,6.441
decode,real,1243,3635841680073185635,0,0,0,0,4,4,33433,8358.250,0,0,0,0,6.456
decode,real,1244,3635841680073185635,0,0,0,0,4,4,33437,8359.250,0,0,0,0,6.476
decode,real,1245,3635841680073185635,0,0,0,0,4,4,33441,8360.250,0,0,0,0,6.451
decode,real,1246,3635841680073185635,0,0,0,0,4,4,33445,8361.250,0,0,0,0,6.474
decode,real,1247,3635841680073185635,0,0,0,0,4,4,33449,8362.250,0,0,0,0,6.455
decode,real,1248,3635841680073185635,0,0,0,0,4,4,33453,8363.250,0,0,0,0,6.441
decode,real,1249,3635841680073185635,0,0,0,0,4,4,33457,8364.250,0,0,0,0,6.471
decode,real,1250,3635841680073185635,0,0,0,0,4,4,33461,8365.250,0,0,0,0,6.456
decode,real,1251,3635841680073185635,0,0,0,0,4,4,33465,8366.250,0,0,0,0,6.438
decode,real,1252,3635841680073185635,0,0,0,0,4,4,33469,8367.250,0,0,0,0,6.490
decode,real,1253,3635841680073185635,0,0,0,0,4,4,33473,8368.250,0,0,0,0,6.433
decode,real,1254,3635841680073185635,0,0,0,0,4,4,33477,8369.250,0,0,0,0,6.456
decode,real,1255,3635841680073185635,0,0,0,0,4,4,33481,8370.250,0,0,0,0,6.467
decode,real,1256,3635841680073185635,0,0,0,0,4,4,33485,8371.250,0,0,0,0,6.447
decode,real,1257,3635841680073185635,0,0,0,0,4,4,33489,8372.250,0,0,0,0,6.477
decode,real,1258,3635841680073185635,0,0,0,0,4,4,33493,8373.250,0,0,0,0,6.458
decode,real,1259,3635841680073185635,0,0,0,0,4,4,33497,8374.250,0,0,0,0,6.450
decode,real,1260,3635841680073185635,0,0,0,0,4,4,33501,8375.250,0,0,0,0,6.459
decode,real,1261,3635841680073185635,0,0,0,0,4,4,33505,8376.250,0,0,0,0,6.462
decode,real,1262,3635841680073185635,0,0,0,0,4,4,33509,8377.250,0,0,0,0,6.442
decode,real,1263,3635841680073185635,0,0,0,0,4,4,33513,8378.250,0,0,0,0,7.131
decode,real,1264,3635841680073185635,0,0,0,0,4,4,33517,8379.250,0,0,0,0,5.814
decode,real,1265,3635841680073185635,0,0,0,0,4,4,33521,8380.250,0,0,0,0,6.478
decode,real,1266,3635841680073185635,0,0,0,0,4,4,33525,8381.250,0,0,0,0,6.433
decode,real,1267,3635841680073185635,0,0,0,0,4,4,33529,8382.250,0,0,0,0,6.437
decode,real,1268,3635841680073185635,0,0,0,0,4,4,33533,8383.250,0,0,0,0,6.433
decode,real,1269,3635841680073185635,0,0,0,0,4,4,33537,8384.250,0,0,0,0,6.496
decode,real,1270,3635841680073185635,0,0,0,0,4,4,33541,8385.250,0,0,0,0,6.413
decode,real,1271,3635841680073185635,0,0,0,0,4,4,33545,8386.250,0,0,0,0,6.455
decode,real,1272,3635841680073185635,0,0,0,0,4,4,33549,8387.250,0,0,0,0,6.492
decode,real,1273,3635841680073185635,0,0,0,0,4,4,33553,8388.250,0,0,0,0,6.436
decode,real,1274,3635841680073185635,0,0,0,0,4,4,33557,8389.250,0,0,0,0,6.486
decode,real,1275,3635841680073185635,0,0,0,0,4,4,33561,8390.250,0,0,0,0,6.419
decode,real,1276,3635841680073185635,0,0,0,0,4,4,33565,8391.250,0,0,0,0,6.459
decode,real,1277,3635841680073185635,0,0,0,0,4,4,33569,8392.250,0,0,0,0,6.451
decode,real,1278,3635841680073185635,0,0,0,0,4,4,33573,8393.250,0,0,0,0,6.460
decode,real,1279,3635841680073185635,0,0,0,0,4,4,33577,8394.250,0,0,0,0,6.473
decode,real,1280,3635841680073185635,0,0,0,0,4,4,33581,8395.250,0,0,0,0,6.461
decode,real,1281,3635841680073185635,0,0,0,0,4,4,33585,8396.250,0,0,0,0,6.459
decode,real,1282,3635841680073185635,0,0,0,0,4,4,33589,8397.250,0,0,0,0,6.467
decode,real,1283,3635841680073185635,0,0,0,0,4,4,33593,8398.250,0,0,0,0,6.466
decode,real,1284,3635841680073185635,0,0,0,0,4,4,33597,8399.250,0,0,0,0,6.428
decode,real,1285,3635841680073185635,0,0,0,0,4,4,33601,8400.250,0,0,0,0,6.468
decode,real,1286,3635841680073185635,0,0,0,0,4,4,33605,8401.250,0,0,0,0,6.492
decode,real,1287,3635841680073185635,0,0,0,0,4,4,33609,8402.250,0,0,0,0,6.439
decode,real,1288,3635841680073185635,0,0,0,0,4,4,33613,8403.250,0,0,0,0,6.467
decode,real,1289,3635841680073185635,0,0,0,0,4,4,33617,8404.250,0,0,0,0,6.442
decode,real,1290,3635841680073185635,0,0,0,0,4,4,33621,8405.250,0,0,0,0,6.461
decode,real,1291,3635841680073185635,0,0,0,0,4,4,33625,8406.250,0,0,0,0,6.452
decode,real,1292,3635841680073185635,0,0,0,0,4,4,33629,8407.250,0,0,0,0,6.457
decode,real,1293,3635841680073185635,0,0,0,0,4,4,33633,8408.250,0,0,0,0,6.483
decode,real,1294,3635841680073185635,0,0,0,0,4,4,33637,8409.250,0,0,0,0,6.447
decode,real,1295,3635841680073185635,0,0,0,0,4,4,33641,8410.250,0,0,0,0,6.469
decode,real,1296,3635841680073185635,0,0,0,0,4,4,33645,8411.250,0,0,0,0,6.463
decode,real,1297,3635841680073185635,0,0,0,0,4,4,33649,8412.250,0,0,0,0,6.476
decode,real,1298,3635841680073185635,0,0,0,0,4,4,33653,8413.250,0,0,0,0,6.462
decode,real,1299,3635841680073185635,0,0,0,0,4,4,33657,8414.250,0,0,0,0,6.449
decode,real,1300,3635841680073185635,0,0,0,0,4,4,33661,8415.250,0,0,0,0,6.448
decode,real,1301,3635841680073185635,0,0,0,0,4,4,33665,8416.250,0,0,0,0,6.480
decode,real,1302,3635841680073185635,0,0,0,0,4,4,33669,8417.250,0,0,0,0,6.464
decode,real,1303,3635841680073185635,0,0,0,0,4,4,33673,8418.250,0,0,0,0,6.438
decode,real,1304,3635841680073185635,0,0,0,0,4,4,33677,8419.250,0,0,0,0,6.469
decode,real,1305,3635841680073185635,0,0,0,0,4,4,33681,8420.250,0,0,0,0,6.484
decode,real,1306,3635841680073185635,0,0,0,0,4,4,33685,8421.250,0,0,0,0,6.436
decode,real,1307,3635841680073185635,0,0,0,0,4,4,33689,8422.250,0,0,0,0,6.466
decode,real,1308,3635841680073185635,0,0,0,0,4,4,33693,8423.250,0,0,0,0,6.459
decode,real,1309,3635841680073185635,0,0,0,0,4,4,33697,8424.250,0,0,0,0,6.448
decode,real,1310,3635841680073185635,0,0,0,0,4,4,33701,8425.250,0,0,0,0,6.464
decode,real,1311,3635841680073185635,0,0,0,0,4,4,33705,8426.250,0,0,0,0,6.477
decode,real,1312,3635841680073185635,0,0,0,0,4,4,33709,8427.250,0,0,0,0,6.461
decode,real,1313,3635841680073185635,0,0,0,0,4,4,33713,8428.250,0,0,0,0,6.466
decode,real,1314,3635841680073185635,0,0,0,0,4,4,33717,8429.250,0,0,0,0,6.443
decode,real,1315,3635841680073185635,0,0,0,0,4,4,33721,8430.250,0,0,0,0,6.475
decode,real,1316,3635841680073185635,0,0,0,0,4,4,33725,8431.250,0,0,0,0,6.442
decode,real,1317,3635841680073185635,0,0,0,0,4,4,33729,8432.250,0,0,0,0,6.482
decode,real,1318,3635841680073185635,0,0,0,0,4,4,33733,8433.250,0,0,0,0,6.455
decode,real,1319,3635841680073185635,0,0,0,0,4,4,33737,8434.250,0,0,0,0,6.458
decode,real,1320,3635841680073185635,0,0,0,0,4,4,33741,8435.250,0,0,0,0,6.474
decode,real,1321,3635841680073185635,0,0,0,0,4,4,33745,8436.250,0,0,0,0,6.465
decode,real,1322,3635841680073185635,0,0,0,0,4,4,33749,8437.250,0,0,0,0,6.449
decode,real,1323,3635841680073185635,0,0,0,0,4,4,33753,8438.250,0,0,0,0,6.451
decode,real,1324,3635841680073185635,0,0,0,0,4,4,33757,8439.250,0,0,0,0,6.490
decode,real,1325,3635841680073185635,0,0,0,0,4,4,33761,8440.250,0,0,0,0,6.432
decode,real,1326,3635841680073185635,0,0,0,0,4,4,33765,8441.250,0,0,0,0,6.458
decode,real,1327,3635841680073185635,0,0,0,0,4,4,33769,8442.250,0,0,0,0,6.474
decode,real,1328,3635841680073185635,0,0,0,0,4,4,33773,8443.250,0,0,0,0,6.464
decode,real,1329,3635841680073185635,0,0,0,0,4,4,33777,8444.250,0,0,0,0,6.503
decode,real,1330,3635841680073185635,0,0,0,0,4,4,33781,8445.250,0,0,0,0,6.451
decode,real,1331,3635841680073185635,0,0,0,0,4,4,33785,8446.250,0,0,0,0,6.501
decode,real,1332,3635841680073185635,0,0,0,0,4,4,33789,8447.250,0,0,0,0,6.449
decode,real,1333,3635841680073185635,0,0,0,0,4,4,33793,8448.250,0,0,0,0,6.499
decode,real,1334,3635841680073185635,0,0,0,0,4,4,33797,8449.250,0,0,0,0,6.464
decode,real,1335,3635841680073185635,0,0,0,0,4,4,33801,8450.250,0,0,0,0,6.477
decode,real,1336,3635841680073185635,0,0,0,0,4,4,33805,8451.250,0,0,0,0,6.476
decode,real,1337,3635841680073185635,0,0,0,0,4,4,33809,8452.250,0,0,0,0,6.486
decode,real,1338,3635841680073185635,0,0,0,0,4,4,33813,8453.250,0,0,0,0,6.507
decode,real,1339,3635841680073185635,0,0,0,0,4,4,33817,8454.250,0,0,0,0,6.470
decode,real,1340,3635841680073185635,0,0,0,0,4,4,33821,8455.250,0,0,0,0,6.446
decode,real,1341,3635841680073185635,0,0,0,0,4,4,33825,8456.250,0,0,0,0,6.474
decode,real,1342,3635841680073185635,0,0,0,0,4,4,33829,8457.250,0,0,0,0,6.453
decode,real,1343,3635841680073185635,0,0,0,0,4,4,33833,8458.250,0,0,0,0,6.475
decode,real,1344,3635841680073185635,0,0,0,0,4,4,33837,8459.250,0,0,0,0,6.473
decode,real,1345,3635841680073185635,0,0,0,0,4,4,33841,8460.250,0,0,0,0,6.487
decode,real,1346,3635841680073185635,0,0,0,0,4,4,33845,8461.250,0,0,0,0,6.470
decode,real,1347,3635841680073185635,0,0,0,0,4,4,33849,8462.250,0,0,0,0,6.471
decode,real,1348,3635841680073185635,0,0,0,0,4,4,33853,8463.250,0,0,0,0,6.479
decode,real,1349,3635841680073185635,0,0,0,0,4,4,33857,8464.250,0,0,0,0,6.484
decode,real,1350,3635841680073185635,0,0,0,0,4,4,33861,8465.250,0,0,0,0,6.443
decode,real,1351,3635841680073185635,0,0,0,0,4,4,33865,8466.250,0,0,0,0,6.467
decode,real,1352,3635841680073185635,0,0,0,0,4,4,33869,8467.250,0,0,0,0,6.469
decode,real,1353,3635841680073185635,0,0,0,0,4,4,33873,8468.250,0,0,0,0,6.480
decode,real,1354,3635841680073185635,0,0,0,0,4,4,33877,8469.250,0,0,0,0,6.458
decode,real,1355,3635841680073185635,0,0,0,0,4,4,33881,8470.250,0,0,0,0,6.478
decode,real,1356,3635841680073185635,0,0,0,0,4,4,33885,8471.250,0,0,0,0,6.494
decode,real,1357,3635841680073185635,0,0,0,0,4,4,33889,8472.250,0,0,0,0,6.448
decode,real,1358,3635841680073185635,0,0,0,0,4,4,33893,8473.250,0,0,0,0,6.469
decode,real,1359,3635841680073185635,0,0,0,0,4,4,33897,8474.250,0,0,0,0,6.469
decode,real,1360,3635841680073185635,0,0,0,0,4,4,33901,8475.250,0,0,0,0,6.463
decode,real,1361,3635841680073185635,0,0,0,0,4,4,33905,8476.250,0,0,0,0,6.491
decode,real,1362,3635841680073185635,0,0,0,0,4,4,33909,8477.250,0,0,0,0,6.495
decode,real,1363,3635841680073185635,0,0,0,0,4,4,33913,8478.250,0,0,0,0,6.424
decode,real,1364,3635841680073185635,0,0,0,0,4,4,33917,8479.250,0,0,0,0,6.472
decode,real,1365,3635841680073185635,0,0,0,0,4,4,33921,8480.250,0,0,0,0,6.502
decode,real,1366,3635841680073185635,0,0,0,0,4,4,33925,8481.250,0,0,0,0,6.447
decode,real,1367,3635841680073185635,0,0,0,0,4,4,33929,8482.250,0,0,0,0,6.477
decode,real,1368,3635841680073185635,0,0,0,0,4,4,33933,8483.250,0,0,0,0,6.461
decode,real,1369,3635841680073185635,0,0,0,0,4,4,33937,8484.250,0,0,0,0,6.480
decode,real,1370,3635841680073185635,0,0,0,0,4,4,33941,8485.250,0,0,0,0,6.460
decode,real,1371,3635841680073185635,0,0,0,0,4,4,33945,8486.250,0,0,0,0,6.469
decode,real,1372,3635841680073185635,0,0,0,0,4,4,33949,8487.250,0,0,0,0,6.489
decode,real,1373,3635841680073185635,0,0,0,0,4,4,33953,8488.250,0,0,0,0,6.440
decode,real,1374,3635841680073185635,0,0,0,0,4,4,33957,8489.250,0,0,0,0,6.492
decode,real,1375,3635841680073185635,0,0,0,0,4,4,33961,8490.250,0,0,0,0,6.479
decode,real,1376,3635841680073185635,0,0,0,0,4,4,33965,8491.250,0,0,0,0,6.470
decode,real,1377,3635841680073185635,0,0,0,0,4,4,33969,8492.250,0,0,0,0,6.479
decode,real,1378,3635841680073185635,0,0,0,0,4,4,33973,8493.250,0,0,0,0,6.434
decode,real,1379,3635841680073185635,0,0,0,0,4,4,33977,8494.250,0,0,0,0,6.503
decode,real,1380,3635841680073185635,0,0,0,0,4,4,33981,8495.250,0,0,0,0,6.475
decode,real,1381,3635841680073185635,0,0,0,0,4,4,33985,8496.250,0,0,0,0,6.487
decode,real,1382,3635841680073185635,0,0,0,0,4,4,33989,8497.250,0,0,0,0,6.453
decode,real,1383,3635841680073185635,0,0,0,0,4,4,33993,8498.250,0,0,0,0,6.478
decode,real,1384,3635841680073185635,0,0,0,0,4,4,33997,8499.250,0,0,0,0,6.451
decode,real,1385,3635841680073185635,0,0,0,0,4,4,34001,8500.250,0,0,0,0,6.516
decode,real,1386,3635841680073185635,0,0,0,0,4,4,34005,8501.250,0,0,0,0,6.466
decode,real,1387,3635841680073185635,0,0,0,0,4,4,34009,8502.250,0,0,0,0,6.473
decode,real,1388,3635841680073185635,0,0,0,0,4,4,34013,8503.250,0,0,0,0,6.466
decode,real,1389,3635841680073185635,0,0,0,0,4,4,34017,8504.250,0,0,0,0,6.455
decode,real,1390,3635841680073185635,0,0,0,0,4,4,34021,8505.250,0,0,0,0,6.475
decode,real,1391,3635841680073185635,0,0,0,0,4,4,34025,8506.250,0,0,0,0,6.490
decode,real,1392,3635841680073185635,0,0,0,0,4,4,34029,8507.250,0,0,0,0,6.467
decode,real,1393,3635841680073185635,0,0,0,0,4,4,34033,8508.250,0,0,0,0,6.462
decode,real,1394,3635841680073185635,0,0,0,0,4,4,34037,8509.250,0,0,0,0,6.497
decode,real,1395,3635841680073185635,0,0,0,0,4,4,34041,8510.250,0,0,0,0,6.465
decode,real,1396,3635841680073185635,0,0,0,0,4,4,34045,8511.250,0,0,0,0,6.496
decode,real,1397,3635841680073185635,0,0,0,0,4,4,34049,8512.250,0,0,0,0,6.445
decode,real,1398,3635841680073185635,0,0,0,0,4,4,34053,8513.250,0,0,0,0,6.479
decode,real,1399,3635841680073185635,0,0,0,0,4,4,34057,8514.250,0,0,0,0,6.486
decode,real,1400,3635841680073185635,0,0,0,0,4,4,34061,8515.250,0,0,0,0,6.478
decode,real,1401,3635841680073185635,0,0,0,0,4,4,34065,8516.250,0,0,0,0,6.490
decode,real,1402,3635841680073185635,0,0,0,0,4,4,34069,8517.250,0,0,0,0,6.456
decode,real,1403,3635841680073185635,0,0,0,0,4,4,34073,8518.250,0,0,0,0,6.486
decode,real,1404,3635841680073185635,0,0,0,0,4,4,34077,8519.250,0,0,0,0,6.470
decode,real,1405,3635841680073185635,0,0,0,0,4,4,34081,8520.250,0,0,0,0,6.475
decode,real,1406,3635841680073185635,0,0,0,0,4,4,34085,8521.250,0,0,0,0,6.488
decode,real,1407,3635841680073185635,0,0,0,0,4,4,34089,8522.250,0,0,0,0,6.436
decode,real,1408,3635841680073185635,0,0,0,0,4,4,34093,8523.250,0,0,0,0,6.503
decode,real,1409,3635841680073185635,0,0,0,0,4,4,34097,8524.250,0,0,0,0,6.488
decode,real,1410,3635841680073185635,0,0,0,0,4,4,34101,8525.250,0,0,0,0,6.465
decode,real,1411,3635841680073185635,0,0,0,0,4,4,34105,8526.250,0,0,0,0,6.483
decode,real,1412,3635841680073185635,0,0,0,0,4,4,34109,8527.250,0,0,0,0,6.455
decode,real,1413,3635841680073185635,0,0,0,0,4,4,34113,8528.250,0,0,0,0,6.512
decode,real,1414,3635841680073185635,0,0,0,0,4,4,34117,8529.250,0,0,0,0,6.450
decode,real,1415,3635841680073185635,0,0,0,0,4,4,34121,8530.250,0,0,0,0,6.477
decode,real,1416,3635841680073185635,0,0,0,0,4,4,34125,8531.250,0,0,0,0,6.473
decode,real,1417,3635841680073185635,0,0,0,0,4,4,34129,8532.250,0,0,0,0,6.509
decode,real,1418,3635841680073185635,0,0,0,0,4,4,34133,8533.250,0,0,0,0,6.432
decode,real,1419,3635841680073185635,0,0,0,0,4,4,34137,8534.250,0,0,0,0,6.464
decode,real,1420,3635841680073185635,0,0,0,0,4,4,34141,8535.250,0,0,0,0,6.487
decode,real,1421,3635841680073185635,0,0,0,0,4,4,34145,8536.250,0,0,0,0,6.464
decode,real,1422,3635841680073185635,0,0,0,0,4,4,34149,8537.250,0,0,0,0,6.482
decode,real,1423,3635841680073185635,0,0,0,0,4,4,34153,8538.250,0,0,0,0,6.452
decode,real,1424,3635841680073185635,0,0,0,0,4,4,34157,8539.250,0,0,0,0,6.483
decode,real,1425,3635841680073185635,0,0,0,0,4,4,34161,8540.250,0,0,0,0,6.480
decode,real,1426,3635841680073185635,0,0,0,0,4,4,34165,8541.250,0,0,0,0,6.455
decode,real,1427,3635841680073185635,0,0,0,0,4,4,34169,8542.250,0,0,0,0,6.460
decode,real,1428,3635841680073185635,0,0,0,0,4,4,34173,8543.250,0,0,0,0,6.508
decode,real,1429,3635841680073185635,0,0,0,0,4,4,34177,8544.250,0,0,0,0,6.465
decode,real,1430,3635841680073185635,0,0,0,0,4,4,34181,8545.250,0,0,0,0,6.463
decode,real,1431,3635841680073185635,0,0,0,0,4,4,34185,8546.250,0,0,0,0,6.466
decode,real,1432,3635841680073185635,0,0,0,0,4,4,34189,8547.250,0,0,0,0,6.483
decode,real,1433,3635841680073185635,0,0,0,0,4,4,34193,8548.250,0,0,0,0,6.474
decode,real,1434,3635841680073185635,0,0,0,0,4,4,34197,8549.250,0,0,0,0,6.464
decode,real,1435,3635841680073185635,0,0,0,0,4,4,34201,8550.250,0,0,0,0,6.482
decode,real,1436,3635841680073185635,0,0,0,0,4,4,34205,8551.250,0,0,0,0,6.473
decode,real,1437,3635841680073185635,0,0,0,0,4,4,34209,8552.250,0,0,0,0,6.482
decode,real,1438,3635841680073185635,0,0,0,0,4,4,34213,8553.250,0,0,0,0,6.470
decode,real,1439,3635841680073185635,0,0,0,0,4,4,34217,8554.250,0,0,0,0,6.463
decode,real,1440,3635841680073185635,0,0,0,0,4,4,34221,8555.250,0,0,0,0,6.482
decode,real,1441,3635841680073185635,0,0,0,0,4,4,34225,8556.250,0,0,0,0,6.480
decode,real,1442,3635841680073185635,0,0,0,0,4,4,34229,8557.250,0,0,0,0,6.459
decode,real,1443,3635841680073185635,0,0,0,0,4,4,34233,8558.250,0,0,0,0,6.483
decode,real,1444,3635841680073185635,0,0,0,0,4,4,34237,8559.250,0,0,0,0,6.477
decode,real,1445,3635841680073185635,0,0,0,0,4,4,34241,8560.250,0,0,0,0,6.500
decode,real,1446,3635841680073185635,0,0,0,0,4,4,34245,8561.250,0,0,0,0,6.441
decode,real,1447,3635841680073185635,0,0,0,0,4,4,34249,8562.250,0,0,0,0,6.499
decode,real,1448,3635841680073185635,0,0,0,0,4,4,34253,8563.250,0,0,0,0,6.465
decode,real,1449,3635841680073185635,0,0,0,0,4,4,34257,8564.250,0,0,0,0,6.488
decode,real,1450,3635841680073185635,0,0,0,0,4,4,34261,8565.250,0,0,0,0,6.465
decode,real,1451,3635841680073185635,0,0,0,0,4,4,34265,8566.250,0,0,0,0,6.471
decode,real,1452,3635841680073185635,0,0,0,0,4,4,34269,8567.250,0,0,0,0,6.502
decode,real,1453,3635841680073185635,0,0,0,0,4,4,34273,8568.250,0,0,0,0,6.459
decode,real,1454,3635841680073185635,0,0,0,0,4,4,34277,8569.250,0,0,0,0,6.483
decode,real,1455,3635841680073185635,0,0,0,0,4,4,34281,8570.250,0,0,0,0,6.497
decode,real,1456,3635841680073185635,0,0,0,0,4,4,34285,8571.250,0,0,0,0,6.430
decode,real,1457,3635841680073185635,0,0,0,0,4,4,34289,8572.250,0,0,0,0,6.511
decode,real,1458,3635841680073185635,0,0,0,0,4,4,34293,8573.250,0,0,0,0,6.483
decode,real,1459,3635841680073185635,0,0,0,0,4,4,34297,8574.250,0,0,0,0,6.456
decode,real,1460,3635841680073185635,0,0,0,0,4,4,34301,8575.250,0,0,0,0,6.481
decode,real,1461,3635841680073185635,0,0,0,0,4,4,34305,8576.250,0,0,0,0,6.476
decode,real,1462,3635841680073185635,0,0,0,0,4,4,34309,8577.250,0,0,0,0,6.472
decode,real,1463,3635841680073185635,0,0,0,0,4,4,34313,8578.250,0,0,0,0,6.469
decode,real,1464,3635841680073185635,0,0,0,0,4,4,34317,8579.250,0,0,0,0,6.495
decode,real,1465,3635841680073185635,0,0,0,0,4,4,34321,8580.250,0,0,0,0,6.499
decode,real,1466,3635841680073185635,0,0,0,0,4,4,34325,8581.250,0,0,0,0,6.467
decode,real,1467,3635841680073185635,0,0,0,0,4,4,34329,8582.250,0,0,0,0,6.495
decode,real,1468,3635841680073185635,0,0,0,0,4,4,34333,8583.250,0,0,0,0,6.465
decode,real,1469,3635841680073185635,0,0,0,0,4,4,34337,8584.250,0,0,0,0,6.479
decode,real,1470,3635841680073185635,0,0,0,0,4,4,34341,8585.250,0,0,0,0,6.477
decode,real,1471,3635841680073185635,0,0,0,0,4,4,34345,8586.250,0,0,0,0,6.491
decode,real,1472,3635841680073185635,0,0,0,0,4,4,34349,8587.250,0,0,0,0,6.465
decode,real,1473,3635841680073185635,0,0,0,0,4,4,34353,8588.250,0,0,0,0,6.490
decode,real,1474,3635841680073185635,0,0,0,0,4,4,34357,8589.250,0,0,0,0,6.485
decode,real,1475,3635841680073185635,0,0,0,0,4,4,34361,8590.250,0,0,0,0,6.472
decode,real,1476,3635841680073185635,0,0,0,0,4,4,34365,8591.250,0,0,0,0,6.467
decode,real,1477,3635841680073185635,0,0,0,0,4,4,34369,8592.250,0,0,0,0,6.470
decode,real,1478,3635841680073185635,0,0,0,0,4,4,34373,8593.250,0,0,0,0,6.482
decode,real,1479,3635841680073185635,0,0,0,0,4,4,34377,8594.250,0,0,0,0,6.471
decode,real,1480,3635841680073185635,0,0,0,0,4,4,34381,8595.250,0,0,0,0,6.477
decode,real,1481,3635841680073185635,0,0,0,0,4,4,34385,8596.250,0,0,0,0,6.504
decode,real,1482,3635841680073185635,0,0,0,0,4,4,34389,8597.250,0,0,0,0,6.482
decode,real,1483,3635841680073185635,0,0,0,0,4,4,34393,8598.250,0,0,0,0,6.459
decode,real,1484,3635841680073185635,0,0,0,0,4,4,34397,8599.250,0,0,0,0,6.477
decode,real,1485,3635841680073185635,0,0,0,0,4,4,34401,8600.250,0,0,0,0,6.483
decode,real,1486,3635841680073185635,0,0,0,0,4,4,34405,8601.250,0,0,0,0,6.483
decode,real,1487,3635841680073185635,0,0,0,0,4,4,34409,8602.250,0,0,0,0,6.464
decode,real,1488,3635841680073185635,0,0,0,0,4,4,34413,8603.250,0,0,0,0,6.486
decode,real,1489,3635841680073185635,0,0,0,0,4,4,34417,8604.250,0,0,0,0,6.497
decode,real,1490,3635841680073185635,0,0,0,0,4,4,34421,8605.250,0,0,0,0,6.435
decode,real,1491,3635841680073185635,0,0,0,0,4,4,34425,8606.250,0,0,0,0,6.476
decode,real,1492,3635841680073185635,0,0,0,0,4,4,34429,8607.250,0,0,0,0,6.482
decode,real,1493,3635841680073185635,0,0,0,0,4,4,34433,8608.250,0,0,0,0,6.500
decode,real,1494,3635841680073185635,0,0,0,0,4,4,34437,8609.250,0,0,0,0,6.472
decode,real,1495,3635841680073185635,0,0,0,0,4,4,34441,8610.250,0,0,0,0,6.476
decode,real,1496,3635841680073185635,0,0,0,0,4,4,34445,8611.250,0,0,0,0,6.457
decode,real,1497,3635841680073185635,0,0,0,0,4,4,34449,8612.250,0,0,0,0,6.491
decode,real,1498,3635841680073185635,0,0,0,0,4,4,34453,8613.250,0,0,0,0,6.461
decode,real,1499,3635841680073185635,0,0,0,0,4,4,34457,8614.250,0,0,0,0,6.503
decode,real,1500,3635841680073185635,0,0,0,0,4,4,34461,8615.250,0,0,0,0,6.476
decode,real,1501,3635841680073185635,0,0,0,0,4,4,34465,8616.250,0,0,0,0,6.463
decode,real,1502,3635841680073185635,0,0,0,0,4,4,34469,8617.250,0,0,0,0,6.471
decode,real,1503,3635841680073185635,0,0,0,0,4,4,34473,8618.250,0,0,0,0,6.496
decode,real,1504,3635841680073185635,0,0,0,0,4,4,34477,8619.250,0,0,0,0,6.464
decode,real,1505,3635841680073185635,0,0,0,0,4,4,34481,8620.250,0,0,0,0,6.498
decode,real,1506,3635841680073185635,0,0,0,0,4,4,34485,8621.250,0,0,0,0,6.487
decode,real,1507,3635841680073185635,0,0,0,0,4,4,34489,8622.250,0,0,0,0,6.467
decode,real,1508,3635841680073185635,0,0,0,0,4,4,34493,8623.250,0,0,0,0,6.487
decode,real,1509,3635841680073185635,0,0,0,0,4,4,34497,8624.250,0,0,0,0,6.482
decode,real,1510,3635841680073185635,0,0,0,0,4,4,34501,8625.250,0,0,0,0,6.477
decode,real,1511,3635841680073185635,0,0,0,0,4,4,34505,8626.250,0,0,0,0,6.478
decode,real,1512,3635841680073185635,0,0,0,0,4,4,34509,8627.250,0,0,0,0,6.490
decode,real,1513,3635841680073185635,0,0,0,0,4,4,34513,8628.250,0,0,0,0,6.503
decode,real,1514,3635841680073185635,0,0,0,0,4,4,34517,8629.250,0,0,0,0,6.447
decode,real,1515,3635841680073185635,0,0,0,0,4,4,34521,8630.250,0,0,0,0,6.503
decode,real,1516,3635841680073185635,0,0,0,0,4,4,34525,8631.250,0,0,0,0,6.500
decode,real,1517,3635841680073185635,0,0,0,0,4,4,34529,8632.250,0,0,0,0,6.460
decode,real,1518,3635841680073185635,0,0,0,0,4,4,34533,8633.250,0,0,0,0,6.492
decode,real,1519,3635841680073185635,0,0,0,0,4,4,34537,8634.250,0,0,0,0,6.496
decode,real,1520,3635841680073185635,0,0,0,0,4,4,34541,8635.250,0,0,0,0,6.470
decode,real,1521,3635841680073185635,0,0,0,0,4,4,34545,8636.250,0,0,0,0,6.496
decode,real,1522,3635841680073185635,0,0,0,0,4,4,34549,8637.250,0,0,0,0,6.491
decode,real,1523,3635841680073185635,0,0,0,0,4,4,34553,8638.250,0,0,0,0,6.468
decode,real,1524,3635841680073185635,0,0,0,0,4,4,34557,8639.250,0,0,0,0,6.464
decode,real,1525,3635841680073185635,0,0,0,0,4,4,34561,8640.250,0,0,0,0,6.527
decode,real,1526,3635841680073185635,0,0,0,0,4,4,34565,8641.250,0,0,0,0,6.484
decode,real,1527,3635841680073185635,0,0,0,0,4,4,34569,8642.250,0,0,0,0,6.440
decode,real,1528,3635841680073185635,0,0,0,0,4,4,34573,8643.250,0,0,0,0,6.500
decode,real,1529,3635841680073185635,0,0,0,0,4,4,34577,8644.250,0,0,0,0,6.478
decode,real,1530,3635841680073185635,0,0,0,0,4,4,34581,8645.250,0,0,0,0,6.473
decode,real,1531,3635841680073185635,0,0,0,0,4,4,34585,8646.250,0,0,0,0,6.465
decode,real,1532,3635841680073185635,0,0,0,0,4,4,34589,8647.250,0,0,0,0,6.520
decode,real,1533,3635841680073185635,0,0,0,0,4,4,34593,8648.250,0,0,0,0,6.471
decode,real,1534,3635841680073185635,0,0,0,0,4,4,34597,8649.250,0,0,0,0,6.488
decode,real,1535,3635841680073185635,0,0,0,0,4,4,34601,8650.250,0,0,0,0,6.479
decode,real,1536,3635841680073185635,0,0,0,0,4,4,34605,8651.250,0,0,0,0,6.487
decode,real,1537,3635841680073185635,0,0,0,0,4,4,34609,8652.250,0,0,0,0,6.473
decode,real,1538,3635841680073185635,0,0,0,0,4,4,34613,8653.250,0,0,0,0,6.467
decode,real,1539,3635841680073185635,0,0,0,0,4,4,34617,8654.250,0,0,0,0,6.483
decode,real,1540,3635841680073185635,0,0,0,0,4,4,34621,8655.250,0,0,0,0,6.476
decode,real,1541,3635841680073185635,0,0,0,0,4,4,34625,8656.250,0,0,0,0,6.490
decode,real,1542,3635841680073185635,0,0,0,0,4,4,34629,8657.250,0,0,0,0,6.478
decode,real,1543,3635841680073185635,0,0,0,0,4,4,34633,8658.250,0,0,0,0,6.487
decode,real,1544,3635841680073185635,0,0,0,0,4,4,34637,8659.250,0,0,0,0,6.482
decode,real,1545,3635841680073185635,0,0,0,0,4,4,34641,8660.250,0,0,0,0,6.488
decode,real,1546,3635841680073185635,0,0,0,0,4,4,34645,8661.250,0,0,0,0,6.466
decode,real,1547,3635841680073185635,0,0,0,0,4,4,34649,8662.250,0,0,0,0,6.491
decode,real,1548,3635841680073185635,0,0,0,0,4,4,34653,8663.250,0,0,0,0,6.490
decode,real,1549,3635841680073185635,0,0,0,0,4,4,34657,8664.250,0,0,0,0,6.492
decode,real,1550,3635841680073185635,0,0,0,0,4,4,34661,8665.250,0,0,0,0,6.429
decode,real,1551,3635841680073185635,0,0,0,0,4,4,34665,8666.250,0,0,0,0,6.502
decode,real,1552,3635841680073185635,0,0,0,0,4,4,34669,8667.250,0,0,0,0,6.486
decode,real,1553,3635841680073185635,0,0,0,0,4,4,34673,8668.250,0,0,0,0,6.493
decode,real,1554,3635841680073185635,0,0,0,0,4,4,34677,8669.250,0,0,0,0,6.471
decode,real,1555,3635841680073185635,0,0,0,0,4,4,34681,8670.250,0,0,0,0,6.527
decode,real,1556,3635841680073185635,0,0,0,0,4,4,34685,8671.250,0,0,0,0,6.420
decode,real,1557,3635841680073185635,0,0,0,0,4,4,34689,8672.250,0,0,0,0,6.521
decode,real,1558,3635841680073185635,0,0,0,0,4,4,34693,8673.250,0,0,0,0,6.469
decode,real,1559,3635841680073185635,0,0,0,0,4,4,34697,8674.250,0,0,0,0,6.468
decode,real,1560,3635841680073185635,0,0,0,0,4,4,34701,8675.250,0,0,0,0,6.495
decode,real,1561,3635841680073185635,0,0,0,0,4,4,34705,8676.250,0,0,0,0,6.459
decode,real,1562,3635841680073185635,0,0,0,0,4,4,34709,8677.250,0,0,0,0,6.486
decode,real,1563,3635841680073185635,0,0,0,0,4,4,34713,8678.250,0,0,0,0,6.456
decode,real,1564,3635841680073185635,0,0,0,0,4,4,34717,8679.250,0,0,0,0,6.517
decode,real,1565,3635841680073185635,0,0,0,0,4,4,34721,8680.250,0,0,0,0,6.470
decode,real,1566,3635841680073185635,0,0,0,0,4,4,34725,8681.250,0,0,0,0,6.481
decode,real,1567,3635841680073185635,0,0,0,0,4,4,34729,8682.250,0,0,0,0,6.479
decode,real,1568,3635841680073185635,0,0,0,0,4,4,34733,8683.250,0,0,0,0,6.510
decode,real,1569,3635841680073185635,0,0,0,0,4,4,34737,8684.250,0,0,0,0,6.452
decode,real,1570,3635841680073185635,0,0,0,0,4,4,34741,8685.250,0,0,0,0,6.496
decode,real,1571,3635841680073185635,0,0,0,0,4,4,34745,8686.250,0,0,0,0,6.460
decode,real,1572,3635841680073185635,0,0,0,0,4,4,34749,8687.250,0,0,0,0,6.486
decode,real,1573,3635841680073185635,0,0,0,0,4,4,34753,8688.250,0,0,0,0,6.483
decode,real,1574,3635841680073185635,0,0,0,0,4,4,34757,8689.250,0,0,0,0,6.508
decode,real,1575,3635841680073185635,0,0,0,0,4,4,34761,8690.250,0,0,0,0,6.457
decode,real,1576,3635841680073185635,0,0,0,0,4,4,34765,8691.250,0,0,0,0,6.503
decode,real,1577,3635841680073185635,0,0,0,0,4,4,34769,8692.250,0,0,0,0,6.499
decode,real,1578,3635841680073185635,0,0,0,0,4,4,34773,8693.250,0,0,0,0,6.453
decode,real,1579,3635841680073185635,0,0,0,0,4,4,34777,8694.250,0,0,0,0,6.495
decode,real,1580,3635841680073185635,0,0,0,0,4,4,34781,8695.250,0,0,0,0,6.493
decode,real,1581,3635841680073185635,0,0,0,0,4,4,34785,8696.250,0,0,0,0,6.495
decode,real,1582,3635841680073185635,0,0,0,0,4,4,34789,8697.250,0,0,0,0,6.484
decode,real,1583,3635841680073185635,0,0,0,0,4,4,34793,8698.250,0,0,0,0,6.469
decode,real,1584,3635841680073185635,0,0,0,0,4,4,34797,8699.250,0,0,0,0,6.476
decode,real,1585,3635841680073185635,0,0,0,0,4,4,34801,8700.250,0,0,0,0,6.495
decode,real,1586,3635841680073185635,0,0,0,0,4,4,34805,8701.250,0,0,0,0,6.473
decode,real,1587,3635841680073185635,0,0,0,0,4,4,34809,8702.250,0,0,0,0,7.310
decode,real,1588,3635841680073185635,0,0,0,0,4,4,34813,8703.250,0,0,0,0,5.657
decode,real,1589,3635841680073185635,0,0,0,0,4,4,34817,8704.250,0,0,0,0,6.533
decode,real,1590,3635841680073185635,0,0,0,0,4,4,34821,8705.250,0,0,0,0,6.425
decode,real,1591,3635841680073185635,0,0,0,0,4,4,34825,8706.250,0,0,0,0,6.507
decode,real,1592,3635841680073185635,0,0,0,0,4,4,34829,8707.250,0,0,0,0,6.474
decode,real,1593,3635841680073185635,0,0,0,0,4,4,34833,8708.250,0,0,0,0,6.466
decode,real,1594,3635841680073185635,0,0,0,0,4,4,34837,8709.250,0,0,0,0,6.487
decode,real,1595,3635841680073185635,0,0,0,0,4,4,34841,8710.250,0,0,0,0,6.465
decode,real,1596,3635841680073185635,0,0,0,0,4,4,34845,8711.250,0,0,0,0,6.493
decode,real,1597,3635841680073185635,0,0,0,0,4,4,34849,8712.250,0,0,0,0,6.476
decode,real,1598,3635841680073185635,0,0,0,0,4,4,34853,8713.250,0,0,0,0,6.465
decode,real,1599,3635841680073185635,0,0,0,0,4,4,34857,8714.250,0,0,0,0,6.499
decode,real,1600,3635841680073185635,0,0,0,0,4,4,34861,8715.250,0,0,0,0,6.480
decode,real,1601,3635841680073185635,0,0,0,0,4,4,34865,8716.250,0,0,0,0,6.483
decode,real,1602,3635841680073185635,0,0,0,0,4,4,34869,8717.250,0,0,0,0,6.479
decode,real,1603,3635841680073185635,0,0,0,0,4,4,34873,8718.250,0,0,0,0,6.489
decode,real,1604,3635841680073185635,0,0,0,0,4,4,34877,8719.250,0,0,0,0,6.467
decode,real,1605,3635841680073185635,0,0,0,0,4,4,34881,8720.250,0,0,0,0,6.477
decode,real,1606,3635841680073185635,0,0,0,0,4,4,34885,8721.250,0,0,0,0,6.468
decode,real,1607,3635841680073185635,0,0,0,0,4,4,34889,8722.250,0,0,0,0,6.478
decode,real,1608,3635841680073185635,0,0,0,0,4,4,34893,8723.250,0,0,0,0,6.466
decode,real,1609,3635841680073185635,0,0,0,0,4,4,34897,8724.250,0,0,0,0,6.498
decode,real,1610,3635841680073185635,0,0,0,0,4,4,34901,8725.250,0,0,0,0,6.464
decode,real,1611,3635841680073185635,0,0,0,0,4,4,34905,8726.250,0,0,0,0,6.466
decode,real,1612,3635841680073185635,0,0,0,0,4,4,34909,8727.250,0,0,0,0,6.493
decode,real,1613,3635841680073185635,0,0,0,0,4,4,34913,8728.250,0,0,0,0,6.466
decode,real,1614,3635841680073185635,0,0,0,0,4,4,34917,8729.250,0,0,0,0,6.490
decode,real,1615,3635841680073185635,0,0,0,0,4,4,34921,8730.250,0,0,0,0,6.483
decode,real,1616,3635841680073185635,0,0,0,0,4,4,34925,8731.250,0,0,0,0,6.454
decode,real,1617,3635841680073185635,0,0,0,0,4,4,34929,8732.250,0,0,0,0,6.526
decode,real,1618,3635841680073185635,0,0,0,0,4,4,34933,8733.250,0,0,0,0,6.440
decode,real,1619,3635841680073185635,0,0,0,0,4,4,34937,8734.250,0,0,0,0,6.466
decode,real,1620,3635841680073185635,0,0,0,0,4,4,34941,8735.250,0,0,0,0,6.528
decode,real,1621,3635841680073185635,0,0,0,0,4,4,34945,8736.250,0,0,0,0,6.453
decode,real,1622,3635841680073185635,0,0,0,0,4,4,34949,8737.250,0,0,0,0,6.503
decode,real,1623,3635841680073185635,0,0,0,0,4,4,34953,8738.250,0,0,0,0,6.437
decode,real,1624,3635841680073185635,0,0,0,0,4,4,34957,8739.250,0,0,0,0,6.491
decode,real,1625,3635841680073185635,0,0,0,0,4,4,34961,8740.250,0,0,0,0,6.492
decode,real,1626,3635841680073185635,0,0,0,0,4,4,34965,8741.250,0,0,0,0,6.470
decode,real,1627,3635841680073185635,0,0,0,0,4,4,34969,8742.250,0,0,0,0,6.462
decode,real,1628,3635841680073185635,0,0,0,0,4,4,34973,8743.250,0,0,0,0,6.494
decode,real,1629,3635841680073185635,0,0,0,0,4,4,34977,8744.250,0,0,0,0,6.472
decode,real,1630,3635841680073185635,0,0,0,0,4,4,34981,8745.250,0,0,0,0,6.501
decode,real,1631,3635841680073185635,0,0,0,0,4,4,34985,8746.250,0,0,0,0,6.439
decode,real,1632,3635841680073185635,0,0,0,0,4,4,34989,8747.250,0,0,0,0,6.484
decode,real,1633,3635841680073185635,0,0,0,0,4,4,34993,8748.250,0,0,0,0,6.509
decode,real,1634,3635841680073185635,0,0,0,0,4,4,34997,8749.250,0,0,0,0,6.458
decode,real,1635,3635841680073185635,0,0,0,0,4,4,35001,8750.250,0,0,0,0,6.457
decode,real,1636,3635841680073185635,0,0,0,0,4,4,35005,8751.250,0,0,0,0,6.495
decode,real,1637,3635841680073185635,0,0,0,0,4,4,35009,8752.250,0,0,0,0,6.512
decode,real,1638,3635841680073185635,0,0,0,0,4,4,35013,8753.250,0,0,0,0,6.459
decode,real,1639,3635841680073185635,0,0,0,0,4,4,35017,8754.250,0,0,0,0,6.480
decode,real,1640,3635841680073185635,0,0,0,0,4,4,35021,8755.250,0,0,0,0,6.474
decode,real,1641,3635841680073185635,0,0,0,0,4,4,35025,8756.250,0,0,0,0,6.476
decode,real,1642,3635841680073185635,0,0,0,0,4,4,35029,8757.250,0,0,0,0,6.481
decode,real,1643,3635841680073185635,0,0,0,0,4,4,35033,8758.250,0,0,0,0,6.498
decode,real,1644,3635841680073185635,0,0,0,0,4,4,35037,8759.250,0,0,0,0,6.484
decode,real,1645,3635841680073185635,0,0,0,0,4,4,35041,8760.250,0,0,0,0,6.463
decode,real,1646,3635841680073185635,0,0,0,0,4,4,35045,8761.250,0,0,0,0,6.488
decode,real,1647,3635841680073185635,0,0,0,0,4,4,35049,8762.250,0,0,0,0,6.481
decode,real,1648,3635841680073185635,0,0,0,0,4,4,35053,8763.250,0,0,0,0,6.488
decode,real,1649,3635841680073185635,0,0,0,0,4,4,35057,8764.250,0,0,0,0,6.477
decode,real,1650,3635841680073185635,0,0,0,0,4,4,35061,8765.250,0,0,0,0,6.502
decode,real,1651,3635841680073185635,0,0,0,0,4,4,35065,8766.250,0,0,0,0,6.459
decode,real,1652,3635841680073185635,0,0,0,0,4,4,35069,8767.250,0,0,0,0,6.504
decode,real,1653,3635841680073185635,0,0,0,0,4,4,35073,8768.250,0,0,0,0,6.492
decode,real,1654,3635841680073185635,0,0,0,0,4,4,35077,8769.250,0,0,0,0,6.469
decode,real,1655,3635841680073185635,0,0,0,0,4,4,35081,8770.250,0,0,0,0,6.492
decode,real,1656,3635841680073185635,0,0,0,0,4,4,35085,8771.250,0,0,0,0,6.499
decode,real,1657,3635841680073185635,0,0,0,0,4,4,35089,8772.250,0,0,0,0,6.509
decode,real,1658,3635841680073185635,0,0,0,0,4,4,35093,8773.250,0,0,0,0,6.434
decode,real,1659,3635841680073185635,0,0,0,0,4,4,35097,8774.250,0,0,0,0,6.525
decode,real,1660,3635841680073185635,0,0,0,0,4,4,35101,8775.250,0,0,0,0,6.454
decode,real,1661,3635841680073185635,0,0,0,0,4,4,35105,8776.250,0,0,0,0,6.513
decode,real,1662,3635841680073185635,0,0,0,0,4,4,35109,8777.250,0,0,0,0,6.469
decode,real,1663,3635841680073185635,0,0,0,0,4,4,35113,8778.250,0,0,0,0,6.480
decode,real,1664,3635841680073185635,0,0,0,0,4,4,35117,8779.250,0,0,0,0,6.494
decode,real,1665,3635841680073185635,0,0,0,0,4,4,35121,8780.250,0,0,0,0,6.480
decode,real,1666,3635841680073185635,0,0,0,0,4,4,35125,8781.250,0,0,0,0,6.482
decode,real,1667,3635841680073185635,0,0,0,0,4,4,35129,8782.250,0,0,0,0,6.496
decode,real,1668,3635841680073185635,0,0,0,0,4,4,35133,8783.250,0,0,0,0,6.474
decode,real,1669,3635841680073185635,0,0,0,0,4,4,35137,8784.250,0,0,0,0,6.497
decode,real,1670,3635841680073185635,0,0,0,0,4,4,35141,8785.250,0,0,0,0,6.459
decode,real,1671,3635841680073185635,0,0,0,0,4,4,35145,8786.250,0,0,0,0,6.491
decode,real,1672,3635841680073185635,0,0,0,0,4,4,35149,8787.250,0,0,0,0,6.479
decode,real,1673,3635841680073185635,0,0,0,0,4,4,35153,8788.250,0,0,0,0,6.485
decode,real,1674,3635841680073185635,0,0,0,0,4,4,35157,8789.250,0,0,0,0,6.484
decode,real,1675,3635841680073185635,0,0,0,0,4,4,35161,8790.250,0,0,0,0,6.484
decode,real,1676,3635841680073185635,0,0,0,0,4,4,35165,8791.250,0,0,0,0,6.475
decode,real,1677,3635841680073185635,0,0,0,0,4,4,35169,8792.250,0,0,0,0,6.453
decode,real,1678,3635841680073185635,0,0,0,0,4,4,35173,8793.250,0,0,0,0,6.501
decode,real,1679,3635841680073185635,0,0,0,0,4,4,35177,8794.250,0,0,0,0,6.486
decode,real,1680,3635841680073185635,0,0,0,0,4,4,35181,8795.250,0,0,0,0,6.475
decode,real,1681,3635841680073185635,0,0,0,0,4,4,35185,8796.250,0,0,0,0,6.509
decode,real,1682,3635841680073185635,0,0,0,0,4,4,35189,8797.250,0,0,0,0,6.462
decode,real,1683,3635841680073185635,0,0,0,0,4,4,35193,8798.250,0,0,0,0,6.489
decode,real,1684,3635841680073185635,0,0,0,0,4,4,35197,8799.250,0,0,0,0,6.497
decode,real,1685,3635841680073185635,0,0,0,0,4,4,35201,8800.250,0,0,0,0,6.457
decode,real,1686,3635841680073185635,0,0,0,0,4,4,35205,8801.250,0,0,0,0,6.476
decode,real,1687,3635841680073185635,0,0,0,0,4,4,35209,8802.250,0,0,0,0,6.472
decode,real,1688,3635841680073185635,0,0,0,0,4,4,35213,8803.250,0,0,0,0,6.486
decode,real,1689,3635841680073185635,0,0,0,0,4,4,35217,8804.250,0,0,0,0,6.495
decode,real,1690,3635841680073185635,0,0,0,0,4,4,35221,8805.250,0,0,0,0,6.471
decode,real,1691,3635841680073185635,0,0,0,0,4,4,35225,8806.250,0,0,0,0,6.489
decode,real,1692,3635841680073185635,0,0,0,0,4,4,35229,8807.250,0,0,0,0,6.483
decode,real,1693,3635841680073185635,0,0,0,0,4,4,35233,8808.250,0,0,0,0,6.466
decode,real,1694,3635841680073185635,0,0,0,0,4,4,35237,8809.250,0,0,0,0,6.490
decode,real,1695,3635841680073185635,0,0,0,0,4,4,35241,8810.250,0,0,0,0,6.471
decode,real,1696,3635841680073185635,0,0,0,0,4,4,35245,8811.250,0,0,0,0,6.469
decode,real,1697,3635841680073185635,0,0,0,0,4,4,35249,8812.250,0,0,0,0,6.509
decode,real,1698,3635841680073185635,0,0,0,0,4,4,35253,8813.250,0,0,0,0,6.480
decode,real,1699,3635841680073185635,0,0,0,0,4,4,35257,8814.250,0,0,0,0,6.494
decode,real,1700,3635841680073185635,0,0,0,0,4,4,35261,8815.250,0,0,0,0,6.475
decode,real,1701,3635841680073185635,0,0,0,0,4,4,35265,8816.250,0,0,0,0,6.489
decode,real,1702,3635841680073185635,0,0,0,0,4,4,35269,8817.250,0,0,0,0,6.486
decode,real,1703,3635841680073185635,0,0,0,0,4,4,35273,8818.250,0,0,0,0,6.472
decode,real,1704,3635841680073185635,0,0,0,0,4,4,35277,8819.250,0,0,0,0,6.475
decode,real,1705,3635841680073185635,0,0,0,0,4,4,35281,8820.250,0,0,0,0,6.484
decode,real,1706,3635841680073185635,0,0,0,0,4,4,35285,8821.250,0,0,0,0,6.487
decode,real,1707,3635841680073185635,0,0,0,0,4,4,35289,8822.250,0,0,0,0,6.491
decode,real,1708,3635841680073185635,0,0,0,0,4,4,35293,8823.250,0,0,0,0,6.499
decode,real,1709,3635841680073185635,0,0,0,0,4,4,35297,8824.250,0,0,0,0,6.470
decode,real,1710,3635841680073185635,0,0,0,0,4,4,35301,8825.250,0,0,0,0,6.498
decode,real,1711,3635841680073185635,0,0,0,0,4,4,35305,8826.250,0,0,0,0,6.499
decode,real,1712,3635841680073185635,0,0,0,0,4,4,35309,8827.250,0,0,0,0,6.494
decode,real,1713,3635841680073185635,0,0,0,0,4,4,35313,8828.250,0,0,0,0,6.506
decode,real,1714,3635841680073185635,0,0,0,0,4,4,35317,8829.250,0,0,0,0,6.454
decode,real,1715,3635841680073185635,0,0,0,0,4,4,35321,8830.250,0,0,0,0,6.536
decode,real,1716,3635841680073185635,0,0,0,0,4,4,35325,8831.250,0,0,0,0,6.480
decode,real,1717,3635841680073185635,0,0,0,0,4,4,35329,8832.250,0,0,0,0,6.526
decode,real,1718,3635841680073185635,0,0,0,0,4,4,35333,8833.250,0,0,0,0,6.477
decode,real,1719,3635841680073185635,0,0,0,0,4,4,35337,8834.250,0,0,0,0,6.507
decode,real,1720,3635841680073185635,0,0,0,0,4,4,35341,8835.250,0,0,0,0,6.500
decode,real,1721,3635841680073185635,0,0,0,0,4,4,35345,8836.250,0,0,0,0,6.508
decode,real,1722,3635841680073185635,0,0,0,0,4,4,35349,8837.250,0,0,0,0,6.473
decode,real,1723,3635841680073185635,0,0,0,0,4,4,35353,8838.250,0,0,0,0,6.503
decode,real,1724,3635841680073185635,0,0,0,0,4,4,35357,8839.250,0,0,0,0,6.487
decode,real,1725,3635841680073185635,0,0,0,0,4,4,35361,8840.250,0,0,0,0,6.486
decode,real,1726,3635841680073185635,0,0,0,0,4,4,35365,8841.250,0,0,0,0,6.492
decode,real,1727,3635841680073185635,0,0,0,0,4,4,35369,8842.250,0,0,0,0,6.495
decode,real,1728,3635841680073185635,0,0,0,0,4,4,35373,8843.250,0,0,0,0,6.491
decode,real,1729,3635841680073185635,0,0,0,0,4,4,35377,8844.250,0,0,0,0,6.509
decode,real,1730,3635841680073185635,0,0,0,0,4,4,35381,8845.250,0,0,0,0,6.472
decode,real,1731,3635841680073185635,0,0,0,0,4,4,35385,8846.250,0,0,0,0,6.497
decode,real,1732,3635841680073185635,0,0,0,0,4,4,35389,8847.250,0,0,0,0,6.494
decode,real,1733,3635841680073185635,0,0,0,0,4,4,35393,8848.250,0,0,0,0,6.475
decode,real,1734,3635841680073185635,0,0,0,0,4,4,35397,8849.250,0,0,0,0,6.488
decode,real,1735,3635841680073185635,0,0,0,0,4,4,35401,8850.250,0,0,0,0,6.485
decode,real,1736,3635841680073185635,0,0,0,0,4,4,35405,8851.250,0,0,0,0,6.485
decode,real,1737,3635841680073185635,0,0,0,0,4,4,35409,8852.250,0,0,0,0,6.495
decode,real,1738,3635841680073185635,0,0,0,0,4,4,35413,8853.250,0,0,0,0,6.504
decode,real,1739,3635841680073185635,0,0,0,0,4,4,35417,8854.250,0,0,0,0,6.488
decode,real,1740,3635841680073185635,0,0,0,0,4,4,35421,8855.250,0,0,0,0,6.492
decode,real,1741,3635841680073185635,0,0,0,0,4,4,35425,8856.250,0,0,0,0,6.488
decode,real,1742,3635841680073185635,0,0,0,0,4,4,35429,8857.250,0,0,0,0,6.482
decode,real,1743,3635841680073185635,0,0,0,0,4,4,35433,8858.250,0,0,0,0,6.487
decode,real,1744,3635841680073185635,0,0,0,0,4,4,35437,8859.250,0,0,0,0,6.476
decode,real,1745,3635841680073185635,0,0,0,0,4,4,35441,8860.250,0,0,0,0,6.504
decode,real,1746,3635841680073185635,0,0,0,0,4,4,35445,8861.250,0,0,0,0,6.511
decode,real,1747,3635841680073185635,0,0,0,0,4,4,35449,8862.250,0,0,0,0,6.474
decode,real,1748,3635841680073185635,0,0,0,0,4,4,35453,8863.250,0,0,0,0,6.477
decode,real,1749,3635841680073185635,0,0,0,0,4,4,35457,8864.250,0,0,0,0,6.509
decode,real,1750,3635841680073185635,0,0,0,0,4,4,35461,8865.250,0,0,0,0,6.461
decode,real,1751,3635841680073185635,0,0,0,0,4,4,35465,8866.250,0,0,0,0,6.505
decode,real,1752,3635841680073185635,0,0,0,0,4,4,35469,8867.250,0,0,0,0,6.471
decode,real,1753,3635841680073185635,0,0,0,0,4,4,35473,8868.250,0,0,0,0,6.500
decode,real,1754,3635841680073185635,0,0,0,0,4,4,35477,8869.250,0,0,0,0,6.470
decode,real,1755,3635841680073185635,0,0,0,0,4,4,35481,8870.250,0,0,0,0,6.501
decode,real,1756,3635841680073185635,0,0,0,0,4,4,35485,8871.250,0,0,0,0,6.503
decode,real,1757,3635841680073185635,0,0,0,0,4,4,35489,8872.250,0,0,0,0,6.482
decode,real,1758,3635841680073185635,0,0,0,0,4,4,35493,8873.250,0,0,0,0,6.490
decode,real,1759,3635841680073185635,0,0,0,0,4,4,35497,8874.250,0,0,0,0,6.499
decode,real,1760,3635841680073185635,0,0,0,0,4,4,35501,8875.250,0,0,0,0,6.467
decode,real,1761,3635841680073185635,0,0,0,0,4,4,35505,8876.250,0,0,0,0,6.520
decode,real,1762,3635841680073185635,0,0,0,0,4,4,35509,8877.250,0,0,0,0,6.470
decode,real,1763,3635841680073185635,0,0,0,0,4,4,35513,8878.250,0,0,0,0,6.499
decode,real,1764,3635841680073185635,0,0,0,0,4,4,35517,8879.250,0,0,0,0,6.476
decode,real,1765,3635841680073185635,0,0,0,0,4,4,35521,8880.250,0,0,0,0,6.502
decode,real,1766,3635841680073185635,0,0,0,0,4,4,35525,8881.250,0,0,0,0,6.491
decode,real,1767,3635841680073185635,0,0,0,0,4,4,35529,8882.250,0,0,0,0,6.486
decode,real,1768,3635841680073185635,0,0,0,0,4,4,35533,8883.250,0,0,0,0,6.500
decode,real,1769,3635841680073185635,0,0,0,0,4,4,35537,8884.250,0,0,0,0,6.507
decode,real,1770,3635841680073185635,0,0,0,0,4,4,35541,8885.250,0,0,0,0,6.470
decode,real,1771,3635841680073185635,0,0,0,0,4,4,35545,8886.250,0,0,0,0,6.497
decode,real,1772,3635841680073185635,0,0,0,0,4,4,35549,8887.250,0,0,0,0,6.520
decode,real,1773,3635841680073185635,0,0,0,0,4,4,35553,8888.250,0,0,0,0,6.466
decode,real,1774,3635841680073185635,0,0,0,0,4,4,35557,8889.250,0,0,0,0,6.515
decode,real,1775,3635841680073185635,0,0,0,0,4,4,35561,8890.250,0,0,0,0,6.505
decode,real,1776,3635841680073185635,0,0,0,0,4,4,35565,8891.250,0,0,0,0,6.487
decode,real,1777,3635841680073185635,0,0,0,0,4,4,35569,8892.250,0,0,0,0,6.492
decode,real,1778,3635841680073185635,0,0,0,0,4,4,35573,8893.250,0,0,0,0,6.490
decode,real,1779,3635841680073185635,0,0,0,0,4,4,35577,8894.250,0,0,0,0,6.490
decode,real,1780,3635841680073185635,0,0,0,0,4,4,35581,8895.250,0,0,0,0,6.529
decode,real,1781,3635841680073185635,0,0,0,0,4,4,35585,8896.250,0,0,0,0,6.475
decode,real,1782,3635841680073185635,0,0,0,0,4,4,35589,8897.250,0,0,0,0,6.507
decode,real,1783,3635841680073185635,0,0,0,0,4,4,35593,8898.250,0,0,0,0,6.491
decode,real,1784,3635841680073185635,0,0,0,0,4,4,35597,8899.250,0,0,0,0,6.492
decode,real,1785,3635841680073185635,0,0,0,0,4,4,35601,8900.250,0,0,0,0,6.494
decode,real,1786,3635841680073185635,0,0,0,0,4,4,35605,8901.250,0,0,0,0,6.497
decode,real,1787,3635841680073185635,0,0,0,0,4,4,35609,8902.250,0,0,0,0,6.474
decode,real,1788,3635841680073185635,0,0,0,0,4,4,35613,8903.250,0,0,0,0,6.524
decode,real,1789,3635841680073185635,0,0,0,0,4,4,35617,8904.250,0,0,0,0,6.489
decode,real,1790,3635841680073185635,0,0,0,0,4,4,35621,8905.250,0,0,0,0,6.495
decode,real,1791,3635841680073185635,0,0,0,0,4,4,35625,8906.250,0,0,0,0,6.493
decode,real,1792,3635841680073185635,0,0,0,0,4,4,35629,8907.250,0,0,0,0,6.486
decode,real,1793,3635841680073185635,0,0,0,0,4,4,35633,8908.250,0,0,0,0,6.520
decode,real,1794,3635841680073185635,0,0,0,0,4,4,35637,8909.250,0,0,0,0,6.465
decode,real,1795,3635841680073185635,0,0,0,0,4,4,35641,8910.250,0,0,0,0,6.509
decode,real,1796,3635841680073185635,0,0,0,0,4,4,35645,8911.250,0,0,0,0,6.462
decode,real,1797,3635841680073185635,0,0,0,0,4,4,35649,8912.250,0,0,0,0,6.539
decode,real,1798,3635841680073185635,0,0,0,0,4,4,35653,8913.250,0,0,0,0,6.466
decode,real,1799,3635841680073185635,0,0,0,0,4,4,35657,8914.250,0,0,0,0,6.511
decode,real,1800,3635841680073185635,0,0,0,0,4,4,35661,8915.250,0,0,0,0,6.471
decode,real,1801,3635841680073185635,0,0,0,0,4,4,35665,8916.250,0,0,0,0,6.486
decode,real,1802,3635841680073185635,0,0,0,0,4,4,35669,8917.250,0,0,0,0,6.488
decode,real,1803,3635841680073185635,0,0,0,0,4,4,35673,8918.250,0,0,0,0,6.481
decode,real,1804,3635841680073185635,0,0,0,0,4,4,35677,8919.250,0,0,0,0,6.511
decode,real,1805,3635841680073185635,0,0,0,0,4,4,35681,8920.250,0,0,0,0,6.480
decode,real,1806,3635841680073185635,0,0,0,0,4,4,35685,8921.250,0,0,0,0,6.492
decode,real,1807,3635841680073185635,0,0,0,0,4,4,35689,8922.250,0,0,0,0,6.489
decode,real,1808,3635841680073185635,0,0,0,0,4,4,35693,8923.250,0,0,0,0,6.492
decode,real,1809,3635841680073185635,0,0,0,0,4,4,35697,8924.250,0,0,0,0,6.491
decode,real,1810,3635841680073185635,0,0,0,0,4,4,35701,8925.250,0,0,0,0,6.491
decode,real,1811,3635841680073185635,0,0,0,0,4,4,35705,8926.250,0,0,0,0,6.490
decode,real,1812,3635841680073185635,0,0,0,0,4,4,35709,8927.250,0,0,0,0,6.487
decode,real,1813,3635841680073185635,0,0,0,0,4,4,35713,8928.250,0,0,0,0,6.522
decode,real,1814,3635841680073185635,0,0,0,0,4,4,35717,8929.250,0,0,0,0,6.480
decode,real,1815,3635841680073185635,0,0,0,0,4,4,35721,8930.250,0,0,0,0,6.459
decode,real,1816,3635841680073185635,0,0,0,0,4,4,35725,8931.250,0,0,0,0,6.507
decode,real,1817,3635841680073185635,0,0,0,0,4,4,35729,8932.250,0,0,0,0,6.517
decode,real,1818,3635841680073185635,0,0,0,0,4,4,35733,8933.250,0,0,0,0,6.485
decode,real,1819,3635841680073185635,0,0,0,0,4,4,35737,8934.250,0,0,0,0,6.480
decode,real,1820,3635841680073185635,0,0,0,0,4,4,35741,8935.250,0,0,0,0,6.503
decode,real,1821,3635841680073185635,0,0,0,0,4,4,35745,8936.250,0,0,0,0,6.479
decode,real,1822,3635841680073185635,0,0,0,0,4,4,35749,8937.250,0,0,0,0,6.491
decode,real,1823,3635841680073185635,0,0,0,0,4,4,35753,8938.250,0,0,0,0,6.477
decode,real,1824,3635841680073185635,0,0,0,0,4,4,35757,8939.250,0,0,0,0,6.510
decode,real,1825,3635841680073185635,0,0,0,0,4,4,35761,8940.250,0,0,0,0,6.498
decode,real,1826,3635841680073185635,0,0,0,0,4,4,35765,8941.250,0,0,0,0,6.506
decode,real,1827,3635841680073185635,0,0,0,0,4,4,35769,8942.250,0,0,0,0,6.480
decode,real,1828,3635841680073185635,0,0,0,0,4,4,35773,8943.250,0,0,0,0,6.477
decode,real,1829,3635841680073185635,0,0,0,0,4,4,35777,8944.250,0,0,0,0,6.522
decode,real,1830,3635841680073185635,0,0,0,0,4,4,35781,8945.250,0,0,0,0,6.490
decode,real,1831,3635841680073185635,0,0,0,0,4,4,35785,8946.250,0,0,0,0,6.518
decode,real,1832,3635841680073185635,0,0,0,0,4,4,35789,8947.250,0,0,0,0,6.488
decode,real,1833,3635841680073185635,0,0,0,0,4,4,35793,8948.250,0,0,0,0,6.481
decode,real,1834,3635841680073185635,0,0,0,0,4,4,35797,8949.250,0,0,0,0,6.475
decode,real,1835,3635841680073185635,0,0,0,0,4,4,35801,8950.250,0,0,0,0,6.494
decode,real,1836,3635841680073185635,0,0,0,0,4,4,35805,8951.250,0,0,0,0,6.511
decode,real,1837,3635841680073185635,0,0,0,0,4,4,35809,8952.250,0,0,0,0,6.492
decode,real,1838,3635841680073185635,0,0,0,0,4,4,35813,8953.250,0,0,0,0,6.509
decode,real,1839,3635841680073185635,0,0,0,0,4,4,35817,8954.250,0,0,0,0,6.461
decode,real,1840,3635841680073185635,0,0,0,0,4,4,35821,8955.250,0,0,0,0,6.495
decode,real,1841,3635841680073185635,0,0,0,0,4,4,35825,8956.250,0,0,0,0,6.493
decode,real,1842,3635841680073185635,0,0,0,0,4,4,35829,8957.250,0,0,0,0,6.505
decode,real,1843,3635841680073185635,0,0,0,0,4,4,35833,8958.250,0,0,0,0,6.485
decode,real,1844,3635841680073185635,0,0,0,0,4,4,35837,8959.250,0,0,0,0,6.504
decode,real,1845,3635841680073185635,0,0,0,0,4,4,35841,8960.250,0,0,0,0,6.487
decode,real,1846,3635841680073185635,0,0,0,0,4,4,35845,8961.250,0,0,0,0,6.509
decode,real,1847,3635841680073185635,0,0,0,0,4,4,35849,8962.250,0,0,0,0,6.477
decode,real,1848,3635841680073185635,0,0,0,0,4,4,35853,8963.250,0,0,0,0,6.553
decode,real,1849,3635841680073185635,0,0,0,0,4,4,35857,8964.250,0,0,0,0,6.463
decode,real,1850,3635841680073185635,0,0,0,0,4,4,35861,8965.250,0,0,0,0,6.477
decode,real,1851,3635841680073185635,0,0,0,0,4,4,35865,8966.250,0,0,0,0,6.487
decode,real,1852,3635841680073185635,0,0,0,0,4,4,35869,8967.250,0,0,0,0,6.505
decode,real,1853,3635841680073185635,0,0,0,0,4,4,35873,8968.250,0,0,0,0,6.538
decode,real,1854,3635841680073185635,0,0,0,0,4,4,35877,8969.250,0,0,0,0,6.436
decode,real,1855,3635841680073185635,0,0,0,0,4,4,35881,8970.250,0,0,0,0,6.513
decode,real,1856,3635841680073185635,0,0,0,0,4,4,35885,8971.250,0,0,0,0,6.492
decode,real,1857,3635841680073185635,0,0,0,0,4,4,35889,8972.250,0,0,0,0,6.515
decode,real,1858,3635841680073185635,0,0,0,0,4,4,35893,8973.250,0,0,0,0,6.457
decode,real,1859,3635841680073185635,0,0,0,0,4,4,35897,8974.250,0,0,0,0,6.517
decode,real,1860,3635841680073185635,0,0,0,0,4,4,35901,8975.250,0,0,0,0,6.479
decode,real,1861,3635841680073185635,0,0,0,0,4,4,35905,8976.250,0,0,0,0,6.531
decode,real,1862,3635841680073185635,0,0,0,0,4,4,35909,8977.250,0,0,0,0,6.463
decode,real,1863,3635841680073185635,0,0,0,0,4,4,35913,8978.250,0,0,0,0,6.525
decode,real,1864,3635841680073185635,0,0,0,0,4,4,35917,8979.250,0,0,0,0,6.464
decode,real,1865,3635841680073185635,0,0,0,0,4,4,35921,8980.250,0,0,0,0,6.521
decode,real,1866,3635841680073185635,0,0,0,0,4,4,35925,8981.250,0,0,0,0,6.486
decode,real,1867,3635841680073185635,0,0,0,0,4,4,35929,8982.250,0,0,0,0,6.526
decode,real,1868,3635841680073185635,0,0,0,0,4,4,35933,8983.250,0,0,0,0,6.495
decode,real,1869,3635841680073185635,0,0,0,0,4,4,35937,8984.250,0,0,0,0,6.489
decode,real,1870,3635841680073185635,0,0,0,0,4,4,35941,8985.250,0,0,0,0,6.496
decode,real,1871,3635841680073185635,0,0,0,0,4,4,35945,8986.250,0,0,0,0,6.505
decode,real,1872,3635841680073185635,0,0,0,0,4,4,35949,8987.250,0,0,0,0,6.507
decode,real,1873,3635841680073185635,0,0,0,0,4,4,35953,8988.250,0,0,0,0,6.522
decode,real,1874,3635841680073185635,0,0,0,0,4,4,35957,8989.250,0,0,0,0,6.472
decode,real,1875,3635841680073185635,0,0,0,0,4,4,35961,8990.250,0,0,0,0,6.494
decode,real,1876,3635841680073185635,0,0,0,0,4,4,35965,8991.250,0,0,0,0,6.505
decode,real,1877,3635841680073185635,0,0,0,0,4,4,35969,8992.250,0,0,0,0,6.516
decode,real,1878,3635841680073185635,0,0,0,0,4,4,35973,8993.250,0,0,0,0,6.477
decode,real,1879,3635841680073185635,0,0,0,0,4,4,35977,8994.250,0,0,0,0,6.499
decode,real,1880,3635841680073185635,0,0,0,0,4,4,35981,8995.250,0,0,0,0,6.496
decode,real,1881,3635841680073185635,0,0,0,0,4,4,35985,8996.250,0,0,0,0,6.536
decode,real,1882,3635841680073185635,0,0,0,0,4,4,35989,8997.250,0,0,0,0,6.470
decode,real,1883,3635841680073185635,0,0,0,0,4,4,35993,8998.250,0,0,0,0,6.503
decode,real,1884,3635841680073185635,0,0,0,0,4,4,35997,8999.250,0,0,0,0,6.502
decode,real,1885,3635841680073185635,0,0,0,0,4,4,36001,9000.250,0,0,0,0,6.492
decode,real,1886,3635841680073185635,0,0,0,0,4,4,36005,9001.250,0,0,0,0,6.497
decode,real,1887,3635841680073185635,0,0,0,0,4,4,36009,9002.250,0,0,0,0,6.531
decode,real,1888,3635841680073185635,0,0,0,0,4,4,36013,9003.250,0,0,0,0,6.488
decode,real,1889,3635841680073185635,0,0,0,0,4,4,36017,9004.250,0,0,0,0,6.508
decode,real,1890,3635841680073185635,0,0,0,0,4,4,36021,9005.250,0,0,0,0,6.474
decode,real,1891,3635841680073185635,0,0,0,0,4,4,36025,9006.250,0,0,0,0,6.504
decode,real,1892,3635841680073185635,0,0,0,0,4,4,36029,9007.250,0,0,0,0,6.498
decode,real,1893,3635841680073185635,0,0,0,0,4,4,36033,9008.250,0,0,0,0,6.547
decode,real,1894,3635841680073185635,0,0,0,0,4,4,36037,9009.250,0,0,0,0,6.461
decode,real,1895,3635841680073185635,0,0,0,0,4,4,36041,9010.250,0,0,0,0,6.513
decode,real,1896,3635841680073185635,0,0,0,0,4,4,36045,9011.250,0,0,0,0,6.503
decode,real,1897,3635841680073185635,0,0,0,0,4,4,36049,9012.250,0,0,0,0,6.509
decode,real,1898,3635841680073185635,0,0,0,0,4,4,36053,9013.250,0,0,0,0,6.513
decode,real,1899,3635841680073185635,0,0,0,0,4,4,36057,9014.250,0,0,0,0,6.460
decode,real,1900,3635841680073185635,0,0,0,0,4,4,36061,9015.250,0,0,0,0,6.514
decode,real,1901,3635841680073185635,0,0,0,0,4,4,36065,9016.250,0,0,0,0,6.464
decode,real,1902,3635841680073185635,0,0,0,0,4,4,36069,9017.250,0,0,0,0,6.490
decode,real,1903,3635841680073185635,0,0,0,0,4,4,36073,9018.250,0,0,0,0,6.526
decode,real,1904,3635841680073185635,0,0,0,0,4,4,36077,9019.250,0,0,0,0,6.499
decode,real,1905,3635841680073185635,0,0,0,0,4,4,36081,9020.250,0,0,0,0,6.494
decode,real,1906,3635841680073185635,0,0,0,0,4,4,36085,9021.250,0,0,0,0,6.464
decode,real,1907,3635841680073185635,0,0,0,0,4,4,36089,9022.250,0,0,0,0,6.521
decode,real,1908,3635841680073185635,0,0,0,0,4,4,36093,9023.250,0,0,0,0,6.506
decode,real,1909,3635841680073185635,0,0,0,0,4,4,36097,9024.250,0,0,0,0,6.528
decode,real,1910,3635841680073185635,0,0,0,0,4,4,36101,9025.250,0,0,0,0,6.466
decode,real,1911,3635841680073185635,0,0,0,0,4,4,36105,9026.250,0,0,0,0,6.501
decode,real,1912,3635841680073185635,0,0,0,0,4,4,36109,9027.250,0,0,0,0,6.481
decode,real,1913,3635841680073185635,0,0,0,0,4,4,36113,9028.250,0,0,0,0,6.518
decode,real,1914,3635841680073185635,0,0,0,0,4,4,36117,9029.250,0,0,0,0,6.490
decode,real,1915,3635841680073185635,0,0,0,0,4,4,36121,9030.250,0,0,0,0,6.504
decode,real,1916,3635841680073185635,0,0,0,0,4,4,36125,9031.250,0,0,0,0,6.486
decode,real,1917,3635841680073185635,0,0,0,0,4,4,36129,9032.250,0,0,0,0,6.473
decode,real,1918,3635841680073185635,0,0,0,0,4,4,36133,9033.250,0,0,0,0,6.519
decode,real,1919,3635841680073185635,0,0,0,0,4,4,36137,9034.250,0,0,0,0,6.523
decode,real,1920,3635841680073185635,0,0,0,0,4,4,36141,9035.250,0,0,0,0,6.486
decode,real,1921,3635841680073185635,0,0,0,0,4,4,36145,9036.250,0,0,0,0,6.524
decode,real,1922,3635841680073185635,0,0,0,0,4,4,36149,9037.250,0,0,0,0,6.471
decode,real,1923,3635841680073185635,0,0,0,0,4,4,36153,9038.250,0,0,0,0,6.516
decode,real,1924,3635841680073185635,0,0,0,0,4,4,36157,9039.250,0,0,0,0,6.466
decode,real,1925,3635841680073185635,0,0,0,0,4,4,36161,9040.250,0,0,0,0,6.525
decode,real,1926,3635841680073185635,0,0,0,0,4,4,36165,9041.250,0,0,0,0,6.515
decode,real,1927,3635841680073185635,0,0,0,0,4,4,36169,9042.250,0,0,0,0,6.464
decode,real,1928,3635841680073185635,0,0,0,0,4,4,36173,9043.250,0,0,0,0,6.518
decode,real,1929,3635841680073185635,0,0,0,0,4,4,36177,9044.250,0,0,0,0,6.505
decode,real,1930,3635841680073185635,0,0,0,0,4,4,36181,9045.250,0,0,0,0,6.485
decode,real,1931,3635841680073185635,0,0,0,0,4,4,36185,9046.250,0,0,0,0,6.507
decode,real,1932,3635841680073185635,0,0,0,0,4,4,36189,9047.250,0,0,0,0,6.524
decode,real,1933,3635841680073185635,0,0,0,0,4,4,36193,9048.250,0,0,0,0,6.466
decode,real,1934,3635841680073185635,0,0,0,0,4,4,36197,9049.250,0,0,0,0,6.521
decode,real,1935,3635841680073185635,0,0,0,0,4,4,36201,9050.250,0,0,0,0,6.534
decode,real,1936,3635841680073185635,0,0,0,0,4,4,36205,9051.250,0,0,0,0,6.464
decode,real,1937,3635841680073185635,0,0,0,0,4,4,36209,9052.250,0,0,0,0,6.512
decode,real,1938,3635841680073185635,0,0,0,0,4,4,36213,9053.250,0,0,0,0,6.505
decode,real,1939,3635841680073185635,0,0,0,0,4,4,36217,9054.250,0,0,0,0,6.515
decode,real,1940,3635841680073185635,0,0,0,0,4,4,36221,9055.250,0,0,0,0,6.483
decode,real,1941,3635841680073185635,0,0,0,0,4,4,36225,9056.250,0,0,0,0,6.519
decode,real,1942,3635841680073185635,0,0,0,0,4,4,36229,9057.250,0,0,0,0,6.491
decode,real,1943,3635841680073185635,0,0,0,0,4,4,36233,9058.250,0,0,0,0,6.518
decode,real,1944,3635841680073185635,0,0,0,0,4,4,36237,9059.250,0,0,0,0,6.496
decode,real,1945,3635841680073185635,0,0,0,0,4,4,36241,9060.250,0,0,0,0,6.517
decode,real,1946,3635841680073185635,0,0,0,0,4,4,36245,9061.250,0,0,0,0,6.484
decode,real,1947,3635841680073185635,0,0,0,0,4,4,36249,9062.250,0,0,0,0,6.482
decode,real,1948,3635841680073185635,0,0,0,0,4,4,36253,9063.250,0,0,0,0,6.508
decode,real,1949,3635841680073185635,0,0,0,0,4,4,36257,9064.250,0,0,0,0,6.511
decode,real,1950,3635841680073185635,0,0,0,0,4,4,36261,9065.250,0,0,0,0,6.479
decode,real,1951,3635841680073185635,0,0,0,0,4,4,36265,9066.250,0,0,0,0,6.524
decode,real,1952,3635841680073185635,0,0,0,0,4,4,36269,9067.250,0,0,0,0,6.507
decode,real,1953,3635841680073185635,0,0,0,0,4,4,36273,9068.250,0,0,0,0,6.493
decode,real,1954,3635841680073185635,0,0,0,0,4,4,36277,9069.250,0,0,0,0,6.485
decode,real,1955,3635841680073185635,0,0,0,0,4,4,36281,9070.250,0,0,0,0,6.527
decode,real,1956,3635841680073185635,0,0,0,0,4,4,36285,9071.250,0,0,0,0,6.482
decode,real,1957,3635841680073185635,0,0,0,0,4,4,36289,9072.250,0,0,0,0,6.519
decode,real,1958,3635841680073185635,0,0,0,0,4,4,36293,9073.250,0,0,0,0,6.487
decode,real,1959,3635841680073185635,0,0,0,0,4,4,36297,9074.250,0,0,0,0,6.511
decode,real,1960,3635841680073185635,0,0,0,0,4,4,36301,9075.250,0,0,0,0,6.481
decode,real,1961,3635841680073185635,0,0,0,0,4,4,36305,9076.250,0,0,0,0,6.564
decode,real,1962,3635841680073185635,0,0,0,0,4,4,36309,9077.250,0,0,0,0,6.451
decode,real,1963,3635841680073185635,0,0,0,0,4,4,36313,9078.250,0,0,0,0,6.515
decode,real,1964,3635841680073185635,0,0,0,0,4,4,36317,9079.250,0,0,0,0,6.525
decode,real,1965,3635841680073185635,0,0,0,0,4,4,36321,9080.250,0,0,0,0,6.495
decode,real,1966,3635841680073185635,0,0,0,0,4,4,36325,9081.250,0,0,0,0,6.470
decode,real,1967,3635841680073185635,0,0,0,0,4,4,36329,9082.250,0,0,0,0,6.507
decode,real,1968,3635841680073185635,0,0,0,0,4,4,36333,9083.250,0,0,0,0,6.472
decode,real,1969,3635841680073185635,0,0,0,0,4,4,36337,9084.250,0,0,0,0,6.533
decode,real,1970,3635841680073185635,0,0,0,0,4,4,36341,9085.250,0,0,0,0,6.471
decode,real,1971,3635841680073185635,0,0,0,0,4,4,36345,9086.250,0,0,0,0,6.515
decode,real,1972,3635841680073185635,0,0,0,0,4,4,36349,9087.250,0,0,0,0,6.492
decode,real,1973,3635841680073185635,0,0,0,0,4,4,36353,9088.250,0,0,0,0,6.524
decode,real,1974,3635841680073185635,0,0,0,0,4,4,36357,9089.250,0,0,0,0,6.471
decode,real,1975,3635841680073185635,0,0,0,0,4,4,36361,9090.250,0,0,0,0,6.532
decode,real,1976,3635841680073185635,0,0,0,0,4,4,36365,9091.250,0,0,0,0,6.477
decode,real,1977,3635841680073185635,0,0,0,0,4,4,36369,9092.250,0,0,0,0,6.523
decode,real,1978,3635841680073185635,0,0,0,0,4,4,36373,9093.250,0,0,0,0,6.475
decode,real,1979,3635841680073185635,0,0,0,0,4,4,36377,9094.250,0,0,0,0,6.511
decode,real,1980,3635841680073185635,0,0,0,0,4,4,36381,9095.250,0,0,0,0,6.508
decode,real,1981,3635841680073185635,0,0,0,0,4,4,36385,9096.250,0,0,0,0,6.462
decode,real,1982,3635841680073185635,0,0,0,0,4,4,36389,9097.250,0,0,0,0,6.526
decode,real,1983,3635841680073185635,0,0,0,0,4,4,36393,9098.250,0,0,0,0,6.490
decode,real,1984,3635841680073185635,0,0,0,0,4,4,36397,9099.250,0,0,0,0,6.470
decode,real,1985,3635841680073185635,0,0,0,0,4,4,36401,9100.250,0,0,0,0,6.544
decode,real,1986,3635841680073185635,0,0,0,0,4,4,36405,9101.250,0,0,0,0,6.472
decode,real,1987,3635841680073185635,0,0,0,0,4,4,36409,9102.250,0,0,0,0,6.483
decode,real,1988,3635841680073185635,0,0,0,0,4,4,36413,9103.250,0,0,0,0,6.498
decode,real,1989,3635841680073185635,0,0,0,0,4,4,36417,9104.250,0,0,0,0,6.529
decode,real,1990,3635841680073185635,0,0,0,0,4,4,36421,9105.250,0,0,0,0,6.498
decode,real,1991,3635841680073185635,0,0,0,0,4,4,36425,9106.250,0,0,0,0,6.492
decode,real,1992,3635841680073185635,0,0,0,0,4,4,36429,9107.250,0,0,0,0,6.487
decode,real,1993,3635841680073185635,0,0,0,0,4,4,36433,9108.250,0,0,0,0,6.510
decode,real,1994,3635841680073185635,0,0,0,0,4,4,36437,9109.250,0,0,0,0,6.484
decode,real,1995,3635841680073185635,0,0,0,0,4,4,36441,9110.250,0,0,0,0,6.498
decode,real,1996,3635841680073185635,0,0,0,0,4,4,36445,9111.250,0,0,0,0,6.521
decode,real,1997,3635841680073185635,0,0,0,0,4,4,36449,9112.250,0,0,0,0,6.489
decode,real,1998,3635841680073185635,0,0,0,0,4,4,36453,9113.250,0,0,0,0,6.491
decode,real,1999,3635841680073185635,0,0,0,0,4,4,36457,9114.250,0,0,0,0,6.522
decode,real,2000,3635841680073185635,0,0,0,0,4,4,36461,9115.250,0,0,0,0,6.487
decode,real,2001,3635841680073185635,0,0,0,0,4,4,36465,9116.250,0,0,0,0,6.509
decode,real,2002,3635841680073185635,0,0,0,0,4,4,36469,9117.250,0,0,0,0,6.498
decode,real,2003,3635841680073185635,0,0,0,0,4,4,36473,9118.250,0,0,0,0,6.503
decode,real,2004,3635841680073185635,0,0,0,0,4,4,36477,9119.250,0,0,0,0,6.484
decode,real,2005,3635841680073185635,0,0,0,0,4,4,36481,9120.250,0,0,0,0,6.506
decode,real,2006,3635841680073185635,0,0,0,0,4,4,36485,9121.250,0,0,0,0,6.500
decode,real,2007,3635841680073185635,0,0,0,0,4,4,36489,9122.250,0,0,0,0,6.509
decode,real,2008,3635841680073185635,0,0,0,0,4,4,36493,9123.250,0,0,0,0,6.502
decode,real,2009,3635841680073185635,0,0,0,0,4,4,36497,9124.250,0,0,0,0,6.487
decode,real,2010,3635841680073185635,0,0,0,0,4,4,36501,9125.250,0,0,0,0,6.495
decode,real,2011,3635841680073185635,0,0,0,0,4,4,36505,9126.250,0,0,0,0,6.510
decode,real,2012,3635841680073185635,0,0,0,0,4,4,36509,9127.250,0,0,0,0,6.511
decode,real,2013,3635841680073185635,0,0,0,0,4,4,36513,9128.250,0,0,0,0,6.494
decode,real,2014,3635841680073185635,0,0,0,0,4,4,36517,9129.250,0,0,0,0,6.480
decode,real,2015,3635841680073185635,0,0,0,0,4,4,36521,9130.250,0,0,0,0,6.507
decode,real,2016,3635841680073185635,0,0,0,0,4,4,36525,9131.250,0,0,0,0,6.509
decode,real,2017,3635841680073185635,0,0,0,0,4,4,36529,9132.250,0,0,0,0,6.516
decode,real,2018,3635841680073185635,0,0,0,0,4,4,36533,9133.250,0,0,0,0,6.490
decode,real,2019,3635841680073185635,0,0,0,0,4,4,36537,9134.250,0,0,0,0,6.512
decode,real,2020,3635841680073185635,0,0,0,0,4,4,36541,9135.250,0,0,0,0,6.481
decode,real,2021,3635841680073185635,0,0,0,0,4,4,36545,9136.250,0,0,0,0,6.499
decode,real,2022,3635841680073185635,0,0,0,0,4,4,36549,9137.250,0,0,0,0,6.502
decode,real,2023,3635841680073185635,0,0,0,0,4,4,36553,9138.250,0,0,0,0,6.510
decode,real,2024,3635841680073185635,0,0,0,0,4,4,36557,9139.250,0,0,0,0,6.494
decode,real,2025,3635841680073185635,0,0,0,0,4,4,36561,9140.250,0,0,0,0,6.525
decode,real,2026,3635841680073185635,0,0,0,0,4,4,36565,9141.250,0,0,0,0,6.480
decode,real,2027,3635841680073185635,0,0,0,0,4,4,36569,9142.250,0,0,0,0,6.500
decode,real,2028,3635841680073185635,0,0,0,0,4,4,36573,9143.250,0,0,0,0,6.494
decode,real,2029,3635841680073185635,0,0,0,0,4,4,36577,9144.250,0,0,0,0,6.512
decode,real,2030,3635841680073185635,0,0,0,0,4,4,36581,9145.250,0,0,0,0,6.474
decode,real,2031,3635841680073185635,0,0,0,0,4,4,36585,9146.250,0,0,0,0,6.510
decode,real,2032,3635841680073185635,0,0,0,0,4,4,36589,9147.250,0,0,0,0,6.487
decode,real,2033,3635841680073185635,0,0,0,0,4,4,36593,9148.250,0,0,0,0,6.526
decode,real,2034,3635841680073185635,0,0,0,0,4,4,36597,9149.250,0,0,0,0,6.470
decode,real,2035,3635841680073185635,0,0,0,0,4,4,36601,9150.250,0,0,0,0,6.529
decode,real,2036,3635841680073185635,0,0,0,0,4,4,36605,9151.250,0,0,0,0,6.467
decode,real,2037,3635841680073185635,0,0,0,0,4,4,36609,9152.250,0,0,0,0,6.533
decode,real,2038,3635841680073185635,0,0,0,0,4,4,36613,9153.250,0,0,0,0,6.465
decode,real,2039,3635841680073185635,0,0,0,0,4,4,36617,9154.250,0,0,0,0,6.525
decode,real,2040,3635841680073185635,0,0,0,0,4,4,36621,9155.250,0,0,0,0,6.473
decode,real,2041,3635841680073185635,0,0,0,0,4,4,36625,9156.250,0,0,0,0,6.548
decode,real,2042,3635841680073185635,0,0,0,0,4,4,36629,9157.250,0,0,0,0,6.448
decode,real,2043,3635841680073185635,0,0,0,0,4,4,36633,9158.250,0,0,0,0,6.506
decode,real,2044,3635841680073185635,0,0,0,0,4,4,36637,9159.250,0,0,0,0,6.499
decode,real,2045,3635841680073185635,0,0,0,0,4,4,36641,9160.250,0,0,0,0,6.494
decode,real,2046,3635841680073185635,0,0,0,0,4,4,36645,9161.250,0,0,0,0,6.494
decode,real,2047,3635841680073185635,0,0,0,0,4,4,36649,9162.250,0,0,0,0,6.505
decode,real,2048,3635841680073185635,0,0,0,0,4,4,36653,9163.250,0,0,0,0,6.497
decode,real,2049,3635841680073185635,0,0,0,0,4,4,36657,9164.250,0,0,0,0,6.525
decode,real,2050,3635841680073185635,0,0,0,0,4,4,36661,9165.250,0,0,0,0,6.493
decode,real,2051,3635841680073185635,0,0,0,0,4,4,36665,9166.250,0,0,0,0,6.504
decode,real,2052,3635841680073185635,0,0,0,0,4,4,36669,9167.250,0,0,0,0,6.477
decode,real,2053,3635841680073185635,0,0,0,0,4,4,36673,9168.250,0,0,0,0,6.540
decode,real,2054,3635841680073185635,0,0,0,0,4,4,36677,9169.250,0,0,0,0,6.471
decode,real,2055,3635841680073185635,0,0,0,0,4,4,36681,9170.250,0,0,0,0,6.506
decode,real,2056,3635841680073185635,0,0,0,0,4,4,36685,9171.250,0,0,0,0,6.494
decode,real,2057,3635841680073185635,0,0,0,0,4,4,36689,9172.250,0,0,0,0,6.549
decode,real,2058,3635841680073185635,0,0,0,0,4,4,36693,9173.250,0,0,0,0,6.465
decode,real,2059,3635841680073185635,0,0,0,0,4,4,36697,9174.250,0,0,0,0,6.516
decode,real,2060,3635841680073185635,0,0,0,0,4,4,36701,9175.250,0,0,0,0,6.499
decode,real,2061,3635841680073185635,0,0,0,0,4,4,36705,9176.250,0,0,0,0,6.483
decode,real,2062,3635841680073185635,0,0,0,0,4,4,36709,9177.250,0,0,0,0,6.524
decode,real,2063,3635841680073185635,0,0,0,0,4,4,36713,9178.250,0,0,0,0,6.491
decode,real,2064,3635841680073185635,0,0,0,0,4,4,36717,9179.250,0,0,0,0,6.516
decode,real,2065,3635841680073185635,0,0,0,0,4,4,36721,9180.250,0,0,0,0,6.499
decode,real,2066,3635841680073185635,0,0,0,0,4,4,36725,9181.250,0,0,0,0,6.487
decode,real,2067,3635841680073185635,0,0,0,0,4,4,36729,9182.250,0,0,0,0,6.532
decode,real,2068,3635841680073185635,0,0,0,0,4,4,36733,9183.250,0,0,0,0,6.486
decode,real,2069,3635841680073185635,0,0,0,0,4,4,36737,9184.250,0,0,0,0,6.520
decode,real,2070,3635841680073185635,0,0,0,0,4,4,36741,9185.250,0,0,0,0,6.490
decode,real,2071,3635841680073185635,0,0,0,0,4,4,36745,9186.250,0,0,0,0,6.507
decode,real,2072,3635841680073185635,0,0,0,0,4,4,36749,9187.250,0,0,0,0,6.501
decode,real,2073,3635841680073185635,0,0,0,0,4,4,36753,9188.250,0,0,0,0,6.514
decode,real,2074,3635841680073185635,0,0,0,0,4,4,36757,9189.250,0,0,0,0,6.487
decode,real,2075,3635841680073185635,0,0,0,0,4,4,36761,9190.250,0,0,0,0,6.522
decode,real,2076,3635841680073185635,0,0,0,0,4,4,36765,9191.250,0,0,0,0,6.497
decode,real,2077,3635841680073185635,0,0,0,0,4,4,36769,9192.250,0,0,0,0,6.520
decode,real,2078,3635841680073185635,0,0,0,0,4,4,36773,9193.250,0,0,0,0,6.472
decode,real,2079,3635841680073185635,0,0,0,0,4,4,36777,9194.250,0,0,0,0,6.507
decode,real,2080,3635841680073185635,0,0,0,0,4,4,36781,9195.250,0,0,0,0,6.494
decode,real,2081,3635841680073185635,0,0,0,0,4,4,36785,9196.250,0,0,0,0,6.529
decode,real,2082,3635841680073185635,0,0,0,0,4,4,36789,9197.250,0,0,0,0,6.499
decode,real,2083,3635841680073185635,0,0,0,0,4,4,36793,9198.250,0,0,0,0,6.511
decode,real,2084,3635841680073185635,0,0,0,0,4,4,36797,9199.250,0,0,0,0,6.489
decode,real,2085,3635841680073185635,0,0,0,0,4,4,36801,9200.250,0,0,0,0,6.504
decode,real,2086,3635841680073185635,0,0,0,0,4,4,36805,9201.250,0,0,0,0,6.479
decode,real,2087,3635841680073185635,0,0,0,0,4,4,36809,9202.250,0,0,0,0,6.539
decode,real,2088,3635841680073185635,0,0,0,0,4,4,36813,9203.250,0,0,0,0,6.466
decode,real,2089,3635841680073185635,0,0,0,0,4,4,36817,9204.250,0,0,0,0,6.512
decode,real,2090,3635841680073185635,0,0,0,0,4,4,36821,9205.250,0,0,0,0,6.497
decode,real,2091,3635841680073185635,0,0,0,0,4,4,36825,9206.250,0,0,0,0,6.509
decode,real,2092,3635841680073185635,0,0,0,0,4,4,36829,9207.250,0,0,0,0,6.896
decode,real,2093,3635841680073185635,0,0,0,0,3,3,27618,9206.000,0,0,0,0,6.011
decode,real,2094,3635841680073185635,0,0,0,0,3,3,27621,9207.000,0,0,0,0,6.490
decode,real,2095,3635841680073185635,0,0,0,0,3,3,27624,9208.000,0,0,0,0,6.373
mixed,real,2096,3635841680073185635,0,2045,1,0,3,3,27627,9209.000,0,0,0,0,50.726
mixed,real,2097,3635841680073185635,0,2045,1,2045,3,3,27630,9210.000,0,0,0,0,51.491
mixed,real,2098,3635841680073185635,0,2046,1,4090,2,2,18418,9209.000,0,0,0,0,53.076
mixed,real,2099,3635841680073185635,0,2046,1,6136,2,2,18420,9210.000,0,0,0,0,52.540
mixed,real,2100,3635841680073185635,0,2046,2,8182,2,2,18422,9211.000,0,0,0,0,53.029
mixed,real,2101,3635841680073185635,0,2045,1,2036,3,3,26616,8872.000,0,0,0,0,52.476
mixed,real,2102,3635841680073185635,0,2046,1,4081,2,2,17404,8702.000,0,0,0,0,52.754
mixed,real,2103,3635841680073185635,0,2046,1,6127,2,2,17406,8703.000,0,0,0,0,52.404
mixed,real,2104,3635841680073185635,0,2046,2,8173,2,2,17408,8704.000,0,0,0,0,52.457
mixed,real,2105,3635841680073185635,0,2045,1,2027,3,3,25602,8534.000,0,0,0,0,53.191
mixed,real,2106,3635841680073185635,0,2046,1,4072,2,2,16390,8195.000,0,0,0,0,52.099
mixed,real,2107,3635841680073185635,0,2046,1,6118,2,2,16392,8196.000,0,0,0,0,52.061
mixed,real,2108,3635841680073185635,0,2046,2,8164,2,2,16394,8197.000,0,0,0,0,52.980
mixed,real,2109,3635841680073185635,0,2045,1,2018,3,3,24588,8196.000,0,0,0,0,52.485
mixed,real,2110,3635841680073185635,0,2045,1,4063,3,3,24591,8197.000,0,0,0,0,51.672
mixed,real,2111,3635841680073185635,0,2045,1,6108,3,3,24594,8198.000,0,0,0,0,53.350
mixed,real,2112,3635841680073185635,0,39,1,8153,3,3,24597,8199.000,0,0,0,0,8.756
decode,real,2113,3635841680073185635,0,0,0,0,4,4,32792,8198.000,0,0,0,0,6.754
decode,real,2114,3635841680073185635,0,0,0,0,4,4,32796,8199.000,0,0,0,0,6.664
decode,real,2115,3635841680073185635,0,0,0,0,4,4,32800,8200.000,0,0,0,0,6.642
decode,real,2116,3635841680073185635,0,0,0,0,4,4,32804,8201.000,0,0,0,0,6.589
decode,real,2117,3635841680073185635,0,0,0,0,4,4,32808,8202.000,0,0,0,0,6.624
decode,real,2118,3635841680073185635,0,0,0,0,4,4,32812,8203.000,0,0,0,0,6.585
decode,real,2119,3635841680073185635,0,0,0,0,4,4,32816,8204.000,0,0,0,0,6.592
decode,real,2120,3635841680073185635,0,0,0,0,4,4,32820,8205.000,0,0,0,0,6.548
decode,real,2121,3635841680073185635,0,0,0,0,4,4,32824,8206.000,0,0,0,0,6.599
decode,real,2122,3635841680073185635,0,0,0,0,4,4,32828,8207.000,0,0,0,0,6.547
decode,real,2123,3635841680073185635,0,0,0,0,4,4,32832,8208.000,0,0,0,0,6.607
decode,real,2124,3635841680073185635,0,0,0,0,4,4,32836,8209.000,0,0,0,0,6.550
decode,real,2125,3635841680073185635,0,0,0,0,4,4,32840,8210.000,0,0,0,0,6.565
decode,real,2126,3635841680073185635,0,0,0,0,4,4,32844,8211.000,0,0,0,0,6.559
decode,real,2127,3635841680073185635,0,0,0,0,4,4,32848,8212.000,0,0,0,0,6.593
decode,real,2128,3635841680073185635,0,0,0,0,4,4,32852,8213.000,0,0,0,0,6.556
decode,real,2129,3635841680073185635,0,0,0,0,4,4,32856,8214.000,0,0,0,0,6.527
decode,real,2130,3635841680073185635,0,0,0,0,4,4,32860,8215.000,0,0,0,0,6.562
decode,real,2131,3635841680073185635,0,0,0,0,4,4,32864,8216.000,0,0,0,0,6.520
decode,real,2132,3635841680073185635,0,0,0,0,4,4,32868,8217.000,0,0,0,0,6.519
decode,real,2133,3635841680073185635,0,0,0,0,4,4,32872,8218.000,0,0,0,0,6.532
decode,real,2134,3635841680073185635,0,0,0,0,4,4,32876,8219.000,0,0,0,0,6.519
decode,real,2135,3635841680073185635,0,0,0,0,4,4,32880,8220.000,0,0,0,0,6.525
decode,real,2136,3635841680073185635,0,0,0,0,4,4,32884,8221.000,0,0,0,0,6.541
decode,real,2137,3635841680073185635,0,0,0,0,4,4,32888,8222.000,0,0,0,0,6.513
decode,real,2138,3635841680073185635,0,0,0,0,4,4,32892,8223.000,0,0,0,0,6.511
decode,real,2139,3635841680073185635,0,0,0,0,4,4,32896,8224.000,0,0,0,0,6.510
decode,real,2140,3635841680073185635,0,0,0,0,4,4,32900,8225.000,0,0,0,0,6.528
decode,real,2141,3635841680073185635,0,0,0,0,4,4,32904,8226.000,0,0,0,0,6.503
decode,real,2142,3635841680073185635,0,0,0,0,4,4,32908,8227.000,0,0,0,0,6.489
decode,real,2143,3635841680073185635,0,0,0,0,4,4,32912,8228.000,0,0,0,0,6.517
decode,real,2144,3635841680073185635,0,0,0,0,4,4,32916,8229.000,0,0,0,0,6.493
decode,real,2145,3635841680073185635,0,0,0,0,4,4,32920,8230.000,0,0,0,0,6.499
decode,real,2146,3635841680073185635,0,0,0,0,4,4,32924,8231.000,0,0,0,0,6.535
decode,real,2147,3635841680073185635,0,0,0,0,4,4,32928,8232.000,0,0,0,0,6.464
decode,real,2148,3635841680073185635,0,0,0,0,4,4,32932,8233.000,0,0,0,0,6.509
decode,real,2149,3635841680073185635,0,0,0,0,4,4,32936,8234.000,0,0,0,0,6.510
decode,real,2150,3635841680073185635,0,0,0,0,4,4,32940,8235.000,0,0,0,0,6.484
decode,real,2151,3635841680073185635,0,0,0,0,4,4,32944,8236.000,0,0,0,0,6.489
decode,real,2152,3635841680073185635,0,0,0,0,4,4,32948,8237.000,0,0,0,0,6.482
decode,real,2153,3635841680073185635,0,0,0,0,4,4,32952,8238.000,0,0,0,0,6.491
decode,real,2154,3635841680073185635,0,0,0,0,4,4,32956,8239.000,0,0,0,0,6.470
decode,real,2155,3635841680073185635,0,0,0,0,4,4,32960,8240.000,0,0,0,0,6.525
decode,real,2156,3635841680073185635,0,0,0,0,4,4,32964,8241.000,0,0,0,0,6.459
decode,real,2157,3635841680073185635,0,0,0,0,4,4,32968,8242.000,0,0,0,0,6.475
decode,real,2158,3635841680073185635,0,0,0,0,4,4,32972,8243.000,0,0,0,0,6.478
decode,real,2159,3635841680073185635,0,0,0,0,4,4,32976,8244.000,0,0,0,0,6.507
decode,real,2160,3635841680073185635,0,0,0,0,4,4,32980,8245.000,0,0,0,0,6.463
decode,real,2161,3635841680073185635,0,0,0,0,4,4,32984,8246.000,0,0,0,0,6.468
decode,real,2162,3635841680073185635,0,0,0,0,4,4,32988,8247.000,0,0,0,0,6.465
decode,real,2163,3635841680073185635,0,0,0,0,4,4,32992,8248.000,0,0,0,0,6.489
decode,real,2164,3635841680073185635,0,0,0,0,4,4,32996,8249.000,0,0,0,0,6.470
decode,real,2165,3635841680073185635,0,0,0,0,4,4,33000,8250.000,0,0,0,0,6.444
decode,real,2166,3635841680073185635,0,0,0,0,4,4,33004,8251.000,0,0,0,0,6.468
decode,real,2167,3635841680073185635,0,0,0,0,4,4,33008,8252.000,0,0,0,0,6.484
decode,real,2168,3635841680073185635,0,0,0,0,4,4,33012,8253.000,0,0,0,0,6.476
decode,real,2169,3635841680073185635,0,0,0,0,4,4,33016,8254.000,0,0,0,0,6.455
decode,real,2170,3635841680073185635,0,0,0,0,4,4,33020,8255.000,0,0,0,0,6.459
decode,real,2171,3635841680073185635,0,0,0,0,4,4,33024,8256.000,0,0,0,0,6.489
decode,real,2172,3635841680073185635,0,0,0,0,4,4,33028,8257.000,0,0,0,0,6.460
decode,real,2173,3635841680073185635,0,0,0,0,4,4,33032,8258.000,0,0,0,0,6.466
decode,real,2174,3635841680073185635,0,0,0,0,4,4,33036,8259.000,0,0,0,0,6.477
decode,real,2175,3635841680073185635,0,0,0,0,4,4,33040,8260.000,0,0,0,0,6.467
decode,real,2176,3635841680073185635,0,0,0,0,4,4,33044,8261.000,0,0,0,0,6.458
decode,real,2177,3635841680073185635,0,0,0,0,4,4,33048,8262.000,0,0,0,0,6.510
decode,real,2178,3635841680073185635,0,0,0,0,4,4,33052,8263.000,0,0,0,0,6.391
decode,real,2179,3635841680073185635,0,0,0,0,4,4,33056,8264.000,0,0,0,0,6.524
decode,real,2180,3635841680073185635,0,0,0,0,4,4,33060,8265.000,0,0,0,0,6.419
decode,real,2181,3635841680073185635,0,0,0,0,4,4,33064,8266.000,0,0,0,0,6.477
decode,real,2182,3635841680073185635,0,0,0,0,4,4,33068,8267.000,0,0,0,0,6.452
decode,real,2183,3635841680073185635,0,0,0,0,4,4,33072,8268.000,0,0,0,0,6.465
decode,real,2184,3635841680073185635,0,0,0,0,4,4,33076,8269.000,0,0,0,0,6.491
decode,real,2185,3635841680073185635,0,0,0,0,4,4,33080,8270.000,0,0,0,0,6.443
decode,real,2186,3635841680073185635,0,0,0,0,4,4,33084,8271.000,0,0,0,0,6.466
decode,real,2187,3635841680073185635,0,0,0,0,4,4,33088,8272.000,0,0,0,0,6.494
decode,real,2188,3635841680073185635,0,0,0,0,4,4,33092,8273.000,0,0,0,0,6.429
decode,real,2189,3635841680073185635,0,0,0,0,4,4,33096,8274.000,0,0,0,0,6.468
decode,real,2190,3635841680073185635,0,0,0,0,4,4,33100,8275.000,0,0,0,0,6.474
decode,real,2191,3635841680073185635,0,0,0,0,4,4,33104,8276.000,0,0,0,0,6.444
decode,real,2192,3635841680073185635,0,0,0,0,4,4,33108,8277.000,0,0,0,0,6.463
decode,real,2193,3635841680073185635,0,0,0,0,4,4,33112,8278.000,0,0,0,0,6.464
decode,real,2194,3635841680073185635,0,0,0,0,4,4,33116,8279.000,0,0,0,0,6.496
decode,real,2195,3635841680073185635,0,0,0,0,4,4,33120,8280.000,0,0,0,0,6.452
decode,real,2196,3635841680073185635,0,0,0,0,4,4,33124,8281.000,0,0,0,0,6.456
decode,real,2197,3635841680073185635,0,0,0,0,4,4,33128,8282.000,0,0,0,0,6.472
decode,real,2198,3635841680073185635,0,0,0,0,4,4,33132,8283.000,0,0,0,0,6.483
decode,real,2199,3635841680073185635,0,0,0,0,4,4,33136,8284.000,0,0,0,0,6.452
decode,real,2200,3635841680073185635,0,0,0,0,4,4,33140,8285.000,0,0,0,0,6.465
decode,real,2201,3635841680073185635,0,0,0,0,4,4,33144,8286.000,0,0,0,0,6.461
decode,real,2202,3635841680073185635,0,0,0,0,4,4,33148,8287.000,0,0,0,0,6.468
decode,real,2203,3635841680073185635,0,0,0,0,4,4,33152,8288.000,0,0,0,0,6.476
decode,real,2204,3635841680073185635,0,0,0,0,4,4,33156,8289.000,0,0,0,0,6.451
decode,real,2205,3635841680073185635,0,0,0,0,4,4,33160,8290.000,0,0,0,0,6.464
decode,real,2206,3635841680073185635,0,0,0,0,4,4,33164,8291.000,0,0,0,0,6.442
decode,real,2207,3635841680073185635,0,0,0,0,4,4,33168,8292.000,0,0,0,0,6.523
decode,real,2208,3635841680073185635,0,0,0,0,4,4,33172,8293.000,0,0,0,0,6.428
decode,real,2209,3635841680073185635,0,0,0,0,4,4,33176,8294.000,0,0,0,0,6.445
decode,real,2210,3635841680073185635,0,0,0,0,4,4,33180,8295.000,0,0,0,0,6.486
decode,real,2211,3635841680073185635,0,0,0,0,4,4,33184,8296.000,0,0,0,0,6.491
decode,real,2212,3635841680073185635,0,0,0,0,4,4,33188,8297.000,0,0,0,0,6.436
decode,real,2213,3635841680073185635,0,0,0,0,4,4,33192,8298.000,0,0,0,0,6.473
decode,real,2214,3635841680073185635,0,0,0,0,4,4,33196,8299.000,0,0,0,0,6.460
decode,real,2215,3635841680073185635,0,0,0,0,4,4,33200,8300.000,0,0,0,0,6.468
decode,real,2216,3635841680073185635,0,0,0,0,4,4,33204,8301.000,0,0,0,0,6.462
decode,real,2217,3635841680073185635,0,0,0,0,4,4,33208,8302.000,0,0,0,0,6.458
decode,real,2218,3635841680073185635,0,0,0,0,4,4,33212,8303.000,0,0,0,0,6.479
decode,real,2219,3635841680073185635,0,0,0,0,4,4,33216,8304.000,0,0,0,0,6.461
decode,real,2220,3635841680073185635,0,0,0,0,4,4,33220,8305.000,0,0,0,0,6.462
decode,real,2221,3635841680073185635,0,0,0,0,4,4,33224,8306.000,0,0,0,0,6.465
decode,real,2222,3635841680073185635,0,0,0,0,4,4,33228,8307.000,0,0,0,0,6.476
decode,real,2223,3635841680073185635,0,0,0,0,4,4,33232,8308.000,0,0,0,0,6.464
decode,real,2224,3635841680073185635,0,0,0,0,4,4,33236,8309.000,0,0,0,0,6.426
decode,real,2225,3635841680073185635,0,0,0,0,4,4,33240,8310.000,0,0,0,0,6.484
decode,real,2226,3635841680073185635,0,0,0,0,4,4,33244,8311.000,0,0,0,0,6.467
decode,real,2227,3635841680073185635,0,0,0,0,4,4,33248,8312.000,0,0,0,0,6.474
decode,real,2228,3635841680073185635,0,0,0,0,4,4,33252,8313.000,0,0,0,0,6.433
decode,real,2229,3635841680073185635,0,0,0,0,4,4,33256,8314.000,0,0,0,0,6.485
decode,real,2230,3635841680073185635,0,0,0,0,4,4,33260,8315.000,0,0,0,0,6.450
decode,real,2231,3635841680073185635,0,0,0,0,4,4,33264,8316.000,0,0,0,0,6.473
decode,real,2232,3635841680073185635,0,0,0,0,4,4,33268,8317.000,0,0,0,0,6.461
decode,real,2233,3635841680073185635,0,0,0,0,4,4,33272,8318.000,0,0,0,0,6.454
decode,real,2234,3635841680073185635,0,0,0,0,4,4,33276,8319.000,0,0,0,0,6.451
decode,real,2235,3635841680073185635,0,0,0,0,4,4,33280,8320.000,0,0,0,0,6.475
decode,real,2236,3635841680073185635,0,0,0,0,4,4,33284,8321.000,0,0,0,0,6.455
decode,real,2237,3635841680073185635,0,0,0,0,4,4,33288,8322.000,0,0,0,0,6.445
decode,real,2238,3635841680073185635,0,0,0,0,4,4,33292,8323.000,0,0,0,0,6.484
decode,real,2239,3635841680073185635,0,0,0,0,4,4,33296,8324.000,0,0,0,0,6.456
decode,real,2240,3635841680073185635,0,0,0,0,4,4,33300,8325.000,0,0,0,0,6.436
decode,real,2241,3635841680073185635,0,0,0,0,4,4,33304,8326.000,0,0,0,0,6.451
decode,real,2242,3635841680073185635,0,0,0,0,4,4,33308,8327.000,0,0,0,0,6.478
decode,real,2243,3635841680073185635,0,0,0,0,4,4,33312,8328.000,0,0,0,0,6.467
decode,real,2244,3635841680073185635,0,0,0,0,4,4,33316,8329.000,0,0,0,0,6.450
decode,real,2245,3635841680073185635,0,0,0,0,4,4,33320,8330.000,0,0,0,0,6.463
decode,real,2246,3635841680073185635,0,0,0,0,4,4,33324,8331.000,0,0,0,0,6.469
decode,real,2247,3635841680073185635,0,0,0,0,4,4,33328,8332.000,0,0,0,0,6.458
decode,real,2248,3635841680073185635,0,0,0,0,4,4,33332,8333.000,0,0,0,0,6.460
decode,real,2249,3635841680073185635,0,0,0,0,4,4,33336,8334.000,0,0,0,0,6.470
decode,real,2250,3635841680073185635,0,0,0,0,4,4,33340,8335.000,0,0,0,0,6.451
decode,real,2251,3635841680073185635,0,0,0,0,4,4,33344,8336.000,0,0,0,0,6.456
decode,real,2252,3635841680073185635,0,0,0,0,4,4,33348,8337.000,0,0,0,0,6.459
decode,real,2253,3635841680073185635,0,0,0,0,4,4,33352,8338.000,0,0,0,0,6.453
decode,real,2254,3635841680073185635,0,0,0,0,4,4,33356,8339.000,0,0,0,0,6.491
decode,real,2255,3635841680073185635,0,0,0,0,4,4,33360,8340.000,0,0,0,0,6.435
decode,real,2256,3635841680073185635,0,0,0,0,4,4,33364,8341.000,0,0,0,0,6.467
decode,real,2257,3635841680073185635,0,0,0,0,4,4,33368,8342.000,0,0,0,0,6.468
decode,real,2258,3635841680073185635,0,0,0,0,4,4,33372,8343.000,0,0,0,0,6.455
decode,real,2259,3635841680073185635,0,0,0,0,4,4,33376,8344.000,0,0,0,0,6.486
decode,real,2260,3635841680073185635,0,0,0,0,4,4,33380,8345.000,0,0,0,0,6.449
decode,real,2261,3635841680073185635,0,0,0,0,4,4,33384,8346.000,0,0,0,0,6.465
decode,real,2262,3635841680073185635,0,0,0,0,4,4,33388,8347.000,0,0,0,0,6.461
decode,real,2263,3635841680073185635,0,0,0,0,4,4,33392,8348.000,0,0,0,0,6.460
decode,real,2264,3635841680073185635,0,0,0,0,4,4,33396,8349.000,0,0,0,0,6.448
decode,real,2265,3635841680073185635,0,0,0,0,4,4,33400,8350.000,0,0,0,0,6.457
decode,real,2266,3635841680073185635,0,0,0,0,4,4,33404,8351.000,0,0,0,0,6.494
decode,real,2267,3635841680073185635,0,0,0,0,4,4,33408,8352.000,0,0,0,0,6.450
decode,real,2268,3635841680073185635,0,0,0,0,4,4,33412,8353.000,0,0,0,0,6.460
decode,real,2269,3635841680073185635,0,0,0,0,4,4,33416,8354.000,0,0,0,0,6.448
decode,real,2270,3635841680073185635,0,0,0,0,4,4,33420,8355.000,0,0,0,0,6.466
decode,real,2271,3635841680073185635,0,0,0,0,4,4,33424,8356.000,0,0,0,0,6.470
decode,real,2272,3635841680073185635,0,0,0,0,4,4,33428,8357.000,0,0,0,0,6.491
decode,real,2273,3635841680073185635,0,0,0,0,4,4,33432,8358.000,0,0,0,0,6.447
decode,real,2274,3635841680073185635,0,0,0,0,4,4,33436,8359.000,0,0,0,0,6.456
decode,real,2275,3635841680073185635,0,0,0,0,4,4,33440,8360.000,0,0,0,0,6.460
decode,real,2276,3635841680073185635,0,0,0,0,4,4,33444,8361.000,0,0,0,0,6.464
decode,real,2277,3635841680073185635,0,0,0,0,4,4,33448,8362.000,0,0,0,0,6.455
decode,real,2278,3635841680073185635,0,0,0,0,4,4,33452,8363.000,0,0,0,0,6.469
decode,real,2279,3635841680073185635,0,0,0,0,4,4,33456,8364.000,0,0,0,0,6.472
decode,real,2280,3635841680073185635,0,0,0,0,4,4,33460,8365.000,0,0,0,0,6.463
decode,real,2281,3635841680073185635,0,0,0,0,4,4,33464,8366.000,0,0,0,0,6.448
decode,real,2282,3635841680073185635,0,0,0,0,4,4,33468,8367.000,0,0,0,0,6.475
decode,real,2283,3635841680073185635,0,0,0,0,4,4,33472,8368.000,0,0,0,0,6.457
decode,real,2284,3635841680073185635,0,0,0,0,4,4,33476,8369.000,0,0,0,0,6.449
decode,real,2285,3635841680073185635,0,0,0,0,4,4,33480,8370.000,0,0,0,0,6.485
decode,real,2286,3635841680073185635,0,0,0,0,4,4,33484,8371.000,0,0,0,0,6.461
decode,real,2287,3635841680073185635,0,0,0,0,4,4,33488,8372.000,0,0,0,0,6.467
decode,real,2288,3635841680073185635,0,0,0,0,4,4,33492,8373.000,0,0,0,0,6.447
decode,real,2289,3635841680073185635,0,0,0,0,4,4,33496,8374.000,0,0,0,0,6.456
decode,real,2290,3635841680073185635,0,0,0,0,4,4,33500,8375.000,0,0,0,0,6.484
decode,real,2291,3635841680073185635,0,0,0,0,4,4,33504,8376.000,0,0,0,0,6.458
decode,real,2292,3635841680073185635,0,0,0,0,4,4,33508,8377.000,0,0,0,0,6.444
decode,real,2293,3635841680073185635,0,0,0,0,4,4,33512,8378.000,0,0,0,0,6.467
decode,real,2294,3635841680073185635,0,0,0,0,4,4,33516,8379.000,0,0,0,0,6.468
decode,real,2295,3635841680073185635,0,0,0,0,4,4,33520,8380.000,0,0,0,0,6.454
decode,real,2296,3635841680073185635,0,0,0,0,4,4,33524,8381.000,0,0,0,0,6.446
decode,real,2297,3635841680073185635,0,0,0,0,4,4,33528,8382.000,0,0,0,0,6.466
decode,real,2298,3635841680073185635,0,0,0,0,4,4,33532,8383.000,0,0,0,0,6.456
decode,real,2299,3635841680073185635,0,0,0,0,4,4,33536,8384.000,0,0,0,0,6.470
decode,real,2300,3635841680073185635,0,0,0,0,4,4,33540,8385.000,0,0,0,0,6.462
decode,real,2301,3635841680073185635,0,0,0,0,4,4,33544,8386.000,0,0,0,0,6.443
decode,real,2302,3635841680073185635,0,0,0,0,4,4,33548,8387.000,0,0,0,0,6.467
decode,real,2303,3635841680073185635,0,0,0,0,4,4,33552,8388.000,0,0,0,0,6.447
decode,real,2304,3635841680073185635,0,0,0,0,4,4,33556,8389.000,0,0,0,0,6.437
decode,real,2305,3635841680073185635,0,0,0,0,4,4,33560,8390.000,0,0,0,0,6.486
decode,real,2306,3635841680073185635,0,0,0,0,4,4,33564,8391.000,0,0,0,0,6.457
decode,real,2307,3635841680073185635,0,0,0,0,4,4,33568,8392.000,0,0,0,0,6.473
decode,real,2308,3635841680073185635,0,0,0,0,4,4,33572,8393.000,0,0,0,0,6.454
decode,real,2309,3635841680073185635,0,0,0,0,4,4,33576,8394.000,0,0,0,0,6.459
decode,real,2310,3635841680073185635,0,0,0,0,4,4,33580,8395.000,0,0,0,0,6.458
decode,real,2311,3635841680073185635,0,0,0,0,4,4,33584,8396.000,0,0,0,0,6.484
decode,real,2312,3635841680073185635,0,0,0,0,4,4,33588,8397.000,0,0,0,0,6.466
decode,real,2313,3635841680073185635,0,0,0,0,4,4,33592,8398.000,0,0,0,0,6.428
decode,real,2314,3635841680073185635,0,0,0,0,4,4,33596,8399.000,0,0,0,0,6.483
decode,real,2315,3635841680073185635,0,0,0,0,4,4,33600,8400.000,0,0,0,0,6.457
decode,real,2316,3635841680073185635,0,0,0,0,4,4,33604,8401.000,0,0,0,0,6.442
decode,real,2317,3635841680073185635,0,0,0,0,4,4,33608,8402.000,0,0,0,0,6.481
decode,real,2318,3635841680073185635,0,0,0,0,4,4,33612,8403.000,0,0,0,0,6.459
decode,real,2319,3635841680073185635,0,0,0,0,4,4,33616,8404.000,0,0,0,0,6.465
decode,real,2320,3635841680073185635,0,0,0,0,4,4,33620,8405.000,0,0,0,0,6.453
decode,real,2321,3635841680073185635,0,0,0,0,4,4,33624,8406.000,0,0,0,0,6.464
decode,real,2322,3635841680073185635,0,0,0,0,4,4,33628,8407.000,0,0,0,0,6.457
decode,real,2323,3635841680073185635,0,0,0,0,4,4,33632,8408.000,0,0,0,0,6.488
decode,real,2324,3635841680073185635,0,0,0,0,4,4,33636,8409.000,0,0,0,0,6.466
decode,real,2325,3635841680073185635,0,0,0,0,4,4,33640,8410.000,0,0,0,0,6.454
decode,real,2326,3635841680073185635,0,0,0,0,4,4,33644,8411.000,0,0,0,0,6.479
decode,real,2327,3635841680073185635,0,0,0,0,4,4,33648,8412.000,0,0,0,0,6.482
decode,real,2328,3635841680073185635,0,0,0,0,4,4,33652,8413.000,0,0,0,0,6.438
decode,real,2329,3635841680073185635,0,0,0,0,4,4,33656,8414.000,0,0,0,0,6.465
decode,real,2330,3635841680073185635,0,0,0,0,4,4,33660,8415.000,0,0,0,0,6.463
decode,real,2331,3635841680073185635,0,0,0,0,4,4,33664,8416.000,0,0,0,0,6.497
decode,real,2332,3635841680073185635,0,0,0,0,4,4,33668,8417.000,0,0,0,0,6.454
decode,real,2333,3635841680073185635,0,0,0,0,4,4,33672,8418.000,0,0,0,0,6.467
decode,real,2334,3635841680073185635,0,0,0,0,4,4,33676,8419.000,0,0,0,0,6.448
decode,real,2335,3635841680073185635,0,0,0,0,4,4,33680,8420.000,0,0,0,0,6.482
decode,real,2336,3635841680073185635,0,0,0,0,4,4,33684,8421.000,0,0,0,0,6.447
decode,real,2337,3635841680073185635,0,0,0,0,4,4,33688,8422.000,0,0,0,0,6.477
decode,real,2338,3635841680073185635,0,0,0,0,4,4,33692,8423.000,0,0,0,0,6.444
decode,real,2339,3635841680073185635,0,0,0,0,4,4,33696,8424.000,0,0,0,0,6.533
decode,real,2340,3635841680073185635,0,0,0,0,4,4,33700,8425.000,0,0,0,0,6.416
decode,real,2341,3635841680073185635,0,0,0,0,4,4,33704,8426.000,0,0,0,0,6.475
decode,real,2342,3635841680073185635,0,0,0,0,4,4,33708,8427.000,0,0,0,0,6.455
decode,real,2343,3635841680073185635,0,0,0,0,4,4,33712,8428.000,0,0,0,0,6.468
decode,real,2344,3635841680073185635,0,0,0,0,4,4,33716,8429.000,0,0,0,0,6.480
decode,real,2345,3635841680073185635,0,0,0,0,4,4,33720,8430.000,0,0,0,0,6.450
decode,real,2346,3635841680073185635,0,0,0,0,4,4,33724,8431.000,0,0,0,0,6.468
decode,real,2347,3635841680073185635,0,0,0,0,4,4,33728,8432.000,0,0,0,0,6.461
decode,real,2348,3635841680073185635,0,0,0,0,4,4,33732,8433.000,0,0,0,0,6.478
decode,real,2349,3635841680073185635,0,0,0,0,4,4,33736,8434.000,0,0,0,0,6.442
decode,real,2350,3635841680073185635,0,0,0,0,4,4,33740,8435.000,0,0,0,0,6.469
decode,real,2351,3635841680073185635,0,0,0,0,4,4,33744,8436.000,0,0,0,0,6.472
decode,real,2352,3635841680073185635,0,0,0,0,4,4,33748,8437.000,0,0,0,0,6.480
decode,real,2353,3635841680073185635,0,0,0,0,4,4,33752,8438.000,0,0,0,0,6.437
decode,real,2354,3635841680073185635,0,0,0,0,4,4,33756,8439.000,0,0,0,0,6.470
decode,real,2355,3635841680073185635,0,0,0,0,4,4,33760,8440.000,0,0,0,0,6.485
decode,real,2356,3635841680073185635,0,0,0,0,4,4,33764,8441.000,0,0,0,0,6.437
decode,real,2357,3635841680073185635,0,0,0,0,4,4,33768,8442.000,0,0,0,0,6.469
decode,real,2358,3635841680073185635,0,0,0,0,4,4,33772,8443.000,0,0,0,0,6.494
decode,real,2359,3635841680073185635,0,0,0,0,4,4,33776,8444.000,0,0,0,0,6.480
decode,real,2360,3635841680073185635,0,0,0,0,4,4,33780,8445.000,0,0,0,0,6.499
decode,real,2361,3635841680073185635,0,0,0,0,4,4,33784,8446.000,0,0,0,0,6.437
decode,real,2362,3635841680073185635,0,0,0,0,4,4,33788,8447.000,0,0,0,0,6.499
decode,real,2363,3635841680073185635,0,0,0,0,4,4,33792,8448.000,0,0,0,0,6.479
decode,real,2364,3635841680073185635,0,0,0,0,4,4,33796,8449.000,0,0,0,0,6.459
decode,real,2365,3635841680073185635,0,0,0,0,4,4,33800,8450.000,0,0,0,0,6.507
decode,real,2366,3635841680073185635,0,0,0,0,4,4,33804,8451.000,0,0,0,0,6.464
decode,real,2367,3635841680073185635,0,0,0,0,4,4,33808,8452.000,0,0,0,0,6.481
decode,real,2368,3635841680073185635,0,0,0,0,4,4,33812,8453.000,0,0,0,0,6.490
decode,real,2369,3635841680073185635,0,0,0,0,4,4,33816,8454.000,0,0,0,0,6.455
decode,real,2370,3635841680073185635,0,0,0,0,4,4,33820,8455.000,0,0,0,0,6.499
decode,real,2371,3635841680073185635,0,0,0,0,4,4,33824,8456.000,0,0,0,0,6.474
decode,real,2372,3635841680073185635,0,0,0,0,4,4,33828,8457.000,0,0,0,0,6.475
decode,real,2373,3635841680073185635,0,0,0,0,4,4,33832,8458.000,0,0,0,0,6.462
decode,real,2374,3635841680073185635,0,0,0,0,4,4,33836,8459.000,0,0,0,0,6.479
decode,real,2375,3635841680073185635,0,0,0,0,4,4,33840,8460.000,0,0,0,0,6.476
decode,real,2376,3635841680073185635,0,0,0,0,4,4,33844,8461.000,0,0,0,0,6.470
decode,real,2377,3635841680073185635,0,0,0,0,4,4,33848,8462.000,0,0,0,0,6.496
decode,real,2378,3635841680073185635,0,0,0,0,4,4,33852,8463.000,0,0,0,0,6.472
decode,real,2379,3635841680073185635,0,0,0,0,4,4,33856,8464.000,0,0,0,0,6.471
decode,real,2380,3635841680073185635,0,0,0,0,4,4,33860,8465.000,0,0,0,0,6.454
decode,real,2381,3635841680073185635,0,0,0,0,4,4,33864,8466.000,0,0,0,0,6.475
decode,real,2382,3635841680073185635,0,0,0,0,4,4,33868,8467.000,0,0,0,0,6.492
decode,real,2383,3635841680073185635,0,0,0,0,4,4,33872,8468.000,0,0,0,0,6.488
decode,real,2384,3635841680073185635,0,0,0,0,4,4,33876,8469.000,0,0,0,0,6.433
decode,real,2385,3635841680073185635,0,0,0,0,4,4,33880,8470.000,0,0,0,0,6.492
decode,real,2386,3635841680073185635,0,0,0,0,4,4,33884,8471.000,0,0,0,0,6.454
decode,real,2387,3635841680073185635,0,0,0,0,4,4,33888,8472.000,0,0,0,0,6.489
decode,real,2388,3635841680073185635,0,0,0,0,4,4,33892,8473.000,0,0,0,0,6.465
decode,real,2389,3635841680073185635,0,0,0,0,4,4,33896,8474.000,0,0,0,0,6.476
decode,real,2390,3635841680073185635,0,0,0,0,4,4,33900,8475.000,0,0,0,0,6.454
decode,real,2391,3635841680073185635,0,0,0,0,4,4,33904,8476.000,0,0,0,0,6.480
decode,real,2392,3635841680073185635,0,0,0,0,4,4,33908,8477.000,0,0,0,0,6.485
decode,real,2393,3635841680073185635,0,0,0,0,4,4,33912,8478.000,0,0,0,0,6.467
decode,real,2394,3635841680073185635,0,0,0,0,4,4,33916,8479.000,0,0,0,0,6.460
decode,real,2395,3635841680073185635,0,0,0,0,4,4,33920,8480.000,0,0,0,0,6.489
decode,real,2396,3635841680073185635,0,0,0,0,4,4,33924,8481.000,0,0,0,0,6.448
decode,real,2397,3635841680073185635,0,0,0,0,4,4,33928,8482.000,0,0,0,0,6.485
decode,real,2398,3635841680073185635,0,0,0,0,4,4,33932,8483.000,0,0,0,0,6.472
decode,real,2399,3635841680073185635,0,0,0,0,4,4,33936,8484.000,0,0,0,0,6.476
decode,real,2400,3635841680073185635,0,0,0,0,4,4,33940,8485.000,0,0,0,0,6.463
decode,real,2401,3635841680073185635,0,0,0,0,4,4,33944,8486.000,0,0,0,0,6.473
decode,real,2402,3635841680073185635,0,0,0,0,4,4,33948,8487.000,0,0,0,0,6.479
decode,real,2403,3635841680073185635,0,0,0,0,4,4,33952,8488.000,0,0,0,0,6.500
decode,real,2404,3635841680073185635,0,0,0,0,4,4,33956,8489.000,0,0,0,0,6.442
decode,real,2405,3635841680073185635,0,0,0,0,4,4,33960,8490.000,0,0,0,0,6.486
decode,real,2406,3635841680073185635,0,0,0,0,4,4,33964,8491.000,0,0,0,0,6.466
decode,real,2407,3635841680073185635,0,0,0,0,4,4,33968,8492.000,0,0,0,0,6.516
decode,real,2408,3635841680073185635,0,0,0,0,4,4,33972,8493.000,0,0,0,0,6.430
decode,real,2409,3635841680073185635,0,0,0,0,4,4,33976,8494.000,0,0,0,0,6.469
decode,real,2410,3635841680073185635,0,0,0,0,4,4,33980,8495.000,0,0,0,0,6.474
decode,real,2411,3635841680073185635,0,0,0,0,4,4,33984,8496.000,0,0,0,0,6.513
decode,real,2412,3635841680073185635,0,0,0,0,4,4,33988,8497.000,0,0,0,0,6.446
decode,real,2413,3635841680073185635,0,0,0,0,4,4,33992,8498.000,0,0,0,0,6.484
decode,real,2414,3635841680073185635,0,0,0,0,4,4,33996,8499.000,0,0,0,0,6.468
decode,real,2415,3635841680073185635,0,0,0,0,4,4,34000,8500.000,0,0,0,0,6.488
decode,real,2416,3635841680073185635,0,0,0,0,4,4,34004,8501.000,0,0,0,0,6.505
decode,real,2417,3635841680073185635,0,0,0,0,4,4,34008,8502.000,0,0,0,0,6.448
decode,real,2418,3635841680073185635,0,0,0,0,4,4,34012,8503.000,0,0,0,0,6.478
decode,real,2419,3635841680073185635,0,0,0,0,4,4,34016,8504.000,0,0,0,0,6.482
decode,real,2420,3635841680073185635,0,0,0,0,4,4,34020,8505.000,0,0,0,0,6.479
decode,real,2421,3635841680073185635,0,0,0,0,4,4,34024,8506.000,0,0,0,0,6.461
decode,real,2422,3635841680073185635,0,0,0,0,4,4,34028,8507.000,0,0,0,0,6.487
decode,real,2423,3635841680073185635,0,0,0,0,4,4,34032,8508.000,0,0,0,0,6.479
decode,real,2424,3635841680073185635,0,0,0,0,4,4,34036,8509.000,0,0,0,0,6.458
decode,real,2425,3635841680073185635,0,0,0,0,4,4,34040,8510.000,0,0,0,0,6.471
decode,real,2426,3635841680073185635,0,0,0,0,4,4,34044,8511.000,0,0,0,0,6.498
decode,real,2427,3635841680073185635,0,0,0,0,4,4,34048,8512.000,0,0,0,0,6.463
decode,real,2428,3635841680073185635,0,0,0,0,4,4,34052,8513.000,0,0,0,0,6.493
decode,real,2429,3635841680073185635,0,0,0,0,4,4,34056,8514.000,0,0,0,0,6.457
decode,real,2430,3635841680073185635,0,0,0,0,4,4,34060,8515.000,0,0,0,0,6.526
decode,real,2431,3635841680073185635,0,0,0,0,4,4,34064,8516.000,0,0,0,0,6.426
decode,real,2432,3635841680073185635,0,0,0,0,4,4,34068,8517.000,0,0,0,0,6.491
decode,real,2433,3635841680073185635,0,0,0,0,4,4,34072,8518.000,0,0,0,0,6.468
decode,real,2434,3635841680073185635,0,0,0,0,4,4,34076,8519.000,0,0,0,0,6.468
decode,real,2435,3635841680073185635,0,0,0,0,4,4,34080,8520.000,0,0,0,0,6.511
decode,real,2436,3635841680073185635,0,0,0,0,4,4,34084,8521.000,0,0,0,0,6.468
decode,real,2437,3635841680073185635,0,0,0,0,4,4,34088,8522.000,0,0,0,0,6.458
decode,real,2438,3635841680073185635,0,0,0,0,4,4,34092,8523.000,0,0,0,0,6.486
decode,real,2439,3635841680073185635,0,0,0,0,4,4,34096,8524.000,0,0,0,0,6.484
decode,real,2440,3635841680073185635,0,0,0,0,4,4,34100,8525.000,0,0,0,0,6.454
decode,real,2441,3635841680073185635,0,0,0,0,4,4,34104,8526.000,0,0,0,0,6.482
decode,real,2442,3635841680073185635,0,0,0,0,4,4,34108,8527.000,0,0,0,0,6.461
decode,real,2443,3635841680073185635,0,0,0,0,4,4,34112,8528.000,0,0,0,0,6.475
decode,real,2444,3635841680073185635,0,0,0,0,4,4,34116,8529.000,0,0,0,0,6.464
decode,real,2445,3635841680073185635,0,0,0,0,4,4,34120,8530.000,0,0,0,0,6.493
decode,real,2446,3635841680073185635,0,0,0,0,4,4,34124,8531.000,0,0,0,0,6.469
decode,real,2447,3635841680073185635,0,0,0,0,4,4,34128,8532.000,0,0,0,0,6.498
decode,real,2448,3635841680073185635,0,0,0,0,4,4,34132,8533.000,0,0,0,0,6.471
decode,real,2449,3635841680073185635,0,0,0,0,4,4,34136,8534.000,0,0,0,0,6.482
decode,real,2450,3635841680073185635,0,0,0,0,4,4,34140,8535.000,0,0,0,0,6.454
decode,real,2451,3635841680073185635,0,0,0,0,4,4,34144,8536.000,0,0,0,0,6.486
decode,real,2452,3635841680073185635,0,0,0,0,4,4,34148,8537.000,0,0,0,0,6.461
decode,real,2453,3635841680073185635,0,0,0,0,4,4,34152,8538.000,0,0,0,0,6.476
decode,real,2454,3635841680073185635,0,0,0,0,4,4,34156,8539.000,0,0,0,0,6.469
decode,real,2455,3635841680073185635,0,0,0,0,4,4,34160,8540.000,0,0,0,0,6.486
decode,real,2456,3635841680073185635,0,0,0,0,4,4,34164,8541.000,0,0,0,0,6.467
decode,real,2457,3635841680073185635,0,0,0,0,4,4,34168,8542.000,0,0,0,0,6.473
decode,real,2458,3635841680073185635,0,0,0,0,4,4,34172,8543.000,0,0,0,0,6.474
decode,real,2459,3635841680073185635,0,0,0,0,4,4,34176,8544.000,0,0,0,0,6.488
decode,real,2460,3635841680073185635,0,0,0,0,4,4,34180,8545.000,0,0,0,0,6.447
decode,real,2461,3635841680073185635,0,0,0,0,4,4,34184,8546.000,0,0,0,0,6.480
decode,real,2462,3635841680073185635,0,0,0,0,4,4,34188,8547.000,0,0,0,0,6.489
decode,real,2463,3635841680073185635,0,0,0,0,4,4,34192,8548.000,0,0,0,0,6.510
decode,real,2464,3635841680073185635,0,0,0,0,4,4,34196,8549.000,0,0,0,0,6.442
decode,real,2465,3635841680073185635,0,0,0,0,4,4,34200,8550.000,0,0,0,0,6.472
decode,real,2466,3635841680073185635,0,0,0,0,4,4,34204,8551.000,0,0,0,0,6.454
decode,real,2467,3635841680073185635,0,0,0,0,4,4,34208,8552.000,0,0,0,0,6.502
decode,real,2468,3635841680073185635,0,0,0,0,4,4,34212,8553.000,0,0,0,0,6.477
decode,real,2469,3635841680073185635,0,0,0,0,4,4,34216,8554.000,0,0,0,0,6.462
decode,real,2470,3635841680073185635,0,0,0,0,4,4,34220,8555.000,0,0,0,0,6.471
decode,real,2471,3635841680073185635,0,0,0,0,4,4,34224,8556.000,0,0,0,0,6.490
decode,real,2472,3635841680073185635,0,0,0,0,4,4,34228,8557.000,0,0,0,0,6.489
decode,real,2473,3635841680073185635,0,0,0,0,4,4,34232,8558.000,0,0,0,0,6.455
decode,real,2474,3635841680073185635,0,0,0,0,4,4,34236,8559.000,0,0,0,0,6.483
decode,real,2475,3635841680073185635,0,0,0,0,4,4,34240,8560.000,0,0,0,0,6.479
decode,real,2476,3635841680073185635,0,0,0,0,4,4,34244,8561.000,0,0,0,0,6.483
decode,real,2477,3635841680073185635,0,0,0,0,4,4,34248,8562.000,0,0,0,0,6.478
decode,real,2478,3635841680073185635,0,0,0,0,4,4,34252,8563.000,0,0,0,0,6.492
decode,real,2479,3635841680073185635,0,0,0,0,4,4,34256,8564.000,0,0,0,0,6.477
decode,real,2480,3635841680073185635,0,0,0,0,4,4,34260,8565.000,0,0,0,0,6.459
decode,real,2481,3635841680073185635,0,0,0,0,4,4,34264,8566.000,0,0,0,0,6.465
decode,real,2482,3635841680073185635,0,0,0,0,4,4,34268,8567.000,0,0,0,0,6.506
decode,real,2483,3635841680073185635,0,0,0,0,4,4,34272,8568.000,0,0,0,0,6.476
decode,real,2484,3635841680073185635,0,0,0,0,4,4,34276,8569.000,0,0,0,0,6.482
decode,real,2485,3635841680073185635,0,0,0,0,4,4,34280,8570.000,0,0,0,0,6.492
decode,real,2486,3635841680073185635,0,0,0,0,4,4,34284,8571.000,0,0,0,0,6.467
decode,real,2487,3635841680073185635,0,0,0,0,4,4,34288,8572.000,0,0,0,0,6.502
decode,real,2488,3635841680073185635,0,0,0,0,4,4,34292,8573.000,0,0,0,0,6.471
decode,real,2489,3635841680073185635,0,0,0,0,4,4,34296,8574.000,0,0,0,0,6.472
decode,real,2490,3635841680073185635,0,0,0,0,4,4,34300,8575.000,0,0,0,0,6.470
decode,real,2491,3635841680073185635,0,0,0,0,4,4,34304,8576.000,0,0,0,0,6.491
decode,real,2492,3635841680073185635,0,0,0,0,4,4,34308,8577.000,0,0,0,0,6.464
decode,real,2493,3635841680073185635,0,0,0,0,4,4,34312,8578.000,0,0,0,0,6.487
decode,real,2494,3635841680073185635,0,0,0,0,4,4,34316,8579.000,0,0,0,0,6.470
decode,real,2495,3635841680073185635,0,0,0,0,4,4,34320,8580.000,0,0,0,0,6.508
decode,real,2496,3635841680073185635,0,0,0,0,4,4,34324,8581.000,0,0,0,0,6.464
decode,real,2497,3635841680073185635,0,0,0,0,4,4,34328,8582.000,0,0,0,0,6.473
decode,real,2498,3635841680073185635,0,0,0,0,4,4,34332,8583.000,0,0,0,0,6.500
decode,real,2499,3635841680073185635,0,0,0,0,4,4,34336,8584.000,0,0,0,0,6.493
decode,real,2500,3635841680073185635,0,0,0,0,4,4,34340,8585.000,0,0,0,0,6.478
decode,real,2501,3635841680073185635,0,0,0,0,4,4,34344,8586.000,0,0,0,0,6.485
decode,real,2502,3635841680073185635,0,0,0,0,4,4,34348,8587.000,0,0,0,0,6.486
decode,real,2503,3635841680073185635,0,0,0,0,4,4,34352,8588.000,0,0,0,0,6.498
decode,real,2504,3635841680073185635,0,0,0,0,4,4,34356,8589.000,0,0,0,0,6.474
decode,real,2505,3635841680073185635,0,0,0,0,4,4,34360,8590.000,0,0,0,0,6.450
decode,real,2506,3635841680073185635,0,0,0,0,4,4,34364,8591.000,0,0,0,0,6.485
decode,real,2507,3635841680073185635,0,0,0,0,4,4,34368,8592.000,0,0,0,0,6.511
decode,real,2508,3635841680073185635,0,0,0,0,4,4,34372,8593.000,0,0,0,0,6.465
decode,real,2509,3635841680073185635,0,0,0,0,4,4,34376,8594.000,0,0,0,0,6.469
decode,real,2510,3635841680073185635,0,0,0,0,4,4,34380,8595.000,0,0,0,0,6.618
decode,real,2511,3635841680073185635,0,0,0,0,4,4,34384,8596.000,0,0,0,0,6.363
decode,real,2512,3635841680073185635,0,0,0,0,4,4,34388,8597.000,0,0,0,0,6.463
decode,real,2513,3635841680073185635,0,0,0,0,4,4,34392,8598.000,0,0,0,0,6.473
decode,real,2514,3635841680073185635,0,0,0,0,4,4,34396,8599.000,0,0,0,0,6.467
decode,real,2515,3635841680073185635,0,0,0,0,4,4,34400,8600.000,0,0,0,0,6.498
decode,real,2516,3635841680073185635,0,0,0,0,4,4,34404,8601.000,0,0,0,0,6.455
decode,real,2517,3635841680073185635,0,0,0,0,4,4,34408,8602.000,0,0,0,0,6.468
decode,real,2518,3635841680073185635,0,0,0,0,4,4,34412,8603.000,0,0,0,0,6.470
decode,real,2519,3635841680073185635,0,0,0,0,4,4,34416,8604.000,0,0,0,0,6.506
decode,real,2520,3635841680073185635,0,0,0,0,4,4,34420,8605.000,0,0,0,0,6.450
decode,real,2521,3635841680073185635,0,0,0,0,4,4,34424,8606.000,0,0,0,0,6.478
decode,real,2522,3635841680073185635,0,0,0,0,4,4,34428,8607.000,0,0,0,0,6.491
decode,real,2523,3635841680073185635,0,0,0,0,4,4,34432,8608.000,0,0,0,0,6.500
decode,real,2524,3635841680073185635,0,0,0,0,4,4,34436,8609.000,0,0,0,0,6.467
decode,real,2525,3635841680073185635,0,0,0,0,4,4,34440,8610.000,0,0,0,0,6.446
decode,real,2526,3635841680073185635,0,0,0,0,4,4,34444,8611.000,0,0,0,0,6.500
decode,real,2527,3635841680073185635,0,0,0,0,4,4,34448,8612.000,0,0,0,0,6.470
decode,real,2528,3635841680073185635,0,0,0,0,4,4,34452,8613.000,0,0,0,0,6.490
decode,real,2529,3635841680073185635,0,0,0,0,4,4,34456,8614.000,0,0,0,0,6.471
decode,real,2530,3635841680073185635,0,0,0,0,4,4,34460,8615.000,0,0,0,0,6.484
decode,real,2531,3635841680073185635,0,0,0,0,4,4,34464,8616.000,0,0,0,0,6.487
decode,real,2532,3635841680073185635,0,0,0,0,4,4,34468,8617.000,0,0,0,0,6.455
decode,real,2533,3635841680073185635,0,0,0,0,4,4,34472,8618.000,0,0,0,0,6.487
decode,real,2534,3635841680073185635,0,0,0,0,4,4,34476,8619.000,0,0,0,0,6.488
decode,real,2535,3635841680073185635,0,0,0,0,4,4,34480,8620.000,0,0,0,0,6.491
decode,real,2536,3635841680073185635,0,0,0,0,4,4,34484,8621.000,0,0,0,0,6.468
decode,real,2537,3635841680073185635,0,0,0,0,4,4,34488,8622.000,0,0,0,0,6.480
decode,real,2538,3635841680073185635,0,0,0,0,4,4,34492,8623.000,0,0,0,0,6.477
decode,real,2539,3635841680073185635,0,0,0,0,4,4,34496,8624.000,0,0,0,0,6.488
decode,real,2540,3635841680073185635,0,0,0,0,4,4,34500,8625.000,0,0,0,0,6.487
decode,real,2541,3635841680073185635,0,0,0,0,4,4,34504,8626.000,0,0,0,0,6.490
decode,real,2542,3635841680073185635,0,0,0,0,4,4,34508,8627.000,0,0,0,0,6.461
decode,real,2543,3635841680073185635,0,0,0,0,4,4,34512,8628.000,0,0,0,0,6.488
decode,real,2544,3635841680073185635,0,0,0,0,4,4,34516,8629.000,0,0,0,0,6.492
decode,real,2545,3635841680073185635,0,0,0,0,4,4,34520,8630.000,0,0,0,0,6.471
decode,real,2546,3635841680073185635,0,0,0,0,4,4,34524,8631.000,0,0,0,0,6.477
decode,real,2547,3635841680073185635,0,0,0,0,4,4,34528,8632.000,0,0,0,0,6.536
decode,real,2548,3635841680073185635,0,0,0,0,4,4,34532,8633.000,0,0,0,0,6.434
decode,real,2549,3635841680073185635,0,0,0,0,4,4,34536,8634.000,0,0,0,0,6.495
decode,real,2550,3635841680073185635,0,0,0,0,4,4,34540,8635.000,0,0,0,0,6.460
decode,real,2551,3635841680073185635,0,0,0,0,4,4,34544,8636.000,0,0,0,0,6.508
decode,real,2552,3635841680073185635,0,0,0,0,4,4,34548,8637.000,0,0,0,0,6.472
decode,real,2553,3635841680073185635,0,0,0,0,4,4,34552,8638.000,0,0,0,0,6.484
decode,real,2554,3635841680073185635,0,0,0,0,4,4,34556,8639.000,0,0,0,0,6.482
decode,real,2555,3635841680073185635,0,0,0,0,4,4,34560,8640.000,0,0,0,0,6.484
decode,real,2556,3635841680073185635,0,0,0,0,4,4,34564,8641.000,0,0,0,0,6.487
decode,real,2557,3635841680073185635,0,0,0,0,4,4,34568,8642.000,0,0,0,0,6.469
decode,real,2558,3635841680073185635,0,0,0,0,4,4,34572,8643.000,0,0,0,0,6.472
decode,real,2559,3635841680073185635,0,0,0,0,4,4,34576,8644.000,0,0,0,0,6.503
decode,real,2560,3635841680073185635,0,0,0,0,4,4,34580,8645.000,0,0,0,0,6.470
decode,real,2561,3635841680073185635,0,0,0,0,4,4,34584,8646.000,0,0,0,0,6.480
decode,real,2562,3635841680073185635,0,0,0,0,4,4,34588,8647.000,0,0,0,0,6.495
decode,real,2563,3635841680073185635,0,0,0,0,4,4,34592,8648.000,0,0,0,0,6.491
decode,real,2564,3635841680073185635,0,0,0,0,4,4,34596,8649.000,0,0,0,0,6.487
decode,real,2565,3635841680073185635,0,0,0,0,4,4,34600,8650.000,0,0,0,0,6.472
decode,real,2566,3635841680073185635,0,0,0,0,4,4,34604,8651.000,0,0,0,0,6.487
decode,real,2567,3635841680073185635,0,0,0,0,4,4,34608,8652.000,0,0,0,0,6.471
decode,real,2568,3635841680073185635,0,0,0,0,4,4,34612,8653.000,0,0,0,0,6.500
decode,real,2569,3635841680073185635,0,0,0,0,4,4,34616,8654.000,0,0,0,0,6.463
decode,real,2570,3635841680073185635,0,0,0,0,4,4,34620,8655.000,0,0,0,0,6.483
decode,real,2571,3635841680073185635,0,0,0,0,4,4,34624,8656.000,0,0,0,0,6.495
decode,real,2572,3635841680073185635,0,0,0,0,4,4,34628,8657.000,0,0,0,0,6.485
decode,real,2573,3635841680073185635,0,0,0,0,4,4,34632,8658.000,0,0,0,0,6.465
decode,real,2574,3635841680073185635,0,0,0,0,4,4,34636,8659.000,0,0,0,0,6.497
decode,real,2575,3635841680073185635,0,0,0,0,4,4,34640,8660.000,0,0,0,0,6.475
decode,real,2576,3635841680073185635,0,0,0,0,4,4,34644,8661.000,0,0,0,0,6.500
decode,real,2577,3635841680073185635,0,0,0,0,4,4,34648,8662.000,0,0,0,0,6.458
decode,real,2578,3635841680073185635,0,0,0,0,4,4,34652,8663.000,0,0,0,0,6.500
decode,real,2579,3635841680073185635,0,0,0,0,4,4,34656,8664.000,0,0,0,0,6.475
decode,real,2580,3635841680073185635,0,0,0,0,4,4,34660,8665.000,0,0,0,0,6.467
decode,real,2581,3635841680073185635,0,0,0,0,4,4,34664,8666.000,0,0,0,0,6.482
decode,real,2582,3635841680073185635,0,0,0,0,4,4,34668,8667.000,0,0,0,0,6.476
decode,real,2583,3635841680073185635,0,0,0,0,4,4,34672,8668.000,0,0,0,0,6.496
decode,real,2584,3635841680073185635,0,0,0,0,4,4,34676,8669.000,0,0,0,0,6.477
decode,real,2585,3635841680073185635,0,0,0,0,4,4,34680,8670.000,0,0,0,0,6.493
decode,real,2586,3635841680073185635,0,0,0,0,4,4,34684,8671.000,0,0,0,0,6.458
decode,real,2587,3635841680073185635,0,0,0,0,4,4,34688,8672.000,0,0,0,0,6.486
decode,real,2588,3635841680073185635,0,0,0,0,4,4,34692,8673.000,0,0,0,0,6.472
decode,real,2589,3635841680073185635,0,0,0,0,4,4,34696,8674.000,0,0,0,0,6.489
decode,real,2590,3635841680073185635,0,0,0,0,4,4,34700,8675.000,0,0,0,0,6.479
decode,real,2591,3635841680073185635,0,0,0,0,4,4,34704,8676.000,0,0,0,0,6.503
decode,real,2592,3635841680073185635,0,0,0,0,4,4,34708,8677.000,0,0,0,0,6.453
decode,real,2593,3635841680073185635,0,0,0,0,4,4,34712,8678.000,0,0,0,0,6.513
decode,real,2594,3635841680073185635,0,0,0,0,4,4,34716,8679.000,0,0,0,0,6.466
decode,real,2595,3635841680073185635,0,0,0,0,4,4,34720,8680.000,0,0,0,0,6.486
decode,real,2596,3635841680073185635,0,0,0,0,4,4,34724,8681.000,0,0,0,0,6.469
decode,real,2597,3635841680073185635,0,0,0,0,4,4,34728,8682.000,0,0,0,0,6.485
decode,real,2598,3635841680073185635,0,0,0,0,4,4,34732,8683.000,0,0,0,0,6.487
decode,real,2599,3635841680073185635,0,0,0,0,4,4,34736,8684.000,0,0,0,0,6.492
decode,real,2600,3635841680073185635,0,0,0,0,4,4,34740,8685.000,0,0,0,0,6.465
decode,real,2601,3635841680073185635,0,0,0,0,4,4,34744,8686.000,0,0,0,0,6.480
decode,real,2602,3635841680073185635,0,0,0,0,4,4,34748,8687.000,0,0,0,0,6.481
decode,real,2603,3635841680073185635,0,0,0,0,4,4,34752,8688.000,0,0,0,0,6.495
decode,real,2604,3635841680073185635,0,0,0,0,4,4,34756,8689.000,0,0,0,0,6.465
decode,real,2605,3635841680073185635,0,0,0,0,4,4,34760,8690.000,0,0,0,0,6.491
decode,real,2606,3635841680073185635,0,0,0,0,4,4,34764,8691.000,0,0,0,0,6.488
decode,real,2607,3635841680073185635,0,0,0,0,4,4,34768,8692.000,0,0,0,0,6.546
decode,real,2608,3635841680073185635,0,0,0,0,4,4,34772,8693.000,0,0,0,0,6.424
decode,real,2609,3635841680073185635,0,0,0,0,4,4,34776,8694.000,0,0,0,0,6.492
decode,real,2610,3635841680073185635,0,0,0,0,4,4,34780,8695.000,0,0,0,0,6.447
decode,real,2611,3635841680073185635,0,0,0,0,4,4,34784,8696.000,0,0,0,0,6.498
decode,real,2612,3635841680073185635,0,0,0,0,4,4,34788,8697.000,0,0,0,0,6.491
decode,real,2613,3635841680073185635,0,0,0,0,4,4,34792,8698.000,0,0,0,0,6.861
decode,real,2614,3635841680073185635,0,0,0,0,4,4,34796,8699.000,0,0,0,0,6.129
decode,real,2615,3635841680073185635,0,0,0,0,4,4,34800,8700.000,0,0,0,0,6.493
decode,real,2616,3635841680073185635,0,0,0,0,4,4,34804,8701.000,0,0,0,0,6.440
decode,real,2617,3635841680073185635,0,0,0,0,4,4,34808,8702.000,0,0,0,0,6.487
decode,real,2618,3635841680073185635,0,0,0,0,4,4,34812,8703.000,0,0,0,0,6.501
decode,real,2619,3635841680073185635,0,0,0,0,4,4,34816,8704.000,0,0,0,0,6.495
decode,real,2620,3635841680073185635,0,0,0,0,4,4,34820,8705.000,0,0,0,0,6.480
decode,real,2621,3635841680073185635,0,0,0,0,4,4,34824,8706.000,0,0,0,0,6.492
decode,real,2622,3635841680073185635,0,0,0,0,4,4,34828,8707.000,0,0,0,0,6.460
decode,real,2623,3635841680073185635,0,0,0,0,4,4,34832,8708.000,0,0,0,0,6.487
decode,real,2624,3635841680073185635,0,0,0,0,4,4,34836,8709.000,0,0,0,0,6.497
decode,real,2625,3635841680073185635,0,0,0,0,4,4,34840,8710.000,0,0,0,0,6.470
decode,real,2626,3635841680073185635,0,0,0,0,4,4,34844,8711.000,0,0,0,0,6.466
decode,real,2627,3635841680073185635,0,0,0,0,4,4,34848,8712.000,0,0,0,0,6.498
decode,real,2628,3635841680073185635,0,0,0,0,4,4,34852,8713.000,0,0,0,0,6.460
decode,real,2629,3635841680073185635,0,0,0,0,4,4,34856,8714.000,0,0,0,0,6.517
decode,real,2630,3635841680073185635,0,0,0,0,4,4,34860,8715.000,0,0,0,0,6.447
decode,real,2631,3635841680073185635,0,0,0,0,4,4,34864,8716.000,0,0,0,0,6.494
decode,real,2632,3635841680073185635,0,0,0,0,4,4,34868,8717.000,0,0,0,0,6.483
decode,real,2633,3635841680073185635,0,0,0,0,4,4,34872,8718.000,0,0,0,0,6.472
decode,real,2634,3635841680073185635,0,0,0,0,4,4,34876,8719.000,0,0,0,0,6.470
decode,real,2635,3635841680073185635,0,0,0,0,4,4,34880,8720.000,0,0,0,0,6.515
decode,real,2636,3635841680073185635,0,0,0,0,4,4,34884,8721.000,0,0,0,0,6.444
decode,real,2637,3635841680073185635,0,0,0,0,4,4,34888,8722.000,0,0,0,0,6.509
decode,real,2638,3635841680073185635,0,0,0,0,4,4,34892,8723.000,0,0,0,0,6.458
decode,real,2639,3635841680073185635,0,0,0,0,4,4,34896,8724.000,0,0,0,0,6.480
decode,real,2640,3635841680073185635,0,0,0,0,4,4,34900,8725.000,0,0,0,0,6.476
decode,real,2641,3635841680073185635,0,0,0,0,4,4,34904,8726.000,0,0,0,0,6.467
decode,real,2642,3635841680073185635,0,0,0,0,4,4,34908,8727.000,0,0,0,0,6.513
decode,real,2643,3635841680073185635,0,0,0,0,4,4,34912,8728.000,0,0,0,0,6.462
decode,real,2644,3635841680073185635,0,0,0,0,4,4,34916,8729.000,0,0,0,0,6.446
decode,real,2645,3635841680073185635,0,0,0,0,4,4,34920,8730.000,0,0,0,0,6.500
decode,real,2646,3635841680073185635,0,0,0,0,4,4,34924,8731.000,0,0,0,0,6.489
decode,real,2647,3635841680073185635,0,0,0,0,4,4,34928,8732.000,0,0,0,0,6.483
decode,real,2648,3635841680073185635,0,0,0,0,4,4,34932,8733.000,0,0,0,0,6.455
decode,real,2649,3635841680073185635,0,0,0,0,4,4,34936,8734.000,0,0,0,0,6.478
decode,real,2650,3635841680073185635,0,0,0,0,4,4,34940,8735.000,0,0,0,0,6.462
decode,real,2651,3635841680073185635,0,0,0,0,4,4,34944,8736.000,0,0,0,0,6.500
decode,real,2652,3635841680073185635,0,0,0,0,4,4,34948,8737.000,0,0,0,0,6.476
decode,real,2653,3635841680073185635,0,0,0,0,4,4,34952,8738.000,0,0,0,0,6.483
decode,real,2654,3635841680073185635,0,0,0,0,4,4,34956,8739.000,0,0,0,0,6.458
decode,real,2655,3635841680073185635,0,0,0,0,4,4,34960,8740.000,0,0,0,0,6.487
decode,real,2656,3635841680073185635,0,0,0,0,4,4,34964,8741.000,0,0,0,0,6.490
decode,real,2657,3635841680073185635,0,0,0,0,4,4,34968,8742.000,0,0,0,0,6.477
decode,real,2658,3635841680073185635,0,0,0,0,4,4,34972,8743.000,0,0,0,0,6.476
decode,real,2659,3635841680073185635,0,0,0,0,4,4,34976,8744.000,0,0,0,0,6.482
decode,real,2660,3635841680073185635,0,0,0,0,4,4,34980,8745.000,0,0,0,0,6.476
decode,real,2661,3635841680073185635,0,0,0,0,4,4,34984,8746.000,0,0,0,0,6.460
decode,real,2662,3635841680073185635,0,0,0,0,4,4,34988,8747.000,0,0,0,0,6.488
decode,real,2663,3635841680073185635,0,0,0,0,4,4,34992,8748.000,0,0,0,0,6.499
decode,real,2664,3635841680073185635,0,0,0,0,4,4,34996,8749.000,0,0,0,0,6.487
decode,real,2665,3635841680073185635,0,0,0,0,4,4,35000,8750.000,0,0,0,0,6.474
decode,real,2666,3635841680073185635,0,0,0,0,4,4,35004,8751.000,0,0,0,0,6.486
decode,real,2667,3635841680073185635,0,0,0,0,4,4,35008,8752.000,0,0,0,0,6.499
decode,real,2668,3635841680073185635,0,0,0,0,4,4,35012,8753.000,0,0,0,0,6.467
decode,real,2669,3635841680073185635,0,0,0,0,4,4,35016,8754.000,0,0,0,0,6.484
decode,real,2670,3635841680073185635,0,0,0,0,4,4,35020,8755.000,0,0,0,0,6.451
decode,real,2671,3635841680073185635,0,0,0,0,4,4,35024,8756.000,0,0,0,0,6.489
decode,real,2672,3635841680073185635,0,0,0,0,4,4,35028,8757.000,0,0,0,0,6.479
decode,real,2673,3635841680073185635,0,0,0,0,4,4,35032,8758.000,0,0,0,0,6.476
decode,real,2674,3635841680073185635,0,0,0,0,4,4,35036,8759.000,0,0,0,0,6.491
decode,real,2675,3635841680073185635,0,0,0,0,4,4,35040,8760.000,0,0,0,0,6.488
decode,real,2676,3635841680073185635,0,0,0,0,4,4,35044,8761.000,0,0,0,0,6.485
decode,real,2677,3635841680073185635,0,0,0,0,4,4,35048,8762.000,0,0,0,0,6.476
decode,real,2678,3635841680073185635,0,0,0,0,4,4,35052,8763.000,0,0,0,0,6.493
decode,real,2679,3635841680073185635,0,0,0,0,4,4,35056,8764.000,0,0,0,0,6.491
decode,real,2680,3635841680073185635,0,0,0,0,4,4,35060,8765.000,0,0,0,0,6.480
decode,real,2681,3635841680073185635,0,0,0,0,4,4,35064,8766.000,0,0,0,0,6.465
decode,real,2682,3635841680073185635,0,0,0,0,4,4,35068,8767.000,0,0,0,0,6.489
decode,real,2683,3635841680073185635,0,0,0,0,4,4,35072,8768.000,0,0,0,0,6.500
decode,real,2684,3635841680073185635,0,0,0,0,4,4,35076,8769.000,0,0,0,0,6.459
decode,real,2685,3635841680073185635,0,0,0,0,4,4,35080,8770.000,0,0,0,0,6.495
decode,real,2686,3635841680073185635,0,0,0,0,4,4,35084,8771.000,0,0,0,0,6.457
decode,real,2687,3635841680073185635,0,0,0,0,4,4,35088,8772.000,0,0,0,0,6.517
decode,real,2688,3635841680073185635,0,0,0,0,4,4,35092,8773.000,0,0,0,0,6.458
decode,real,2689,3635841680073185635,0,0,0,0,4,4,35096,8774.000,0,0,0,0,6.493
decode,real,2690,3635841680073185635,0,0,0,0,4,4,35100,8775.000,0,0,0,0,6.466
decode,real,2691,3635841680073185635,0,0,0,0,4,4,35104,8776.000,0,0,0,0,6.505
decode,real,2692,3635841680073185635,0,0,0,0,4,4,35108,8777.000,0,0,0,0,6.467
decode,real,2693,3635841680073185635,0,0,0,0,4,4,35112,8778.000,0,0,0,0,6.503
decode,real,2694,3635841680073185635,0,0,0,0,4,4,35116,8779.000,0,0,0,0,6.465
decode,real,2695,3635841680073185635,0,0,0,0,4,4,35120,8780.000,0,0,0,0,6.486
decode,real,2696,3635841680073185635,0,0,0,0,4,4,35124,8781.000,0,0,0,0,6.486
decode,real,2697,3635841680073185635,0,0,0,0,4,4,35128,8782.000,0,0,0,0,6.491
decode,real,2698,3635841680073185635,0,0,0,0,4,4,35132,8783.000,0,0,0,0,6.473
decode,real,2699,3635841680073185635,0,0,0,0,4,4,35136,8784.000,0,0,0,0,6.528
decode,real,2700,3635841680073185635,0,0,0,0,4,4,35140,8785.000,0,0,0,0,6.443
decode,real,2701,3635841680073185635,0,0,0,0,4,4,35144,8786.000,0,0,0,0,6.484
decode,real,2702,3635841680073185635,0,0,0,0,4,4,35148,8787.000,0,0,0,0,6.487
decode,real,2703,3635841680073185635,0,0,0,0,4,4,35152,8788.000,0,0,0,0,6.481
decode,real,2704,3635841680073185635,0,0,0,0,4,4,35156,8789.000,0,0,0,0,6.472
decode,real,2705,3635841680073185635,0,0,0,0,4,4,35160,8790.000,0,0,0,0,6.490
decode,real,2706,3635841680073185635,0,0,0,0,4,4,35164,8791.000,0,0,0,0,6.501
decode,real,2707,3635841680073185635,0,0,0,0,4,4,35168,8792.000,0,0,0,0,6.478
decode,real,2708,3635841680073185635,0,0,0,0,4,4,35172,8793.000,0,0,0,0,6.465
decode,real,2709,3635841680073185635,0,0,0,0,4,4,35176,8794.000,0,0,0,0,6.486
decode,real,2710,3635841680073185635,0,0,0,0,4,4,35180,8795.000,0,0,0,0,6.486
decode,real,2711,3635841680073185635,0,0,0,0,4,4,35184,8796.000,0,0,0,0,6.485
decode,real,2712,3635841680073185635,0,0,0,0,4,4,35188,8797.000,0,0,0,0,6.485
decode,real,2713,3635841680073185635,0,0,0,0,4,4,35192,8798.000,0,0,0,0,6.578
decode,real,2714,3635841680073185635,0,0,0,0,4,4,35196,8799.000,0,0,0,0,6.358
decode,real,2715,3635841680073185635,0,0,0,0,4,4,35200,8800.000,0,0,0,0,6.485
decode,real,2716,3635841680073185635,0,0,0,0,4,4,35204,8801.000,0,0,0,0,6.492
decode,real,2717,3635841680073185635,0,0,0,0,4,4,35208,8802.000,0,0,0,0,6.571
decode,real,2718,3635841680073185635,0,0,0,0,4,4,35212,8803.000,0,0,0,0,6.409
decode,real,2719,3635841680073185635,0,0,0,0,4,4,35216,8804.000,0,0,0,0,6.483
decode,real,2720,3635841680073185635,0,0,0,0,4,4,35220,8805.000,0,0,0,0,6.466
decode,real,2721,3635841680073185635,0,0,0,0,4,4,35224,8806.000,0,0,0,0,6.472
decode,real,2722,3635841680073185635,0,0,0,0,4,4,35228,8807.000,0,0,0,0,6.472
decode,real,2723,3635841680073185635,0,0,0,0,4,4,35232,8808.000,0,0,0,0,6.511
decode,real,2724,3635841680073185635,0,0,0,0,4,4,35236,8809.000,0,0,0,0,6.466
decode,real,2725,3635841680073185635,0,0,0,0,4,4,35240,8810.000,0,0,0,0,6.471
decode,real,2726,3635841680073185635,0,0,0,0,4,4,35244,8811.000,0,0,0,0,6.492
decode,real,2727,3635841680073185635,0,0,0,0,4,4,35248,8812.000,0,0,0,0,6.478
decode,real,2728,3635841680073185635,0,0,0,0,4,4,35252,8813.000,0,0,0,0,6.478
decode,real,2729,3635841680073185635,0,0,0,0,4,4,35256,8814.000,0,0,0,0,6.505
decode,real,2730,3635841680073185635,0,0,0,0,4,4,35260,8815.000,0,0,0,0,6.476
decode,real,2731,3635841680073185635,0,0,0,0,4,4,35264,8816.000,0,0,0,0,6.482
decode,real,2732,3635841680073185635,0,0,0,0,4,4,35268,8817.000,0,0,0,0,6.512
decode,real,2733,3635841680073185635,0,0,0,0,4,4,35272,8818.000,0,0,0,0,6.473
decode,real,2734,3635841680073185635,0,0,0,0,4,4,35276,8819.000,0,0,0,0,6.512
decode,real,2735,3635841680073185635,0,0,0,0,4,4,35280,8820.000,0,0,0,0,6.473
decode,real,2736,3635841680073185635,0,0,0,0,4,4,35284,8821.000,0,0,0,0,6.476
decode,real,2737,3635841680073185635,0,0,0,0,4,4,35288,8822.000,0,0,0,0,6.485
decode,real,2738,3635841680073185635,0,0,0,0,4,4,35292,8823.000,0,0,0,0,6.509
decode,real,2739,3635841680073185635,0,0,0,0,4,4,35296,8824.000,0,0,0,0,6.478
decode,real,2740,3635841680073185635,0,0,0,0,4,4,35300,8825.000,0,0,0,0,6.502
decode,real,2741,3635841680073185635,0,0,0,0,4,4,35304,8826.000,0,0,0,0,6.490
decode,real,2742,3635841680073185635,0,0,0,0,4,4,35308,8827.000,0,0,0,0,6.484
decode,real,2743,3635841680073185635,0,0,0,0,4,4,35312,8828.000,0,0,0,0,6.509
decode,real,2744,3635841680073185635,0,0,0,0,4,4,35316,8829.000,0,0,0,0,6.501
decode,real,2745,3635841680073185635,0,0,0,0,4,4,35320,8830.000,0,0,0,0,6.488
decode,real,2746,3635841680073185635,0,0,0,0,4,4,35324,8831.000,0,0,0,0,6.496
decode,real,2747,3635841680073185635,0,0,0,0,4,4,35328,8832.000,0,0,0,0,6.506
decode,real,2748,3635841680073185635,0,0,0,0,4,4,35332,8833.000,0,0,0,0,6.484
decode,real,2749,3635841680073185635,0,0,0,0,4,4,35336,8834.000,0,0,0,0,6.512
decode,real,2750,3635841680073185635,0,0,0,0,4,4,35340,8835.000,0,0,0,0,6.494
decode,real,2751,3635841680073185635,0,0,0,0,4,4,35344,8836.000,0,0,0,0,6.506
decode,real,2752,3635841680073185635,0,0,0,0,4,4,35348,8837.000,0,0,0,0,6.508
decode,real,2753,3635841680073185635,0,0,0,0,4,4,35352,8838.000,0,0,0,0,6.472
decode,real,2754,3635841680073185635,0,0,0,0,4,4,35356,8839.000,0,0,0,0,6.494
decode,real,2755,3635841680073185635,0,0,0,0,4,4,35360,8840.000,0,0,0,0,6.519
decode,real,2756,3635841680073185635,0,0,0,0,4,4,35364,8841.000,0,0,0,0,6.472
decode,real,2757,3635841680073185635,0,0,0,0,4,4,35368,8842.000,0,0,0,0,6.490
decode,real,2758,3635841680073185635,0,0,0,0,4,4,35372,8843.000,0,0,0,0,6.490
decode,real,2759,3635841680073185635,0,0,0,0,4,4,35376,8844.000,0,0,0,0,6.506
decode,real,2760,3635841680073185635,0,0,0,0,4,4,35380,8845.000,0,0,0,0,6.500
decode,real,2761,3635841680073185635,0,0,0,0,4,4,35384,8846.000,0,0,0,0,6.481
decode,real,2762,3635841680073185635,0,0,0,0,4,4,35388,8847.000,0,0,0,0,6.492
decode,real,2763,3635841680073185635,0,0,0,0,4,4,35392,8848.000,0,0,0,0,6.507
decode,real,2764,3635841680073185635,0,0,0,0,4,4,35396,8849.000,0,0,0,0,6.478
decode,real,2765,3635841680073185635,0,0,0,0,4,4,35400,8850.000,0,0,0,0,6.495
decode,real,2766,3635841680073185635,0,0,0,0,4,4,35404,8851.000,0,0,0,0,6.494
decode,real,2767,3635841680073185635,0,0,0,0,4,4,35408,8852.000,0,0,0,0,6.509
decode,real,2768,3635841680073185635,0,0,0,0,4,4,35412,8853.000,0,0,0,0,6.497
decode,real,2769,3635841680073185635,0,0,0,0,4,4,35416,8854.000,0,0,0,0,6.473
decode,real,2770,3635841680073185635,0,0,0,0,4,4,35420,8855.000,0,0,0,0,6.497
decode,real,2771,3635841680073185635,0,0,0,0,4,4,35424,8856.000,0,0,0,0,6.502
decode,real,2772,3635841680073185635,0,0,0,0,4,4,35428,8857.000,0,0,0,0,6.482
decode,real,2773,3635841680073185635,0,0,0,0,4,4,35432,8858.000,0,0,0,0,6.476
decode,real,2774,3635841680073185635,0,0,0,0,4,4,35436,8859.000,0,0,0,0,6.492
decode,real,2775,3635841680073185635,0,0,0,0,4,4,35440,8860.000,0,0,0,0,6.525
decode,real,2776,3635841680073185635,0,0,0,0,4,4,35444,8861.000,0,0,0,0,6.441
decode,real,2777,3635841680073185635,0,0,0,0,4,4,35448,8862.000,0,0,0,0,6.522
decode,real,2778,3635841680073185635,0,0,0,0,4,4,35452,8863.000,0,0,0,0,6.468
decode,real,2779,3635841680073185635,0,0,0,0,4,4,35456,8864.000,0,0,0,0,6.513
decode,real,2780,3635841680073185635,0,0,0,0,4,4,35460,8865.000,0,0,0,0,6.488
decode,real,2781,3635841680073185635,0,0,0,0,4,4,35464,8866.000,0,0,0,0,6.483
decode,real,2782,3635841680073185635,0,0,0,0,4,4,35468,8867.000,0,0,0,0,6.475
decode,real,2783,3635841680073185635,0,0,0,0,4,4,35472,8868.000,0,0,0,0,6.501
decode,real,2784,3635841680073185635,0,0,0,0,4,4,35476,8869.000,0,0,0,0,6.511
decode,real,2785,3635841680073185635,0,0,0,0,4,4,35480,8870.000,0,0,0,0,6.463
decode,real,2786,3635841680073185635,0,0,0,0,4,4,35484,8871.000,0,0,0,0,6.498
decode,real,2787,3635841680073185635,0,0,0,0,4,4,35488,8872.000,0,0,0,0,6.496
decode,real,2788,3635841680073185635,0,0,0,0,4,4,35492,8873.000,0,0,0,0,6.468
decode,real,2789,3635841680073185635,0,0,0,0,4,4,35496,8874.000,0,0,0,0,6.487
decode,real,2790,3635841680073185635,0,0,0,0,4,4,35500,8875.000,0,0,0,0,6.494
decode,real,2791,3635841680073185635,0,0,0,0,4,4,35504,8876.000,0,0,0,0,6.492
decode,real,2792,3635841680073185635,0,0,0,0,4,4,35508,8877.000,0,0,0,0,6.488
decode,real,2793,3635841680073185635,0,0,0,0,4,4,35512,8878.000,0,0,0,0,6.497
decode,real,2794,3635841680073185635,0,0,0,0,4,4,35516,8879.000,0,0,0,0,6.480
decode,real,2795,3635841680073185635,0,0,0,0,4,4,35520,8880.000,0,0,0,0,6.519
decode,real,2796,3635841680073185635,0,0,0,0,4,4,35524,8881.000,0,0,0,0,6.462
decode,real,2797,3635841680073185635,0,0,0,0,4,4,35528,8882.000,0,0,0,0,6.505
decode,real,2798,3635841680073185635,0,0,0,0,4,4,35532,8883.000,0,0,0,0,6.498
decode,real,2799,3635841680073185635,0,0,0,0,4,4,35536,8884.000,0,0,0,0,6.495
decode,real,2800,3635841680073185635,0,0,0,0,4,4,35540,8885.000,0,0,0,0,6.496
decode,real,2801,3635841680073185635,0,0,0,0,4,4,35544,8886.000,0,0,0,0,6.482
decode,real,2802,3635841680073185635,0,0,0,0,4,4,35548,8887.000,0,0,0,0,6.500
decode,real,2803,3635841680073185635,0,0,0,0,4,4,35552,8888.000,0,0,0,0,6.493
decode,real,2804,3635841680073185635,0,0,0,0,4,4,35556,8889.000,0,0,0,0,6.512
decode,real,2805,3635841680073185635,0,0,0,0,4,4,35560,8890.000,0,0,0,0,6.470
decode,real,2806,3635841680073185635,0,0,0,0,4,4,35564,8891.000,0,0,0,0,6.490
decode,real,2807,3635841680073185635,0,0,0,0,4,4,35568,8892.000,0,0,0,0,6.517
decode,real,2808,3635841680073185635,0,0,0,0,4,4,35572,8893.000,0,0,0,0,6.491
decode,real,2809,3635841680073185635,0,0,0,0,4,4,35576,8894.000,0,0,0,0,6.488
decode,real,2810,3635841680073185635,0,0,0,0,4,4,35580,8895.000,0,0,0,0,6.483
decode,real,2811,3635841680073185635,0,0,0,0,4,4,35584,8896.000,0,0,0,0,6.527
decode,real,2812,3635841680073185635,0,0,0,0,4,4,35588,8897.000,0,0,0,0,6.492
decode,real,2813,3635841680073185635,0,0,0,0,4,4,35592,8898.000,0,0,0,0,6.481
decode,real,2814,3635841680073185635,0,0,0,0,4,4,35596,8899.000,0,0,0,0,6.497
decode,real,2815,3635841680073185635,0,0,0,0,4,4,35600,8900.000,0,0,0,0,6.506
decode,real,2816,3635841680073185635,0,0,0,0,4,4,35604,8901.000,0,0,0,0,6.481
decode,real,2817,3635841680073185635,0,0,0,0,4,4,35608,8902.000,0,0,0,0,6.503
decode,real,2818,3635841680073185635,0,0,0,0,4,4,35612,8903.000,0,0,0,0,6.489
decode,real,2819,3635841680073185635,0,0,0,0,4,4,35616,8904.000,0,0,0,0,6.500
decode,real,2820,3635841680073185635,0,0,0,0,4,4,35620,8905.000,0,0,0,0,6.528
decode,real,2821,3635841680073185635,0,0,0,0,4,4,35624,8906.000,0,0,0,0,6.450
decode,real,2822,3635841680073185635,0,0,0,0,4,4,35628,8907.000,0,0,0,0,6.496
decode,real,2823,3635841680073185635,0,0,0,0,4,4,35632,8908.000,0,0,0,0,6.509
decode,real,2824,3635841680073185635,0,0,0,0,4,4,35636,8909.000,0,0,0,0,6.486
decode,real,2825,3635841680073185635,0,0,0,0,4,4,35640,8910.000,0,0,0,0,6.488
decode,real,2826,3635841680073185635,0,0,0,0,4,4,35644,8911.000,0,0,0,0,6.485
decode,real,2827,3635841680073185635,0,0,0,0,4,4,35648,8912.000,0,0,0,0,6.518
decode,real,2828,3635841680073185635,0,0,0,0,4,4,35652,8913.000,0,0,0,0,6.492
decode,real,2829,3635841680073185635,0,0,0,0,4,4,35656,8914.000,0,0,0,0,6.496
decode,real,2830,3635841680073185635,0,0,0,0,4,4,35660,8915.000,0,0,0,0,6.482
decode,real,2831,3635841680073185635,0,0,0,0,4,4,35664,8916.000,0,0,0,0,6.523
decode,real,2832,3635841680073185635,0,0,0,0,4,4,35668,8917.000,0,0,0,0,6.461
decode,real,2833,3635841680073185635,0,0,0,0,4,4,35672,8918.000,0,0,0,0,6.494
decode,real,2834,3635841680073185635,0,0,0,0,4,4,35676,8919.000,0,0,0,0,6.490
decode,real,2835,3635841680073185635,0,0,0,0,4,4,35680,8920.000,0,0,0,0,6.513
decode,real,2836,3635841680073185635,0,0,0,0,4,4,35684,8921.000,0,0,0,0,6.489
decode,real,2837,3635841680073185635,0,0,0,0,4,4,35688,8922.000,0,0,0,0,6.504
decode,real,2838,3635841680073185635,0,0,0,0,4,4,35692,8923.000,0,0,0,0,6.492
decode,real,2839,3635841680073185635,0,0,0,0,4,4,35696,8924.000,0,0,0,0,6.489
decode,real,2840,3635841680073185635,0,0,0,0,4,4,35700,8925.000,0,0,0,0,6.472
decode,real,2841,3635841680073185635,0,0,0,0,4,4,35704,8926.000,0,0,0,0,6.487
decode,real,2842,3635841680073185635,0,0,0,0,4,4,35708,8927.000,0,0,0,0,6.486
decode,real,2843,3635841680073185635,0,0,0,0,4,4,35712,8928.000,0,0,0,0,6.503
decode,real,2844,3635841680073185635,0,0,0,0,4,4,35716,8929.000,0,0,0,0,6.480
decode,real,2845,3635841680073185635,0,0,0,0,4,4,35720,8930.000,0,0,0,0,6.498
decode,real,2846,3635841680073185635,0,0,0,0,4,4,35724,8931.000,0,0,0,0,6.509
decode,real,2847,3635841680073185635,0,0,0,0,4,4,35728,8932.000,0,0,0,0,6.487
decode,real,2848,3635841680073185635,0,0,0,0,4,4,35732,8933.000,0,0,0,0,6.495
decode,real,2849,3635841680073185635,0,0,0,0,4,4,35736,8934.000,0,0,0,0,6.477
decode,real,2850,3635841680073185635,0,0,0,0,4,4,35740,8935.000,0,0,0,0,6.488
decode,real,2851,3635841680073185635,0,0,0,0,4,4,35744,8936.000,0,0,0,0,6.503
decode,real,2852,3635841680073185635,0,0,0,0,4,4,35748,8937.000,0,0,0,0,6.604
decode,real,2853,3635841680073185635,0,0,0,0,4,4,35752,8938.000,0,0,0,0,6.375
decode,real,2854,3635841680073185635,0,0,0,0,4,4,35756,8939.000,0,0,0,0,6.509
decode,real,2855,3635841680073185635,0,0,0,0,4,4,35760,8940.000,0,0,0,0,6.507
decode,real,2856,3635841680073185635,0,0,0,0,4,4,35764,8941.000,0,0,0,0,6.446
decode,real,2857,3635841680073185635,0,0,0,0,4,4,35768,8942.000,0,0,0,0,6.521
decode,real,2858,3635841680073185635,0,0,0,0,4,4,35772,8943.000,0,0,0,0,6.486
decode,real,2859,3635841680073185635,0,0,0,0,4,4,35776,8944.000,0,0,0,0,6.500
decode,real,2860,3635841680073185635,0,0,0,0,4,4,35780,8945.000,0,0,0,0,6.508
decode,real,2861,3635841680073185635,0,0,0,0,4,4,35784,8946.000,0,0,0,0,6.469
decode,real,2862,3635841680073185635,0,0,0,0,4,4,35788,8947.000,0,0,0,0,6.508
decode,real,2863,3635841680073185635,0,0,0,0,4,4,35792,8948.000,0,0,0,0,6.509
decode,real,2864,3635841680073185635,0,0,0,0,4,4,35796,8949.000,0,0,0,0,6.512
decode,real,2865,3635841680073185635,0,0,0,0,4,4,35800,8950.000,0,0,0,0,6.480
decode,real,2866,3635841680073185635,0,0,0,0,4,4,35804,8951.000,0,0,0,0,6.481
decode,real,2867,3635841680073185635,0,0,0,0,4,4,35808,8952.000,0,0,0,0,6.529
decode,real,2868,3635841680073185635,0,0,0,0,4,4,35812,8953.000,0,0,0,0,6.495
decode,real,2869,3635841680073185635,0,0,0,0,4,4,35816,8954.000,0,0,0,0,6.475
decode,real,2870,3635841680073185635,0,0,0,0,4,4,35820,8955.000,0,0,0,0,6.516
decode,real,2871,3635841680073185635,0,0,0,0,4,4,35824,8956.000,0,0,0,0,6.484
decode,real,2872,3635841680073185635,0,0,0,0,4,4,35828,8957.000,0,0,0,0,6.488
decode,real,2873,3635841680073185635,0,0,0,0,4,4,35832,8958.000,0,0,0,0,6.492
decode,real,2874,3635841680073185635,0,0,0,0,4,4,35836,8959.000,0,0,0,0,6.488
decode,real,2875,3635841680073185635,0,0,0,0,4,4,35840,8960.000,0,0,0,0,6.526
decode,real,2876,3635841680073185635,0,0,0,0,4,4,35844,8961.000,0,0,0,0,6.467
decode,real,2877,3635841680073185635,0,0,0,0,4,4,35848,8962.000,0,0,0,0,6.500
decode,real,2878,3635841680073185635,0,0,0,0,4,4,35852,8963.000,0,0,0,0,6.481
decode,real,2879,3635841680073185635,0,0,0,0,4,4,35856,8964.000,0,0,0,0,6.519
decode,real,2880,3635841680073185635,0,0,0,0,4,4,35860,8965.000,0,0,0,0,6.485
decode,real,2881,3635841680073185635,0,0,0,0,4,4,35864,8966.000,0,0,0,0,6.501
decode,real,2882,3635841680073185635,0,0,0,0,4,4,35868,8967.000,0,0,0,0,6.493
decode,real,2883,3635841680073185635,0,0,0,0,4,4,35872,8968.000,0,0,0,0,6.530
decode,real,2884,3635841680073185635,0,0,0,0,4,4,35876,8969.000,0,0,0,0,6.475
decode,real,2885,3635841680073185635,0,0,0,0,4,4,35880,8970.000,0,0,0,0,6.485
decode,real,2886,3635841680073185635,0,0,0,0,4,4,35884,8971.000,0,0,0,0,6.508
decode,real,2887,3635841680073185635,0,0,0,0,4,4,35888,8972.000,0,0,0,0,6.504
decode,real,2888,3635841680073185635,0,0,0,0,4,4,35892,8973.000,0,0,0,0,6.481
decode,real,2889,3635841680073185635,0,0,0,0,4,4,35896,8974.000,0,0,0,0,6.506
decode,real,2890,3635841680073185635,0,0,0,0,4,4,35900,8975.000,0,0,0,0,6.484
decode,real,2891,3635841680073185635,0,0,0,0,4,4,35904,8976.000,0,0,0,0,6.516
decode,real,2892,3635841680073185635,0,0,0,0,4,4,35908,8977.000,0,0,0,0,6.504
decode,real,2893,3635841680073185635,0,0,0,0,4,4,35912,8978.000,0,0,0,0,6.484
decode,real,2894,3635841680073185635,0,0,0,0,4,4,35916,8979.000,0,0,0,0,6.511
decode,real,2895,3635841680073185635,0,0,0,0,4,4,35920,8980.000,0,0,0,0,6.500
decode,real,2896,3635841680073185635,0,0,0,0,4,4,35924,8981.000,0,0,0,0,6.472
decode,real,2897,3635841680073185635,0,0,0,0,4,4,35928,8982.000,0,0,0,0,6.506
decode,real,2898,3635841680073185635,0,0,0,0,4,4,35932,8983.000,0,0,0,0,6.512
decode,real,2899,3635841680073185635,0,0,0,0,4,4,35936,8984.000,0,0,0,0,6.509
decode,real,2900,3635841680073185635,0,0,0,0,4,4,35940,8985.000,0,0,0,0,6.492
decode,real,2901,3635841680073185635,0,0,0,0,4,4,35944,8986.000,0,0,0,0,6.500
decode,real,2902,3635841680073185635,0,0,0,0,4,4,35948,8987.000,0,0,0,0,6.508
decode,real,2903,3635841680073185635,0,0,0,0,4,4,35952,8988.000,0,0,0,0,6.504
decode,real,2904,3635841680073185635,0,0,0,0,4,4,35956,8989.000,0,0,0,0,6.491
decode,real,2905,3635841680073185635,0,0,0,0,4,4,35960,8990.000,0,0,0,0,6.488
decode,real,2906,3635841680073185635,0,0,0,0,4,4,35964,8991.000,0,0,0,0,6.496
decode,real,2907,3635841680073185635,0,0,0,0,4,4,35968,8992.000,0,0,0,0,6.510
decode,real,2908,3635841680073185635,0,0,0,0,4,4,35972,8993.000,0,0,0,0,6.492
decode,real,2909,3635841680073185635,0,0,0,0,4,4,35976,8994.000,0,0,0,0,6.523
decode,real,2910,3635841680073185635,0,0,0,0,4,4,35980,8995.000,0,0,0,0,6.474
decode,real,2911,3635841680073185635,0,0,0,0,4,4,35984,8996.000,0,0,0,0,6.508
decode,real,2912,3635841680073185635,0,0,0,0,4,4,35988,8997.000,0,0,0,0,6.483
decode,real,2913,3635841680073185635,0,0,0,0,4,4,35992,8998.000,0,0,0,0,6.528
decode,real,2914,3635841680073185635,0,0,0,0,4,4,35996,8999.000,0,0,0,0,6.491
decode,real,2915,3635841680073185635,0,0,0,0,4,4,36000,9000.000,0,0,0,0,6.518
decode,real,2916,3635841680073185635,0,0,0,0,4,4,36004,9001.000,0,0,0,0,6.481
decode,real,2917,3635841680073185635,0,0,0,0,4,4,36008,9002.000,0,0,0,0,6.497
decode,real,2918,3635841680073185635,0,0,0,0,4,4,36012,9003.000,0,0,0,0,6.515
decode,real,2919,3635841680073185635,0,0,0,0,4,4,36016,9004.000,0,0,0,0,6.498
decode,real,2920,3635841680073185635,0,0,0,0,4,4,36020,9005.000,0,0,0,0,6.490
decode,real,2921,3635841680073185635,0,0,0,0,4,4,36024,9006.000,0,0,0,0,6.499
decode,real,2922,3635841680073185635,0,0,0,0,4,4,36028,9007.000,0,0,0,0,6.518
decode,real,2923,3635841680073185635,0,0,0,0,4,4,36032,9008.000,0,0,0,0,6.485
decode,real,2924,3635841680073185635,0,0,0,0,4,4,36036,9009.000,0,0,0,0,6.527
decode,real,2925,3635841680073185635,0,0,0,0,4,4,36040,9010.000,0,0,0,0,6.476
decode,real,2926,3635841680073185635,0,0,0,0,4,4,36044,9011.000,0,0,0,0,6.494
decode,real,2927,3635841680073185635,0,0,0,0,4,4,36048,9012.000,0,0,0,0,6.503
decode,real,2928,3635841680073185635,0,0,0,0,4,4,36052,9013.000,0,0,0,0,6.500
decode,real,2929,3635841680073185635,0,0,0,0,4,4,36056,9014.000,0,0,0,0,6.485
decode,real,2930,3635841680073185635,0,0,0,0,4,4,36060,9015.000,0,0,0,0,6.492
decode,real,2931,3635841680073185635,0,0,0,0,4,4,36064,9016.000,0,0,0,0,6.494
decode,real,2932,3635841680073185635,0,0,0,0,4,4,36068,9017.000,0,0,0,0,6.496
decode,real,2933,3635841680073185635,0,0,0,0,4,4,36072,9018.000,0,0,0,0,6.511
decode,real,2934,3635841680073185635,0,0,0,0,4,4,36076,9019.000,0,0,0,0,6.498
decode,real,2935,3635841680073185635,0,0,0,0,4,4,36080,9020.000,0,0,0,0,6.500
decode,real,2936,3635841680073185635,0,0,0,0,4,4,36084,9021.000,0,0,0,0,6.518
decode,real,2937,3635841680073185635,0,0,0,0,4,4,36088,9022.000,0,0,0,0,6.470
decode,real,2938,3635841680073185635,0,0,0,0,4,4,36092,9023.000,0,0,0,0,6.503
decode,real,2939,3635841680073185635,0,0,0,0,4,4,36096,9024.000,0,0,0,0,6.508
decode,real,2940,3635841680073185635,0,0,0,0,4,4,36100,9025.000,0,0,0,0,6.485
decode,real,2941,3635841680073185635,0,0,0,0,4,4,36104,9026.000,0,0,0,0,6.501
decode,real,2942,3635841680073185635,0,0,0,0,4,4,36108,9027.000,0,0,0,0,6.500
decode,real,2943,3635841680073185635,0,0,0,0,4,4,36112,9028.000,0,0,0,0,6.519
decode,real,2944,3635841680073185635,0,0,0,0,4,4,36116,9029.000,0,0,0,0,6.475
decode,real,2945,3635841680073185635,0,0,0,0,4,4,36120,9030.000,0,0,0,0,6.498
decode,real,2946,3635841680073185635,0,0,0,0,4,4,36124,9031.000,0,0,0,0,6.503
decode,real,2947,3635841680073185635,0,0,0,0,4,4,36128,9032.000,0,0,0,0,6.508
decode,real,2948,3635841680073185635,0,0,0,0,4,4,36132,9033.000,0,0,0,0,6.510
decode,real,2949,3635841680073185635,0,0,0,0,4,4,36136,9034.000,0,0,0,0,6.462
decode,real,2950,3635841680073185635,0,0,0,0,4,4,36140,9035.000,0,0,0,0,6.501
decode,real,2951,3635841680073185635,0,0,0,0,4,4,36144,9036.000,0,0,0,0,6.534
decode,real,2952,3635841680073185635,0,0,0,0,4,4,36148,9037.000,0,0,0,0,6.463
decode,real,2953,3635841680073185635,0,0,0,0,4,4,36152,9038.000,0,0,0,0,6.519
decode,real,2954,3635841680073185635,0,0,0,0,4,4,36156,9039.000,0,0,0,0,6.520
decode,real,2955,3635841680073185635,0,0,0,0,4,4,36160,9040.000,0,0,0,0,6.469
decode,real,2956,3635841680073185635,0,0,0,0,4,4,36164,9041.000,0,0,0,0,6.511
decode,real,2957,3635841680073185635,0,0,0,0,4,4,36168,9042.000,0,0,0,0,6.503
decode,real,2958,3635841680073185635,0,0,0,0,4,4,36172,9043.000,0,0,0,0,6.494
decode,real,2959,3635841680073185635,0,0,0,0,4,4,36176,9044.000,0,0,0,0,6.509
decode,real,2960,3635841680073185635,0,0,0,0,4,4,36180,9045.000,0,0,0,0,6.498
decode,real,2961,3635841680073185635,0,0,0,0,4,4,36184,9046.000,0,0,0,0,6.487
decode,real,2962,3635841680073185635,0,0,0,0,4,4,36188,9047.000,0,0,0,0,6.507
decode,real,2963,3635841680073185635,0,0,0,0,4,4,36192,9048.000,0,0,0,0,6.524
decode,real,2964,3635841680073185635,0,0,0,0,4,4,36196,9049.000,0,0,0,0,6.498
decode,real,2965,3635841680073185635,0,0,0,0,4,4,36200,9050.000,0,0,0,0,6.485
decode,real,2966,3635841680073185635,0,0,0,0,4,4,36204,9051.000,0,0,0,0,6.510
decode,real,2967,3635841680073185635,0,0,0,0,4,4,36208,9052.000,0,0,0,0,6.481
decode,real,2968,3635841680073185635,0,0,0,0,4,4,36212,9053.000,0,0,0,0,6.524
decode,real,2969,3635841680073185635,0,0,0,0,4,4,36216,9054.000,0,0,0,0,6.487
decode,real,2970,3635841680073185635,0,0,0,0,4,4,36220,9055.000,0,0,0,0,6.507
decode,real,2971,3635841680073185635,0,0,0,0,4,4,36224,9056.000,0,0,0,0,6.516
decode,real,2972,3635841680073185635,0,0,0,0,4,4,36228,9057.000,0,0,0,0,6.476
decode,real,2973,3635841680073185635,0,0,0,0,4,4,36232,9058.000,0,0,0,0,6.502
decode,real,2974,3635841680073185635,0,0,0,0,4,4,36236,9059.000,0,0,0,0,6.499
decode,real,2975,3635841680073185635,0,0,0,0,4,4,36240,9060.000,0,0,0,0,6.516
decode,real,2976,3635841680073185635,0,0,0,0,4,4,36244,9061.000,0,0,0,0,6.463
decode,real,2977,3635841680073185635,0,0,0,0,4,4,36248,9062.000,0,0,0,0,6.538
decode,real,2978,3635841680073185635,0,0,0,0,4,4,36252,9063.000,0,0,0,0,6.486
decode,real,2979,3635841680073185635,0,0,0,0,4,4,36256,9064.000,0,0,0,0,6.520
decode,real,2980,3635841680073185635,0,0,0,0,4,4,36260,9065.000,0,0,0,0,6.483
decode,real,2981,3635841680073185635,0,0,0,0,4,4,36264,9066.000,0,0,0,0,6.522
decode,real,2982,3635841680073185635,0,0,0,0,4,4,36268,9067.000,0,0,0,0,6.490
decode,real,2983,3635841680073185635,0,0,0,0,4,4,36272,9068.000,0,0,0,0,6.526
decode,real,2984,3635841680073185635,0,0,0,0,4,4,36276,9069.000,0,0,0,0,6.496
decode,real,2985,3635841680073185635,0,0,0,0,4,4,36280,9070.000,0,0,0,0,6.488
decode,real,2986,3635841680073185635,0,0,0,0,4,4,36284,9071.000,0,0,0,0,6.675
decode,real,2987,3635841680073185635,0,0,0,0,4,4,36288,9072.000,0,0,0,0,6.366
decode,real,2988,3635841680073185635,0,0,0,0,4,4,36292,9073.000,0,0,0,0,6.483
decode,real,2989,3635841680073185635,0,0,0,0,4,4,36296,9074.000,0,0,0,0,6.494
decode,real,2990,3635841680073185635,0,0,0,0,4,4,36300,9075.000,0,0,0,0,6.498
decode,real,2991,3635841680073185635,0,0,0,0,4,4,36304,9076.000,0,0,0,0,6.516
decode,real,2992,3635841680073185635,0,0,0,0,4,4,36308,9077.000,0,0,0,0,6.482
decode,real,2993,3635841680073185635,0,0,0,0,4,4,36312,9078.000,0,0,0,0,6.496
decode,real,2994,3635841680073185635,0,0,0,0,4,4,36316,9079.000,0,0,0,0,6.506
decode,real,2995,3635841680073185635,0,0,0,0,4,4,36320,9080.000,0,0,0,0,6.524
decode,real,2996,3635841680073185635,0,0,0,0,4,4,36324,9081.000,0,0,0,0,6.477
decode,real,2997,3635841680073185635,0,0,0,0,4,4,36328,9082.000,0,0,0,0,6.502
decode,real,2998,3635841680073185635,0,0,0,0,4,4,36332,9083.000,0,0,0,0,6.482
decode,real,2999,3635841680073185635,0,0,0,0,4,4,36336,9084.000,0,0,0,0,6.520
decode,real,3000,3635841680073185635,0,0,0,0,4,4,36340,9085.000,0,0,0,0,6.504
decode,real,3001,3635841680073185635,0,0,0,0,4,4,36344,9086.000,0,0,0,0,6.497
decode,real,3002,3635841680073185635,0,0,0,0,4,4,36348,9087.000,0,0,0,0,6.488
decode,real,3003,3635841680073185635,0,0,0,0,4,4,36352,9088.000,0,0,0,0,6.507
decode,real,3004,3635841680073185635,0,0,0,0,4,4,36356,9089.000,0,0,0,0,6.488
decode,real,3005,3635841680073185635,0,0,0,0,4,4,36360,9090.000,0,0,0,0,6.500
decode,real,3006,3635841680073185635,0,0,0,0,4,4,36364,9091.000,0,0,0,0,6.497
decode,real,3007,3635841680073185635,0,0,0,0,4,4,36368,9092.000,0,0,0,0,6.518
decode,real,3008,3635841680073185635,0,0,0,0,4,4,36372,9093.000,0,0,0,0,6.469
decode,real,3009,3635841680073185635,0,0,0,0,4,4,36376,9094.000,0,0,0,0,6.486
decode,real,3010,3635841680073185635,0,0,0,0,4,4,36380,9095.000,0,0,0,0,6.518
decode,real,3011,3635841680073185635,0,0,0,0,4,4,36384,9096.000,0,0,0,0,6.491
decode,real,3012,3635841680073185635,0,0,0,0,4,4,36388,9097.000,0,0,0,0,6.496
decode,real,3013,3635841680073185635,0,0,0,0,4,4,36392,9098.000,0,0,0,0,6.474
decode,real,3014,3635841680073185635,0,0,0,0,4,4,36396,9099.000,0,0,0,0,6.504
decode,real,3015,3635841680073185635,0,0,0,0,4,4,36400,9100.000,0,0,0,0,6.515
decode,real,3016,3635841680073185635,0,0,0,0,4,4,36404,9101.000,0,0,0,0,6.495
decode,real,3017,3635841680073185635,0,0,0,0,4,4,36408,9102.000,0,0,0,0,6.496
decode,real,3018,3635841680073185635,0,0,0,0,4,4,36412,9103.000,0,0,0,0,6.501
decode,real,3019,3635841680073185635,0,0,0,0,4,4,36416,9104.000,0,0,0,0,6.497
decode,real,3020,3635841680073185635,0,0,0,0,4,4,36420,9105.000,0,0,0,0,6.497
decode,real,3021,3635841680073185635,0,0,0,0,4,4,36424,9106.000,0,0,0,0,6.499
decode,real,3022,3635841680073185635,0,0,0,0,4,4,36428,9107.000,0,0,0,0,6.500
decode,real,3023,3635841680073185635,0,0,0,0,4,4,36432,9108.000,0,0,0,0,6.494
decode,real,3024,3635841680073185635,0,0,0,0,4,4,36436,9109.000,0,0,0,0,6.489
decode,real,3025,3635841680073185635,0,0,0,0,4,4,36440,9110.000,0,0,0,0,6.514
decode,real,3026,3635841680073185635,0,0,0,0,4,4,36444,9111.000,0,0,0,0,6.489
decode,real,3027,3635841680073185635,0,0,0,0,4,4,36448,9112.000,0,0,0,0,6.516
decode,real,3028,3635841680073185635,0,0,0,0,4,4,36452,9113.000,0,0,0,0,6.520
decode,real,3029,3635841680073185635,0,0,0,0,4,4,36456,9114.000,0,0,0,0,6.470
decode,real,3030,3635841680073185635,0,0,0,0,4,4,36460,9115.000,0,0,0,0,6.519
decode,real,3031,3635841680073185635,0,0,0,0,4,4,36464,9116.000,0,0,0,0,6.494
decode,real,3032,3635841680073185635,0,0,0,0,4,4,36468,9117.000,0,0,0,0,6.503
decode,real,3033,3635841680073185635,0,0,0,0,4,4,36472,9118.000,0,0,0,0,6.492
decode,real,3034,3635841680073185635,0,0,0,0,4,4,36476,9119.000,0,0,0,0,6.500
decode,real,3035,3635841680073185635,0,0,0,0,4,4,36480,9120.000,0,0,0,0,6.506
decode,real,3036,3635841680073185635,0,0,0,0,4,4,36484,9121.000,0,0,0,0,6.499
decode,real,3037,3635841680073185635,0,0,0,0,4,4,36488,9122.000,0,0,0,0,6.485
decode,real,3038,3635841680073185635,0,0,0,0,4,4,36492,9123.000,0,0,0,0,6.519
decode,real,3039,3635841680073185635,0,0,0,0,4,4,36496,9124.000,0,0,0,0,6.500
decode,real,3040,3635841680073185635,0,0,0,0,4,4,36500,9125.000,0,0,0,0,6.516
decode,real,3041,3635841680073185635,0,0,0,0,4,4,36504,9126.000,0,0,0,0,6.484
decode,real,3042,3635841680073185635,0,0,0,0,4,4,36508,9127.000,0,0,0,0,6.557
decode,real,3043,3635841680073185635,0,0,0,0,4,4,36512,9128.000,0,0,0,0,6.480
decode,real,3044,3635841680073185635,0,0,0,0,4,4,36516,9129.000,0,0,0,0,6.482
decode,real,3045,3635841680073185635,0,0,0,0,4,4,36520,9130.000,0,0,0,0,6.480
decode,real,3046,3635841680073185635,0,0,0,0,4,4,36524,9131.000,0,0,0,0,6.516
decode,real,3047,3635841680073185635,0,0,0,0,4,4,36528,9132.000,0,0,0,0,6.530
decode,real,3048,3635841680073185635,0,0,0,0,4,4,36532,9133.000,0,0,0,0,6.488
decode,real,3049,3635841680073185635,0,0,0,0,4,4,36536,9134.000,0,0,0,0,6.491
decode,real,3050,3635841680073185635,0,0,0,0,4,4,36540,9135.000,0,0,0,0,6.501
decode,real,3051,3635841680073185635,0,0,0,0,4,4,36544,9136.000,0,0,0,0,6.503
decode,real,3052,3635841680073185635,0,0,0,0,4,4,36548,9137.000,0,0,0,0,6.504
decode,real,3053,3635841680073185635,0,0,0,0,4,4,36552,9138.000,0,0,0,0,6.522
decode,real,3054,3635841680073185635,0,0,0,0,4,4,36556,9139.000,0,0,0,0,6.448
decode,real,3055,3635841680073185635,0,0,0,0,4,4,36560,9140.000,0,0,0,0,6.537
decode,real,3056,3635841680073185635,0,0,0,0,4,4,36564,9141.000,0,0,0,0,6.460
decode,real,3057,3635841680073185635,0,0,0,0,4,4,36568,9142.000,0,0,0,0,6.500
decode,real,3058,3635841680073185635,0,0,0,0,4,4,36572,9143.000,0,0,0,0,6.497
decode,real,3059,3635841680073185635,0,0,0,0,4,4,36576,9144.000,0,0,0,0,6.509
decode,real,3060,3635841680073185635,0,0,0,0,4,4,36580,9145.000,0,0,0,0,6.493
decode,real,3061,3635841680073185635,0,0,0,0,4,4,36584,9146.000,0,0,0,0,6.508
decode,real,3062,3635841680073185635,0,0,0,0,4,4,36588,9147.000,0,0,0,0,6.516
decode,real,3063,3635841680073185635,0,0,0,0,4,4,36592,9148.000,0,0,0,0,6.473
decode,real,3064,3635841680073185635,0,0,0,0,4,4,36596,9149.000,0,0,0,0,6.505
decode,real,3065,3635841680073185635,0,0,0,0,4,4,36600,9150.000,0,0,0,0,6.510
decode,real,3066,3635841680073185635,0,0,0,0,4,4,36604,9151.000,0,0,0,0,6.507
decode,real,3067,3635841680073185635,0,0,0,0,4,4,36608,9152.000,0,0,0,0,6.482
decode,real,3068,3635841680073185635,0,0,0,0,4,4,36612,9153.000,0,0,0,0,6.488
decode,real,3069,3635841680073185635,0,0,0,0,4,4,36616,9154.000,0,0,0,0,6.508
decode,real,3070,3635841680073185635,0,0,0,0,4,4,36620,9155.000,0,0,0,0,6.511
decode,real,3071,3635841680073185635,0,0,0,0,4,4,36624,9156.000,0,0,0,0,6.481
decode,real,3072,3635841680073185635,0,0,0,0,4,4,36628,9157.000,0,0,0,0,6.514
decode,real,3073,3635841680073185635,0,0,0,0,4,4,36632,9158.000,0,0,0,0,6.485
decode,real,3074,3635841680073185635,0,0,0,0,4,4,36636,9159.000,0,0,0,0,6.505
decode,real,3075,3635841680073185635,0,0,0,0,4,4,36640,9160.000,0,0,0,0,6.503
decode,real,3076,3635841680073185635,0,0,0,0,4,4,36644,9161.000,0,0,0,0,6.512
decode,real,3077,3635841680073185635,0,0,0,0,4,4,36648,9162.000,0,0,0,0,6.476
decode,real,3078,3635841680073185635,0,0,0,0,4,4,36652,9163.000,0,0,0,0,6.529
decode,real,3079,3635841680073185635,0,0,0,0,4,4,36656,9164.000,0,0,0,0,6.496
decode,real,3080,3635841680073185635,0,0,0,0,4,4,36660,9165.000,0,0,0,0,6.498
decode,real,3081,3635841680073185635,0,0,0,0,4,4,36664,9166.000,0,0,0,0,6.488
decode,real,3082,3635841680073185635,0,0,0,0,4,4,36668,9167.000,0,0,0,0,6.509
decode,real,3083,3635841680073185635,0,0,0,0,4,4,36672,9168.000,0,0,0,0,6.515
decode,real,3084,3635841680073185635,0,0,0,0,4,4,36676,9169.000,0,0,0,0,6.492
decode,real,3085,3635841680073185635,0,0,0,0,4,4,36680,9170.000,0,0,0,0,6.504
decode,real,3086,3635841680073185635,0,0,0,0,4,4,36684,9171.000,0,0,0,0,6.488
decode,real,3087,3635841680073185635,0,0,0,0,4,4,36688,9172.000,0,0,0,0,6.489
decode,real,3088,3635841680073185635,0,0,0,0,4,4,36692,9173.000,0,0,0,0,6.500
decode,real,3089,3635841680073185635,0,0,0,0,4,4,36696,9174.000,0,0,0,0,6.506
decode,real,3090,3635841680073185635,0,0,0,0,4,4,36700,9175.000,0,0,0,0,6.503
decode,real,3091,3635841680073185635,0,0,0,0,4,4,36704,9176.000,0,0,0,0,6.510
decode,real,3092,3635841680073185635,0,0,0,0,4,4,36708,9177.000,0,0,0,0,6.491
decode,real,3093,3635841680073185635,0,0,0,0,4,4,36712,9178.000,0,0,0,0,6.498
decode,real,3094,3635841680073185635,0,0,0,0,4,4,36716,9179.000,0,0,0,0,6.534
decode,real,3095,3635841680073185635,0,0,0,0,4,4,36720,9180.000,0,0,0,0,6.502
decode,real,3096,3635841680073185635,0,0,0,0,4,4,36724,9181.000,0,0,0,0,6.474
decode,real,3097,3635841680073185635,0,0,0,0,4,4,36728,9182.000,0,0,0,0,6.516
decode,real,3098,3635841680073185635,0,0,0,0,4,4,36732,9183.000,0,0,0,0,6.485
decode,real,3099,3635841680073185635,0,0,0,0,4,4,36736,9184.000,0,0,0,0,6.515
decode,real,3100,3635841680073185635,0,0,0,0,4,4,36740,9185.000,0,0,0,0,6.480
decode,real,3101,3635841680073185635,0,0,0,0,4,4,36744,9186.000,0,0,0,0,6.545
decode,real,3102,3635841680073185635,0,0,0,0,4,4,36748,9187.000,0,0,0,0,6.463
decode,real,3103,3635841680073185635,0,0,0,0,4,4,36752,9188.000,0,0,0,0,6.515
decode,real,3104,3635841680073185635,0,0,0,0,4,4,36756,9189.000,0,0,0,0,6.478
decode,real,3105,3635841680073185635,0,0,0,0,4,4,36760,9190.000,0,0,0,0,6.518
decode,real,3106,3635841680073185635,0,0,0,0,4,4,36764,9191.000,0,0,0,0,6.508
decode,real,3107,3635841680073185635,0,0,0,0,4,4,36768,9192.000,0,0,0,0,6.511
decode,real,3108,3635841680073185635,0,0,0,0,4,4,36772,9193.000,0,0,0,0,6.515
decode,real,3109,3635841680073185635,0,0,0,0,4,4,36776,9194.000,0,0,0,0,6.506
decode,real,3110,3635841680073185635,0,0,0,0,4,4,36780,9195.000,0,0,0,0,6.478
decode,real,3111,3635841680073185635,0,0,0,0,4,4,36784,9196.000,0,0,0,0,6.520
decode,real,3112,3635841680073185635,0,0,0,0,4,4,36788,9197.000,0,0,0,0,6.496
decode,real,3113,3635841680073185635,0,0,0,0,4,4,36792,9198.000,0,0,0,0,6.497
decode,real,3114,3635841680073185635,0,0,0,0,4,4,36796,9199.000,0,0,0,0,6.500
decode,real,3115,3635841680073185635,0,0,0,0,4,4,36800,9200.000,0,0,0,0,6.497
decode,real,3116,3635841680073185635,0,0,0,0,4,4,36804,9201.000,0,0,0,0,6.496
decode,real,3117,3635841680073185635,0,0,0,0,4,4,36808,9202.000,0,0,0,0,6.513
decode,real,3118,3635841680073185635,0,0,0,0,4,4,36812,9203.000,0,0,0,0,6.495
decode,real,3119,3635841680073185635,0,0,0,0,4,4,36816,9204.000,0,0,0,0,6.504
decode,real,3120,3635841680073185635,0,0,0,0,4,4,36820,9205.000,0,0,0,0,6.506
decode,real,3121,3635841680073185635,0,0,0,0,4,4,36824,9206.000,0,0,0,0,6.540
decode,real,3122,3635841680073185635,0,0,0,0,4,4,36828,9207.000,0,0,0,0,6.465
decode,real,3123,3635841680073185635,0,0,0,0,4,4,36832,9208.000,0,0,0,0,6.930
decode,real,3124,3635841680073185635,0,0,0,0,3,3,27621,9207.000,0,0,0,0,5.970
decode,real,3125,3635841680073185635,0,0,0,0,3,3,27624,9208.000,0,0,0,0,6.427
decode,real,3126,3635841680073185635,0,0,0,0,3,3,27627,9209.000,0,0,0,0,6.398
decode,real,3127,3635841680073185635,0,0,0,0,3,3,27630,9210.000,0,0,0,0,6.701
decode,real,3128,3635841680073185635,0,0,0,0,2,2,18418,9209.000,0,0,0,0,5.928
decode,real,3129,3635841680073185635,0,0,0,0,2,2,18420,9210.000,0,0,0,0,6.229
decode,real,3130,3635841680073185635,0,0,0,0,2,2,18422,9211.000,0,0,0,0,6.197
decode,real,3131,3635841680073185635,0,0,0,0,2,2,18424,9212.000,0,0,0,0,6.502
decode,real,3132,3635841680073185635,0,0,0,0,1,1,9211,9211.000,0,0,0,0,5.853
decode,real,3133,3635841680073185635,0,0,0,0,1,1,9212,9212.000,0,0,0,0,6.101
decode,real,3134,3635841680073185635,0,0,0,0,1,1,9213,9213.000,0,0,0,0,6.105
decode,real,3135,3635841680073185635,0,0,0,0,1,1,9214,9214.000,0,0,0,0,6.158
