phase,workload_segment,counter_id,worker_id,dp_rank,sum_prefill_tokens,num_prefill_requests,sum_prefill_kv_tokens,var_prefill_length,num_decode_requests,sum_decode_kv_tokens,var_decode_kv_tokens,queued_prefill_requests,queued_prefill_tokens,queued_var_prefill_length,queued_decode_requests,queued_decode_kv_tokens,queued_var_decode_kv_tokens,latency_ms
context,real,1066,3635841680073185635,0,2048,1,0,0.000,0,0,0.000,1,8192,0.000,0,0,0.000,52.588
context,real,1067,3635841680073185635,0,2048,1,2048,0.000,0,0,0.000,3,24576,0.000,0,0,0.000,46.978
context,real,1068,3635841680073185635,0,2048,1,4096,0.000,0,0,0.000,3,24576,0.000,0,0,0.000,48.631
context,real,1069,3635841680073185635,0,2048,1,6144,0.000,0,0,0.000,2,16384,0.000,0,0,0.000,50.415
mixed,real,1070,3635841680073185635,0,2047,1,0,0.000,1,8192,0.000,2,16384,0.000,0,0,0.000,50.512
mixed,real,1071,3635841680073185635,0,2047,1,2047,0.000,1,8193,0.000,2,16384,0.000,0,0,0.000,50.522
mixed,real,1072,3635841680073185635,0,2047,1,4094,0.000,1,8194,0.000,2,16384,0.000,0,0,0.000,50.692
mixed,real,1073,3635841680073185635,0,2047,1,6141,0.000,1,8195,0.000,1,8192,0.000,0,0,0.000,51.016
mixed,real,1074,3635841680073185635,0,2047,2,8188,0.000,1,8196,0.000,1,8192,0.000,0,0,0.000,51.641
mixed,real,1075,3635841680073185635,0,2046,1,2043,0.000,2,16389,6.250,1,8192,0.000,0,0,0.000,53.243
mixed,real,1076,3635841680073185635,0,2046,1,4089,0.000,2,16391,6.250,1,8192,0.000,0,0,0.000,52.708
mixed,real,1077,3635841680073185635,0,2046,1,6135,0.000,2,16393,6.250,0,0,0.000,0,0,0.000,52.621
mixed,real,1078,3635841680073185635,0,2046,2,8181,0.000,2,16395,6.250,0,0,0.000,0,0,0.000,52.687
mixed,real,1079,3635841680073185635,0,2045,1,2035,0.000,3,24589,13.556,0,0,0.000,0,0,0.000,52.448
mixed,real,1080,3635841680073185635,0,2045,1,4080,0.000,3,24592,13.556,0,0,0.000,0,0,0.000,53.178
mixed,real,1081,3635841680073185635,0,2045,1,6125,0.000,3,24595,13.556,0,0,0.000,0,0,0.000,52.602
mixed,real,1082,3635841680073185635,0,22,1,8170,0.000,3,24598,13.556,0,0,0.000,0,0,0.000,8.146
decode,real,1083,3635841680073185635,0,0,0,0,0.000,4,32793,23.188,0,0,0.000,0,0,0.000,6.611
decode,real,1084,3635841680073185635,0,0,0,0,0.000,4,32797,23.188,0,0,0.000,0,0,0.000,6.678
decode,real,1085,3635841680073185635,0,0,0,0,0.000,4,32801,23.188,0,0,0.000,0,0,0.000,6.620
decode,real,1086,3635841680073185635,0,0,0,0,0.000,4,32805,23.188,0,0,0.000,0,0,0.000,6.578
decode,real,1087,3635841680073185635,0,0,0,0,0.000,4,32809,23.188,0,0,0.000,0,0,0.000,6.574
decode,real,1088,3635841680073185635,0,0,0,0,0.000,4,32813,23.188,0,0,0.000,0,0,0.000,6.572
decode,real,1089,3635841680073185635,0,0,0,0,0.000,4,32817,23.188,0,0,0.000,0,0,0.000,6.615
decode,real,1090,3635841680073185635,0,0,0,0,0.000,4,32821,23.188,0,0,0.000,0,0,0.000,6.556
decode,real,1091,3635841680073185635,0,0,0,0,0.000,4,32825,23.188,0,0,0.000,0,0,0.000,6.573
decode,real,1092,3635841680073185635,0,0,0,0,0.000,4,32829,23.188,0,0,0.000,0,0,0.000,6.550
decode,real,1093,3635841680073185635,0,0,0,0,0.000,4,32833,23.188,0,0,0.000,0,0,0.000,6.565
decode,real,1094,3635841680073185635,0,0,0,0,0.000,4,32837,23.188,0,0,0.000,0,0,0.000,6.569
decode,real,1095,3635841680073185635,0,0,0,0,0.000,4,32841,23.188,0,0,0.000,0,0,0.000,6.540
decode,real,1096,3635841680073185635,0,0,0,0,0.000,4,32845,23.188,0,0,0.000,0,0,0.000,6.540
decode,real,1097,3635841680073185635,0,0,0,0,0.000,4,32849,23.188,0,0,0.000,0,0,0.000,6.608
decode,real,1098,3635841680073185635,0,0,0,0,0.000,4,32853,23.188,0,0,0.000,0,0,0.000,6.595
decode,real,1099,3635841680073185635,0,0,0,0,0.000,4,32857,23.188,0,0,0.000,0,0,0.000,6.482
decode,real,1100,3635841680073185635,0,0,0,0,0.000,4,32861,23.188,0,0,0.000,0,0,0.000,6.576
decode,real,1101,3635841680073185635,0,0,0,0,0.000,4,32865,23.188,0,0,0.000,0,0,0.000,6.532
decode,real,1102,3635841680073185635,0,0,0,0,0.000,4,32869,23.188,0,0,0.000,0,0,0.000,6.557
decode,real,1103,3635841680073185635,0,0,0,0,0.000,4,32873,23.188,0,0,0.000,0,0,0.000,6.537
decode,real,1104,3635841680073185635,0,0,0,0,0.000,4,32877,23.188,0,0,0.000,0,0,0.000,6.538
decode,real,1105,3635841680073185635,0,0,0,0,0.000,4,32881,23.188,0,0,0.000,0,0,0.000,6.519
decode,real,1106,3635841680073185635,0,0,0,0,0.000,4,32885,23.188,0,0,0.000,0,0,0.000,6.525
decode,real,1107,3635841680073185635,0,0,0,0,0.000,4,32889,23.188,0,0,0.000,0,0,0.000,6.459
decode,real,1108,3635841680073185635,0,0,0,0,0.000,4,32893,23.188,0,0,0.000,0,0,0.000,6.511
decode,real,1109,3635841680073185635,0,0,0,0,0.000,4,32897,23.188,0,0,0.000,0,0,0.000,6.522
decode,real,1110,3635841680073185635,0,0,0,0,0.000,4,32901,23.188,0,0,0.000,0,0,0.000,6.483
decode,real,1111,3635841680073185635,0,0,0,0,0.000,4,32905,23.188,0,0,0.000,0,0,0.000,6.507
decode,real,1112,3635841680073185635,0,0,0,0,0.000,4,32909,23.188,0,0,0.000,0,0,0.000,6.512
decode,real,1113,3635841680073185635,0,0,0,0,0.000,4,32913,23.188,0,0,0.000,0,0,0.000,6.508
decode,real,1114,3635841680073185635,0,0,0,0,0.000,4,32917,23.188,0,0,0.000,0,0,0.000,6.488
decode,real,1115,3635841680073185635,0,0,0,0,0.000,4,32921,23.188,0,0,0.000,0,0,0.000,6.494
decode,real,1116,3635841680073185635,0,0,0,0,0.000,4,32925,23.188,0,0,0.000,0,0,0.000,6.508
decode,real,1117,3635841680073185635,0,0,0,0,0.000,4,32929,23.188,0,0,0.000,0,0,0.000,6.477
decode,real,1118,3635841680073185635,0,0,0,0,0.000,4,32933,23.188,0,0,0.000,0,0,0.000,6.513
decode,real,1119,3635841680073185635,0,0,0,0,0.000,4,32937,23.188,0,0,0.000,0,0,0.000,6.481
decode,real,1120,3635841680073185635,0,0,0,0,0.000,4,32941,23.188,0,0,0.000,0,0,0.000,6.498
decode,real,1121,3635841680073185635,0,0,0,0,0.000,4,32945,23.188,0,0,0.000,0,0,0.000,6.486
decode,real,1122,3635841680073185635,0,0,0,0,0.000,4,32949,23.188,0,0,0.000,0,0,0.000,6.462
decode,real,1123,3635841680073185635,0,0,0,0,0.000,4,32953,23.188,0,0,0.000,0,0,0.000,6.472
decode,real,1124,3635841680073185635,0,0,0,0,0.000,4,32957,23.188,0,0,0.000,0,0,0.000,6.500
decode,real,1125,3635841680073185635,0,0,0,0,0.000,4,32961,23.188,0,0,0.000,0,0,0.000,6.472
decode,real,1126,3635841680073185635,0,0,0,0,0.000,4,32965,23.188,0,0,0.000,0,0,0.000,6.505
decode,real,1127,3635841680073185635,0,0,0,0,0.000,4,32969,23.188,0,0,0.000,0,0,0.000,6.442
decode,real,1128,3635841680073185635,0,0,0,0,0.000,4,32973,23.188,0,0,0.000,0,0,0.000,6.481
decode,real,1129,3635841680073185635,0,0,0,0,0.000,4,32977,23.188,0,0,0.000,0,0,0.000,6.471
decode,real,1130,3635841680073185635,0,0,0,0,0.000,4,32981,23.188,0,0,0.000,0,0,0.000,6.467
decode,real,1131,3635841680073185635,0,0,0,0,0.000,4,32985,23.188,0,0,0.000,0,0,0.000,6.456
decode,real,1132,3635841680073185635,0,0,0,0,0.000,4,32989,23.188,0,0,0.000,0,0,0.000,6.486
decode,real,1133,3635841680073185635,0,0,0,0,0.000,4,32993,23.188,0,0,0.000,0,0,0.000,6.505
decode,real,1134,3635841680073185635,0,0,0,0,0.000,4,32997,23.188,0,0,0.000,0,0,0.000,6.418
decode,real,1135,3635841680073185635,0,0,0,0,0.000,4,33001,23.188,0,0,0.000,0,0,0.000,6.461
decode,real,1136,3635841680073185635,0,0,0,0,0.000,4,33005,23.188,0,0,0.000,0,0,0.000,6.472
decode,real,1137,3635841680073185635,0,0,0,0,0.000,4,33009,23.188,0,0,0.000,0,0,0.000,6.478
decode,real,1138,3635841680073185635,0,0,0,0,0.000,4,33013,23.188,0,0,0.000,0,0,0.000,6.446
decode,real,1139,3635841680073185635,0,0,0,0,0.000,4,33017,23.188,0,0,0.000,0,0,0.000,6.450
decode,real,1140,3635841680073185635,0,0,0,0,0.000,4,33021,23.188,0,0,0.000,0,0,0.000,6.443
decode,real,1141,3635841680073185635,0,0,0,0,0.000,4,33025,23.188,0,0,0.000,0,0,0.000,6.482
decode,real,1142,3635841680073185635,0,0,0,0,0.000,4,33029,23.188,0,0,0.000,0,0,0.000,6.425
decode,real,1143,3635841680073185635,0,0,0,0,0.000,4,33033,23.188,0,0,0.000,0,0,0.000,6.479
decode,real,1144,3635841680073185635,0,0,0,0,0.000,4,33037,23.188,0,0,0.000,0,0,0.000,6.459
decode,real,1145,3635841680073185635,0,0,0,0,0.000,4,33041,23.188,0,0,0.000,0,0,0.000,6.445
decode,real,1146,3635841680073185635,0,0,0,0,0.000,4,33045,23.188,0,0,0.000,0,0,0.000,6.440
decode,real,1147,3635841680073185635,0,0,0,0,0.000,4,33049,23.188,0,0,0.000,0,0,0.000,6.470
decode,real,1148,3635841680073185635,0,0,0,0,0.000,4,33053,23.188,0,0,0.000,0,0,0.000,6.452
decode,real,1149,3635841680073185635,0,0,0,0,0.000,4,33057,23.188,0,0,0.000,0,0,0.000,6.456
decode,real,1150,3635841680073185635,0,0,0,0,0.000,4,33061,23.188,0,0,0.000,0,0,0.000,6.444
decode,real,1151,3635841680073185635,0,0,0,0,0.000,4,33065,23.188,0,0,0.000,0,0,0.000,6.489
decode,real,1152,3635841680073185635,0,0,0,0,0.000,4,33069,23.188,0,0,0.000,0,0,0.000,6.467
decode,real,1153,3635841680073185635,0,0,0,0,0.000,4,33073,23.188,0,0,0.000,0,0,0.000,6.443
decode,real,1154,3635841680073185635,0,0,0,0,0.000,4,33077,23.188,0,0,0.000,0,0,0.000,6.443
decode,real,1155,3635841680073185635,0,0,0,0,0.000,4,33081,23.188,0,0,0.000,0,0,0.000,6.476
decode,real,1156,3635841680073185635,0,0,0,0,0.000,4,33085,23.188,0,0,0.000,0,0,0.000,6.460
decode,real,1157,3635841680073185635,0,0,0,0,0.000,4,33089,23.188,0,0,0.000,0,0,0.000,6.463
decode,real,1158,3635841680073185635,0,0,0,0,0.000,4,33093,23.188,0,0,0.000,0,0,0.000,6.448
decode,real,1159,3635841680073185635,0,0,0,0,0.000,4,33097,23.188,0,0,0.000,0,0,0.000,6.454
decode,real,1160,3635841680073185635,0,0,0,0,0.000,4,33101,23.188,0,0,0.000,0,0,0.000,6.472
decode,real,1161,3635841680073185635,0,0,0,0,0.000,4,33105,23.188,0,0,0.000,0,0,0.000,6.475
decode,real,1162,3635841680073185635,0,0,0,0,0.000,4,33109,23.188,0,0,0.000,0,0,0.000,6.441
decode,real,1163,3635841680073185635,0,0,0,0,0.000,4,33113,23.188,0,0,0.000,0,0,0.000,6.470
decode,real,1164,3635841680073185635,0,0,0,0,0.000,4,33117,23.188,0,0,0.000,0,0,0.000,6.478
decode,real,1165,3635841680073185635,0,0,0,0,0.000,4,33121,23.188,0,0,0.000,0,0,0.000,6.427
decode,real,1166,3635841680073185635,0,0,0,0,0.000,4,33125,23.188,0,0,0.000,0,0,0.000,6.471
decode,real,1167,3635841680073185635,0,0,0,0,0.000,4,33129,23.188,0,0,0.000,0,0,0.000,6.457
decode,real,1168,3635841680073185635,0,0,0,0,0.000,4,33133,23.188,0,0,0.000,0,0,0.000,6.472
decode,real,1169,3635841680073185635,0,0,0,0,0.000,4,33137,23.188,0,0,0.000,0,0,0.000,6.470
decode,real,1170,3635841680073185635,0,0,0,0,0.000,4,33141,23.188,0,0,0.000,0,0,0.000,6.447
decode,real,1171,3635841680073185635,0,0,0,0,0.000,4,33145,23.188,0,0,0.000,0,0,0.000,6.447
decode,real,1172,3635841680073185635,0,0,0,0,0.000,4,33149,23.188,0,0,0.000,0,0,0.000,6.462
decode,real,1173,3635841680073185635,0,0,0,0,0.000,4,33153,23.188,0,0,0.000,0,0,0.000,6.476
decode,real,1174,3635841680073185635,0,0,0,0,0.000,4,33157,23.188,0,0,0.000,0,0,0.000,6.455
decode,real,1175,3635841680073185635,0,0,0,0,0.000,4,33161,23.188,0,0,0.000,0,0,0.000,6.471
decode,real,1176,3635841680073185635,0,0,0,0,0.000,4,33165,23.188,0,0,0.000,0,0,0.000,6.457
decode,real,1177,3635841680073185635,0,0,0,0,0.000,4,33169,23.188,0,0,0.000,0,0,0.000,6.463
decode,real,1178,3635841680073185635,0,0,0,0,0.000,4,33173,23.188,0,0,0.000,0,0,0.000,6.574
decode,real,1179,3635841680073185635,0,0,0,0,0.000,4,33177,23.188,0,0,0.000,0,0,0.000,6.310
decode,real,1180,3635841680073185635,0,0,0,0,0.000,4,33181,23.188,0,0,0.000,0,0,0.000,6.485
decode,real,1181,3635841680073185635,0,0,0,0,0.000,4,33185,23.188,0,0,0.000,0,0,0.000,6.477
decode,real,1182,3635841680073185635,0,0,0,0,0.000,4,33189,23.188,0,0,0.000,0,0,0.000,6.425
decode,real,1183,3635841680073185635,0,0,0,0,0.000,4,33193,23.188,0,0,0.000,0,0,0.000,6.460
decode,real,1184,3635841680073185635,0,0,0,0,0.000,4,33197,23.188,0,0,0.000,0,0,0.000,6.466
decode,real,1185,3635841680073185635,0,0,0,0,0.000,4,33201,23.188,0,0,0.000,0,0,0.000,6.469
decode,real,1186,3635841680073185635,0,0,0,0,0.000,4,33205,23.188,0,0,0.000,0,0,0.000,6.451
decode,real,1187,3635841680073185635,0,0,0,0,0.000,4,33209,23.188,0,0,0.000,0,0,0.000,6.502
decode,real,1188,3635841680073185635,0,0,0,0,0.000,4,33213,23.188,0,0,0.000,0,0,0.000,6.453
decode,real,1189,3635841680073185635,0,0,0,0,0.000,4,33217,23.188,0,0,0.000,0,0,0.000,6.458
decode,real,1190,3635841680073185635,0,0,0,0,0.000,4,33221,23.188,0,0,0.000,0,0,0.000,6.430
decode,real,1191,3635841680073185635,0,0,0,0,0.000,4,33225,23.188,0,0,0.000,0,0,0.000,6.471
decode,real,1192,3635841680073185635,0,0,0,0,0.000,4,33229,23.188,0,0,0.000,0,0,0.000,6.449
decode,real,1193,3635841680073185635,0,0,0,0,0.000,4,33233,23.188,0,0,0.000,0,0,0.000,6.480
decode,real,1194,3635841680073185635,0,0,0,0,0.000,4,33237,23.188,0,0,0.000,0,0,0.000,6.437
decode,real,1195,3635841680073185635,0,0,0,0,0.000,4,33241,23.188,0,0,0.000,0,0,0.000,6.467
decode,real,1196,3635841680073185635,0,0,0,0,0.000,4,33245,23.188,0,0,0.000,0,0,0.000,6.481
decode,real,1197,3635841680073185635,0,0,0,0,0.000,4,33249,23.188,0,0,0.000,0,0,0.000,6.441
decode,real,1198,3635841680073185635,0,0,0,0,0.000,4,33253,23.188,0,0,0.000,0,0,0.000,6.452
decode,real,1199,3635841680073185635,0,0,0,0,0.000,4,33257,23.188,0,0,0.000,0,0,0.000,6.488
decode,real,1200,3635841680073185635,0,0,0,0,0.000,4,33261,23.188,0,0,0.000,0,0,0.000,6.430
decode,real,1201,3635841680073185635,0,0,0,0,0.000,4,33265,23.188,0,0,0.000,0,0,0.000,6.469
decode,real,1202,3635841680073185635,0,0,0,0,0.000,4,33269,23.188,0,0,0.000,0,0,0.000,6.475
decode,real,1203,3635841680073185635,0,0,0,0,0.000,4,33273,23.188,0,0,0.000,0,0,0.000,6.455
decode,real,1204,3635841680073185635,0,0,0,0,0.000,4,33277,23.188,0,0,0.000,0,0,0.000,6.431
decode,real,1205,3635841680073185635,0,0,0,0,0.000,4,33281,23.188,0,0,0.000,0,0,0.000,6.473
decode,real,1206,3635841680073185635,0,0,0,0,0.000,4,33285,23.188,0,0,0.000,0,0,0.000,6.455
decode,real,1207,3635841680073185635,0,0,0,0,0.000,4,33289,23.188,0,0,0.000,0,0,0.000,6.451
decode,real,1208,3635841680073185635,0,0,0,0,0.000,4,33293,23.188,0,0,0.000,0,0,0.000,6.474
decode,real,1209,3635841680073185635,0,0,0,0,0.000,4,33297,23.188,0,0,0.000,0,0,0.000,6.473
decode,real,1210,3635841680073185635,0,0,0,0,0.000,4,33301,23.188,0,0,0.000,0,0,0.000,6.427
decode,real,1211,3635841680073185635,0,0,0,0,0.000,4,33305,23.188,0,0,0.000,0,0,0.000,6.452
decode,real,1212,3635841680073185635,0,0,0,0,0.000,4,33309,23.188,0,0,0.000,0,0,0.000,6.458
decode,real,1213,3635841680073185635,0,0,0,0,0.000,4,33313,23.188,0,0,0.000,0,0,0.000,6.444
decode,real,1214,3635841680073185635,0,0,0,0,0.000,4,33317,23.188,0,0,0.000,0,0,0.000,6.467
decode,real,1215,3635841680073185635,0,0,0,0,0.000,4,33321,23.188,0,0,0.000,0,0,0.000,6.454
decode,real,1216,3635841680073185635,0,0,0,0,0.000,4,33325,23.188,0,0,0.000,0,0,0.000,6.440
decode,real,1217,3635841680073185635,0,0,0,0,0.000,4,33329,23.188,0,0,0.000,0,0,0.000,6.465
decode,real,1218,3635841680073185635,0,0,0,0,0.000,4,33333,23.188,0,0,0.000,0,0,0.000,6.461
decode,real,1219,3635841680073185635,0,0,0,0,0.000,4,33337,23.188,0,0,0.000,0,0,0.000,6.444
decode,real,1220,3635841680073185635,0,0,0,0,0.000,4,33341,23.188,0,0,0.000,0,0,0.000,6.467
decode,real,1221,3635841680073185635,0,0,0,0,0.000,4,33345,23.188,0,0,0.000,0,0,0.000,6.468
decode,real,1222,3635841680073185635,0,0,0,0,0.000,4,33349,23.188,0,0,0.000,0,0,0.000,6.454
decode,real,1223,3635841680073185635,0,0,0,0,0.000,4,33353,23.188,0,0,0.000,0,0,0.000,6.454
decode,real,1224,3635841680073185635,0,0,0,0,0.000,4,33357,23.188,0,0,0.000,0,0,0.000,6.465
decode,real,1225,3635841680073185635,0,0,0,0,0.000,4,33361,23.188,0,0,0.000,0,0,0.000,6.447
decode,real,1226,3635841680073185635,0,0,0,0,0.000,4,33365,23.188,0,0,0.000,0,0,0.000,6.449
decode,real,1227,3635841680073185635,0,0,0,0,0.000,4,33369,23.188,0,0,0.000,0,0,0.000,6.459
decode,real,1228,3635841680073185635,0,0,0,0,0.000,4,33373,23.188,0,0,0.000,0,0,0.000,6.462
decode,real,1229,3635841680073185635,0,0,0,0,0.000,4,33377,23.188,0,0,0.000,0,0,0.000,6.457
decode,real,1230,3635841680073185635,0,0,0,0,0.000,4,33381,23.188,0,0,0.000,0,0,0.000,6.460
decode,real,1231,3635841680073185635,0,0,0,0,0.000,4,33385,23.188,0,0,0.000,0,0,0.000,6.455
decode,real,1232,3635841680073185635,0,0,0,0,0.000,4,33389,23.188,0,0,0.000,0,0,0.000,6.460
decode,real,1233,3635841680073185635,0,0,0,0,0.000,4,33393,23.188,0,0,0.000,0,0,0.000,6.478
decode,real,1234,3635841680073185635,0,0,0,0,0.000,4,33397,23.188,0,0,0.000,0,0,0.000,6.439
decode,real,1235,3635841680073185635,0,0,0,0,0.000,4,33401,23.188,0,0,0.000,0,0,0.000,6.444
decode,real,1236,3635841680073185635,0,0,0,0,0.000,4,33405,23.188,0,0,0.000,0,0,0.000,6.453
decode,real,1237,3635841680073185635,0,0,0,0,0.000,4,33409,23.188,0,0,0.000,0,0,0.000,6.482
decode,real,1238,3635841680073185635,0,0,0,0,0.000,4,33413,23.188,0,0,0.000,0,0,0.000,6.432
decode,real,1239,3635841680073185635,0,0,0,0,0.000,4,33417,23.188,0,0,0.000,0,0,0.000,6.472
decode,real,1240,3635841680073185635,0,0,0,0,0.000,4,33421,23.188,0,0,0.000,0,0,0.000,6.478
decode,real,1241,3635841680073185635,0,0,0,0,0.000,4,33425,23.188,0,0,0.000,0,0,0.000,6.444
decode,real,1242,3635841680073185635,0,0,0,0,0.000,4,33429,23.188,0,0,0.000,0,0,0.000,6.441
decode,real,1243,3635841680073185635,0,0,0,0,0.000,4,33433,23.188,0,0,0.000,0,0,0.000,6.456
decode,real,1244,3635841680073185635,0,0,0,0,0.000,4,33437,23.188,0,0,0.000,0,0,0.000,6.476
decode,real,1245,3635841680073185635,0,0,0,0,0.000,4,33441,23.188,0,0,0.000,0,0,0.000,6.451
decode,real,1246,3635841680073185635,0,0,0,0,0.000,4,33445,23.188,0,0,0.000,0,0,0.000,6.474
decode,real,1247,3635841680073185635,0,0,0,0,0.000,4,33449,23.188,0,0,0.000,0,0,0.000,6.455
decode,real,1248,3635841680073185635,0,0,0,0,0.000,4,33453,23.188,0,0,0.000,0,0,0.000,6.441
decode,real,1249,3635841680073185635,0,0,0,0,0.000,4,33457,23.188,0,0,0.000,0,0,0.000,6.471
decode,real,1250,3635841680073185635,0,0,0,0,0.000,4,33461,23.188,0,0,0.000,0,0,0.000,6.456
decode,real,1251,3635841680073185635,0,0,0,0,0.000,4,33465,23.188,0,0,0.000,0,0,0.000,6.438
decode,real,1252,3635841680073185635,0,0,0,0,0.000,4,33469,23.188,0,0,0.000,0,0,0.000,6.490
decode,real,1253,3635841680073185635,0,0,0,0,0.000,4,33473,23.188,0,0,0.000,0,0,0.000,6.433
decode,real,1254,3635841680073185635,0,0,0,0,0.000,4,33477,23.188,0,0,0.000,0,0,0.000,6.456
decode,real,1255,3635841680073185635,0,0,0,0,0.000,4,33481,23.188,0,0,0.000,0,0,0.000,6.467
decode,real,1256,3635841680073185635,0,0,0,0,0.000,4,33485,23.188,0,0,0.000,0,0,0.000,6.447
decode,real,1257,3635841680073185635,0,0,0,0,0.000,4,33489,23.188,0,0,0.000,0,0,0.000,6.477
decode,real,1258,3635841680073185635,0,0,0,0,0.000,4,33493,23.188,0,0,0.000,0,0,0.000,6.458
decode,real,1259,3635841680073185635,0,0,0,0,0.000,4,33497,23.188,0,0,0.000,0,0,0.000,6.450
decode,real,1260,3635841680073185635,0,0,0,0,0.000,4,33501,23.188,0,0,0.000,0,0,0.000,6.459
decode,real,1261,3635841680073185635,0,0,0,0,0.000,4,33505,23.188,0,0,0.000,0,0,0.000,6.462
decode,real,1262,3635841680073185635,0,0,0,0,0.000,4,33509,23.188,0,0,0.000,0,0,0.000,6.442
decode,real,1263,3635841680073185635,0,0,0,0,0.000,4,33513,23.188,0,0,0.000,0,0,0.000,7.131
decode,real,1264,3635841680073185635,0,0,0,0,0.000,4,33517,23.188,0,0,0.000,0,0,0.000,5.814
decode,real,1265,3635841680073185635,0,0,0,0,0.000,4,33521,23.188,0,0,0.000,0,0,0.000,6.478
decode,real,1266,3635841680073185635,0,0,0,0,0.000,4,33525,23.188,0,0,0.000,0,0,0.000,6.433
decode,real,1267,3635841680073185635,0,0,0,0,0.000,4,33529,23.188,0,0,0.000,0,0,0.000,6.437
decode,real,1268,3635841680073185635,0,0,0,0,0.000,4,33533,23.188,0,0,0.000,0,0,0.000,6.433
decode,real,1269,3635841680073185635,0,0,0,0,0.000,4,33537,23.188,0,0,0.000,0,0,0.000,6.496
decode,real,1270,3635841680073185635,0,0,0,0,0.000,4,33541,23.188,0,0,0.000,0,0,0.000,6.413
decode,real,1271,3635841680073185635,0,0,0,0,0.000,4,33545,23.188,0,0,0.000,0,0,0.000,6.455
decode,real,1272,3635841680073185635,0,0,0,0,0.000,4,33549,23.188,0,0,0.000,0,0,0.000,6.492
decode,real,1273,3635841680073185635,0,0,0,0,0.000,4,33553,23.188,0,0,0.000,0,0,0.000,6.436
decode,real,1274,3635841680073185635,0,0,0,0,0.000,4,33557,23.188,0,0,0.000,0,0,0.000,6.486
decode,real,1275,3635841680073185635,0,0,0,0,0.000,4,33561,23.188,0,0,0.000,0,0,0.000,6.419
decode,real,1276,3635841680073185635,0,0,0,0,0.000,4,33565,23.188,0,0,0.000,0,0,0.000,6.459
decode,real,1277,3635841680073185635,0,0,0,0,0.000,4,33569,23.188,0,0,0.000,0,0,0.000,6.451
decode,real,1278,3635841680073185635,0,0,0,0,0.000,4,33573,23.188,0,0,0.000,0,0,0.000,6.460
decode,real,1279,3635841680073185635,0,0,0,0,0.000,4,33577,23.188,0,0,0.000,0,0,0.000,6.473
decode,real,1280,3635841680073185635,0,0,0,0,0.000,4,33581,23.188,0,0,0.000,0,0,0.000,6.461
decode,real,1281,3635841680073185635,0,0,0,0,0.000,4,33585,23.188,0,0,0.000,0,0,0.000,6.459
decode,real,1282,3635841680073185635,0,0,0,0,0.000,4,33589,23.188,0,0,0.000,0,0,0.000,6.467
decode,real,1283,3635841680073185635,0,0,0,0,0.000,4,33593,23.188,0,0,0.000,0,0,0.000,6.466
decode,real,1284,3635841680073185635,0,0,0,0,0.000,4,33597,23.188,0,0,0.000,0,0,0.000,6.428
decode,real,1285,3635841680073185635,0,0,0,0,0.000,4,33601,23.188,0,0,0.000,0,0,0.000,6.468
decode,real,1286,3635841680073185635,0,0,0,0,0.000,4,33605,23.188,0,0,0.000,0,0,0.000,6.492
decode,real,1287,3635841680073185635,0,0,0,0,0.000,4,33609,23.188,0,0,0.000,0,0,0.000,6.439
decode,real,1288,3635841680073185635,0,0,0,0,0.000,4,33613,23.188,0,0,0.000,0,0,0.000,6.467
decode,real,1289,3635841680073185635,0,0,0,0,0.000,4,33617,23.188,0,0,0.000,0,0,0.000,6.442
decode,real,1290,3635841680073185635,0,0,0,0,0.000,4,33621,23.188,0,0,0.000,0,0,0.000,6.461
decode,real,1291,3635841680073185635,0,0,0,0,0.000,4,33625,23.188,0,0,0.000,0,0,0.000,6.452
decode,real,1292,3635841680073185635,0,0,0,0,0.000,4,33629,23.188,0,0,0.000,0,0,0.000,6.457
decode,real,1293,3635841680073185635,0,0,0,0,0.000,4,33633,23.188,0,0,0.000,0,0,0.000,6.483
decode,real,1294,3635841680073185635,0,0,0,0,0.000,4,33637,23.188,0,0,0.000,0,0,0.000,6.447
decode,real,1295,3635841680073185635,0,0,0,0,0.000,4,33641,23.188,0,0,0.000,0,0,0.000,6.469
decode,real,1296,3635841680073185635,0,0,0,0,0.000,4,33645,23.188,0,0,0.000,0,0,0.000,6.463
decode,real,1297,3635841680073185635,0,0,0,0,0.000,4,33649,23.188,0,0,0.000,0,0,0.000,6.476
decode,real,1298,3635841680073185635,0,0,0,0,0.000,4,33653,23.188,0,0,0.000,0,0,0.000,6.462
decode,real,1299,3635841680073185635,0,0,0,0,0.000,4,33657,23.188,0,0,0.000,0,0,0.000,6.449
decode,real,1300,3635841680073185635,0,0,0,0,0.000,4,33661,23.188,0,0,0.000,0,0,0.000,6.448
decode,real,1301,3635841680073185635,0,0,0,0,0.000,4,33665,23.188,0,0,0.000,0,0,0.000,6.480
decode,real,1302,3635841680073185635,0,0,0,0,0.000,4,33669,23.188,0,0,0.000,0,0,0.000,6.464
decode,real,1303,3635841680073185635,0,0,0,0,0.000,4,33673,23.188,0,0,0.000,0,0,0.000,6.438
decode,real,1304,3635841680073185635,0,0,0,0,0.000,4,33677,23.188,0,0,0.000,0,0,0.000,6.469
decode,real,1305,3635841680073185635,0,0,0,0,0.000,4,33681,23.188,0,0,0.000,0,0,0.000,6.484
decode,real,1306,3635841680073185635,0,0,0,0,0.000,4,33685,23.188,0,0,0.000,0,0,0.000,6.436
decode,real,1307,3635841680073185635,0,0,0,0,0.000,4,33689,23.188,0,0,0.000,0,0,0.000,6.466
decode,real,1308,3635841680073185635,0,0,0,0,0.000,4,33693,23.188,0,0,0.000,0,0,0.000,6.459
decode,real,1309,3635841680073185635,0,0,0,0,0.000,4,33697,23.188,0,0,0.000,0,0,0.000,6.448
decode,real,1310,3635841680073185635,0,0,0,0,0.000,4,33701,23.188,0,0,0.000,0,0,0.000,6.464
decode,real,1311,3635841680073185635,0,0,0,0,0.000,4,33705,23.188,0,0,0.000,0,0,0.000,6.477
decode,real,1312,3635841680073185635,0,0,0,0,0.000,4,33709,23.188,0,0,0.000,0,0,0.000,6.461
decode,real,1313,3635841680073185635,0,0,0,0,0.000,4,33713,23.188,0,0,0.000,0,0,0.000,6.466
decode,real,1314,3635841680073185635,0,0,0,0,0.000,4,33717,23.188,0,0,0.000,0,0,0.000,6.443
decode,real,1315,3635841680073185635,0,0,0,0,0.000,4,33721,23.188,0,0,0.000,0,0,0.000,6.475
decode,real,1316,3635841680073185635,0,0,0,0,0.000,4,33725,23.188,0,0,0.000,0,0,0.000,6.442
decode,real,1317,3635841680073185635,0,0,0,0,0.000,4,33729,23.188,0,0,0.000,0,0,0.000,6.482
decode,real,1318,3635841680073185635,0,0,0,0,0.000,4,33733,23.188,0,0,0.000,0,0,0.000,6.455
decode,real,1319,3635841680073185635,0,0,0,0,0.000,4,33737,23.188,0,0,0.000,0,0,0.000,6.458
decode,real,1320,3635841680073185635,0,0,0,0,0.000,4,33741,23.188,0,0,0.000,0,0,0.000,6.474
decode,real,1321,3635841680073185635,0,0,0,0,0.000,4,33745,23.188,0,0,0.000,0,0,0.000,6.465
decode,real,1322,3635841680073185635,0,0,0,0,0.000,4,33749,23.188,0,0,0.000,0,0,0.000,6.449
decode,real,1323,3635841680073185635,0,0,0,0,0.000,4,33753,23.188,0,0,0.000,0,0,0.000,6.451
decode,real,1324,3635841680073185635,0,0,0,0,0.000,4,33757,23.188,0,0,0.000,0,0,0.000,6.490
decode,real,1325,3635841680073185635,0,0,0,0,0.000,4,33761,23.188,0,0,0.000,0,0,0.000,6.432
decode,real,1326,3635841680073185635,0,0,0,0,0.000,4,33765,23.188,0,0,0.000,0,0,0.000,6.458
decode,real,1327,3635841680073185635,0,0,0,0,0.000,4,33769,23.188,0,0,0.000,0,0,0.000,6.474
decode,real,1328,3635841680073185635,0,0,0,0,0.000,4,33773,23.188,0,0,0.000,0,0,0.000,6.464
decode,real,1329,3635841680073185635,0,0,0,0,0.000,4,33777,23.188,0,0,0.000,0,0,0.000,6.503
decode,real,1330,3635841680073185635,0,0,0,0,0.000,4,33781,23.188,0,0,0.000,0,0,0.000,6.451
decode,real,1331,3635841680073185635,0,0,0,0,0.000,4,33785,23.188,0,0,0.000,0,0,0.000,6.501
decode,real,1332,3635841680073185635,0,0,0,0,0.000,4,33789,23.188,0,0,0.000,0,0,0.000,6.449
decode,real,1333,3635841680073185635,0,0,0,0,0.000,4,33793,23.188,0,0,0.000,0,0,0.000,6.499
decode,real,1334,3635841680073185635,0,0,0,0,0.000,4,33797,23.188,0,0,0.000,0,0,0.000,6.464
decode,real,1335,3635841680073185635,0,0,0,0,0.000,4,33801,23.188,0,0,0.000,0,0,0.000,6.477
decode,real,1336,3635841680073185635,0,0,0,0,0.000,4,33805,23.188,0,0,0.000,0,0,0.000,6.476
decode,real,1337,3635841680073185635,0,0,0,0,0.000,4,33809,23.188,0,0,0.000,0,0,0.000,6.486
decode,real,1338,3635841680073185635,0,0,0,0,0.000,4,33813,23.188,0,0,0.000,0,0,0.000,6.507
decode,real,1339,3635841680073185635,0,0,0,0,0.000,4,33817,23.188,0,0,0.000,0,0,0.000,6.470
decode,real,1340,3635841680073185635,0,0,0,0,0.000,4,33821,23.188,0,0,0.000,0,0,0.000,6.446
decode,real,1341,3635841680073185635,0,0,0,0,0.000,4,33825,23.188,0,0,0.000,0,0,0.000,6.474
decode,real,1342,3635841680073185635,0,0,0,0,0.000,4,33829,23.188,0,0,0.000,0,0,0.000,6.453
decode,real,1343,3635841680073185635,0,0,0,0,0.000,4,33833,23.188,0,0,0.000,0,0,0.000,6.475
decode,real,1344,3635841680073185635,0,0,0,0,0.000,4,33837,23.188,0,0,0.000,0,0,0.000,6.473
decode,real,1345,3635841680073185635,0,0,0,0,0.000,4,33841,23.188,0,0,0.000,0,0,0.000,6.487
decode,real,1346,3635841680073185635,0,0,0,0,0.000,4,33845,23.188,0,0,0.000,0,0,0.000,6.470
decode,real,1347,3635841680073185635,0,0,0,0,0.000,4,33849,23.188,0,0,0.000,0,0,0.000,6.471
decode,real,1348,3635841680073185635,0,0,0,0,0.000,4,33853,23.188,0,0,0.000,0,0,0.000,6.479
decode,real,1349,3635841680073185635,0,0,0,0,0.000,4,33857,23.188,0,0,0.000,0,0,0.000,6.484
decode,real,1350,3635841680073185635,0,0,0,0,0.000,4,33861,23.188,0,0,0.000,0,0,0.000,6.443
decode,real,1351,3635841680073185635,0,0,0,0,0.000,4,33865,23.188,0,0,0.000,0,0,0.000,6.467
decode,real,1352,3635841680073185635,0,0,0,0,0.000,4,33869,23.188,0,0,0.000,0,0,0.000,6.469
decode,real,1353,3635841680073185635,0,0,0,0,0.000,4,33873,23.188,0,0,0.000,0,0,0.000,6.480
decode,real,1354,3635841680073185635,0,0,0,0,0.000,4,33877,23.188,0,0,0.000,0,0,0.000,6.458
decode,real,1355,3635841680073185635,0,0,0,0,0.000,4,33881,23.188,0,0,0.000,0,0,0.000,6.478
decode,real,1356,3635841680073185635,0,0,0,0,0.000,4,33885,23.188,0,0,0.000,0,0,0.000,6.494
decode,real,1357,3635841680073185635,0,0,0,0,0.000,4,33889,23.188,0,0,0.000,0,0,0.000,6.448
decode,real,1358,3635841680073185635,0,0,0,0,0.000,4,33893,23.188,0,0,0.000,0,0,0.000,6.469
decode,real,1359,3635841680073185635,0,0,0,0,0.000,4,33897,23.188,0,0,0.000,0,0,0.000,6.469
decode,real,1360,3635841680073185635,0,0,0,0,0.000,4,33901,23.188,0,0,0.000,0,0,0.000,6.463
decode,real,1361,3635841680073185635,0,0,0,0,0.000,4,33905,23.188,0,0,0.000,0,0,0.000,6.491
decode,real,1362,3635841680073185635,0,0,0,0,0.000,4,33909,23.188,0,0,0.000,0,0,0.000,6.495
decode,real,1363,3635841680073185635,0,0,0,0,0.000,4,33913,23.188,0,0,0.000,0,0,0.000,6.424
decode,real,1364,3635841680073185635,0,0,0,0,0.000,4,33917,23.188,0,0,0.000,0,0,0.000,6.472
decode,real,1365,3635841680073185635,0,0,0,0,0.000,4,33921,23.188,0,0,0.000,0,0,0.000,6.502
decode,real,1366,3635841680073185635,0,0,0,0,0.000,4,33925,23.188,0,0,0.000,0,0,0.000,6.447
decode,real,1367,3635841680073185635,0,0,0,0,0.000,4,33929,23.188,0,0,0.000,0,0,0.000,6.477
decode,real,1368,3635841680073185635,0,0,0,0,0.000,4,33933,23.188,0,0,0.000,0,0,0.000,6.461
decode,real,1369,3635841680073185635,0,0,0,0,0.000,4,33937,23.188,0,0,0.000,0,0,0.000,6.480
decode,real,1370,3635841680073185635,0,0,0,0,0.000,4,33941,23.188,0,0,0.000,0,0,0.000,6.460
decode,real,1371,3635841680073185635,0,0,0,0,0.000,4,33945,23.188,0,0,0.000,0,0,0.000,6.469
decode,real,1372,3635841680073185635,0,0,0,0,0.000,4,33949,23.188,0,0,0.000,0,0,0.000,6.489
decode,real,1373,3635841680073185635,0,0,0,0,0.000,4,33953,23.188,0,0,0.000,0,0,0.000,6.440
decode,real,1374,3635841680073185635,0,0,0,0,0.000,4,33957,23.188,0,0,0.000,0,0,0.000,6.492
decode,real,1375,3635841680073185635,0,0,0,0,0.000,4,33961,23.188,0,0,0.000,0,0,0.000,6.479
decode,real,1376,3635841680073185635,0,0,0,0,0.000,4,33965,23.188,0,0,0.000,0,0,0.000,6.470
decode,real,1377,3635841680073185635,0,0,0,0,0.000,4,33969,23.188,0,0,0.000,0,0,0.000,6.479
decode,real,1378,3635841680073185635,0,0,0,0,0.000,4,33973,23.188,0,0,0.000,0,0,0.000,6.434
decode,real,1379,3635841680073185635,0,0,0,0,0.000,4,33977,23.188,0,0,0.000,0,0,0.000,6.503
decode,real,1380,3635841680073185635,0,0,0,0,0.000,4,33981,23.188,0,0,0.000,0,0,0.000,6.475
decode,real,1381,3635841680073185635,0,0,0,0,0.000,4,33985,23.188,0,0,0.000,0,0,0.000,6.487
decode,real,1382,3635841680073185635,0,0,0,0,0.000,4,33989,23.188,0,0,0.000,0,0,0.000,6.453
decode,real,1383,3635841680073185635,0,0,0,0,0.000,4,33993,23.188,0,0,0.000,0,0,0.000,6.478
decode,real,1384,3635841680073185635,0,0,0,0,0.000,4,33997,23.188,0,0,0.000,0,0,0.000,6.451
decode,real,1385,3635841680073185635,0,0,0,0,0.000,4,34001,23.188,0,0,0.000,0,0,0.000,6.516
decode,real,1386,3635841680073185635,0,0,0,0,0.000,4,34005,23.188,0,0,0.000,0,0,0.000,6.466
decode,real,1387,3635841680073185635,0,0,0,0,0.000,4,34009,23.188,0,0,0.000,0,0,0.000,6.473
decode,real,1388,3635841680073185635,0,0,0,0,0.000,4,34013,23.188,0,0,0.000,0,0,0.000,6.466
decode,real,1389,3635841680073185635,0,0,0,0,0.000,4,34017,23.188,0,0,0.000,0,0,0.000,6.455
decode,real,1390,3635841680073185635,0,0,0,0,0.000,4,34021,23.188,0,0,0.000,0,0,0.000,6.475
decode,real,1391,3635841680073185635,0,0,0,0,0.000,4,34025,23.188,0,0,0.000,0,0,0.000,6.490
decode,real,1392,3635841680073185635,0,0,0,0,0.000,4,34029,23.188,0,0,0.000,0,0,0.000,6.467
decode,real,1393,3635841680073185635,0,0,0,0,0.000,4,34033,23.188,0,0,0.000,0,0,0.000,6.462
decode,real,1394,3635841680073185635,0,0,0,0,0.000,4,34037,23.188,0,0,0.000,0,0,0.000,6.497
decode,real,1395,3635841680073185635,0,0,0,0,0.000,4,34041,23.188,0,0,0.000,0,0,0.000,6.465
decode,real,1396,3635841680073185635,0,0,0,0,0.000,4,34045,23.188,0,0,0.000,0,0,0.000,6.496
decode,real,1397,3635841680073185635,0,0,0,0,0.000,4,34049,23.188,0,0,0.000,0,0,0.000,6.445
decode,real,1398,3635841680073185635,0,0,0,0,0.000,4,34053,23.188,0,0,0.000,0,0,0.000,6.479
decode,real,1399,3635841680073185635,0,0,0,0,0.000,4,34057,23.188,0,0,0.000,0,0,0.000,6.486
decode,real,1400,3635841680073185635,0,0,0,0,0.000,4,34061,23.188,0,0,0.000,0,0,0.000,6.478
decode,real,1401,3635841680073185635,0,0,0,0,0.000,4,34065,23.188,0,0,0.000,0,0,0.000,6.490
decode,real,1402,3635841680073185635,0,0,0,0,0.000,4,34069,23.188,0,0,0.000,0,0,0.000,6.456
decode,real,1403,3635841680073185635,0,0,0,0,0.000,4,34073,23.188,0,0,0.000,0,0,0.000,6.486
decode,real,1404,3635841680073185635,0,0,0,0,0.000,4,34077,23.188,0,0,0.000,0,0,0.000,6.470
decode,real,1405,3635841680073185635,0,0,0,0,0.000,4,34081,23.188,0,0,0.000,0,0,0.000,6.475
decode,real,1406,3635841680073185635,0,0,0,0,0.000,4,34085,23.188,0,0,0.000,0,0,0.000,6.488
decode,real,1407,3635841680073185635,0,0,0,0,0.000,4,34089,23.188,0,0,0.000,0,0,0.000,6.436
decode,real,1408,3635841680073185635,0,0,0,0,0.000,4,34093,23.188,0,0,0.000,0,0,0.000,6.503
decode,real,1409,3635841680073185635,0,0,0,0,0.000,4,34097,23.188,0,0,0.000,0,0,0.000,6.488
decode,real,1410,3635841680073185635,0,0,0,0,0.000,4,34101,23.188,0,0,0.000,0,0,0.000,6.465
decode,real,1411,3635841680073185635,0,0,0,0,0.000,4,34105,23.188,0,0,0.000,0,0,0.000,6.483
decode,real,1412,3635841680073185635,0,0,0,0,0.000,4,34109,23.188,0,0,0.000,0,0,0.000,6.455
decode,real,1413,3635841680073185635,0,0,0,0,0.000,4,34113,23.188,0,0,0.000,0,0,0.000,6.512
decode,real,1414,3635841680073185635,0,0,0,0,0.000,4,34117,23.188,0,0,0.000,0,0,0.000,6.450
decode,real,1415,3635841680073185635,0,0,0,0,0.000,4,34121,23.188,0,0,0.000,0,0,0.000,6.477
decode,real,1416,3635841680073185635,0,0,0,0,0.000,4,34125,23.188,0,0,0.000,0,0,0.000,6.473
decode,real,1417,3635841680073185635,0,0,0,0,0.000,4,34129,23.188,0,0,0.000,0,0,0.000,6.509
decode,real,1418,3635841680073185635,0,0,0,0,0.000,4,34133,23.188,0,0,0.000,0,0,0.000,6.432
decode,real,1419,3635841680073185635,0,0,0,0,0.000,4,34137,23.188,0,0,0.000,0,0,0.000,6.464
decode,real,1420,3635841680073185635,0,0,0,0,0.000,4,34141,23.188,0,0,0.000,0,0,0.000,6.487
decode,real,1421,3635841680073185635,0,0,0,0,0.000,4,34145,23.188,0,0,0.000,0,0,0.000,6.464
decode,real,1422,3635841680073185635,0,0,0,0,0.000,4,34149,23.188,0,0,0.000,0,0,0.000,6.482
decode,real,1423,3635841680073185635,0,0,0,0,0.000,4,34153,23.188,0,0,0.000,0,0,0.000,6.452
decode,real,1424,3635841680073185635,0,0,0,0,0.000,4,34157,23.188,0,0,0.000,0,0,0.000,6.483
decode,real,1425,3635841680073185635,0,0,0,0,0.000,4,34161,23.188,0,0,0.000,0,0,0.000,6.480
decode,real,1426,3635841680073185635,0,0,0,0,0.000,4,34165,23.188,0,0,0.000,0,0,0.000,6.455
decode,real,1427,3635841680073185635,0,0,0,0,0.000,4,34169,23.188,0,0,0.000,0,0,0.000,6.460
decode,real,1428,3635841680073185635,0,0,0,0,0.000,4,34173,23.188,0,0,0.000,0,0,0.000,6.508
decode,real,1429,3635841680073185635,0,0,0,0,0.000,4,34177,23.188,0,0,0.000,0,0,0.000,6.465
decode,real,1430,3635841680073185635,0,0,0,0,0.000,4,34181,23.188,0,0,0.000,0,0,0.000,6.463
decode,real,1431,3635841680073185635,0,0,0,0,0.000,4,34185,23.188,0,0,0.000,0,0,0.000,6.466
decode,real,1432,3635841680073185635,0,0,0,0,0.000,4,34189,23.188,0,0,0.000,0,0,0.000,6.483
decode,real,1433,3635841680073185635,0,0,0,0,0.000,4,34193,23.188,0,0,0.000,0,0,0.000,6.474
decode,real,1434,3635841680073185635,0,0,0,0,0.000,4,34197,23.188,0,0,0.000,0,0,0.000,6.464
decode,real,1435,3635841680073185635,0,0,0,0,0.000,4,34201,23.188,0,0,0.000,0,0,0.000,6.482
decode,real,1436,3635841680073185635,0,0,0,0,0.000,4,34205,23.188,0,0,0.000,0,0,0.000,6.473
decode,real,1437,3635841680073185635,0,0,0,0,0.000,4,34209,23.188,0,0,0.000,0,0,0.000,6.482
decode,real,1438,3635841680073185635,0,0,0,0,0.000,4,34213,23.188,0,0,0.000,0,0,0.000,6.470
decode,real,1439,3635841680073185635,0,0,0,0,0.000,4,34217,23.188,0,0,0.000,0,0,0.000,6.463
decode,real,1440,3635841680073185635,0,0,0,0,0.000,4,34221,23.188,0,0,0.000,0,0,0.000,6.482
decode,real,1441,3635841680073185635,0,0,0,0,0.000,4,34225,23.188,0,0,0.000,0,0,0.000,6.480
decode,real,1442,3635841680073185635,0,0,0,0,0.000,4,34229,23.188,0,0,0.000,0,0,0.000,6.459
decode,real,1443,3635841680073185635,0,0,0,0,0.000,4,34233,23.188,0,0,0.000,0,0,0.000,6.483
decode,real,1444,3635841680073185635,0,0,0,0,0.000,4,34237,23.188,0,0,0.000,0,0,0.000,6.477
decode,real,1445,3635841680073185635,0,0,0,0,0.000,4,34241,23.188,0,0,0.000,0,0,0.000,6.500
decode,real,1446,3635841680073185635,0,0,0,0,0.000,4,34245,23.188,0,0,0.000,0,0,0.000,6.441
decode,real,1447,3635841680073185635,0,0,0,0,0.000,4,34249,23.188,0,0,0.000,0,0,0.000,6.499
decode,real,1448,3635841680073185635,0,0,0,0,0.000,4,34253,23.188,0,0,0.000,0,0,0.000,6.465
decode,real,1449,3635841680073185635,0,0,0,0,0.000,4,34257,23.188,0,0,0.000,0,0,0.000,6.488
decode,real,1450,3635841680073185635,0,0,0,0,0.000,4,34261,23.188,0,0,0.000,0,0,0.000,6.465
decode,real,1451,3635841680073185635,0,0,0,0,0.000,4,34265,23.188,0,0,0.000,0,0,0.000,6.471
decode,real,1452,3635841680073185635,0,0,0,0,0.000,4,34269,23.188,0,0,0.000,0,0,0.000,6.502
decode,real,1453,3635841680073185635,0,0,0,0,0.000,4,34273,23.188,0,0,0.000,0,0,0.000,6.459
decode,real,1454,3635841680073185635,0,0,0,0,0.000,4,34277,23.188,0,0,0.000,0,0,0.000,6.483
decode,real,1455,3635841680073185635,0,0,0,0,0.000,4,34281,23.188,0,0,0.000,0,0,0.000,6.497
decode,real,1456,3635841680073185635,0,0,0,0,0.000,4,34285,23.188,0,0,0.000,0,0,0.000,6.430
decode,real,1457,3635841680073185635,0,0,0,0,0.000,4,34289,23.188,0,0,0.000,0,0,0.000,6.511
decode,real,1458,3635841680073185635,0,0,0,0,0.000,4,34293,23.188,0,0,0.000,0,0,0.000,6.483
decode,real,1459,3635841680073185635,0,0,0,0,0.000,4,34297,23.188,0,0,0.000,0,0,0.000,6.456
decode,real,1460,3635841680073185635,0,0,0,0,0.000,4,34301,23.188,0,0,0.000,0,0,0.000,6.481
decode,real,1461,3635841680073185635,0,0,0,0,0.000,4,34305,23.188,0,0,0.000,0,0,0.000,6.476
decode,real,1462,3635841680073185635,0,0,0,0,0.000,4,34309,23.188,0,0,0.000,0,0,0.000,6.472
decode,real,1463,3635841680073185635,0,0,0,0,0.000,4,34313,23.188,0,0,0.000,0,0,0.000,6.469
decode,real,1464,3635841680073185635,0,0,0,0,0.000,4,34317,23.188,0,0,0.000,0,0,0.000,6.495
decode,real,1465,3635841680073185635,0,0,0,0,0.000,4,34321,23.188,0,0,0.000,0,0,0.000,6.499
decode,real,1466,3635841680073185635,0,0,0,0,0.000,4,34325,23.188,0,0,0.000,0,0,0.000,6.467
decode,real,1467,3635841680073185635,0,0,0,0,0.000,4,34329,23.188,0,0,0.000,0,0,0.000,6.495
decode,real,1468,3635841680073185635,0,0,0,0,0.000,4,34333,23.188,0,0,0.000,0,0,0.000,6.465
decode,real,1469,3635841680073185635,0,0,0,0,0.000,4,34337,23.188,0,0,0.000,0,0,0.000,6.479
decode,real,1470,3635841680073185635,0,0,0,0,0.000,4,34341,23.188,0,0,0.000,0,0,0.000,6.477
decode,real,1471,3635841680073185635,0,0,0,0,0.000,4,34345,23.188,0,0,0.000,0,0,0.000,6.491
decode,real,1472,3635841680073185635,0,0,0,0,0.000,4,34349,23.188,0,0,0.000,0,0,0.000,6.465
decode,real,1473,3635841680073185635,0,0,0,0,0.000,4,34353,23.188,0,0,0.000,0,0,0.000,6.490
decode,real,1474,3635841680073185635,0,0,0,0,0.000,4,34357,23.188,0,0,0.000,0,0,0.000,6.485
decode,real,1475,3635841680073185635,0,0,0,0,0.000,4,34361,23.188,0,0,0.000,0,0,0.000,6.472
decode,real,1476,3635841680073185635,0,0,0,0,0.000,4,34365,23.188,0,0,0.000,0,0,0.000,6.467
decode,real,1477,3635841680073185635,0,0,0,0,0.000,4,34369,23.188,0,0,0.000,0,0,0.000,6.470
decode,real,1478,3635841680073185635,0,0,0,0,0.000,4,34373,23.188,0,0,0.000,0,0,0.000,6.482
decode,real,1479,3635841680073185635,0,0,0,0,0.000,4,34377,23.188,0,0,0.000,0,0,0.000,6.471
decode,real,1480,3635841680073185635,0,0,0,0,0.000,4,34381,23.188,0,0,0.000,0,0,0.000,6.477
decode,real,1481,3635841680073185635,0,0,0,0,0.000,4,34385,23.188,0,0,0.000,0,0,0.000,6.504
decode,real,1482,3635841680073185635,0,0,0,0,0.000,4,34389,23.188,0,0,0.000,0,0,0.000,6.482
decode,real,1483,3635841680073185635,0,0,0,0,0.000,4,34393,23.188,0,0,0.000,0,0,0.000,6.459
decode,real,1484,3635841680073185635,0,0,0,0,0.000,4,34397,23.188,0,0,0.000,0,0,0.000,6.477
decode,real,1485,3635841680073185635,0,0,0,0,0.000,4,34401,23.188,0,0,0.000,0,0,0.000,6.483
decode,real,1486,3635841680073185635,0,0,0,0,0.000,4,34405,23.188,0,0,0.000,0,0,0.000,6.483
decode,real,1487,3635841680073185635,0,0,0,0,0.000,4,34409,23.188,0,0,0.000,0,0,0.000,6.464
decode,real,1488,3635841680073185635,0,0,0,0,0.000,4,34413,23.188,0,0,0.000,0,0,0.000,6.486
decode,real,1489,3635841680073185635,0,0,0,0,0.000,4,34417,23.188,0,0,0.000,0,0,0.000,6.497
decode,real,1490,3635841680073185635,0,0,0,0,0.000,4,34421,23.188,0,0,0.000,0,0,0.000,6.435
decode,real,1491,3635841680073185635,0,0,0,0,0.000,4,34425,23.188,0,0,0.000,0,0,0.000,6.476
decode,real,1492,3635841680073185635,0,0,0,0,0.000,4,34429,23.188,0,0,0.000,0,0,0.000,6.482
decode,real,1493,3635841680073185635,0,0,0,0,0.000,4,34433,23.188,0,0,0.000,0,0,0.000,6.500
decode,real,1494,3635841680073185635,0,0,0,0,0.000,4,34437,23.188,0,0,0.000,0,0,0.000,6.472
decode,real,1495,3635841680073185635,0,0,0,0,0.000,4,34441,23.188,0,0,0.000,0,0,0.000,6.476
decode,real,1496,3635841680073185635,0,0,0,0,0.000,4,34445,23.188,0,0,0.000,0,0,0.000,6.457
decode,real,1497,3635841680073185635,0,0,0,0,0.000,4,34449,23.188,0,0,0.000,0,0,0.000,6.491
decode,real,1498,3635841680073185635,0,0,0,0,0.000,4,34453,23.188,0,0,0.000,0,0,0.000,6.461
decode,real,1499,3635841680073185635,0,0,0,0,0.000,4,34457,23.188,0,0,0.000,0,0,0.000,6.503
decode,real,1500,3635841680073185635,0,0,0,0,0.000,4,34461,23.188,0,0,0.000,0,0,0.000,6.476
decode,real,1501,3635841680073185635,0,0,0,0,0.000,4,34465,23.188,0,0,0.000,0,0,0.000,6.463
decode,real,1502,3635841680073185635,0,0,0,0,0.000,4,34469,23.188,0,0,0.000,0,0,0.000,6.471
decode,real,1503,3635841680073185635,0,0,0,0,0.000,4,34473,23.188,0,0,0.000,0,0,0.000,6.496
decode,real,1504,3635841680073185635,0,0,0,0,0.000,4,34477,23.188,0,0,0.000,0,0,0.000,6.464
decode,real,1505,3635841680073185635,0,0,0,0,0.000,4,34481,23.188,0,0,0.000,0,0,0.000,6.498
decode,real,1506,3635841680073185635,0,0,0,0,0.000,4,34485,23.188,0,0,0.000,0,0,0.000,6.487
decode,real,1507,3635841680073185635,0,0,0,0,0.000,4,34489,23.188,0,0,0.000,0,0,0.000,6.467
decode,real,1508,3635841680073185635,0,0,0,0,0.000,4,34493,23.188,0,0,0.000,0,0,0.000,6.487
decode,real,1509,3635841680073185635,0,0,0,0,0.000,4,34497,23.188,0,0,0.000,0,0,0.000,6.482
decode,real,1510,3635841680073185635,0,0,0,0,0.000,4,34501,23.188,0,0,0.000,0,0,0.000,6.477
decode,real,1511,3635841680073185635,0,0,0,0,0.000,4,34505,23.188,0,0,0.000,0,0,0.000,6.478
decode,real,1512,3635841680073185635,0,0,0,0,0.000,4,34509,23.188,0,0,0.000,0,0,0.000,6.490
decode,real,1513,3635841680073185635,0,0,0,0,0.000,4,34513,23.188,0,0,0.000,0,0,0.000,6.503
decode,real,1514,3635841680073185635,0,0,0,0,0.000,4,34517,23.188,0,0,0.000,0,0,0.000,6.447
decode,real,1515,3635841680073185635,0,0,0,0,0.000,4,34521,23.188,0,0,0.000,0,0,0.000,6.503
decode,real,1516,3635841680073185635,0,0,0,0,0.000,4,34525,23.188,0,0,0.000,0,0,0.000,6.500
decode,real,1517,3635841680073185635,0,0,0,0,0.000,4,34529,23.188,0,0,0.000,0,0,0.000,6.460
decode,real,1518,3635841680073185635,0,0,0,0,0.000,4,34533,23.188,0,0,0.000,0,0,0.000,6.492
decode,real,1519,3635841680073185635,0,0,0,0,0.000,4,34537,23.188,0,0,0.000,0,0,0.000,6.496
decode,real,1520,3635841680073185635,0,0,0,0,0.000,4,34541,23.188,0,0,0.000,0,0,0.000,6.470
decode,real,1521,3635841680073185635,0,0,0,0,0.000,4,34545,23.188,0,0,0.000,0,0,0.000,6.496
decode,real,1522,3635841680073185635,0,0,0,0,0.000,4,34549,23.188,0,0,0.000,0,0,0.000,6.491
decode,real,1523,3635841680073185635,0,0,0,0,0.000,4,34553,23.188,0,0,0.000,0,0,0.000,6.468
decode,real,1524,3635841680073185635,0,0,0,0,0.000,4,34557,23.188,0,0,0.000,0,0,0.000,6.464
decode,real,1525,3635841680073185635,0,0,0,0,0.000,4,34561,23.188,0,0,0.000,0,0,0.000,6.527
decode,real,1526,3635841680073185635,0,0,0,0,0.000,4,34565,23.188,0,0,0.000,0,0,0.000,6.484
decode,real,1527,3635841680073185635,0,0,0,0,0.000,4,34569,23.188,0,0,0.000,0,0,0.000,6.440
decode,real,1528,3635841680073185635,0,0,0,0,0.000,4,34573,23.188,0,0,0.000,0,0,0.000,6.500
decode,real,1529,3635841680073185635,0,0,0,0,0.000,4,34577,23.188,0,0,0.000,0,0,0.000,6.478
decode,real,1530,3635841680073185635,0,0,0,0,0.000,4,34581,23.188,0,0,0.000,0,0,0.000,6.473
decode,real,1531,3635841680073185635,0,0,0,0,0.000,4,34585,23.188,0,0,0.000,0,0,0.000,6.465
decode,real,1532,3635841680073185635,0,0,0,0,0.000,4,34589,23.188,0,0,0.000,0,0,0.000,6.520
decode,real,1533,3635841680073185635,0,0,0,0,0.000,4,34593,23.188,0,0,0.000,0,0,0.000,6.471
decode,real,1534,3635841680073185635,0,0,0,0,0.000,4,34597,23.188,0,0,0.000,0,0,0.000,6.488
decode,real,1535,3635841680073185635,0,0,0,0,0.000,4,34601,23.188,0,0,0.000,0,0,0.000,6.479
decode,real,1536,3635841680073185635,0,0,0,0,0.000,4,34605,23.188,0,0,0.000,0,0,0.000,6.487
decode,real,1537,3635841680073185635,0,0,0,0,0.000,4,34609,23.188,0,0,0.000,0,0,0.000,6.473
decode,real,1538,3635841680073185635,0,0,0,0,0.000,4,34613,23.188,0,0,0.000,0,0,0.000,6.467
decode,real,1539,3635841680073185635,0,0,0,0,0.000,4,34617,23.188,0,0,0.000,0,0,0.000,6.483
decode,real,1540,3635841680073185635,0,0,0,0,0.000,4,34621,23.188,0,0,0.000,0,0,0.000,6.476
decode,real,1541,3635841680073185635,0,0,0,0,0.000,4,34625,23.188,0,0,0.000,0,0,0.000,6.490
decode,real,1542,3635841680073185635,0,0,0,0,0.000,4,34629,23.188,0,0,0.000,0,0,0.000,6.478
decode,real,1543,3635841680073185635,0,0,0,0,0.000,4,34633,23.188,0,0,0.000,0,0,0.000,6.487
decode,real,1544,3635841680073185635,0,0,0,0,0.000,4,34637,23.188,0,0,0.000,0,0,0.000,6.482
decode,real,1545,3635841680073185635,0,0,0,0,0.000,4,34641,23.188,0,0,0.000,0,0,0.000,6.488
decode,real,1546,3635841680073185635,0,0,0,0,0.000,4,34645,23.188,0,0,0.000,0,0,0.000,6.466
decode,real,1547,3635841680073185635,0,0,0,0,0.000,4,34649,23.188,0,0,0.000,0,0,0.000,6.491
decode,real,1548,3635841680073185635,0,0,0,0,0.000,4,34653,23.188,0,0,0.000,0,0,0.000,6.490
decode,real,1549,3635841680073185635,0,0,0,0,0.000,4,34657,23.188,0,0,0.000,0,0,0.000,6.492
decode,real,1550,3635841680073185635,0,0,0,0,0.000,4,34661,23.188,0,0,0.000,0,0,0.000,6.429
decode,real,1551,3635841680073185635,0,0,0,0,0.000,4,34665,23.188,0,0,0.000,0,0,0.000,6.502
decode,real,1552,3635841680073185635,0,0,0,0,0.000,4,34669,23.188,0,0,0.000,0,0,0.000,6.486
decode,real,1553,3635841680073185635,0,0,0,0,0.000,4,34673,23.188,0,0,0.000,0,0,0.000,6.493
decode,real,1554,3635841680073185635,0,0,0,0,0.000,4,34677,23.188,0,0,0.000,0,0,0.000,6.471
decode,real,1555,3635841680073185635,0,0,0,0,0.000,4,34681,23.188,0,0,0.000,0,0,0.000,6.527
decode,real,1556,3635841680073185635,0,0,0,0,0.000,4,34685,23.188,0,0,0.000,0,0,0.000,6.420
decode,real,1557,3635841680073185635,0,0,0,0,0.000,4,34689,23.188,0,0,0.000,0,0,0.000,6.521
decode,real,1558,3635841680073185635,0,0,0,0,0.000,4,34693,23.188,0,0,0.000,0,0,0.000,6.469
decode,real,1559,3635841680073185635,0,0,0,0,0.000,4,34697,23.188,0,0,0.000,0,0,0.000,6.468
decode,real,1560,3635841680073185635,0,0,0,0,0.000,4,34701,23.188,0,0,0.000,0,0,0.000,6.495
decode,real,1561,3635841680073185635,0,0,0,0,0.000,4,34705,23.188,0,0,0.000,0,0,0.000,6.459
decode,real,1562,3635841680073185635,0,0,0,0,0.000,4,34709,23.188,0,0,0.000,0,0,0.000,6.486
decode,real,1563,3635841680073185635,0,0,0,0,0.000,4,34713,23.188,0,0,0.000,0,0,0.000,6.456
decode,real,1564,3635841680073185635,0,0,0,0,0.000,4,34717,23.188,0,0,0.000,0,0,0.000,6.517
decode,real,1565,3635841680073185635,0,0,0,0,0.000,4,34721,23.188,0,0,0.000,0,0,0.000,6.470
decode,real,1566,3635841680073185635,0,0,0,0,0.000,4,34725,23.188,0,0,0.000,0,0,0.000,6.481
decode,real,1567,3635841680073185635,0,0,0,0,0.000,4,34729,23.188,0,0,0.000,0,0,0.000,6.479
decode,real,1568,3635841680073185635,0,0,0,0,0.000,4,34733,23.188,0,0,0.000,0,0,0.000,6.510
decode,real,1569,3635841680073185635,0,0,0,0,0.000,4,34737,23.188,0,0,0.000,0,0,0.000,6.452
decode,real,1570,3635841680073185635,0,0,0,0,0.000,4,34741,23.188,0,0,0.000,0,0,0.000,6.496
decode,real,1571,3635841680073185635,0,0,0,0,0.000,4,34745,23.188,0,0,0.000,0,0,0.000,6.460
decode,real,1572,3635841680073185635,0,0,0,0,0.000,4,34749,23.188,0,0,0.000,0,0,0.000,6.486
decode,real,1573,3635841680073185635,0,0,0,0,0.000,4,34753,23.188,0,0,0.000,0,0,0.000,6.483
decode,real,1574,3635841680073185635,0,0,0,0,0.000,4,34757,23.188,0,0,0.000,0,0,0.000,6.508
decode,real,1575,3635841680073185635,0,0,0,0,0.000,4,34761,23.188,0,0,0.000,0,0,0.000,6.457
decode,real,1576,3635841680073185635,0,0,0,0,0.000,4,34765,23.188,0,0,0.000,0,0,0.000,6.503
decode,real,1577,3635841680073185635,0,0,0,0,0.000,4,34769,23.188,0,0,0.000,0,0,0.000,6.499
decode,real,1578,3635841680073185635,0,0,0,0,0.000,4,34773,23.188,0,0,0.000,0,0,0.000,6.453
decode,real,1579,3635841680073185635,0,0,0,0,0.000,4,34777,23.188,0,0,0.000,0,0,0.000,6.495
decode,real,1580,3635841680073185635,0,0,0,0,0.000,4,34781,23.188,0,0,0.000,0,0,0.000,6.493
decode,real,1581,3635841680073185635,0,0,0,0,0.000,4,34785,23.188,0,0,0.000,0,0,0.000,6.495
decode,real,1582,3635841680073185635,0,0,0,0,0.000,4,34789,23.188,0,0,0.000,0,0,0.000,6.484
decode,real,1583,3635841680073185635,0,0,0,0,0.000,4,34793,23.188,0,0,0.000,0,0,0.000,6.469
decode,real,1584,3635841680073185635,0,0,0,0,0.000,4,34797,23.188,0,0,0.000,0,0,0.000,6.476
decode,real,1585,3635841680073185635,0,0,0,0,0.000,4,34801,23.188,0,0,0.000,0,0,0.000,6.495
decode,real,1586,3635841680073185635,0,0,0,0,0.000,4,34805,23.188,0,0,0.000,0,0,0.000,6.473
decode,real,1587,3635841680073185635,0,0,0,0,0.000,4,34809,23.188,0,0,0.000,0,0,0.000,7.310
decode,real,1588,3635841680073185635,0,0,0,0,0.000,4,34813,23.188,0,0,0.000,0,0,0.000,5.657
decode,real,1589,3635841680073185635,0,0,0,0,0.000,4,34817,23.188,0,0,0.000,0,0,0.000,6.533
decode,real,1590,3635841680073185635,0,0,0,0,0.000,4,34821,23.188,0,0,0.000,0,0,0.000,6.425
decode,real,1591,3635841680073185635,0,0,0,0,0.000,4,34825,23.188,0,0,0.000,0,0,0.000,6.507
decode,real,1592,3635841680073185635,0,0,0,0,0.000,4,34829,23.188,0,0,0.000,0,0,0.000,6.474
decode,real,1593,3635841680073185635,0,0,0,0,0.000,4,34833,23.188,0,0,0.000,0,0,0.000,6.466
decode,real,1594,3635841680073185635,0,0,0,0,0.000,4,34837,23.188,0,0,0.000,0,0,0.000,6.487
decode,real,1595,3635841680073185635,0,0,0,0,0.000,4,34841,23.188,0,0,0.000,0,0,0.000,6.465
decode,real,1596,3635841680073185635,0,0,0,0,0.000,4,34845,23.188,0,0,0.000,0,0,0.000,6.493
decode,real,1597,3635841680073185635,0,0,0,0,0.000,4,34849,23.188,0,0,0.000,0,0,0.000,6.476
decode,real,1598,3635841680073185635,0,0,0,0,0.000,4,34853,23.188,0,0,0.000,0,0,0.000,6.465
decode,real,1599,3635841680073185635,0,0,0,0,0.000,4,34857,23.188,0,0,0.000,0,0,0.000,6.499
decode,real,1600,3635841680073185635,0,0,0,0,0.000,4,34861,23.188,0,0,0.000,0,0,0.000,6.480
decode,real,1601,3635841680073185635,0,0,0,0,0.000,4,34865,23.188,0,0,0.000,0,0,0.000,6.483
decode,real,1602,3635841680073185635,0,0,0,0,0.000,4,34869,23.188,0,0,0.000,0,0,0.000,6.479
decode,real,1603,3635841680073185635,0,0,0,0,0.000,4,34873,23.188,0,0,0.000,0,0,0.000,6.489
decode,real,1604,3635841680073185635,0,0,0,0,0.000,4,34877,23.188,0,0,0.000,0,0,0.000,6.467
decode,real,1605,3635841680073185635,0,0,0,0,0.000,4,34881,23.188,0,0,0.000,0,0,0.000,6.477
decode,real,1606,3635841680073185635,0,0,0,0,0.000,4,34885,23.188,0,0,0.000,0,0,0.000,6.468
decode,real,1607,3635841680073185635,0,0,0,0,0.000,4,34889,23.188,0,0,0.000,0,0,0.000,6.478
decode,real,1608,3635841680073185635,0,0,0,0,0.000,4,34893,23.188,0,0,0.000,0,0,0.000,6.466
decode,real,1609,3635841680073185635,0,0,0,0,0.000,4,34897,23.188,0,0,0.000,0,0,0.000,6.498
decode,real,1610,3635841680073185635,0,0,0,0,0.000,4,34901,23.188,0,0,0.000,0,0,0.000,6.464
decode,real,1611,3635841680073185635,0,0,0,0,0.000,4,34905,23.188,0,0,0.000,0,0,0.000,6.466
decode,real,1612,3635841680073185635,0,0,0,0,0.000,4,34909,23.188,0,0,0.000,0,0,0.000,6.493
decode,real,1613,3635841680073185635,0,0,0,0,0.000,4,34913,23.188,0,0,0.000,0,0,0.000,6.466
decode,real,1614,3635841680073185635,0,0,0,0,0.000,4,34917,23.188,0,0,0.000,0,0,0.000,6.490
decode,real,1615,3635841680073185635,0,0,0,0,0.000,4,34921,23.188,0,0,0.000,0,0,0.000,6.483
decode,real,1616,3635841680073185635,0,0,0,0,0.000,4,34925,23.188,0,0,0.000,0,0,0.000,6.454
decode,real,1617,3635841680073185635,0,0,0,0,0.000,4,34929,23.188,0,0,0.000,0,0,0.000,6.526
decode,real,1618,3635841680073185635,0,0,0,0,0.000,4,34933,23.188,0,0,0.000,0,0,0.000,6.440
decode,real,1619,3635841680073185635,0,0,0,0,0.000,4,34937,23.188,0,0,0.000,0,0,0.000,6.466
decode,real,1620,3635841680073185635,0,0,0,0,0.000,4,34941,23.188,0,0,0.000,0,0,0.000,6.528
decode,real,1621,3635841680073185635,0,0,0,0,0.000,4,34945,23.188,0,0,0.000,0,0,0.000,6.453
decode,real,1622,3635841680073185635,0,0,0,0,0.000,4,34949,23.188,0,0,0.000,0,0,0.000,6.503
decode,real,1623,3635841680073185635,0,0,0,0,0.000,4,34953,23.188,0,0,0.000,0,0,0.000,6.437
decode,real,1624,3635841680073185635,0,0,0,0,0.000,4,34957,23.188,0,0,0.000,0,0,0.000,6.491
decode,real,1625,3635841680073185635,0,0,0,0,0.000,4,34961,23.188,0,0,0.000,0,0,0.000,6.492
decode,real,1626,3635841680073185635,0,0,0,0,0.000,4,34965,23.188,0,0,0.000,0,0,0.000,6.470
decode,real,1627,3635841680073185635,0,0,0,0,0.000,4,34969,23.188,0,0,0.000,0,0,0.000,6.462
decode,real,1628,3635841680073185635,0,0,0,0,0.000,4,34973,23.188,0,0,0.000,0,0,0.000,6.494
decode,real,1629,3635841680073185635,0,0,0,0,0.000,4,34977,23.188,0,0,0.000,0,0,0.000,6.472
decode,real,1630,3635841680073185635,0,0,0,0,0.000,4,34981,23.188,0,0,0.000,0,0,0.000,6.501
decode,real,1631,3635841680073185635,0,0,0,0,0.000,4,34985,23.188,0,0,0.000,0,0,0.000,6.439
decode,real,1632,3635841680073185635,0,0,0,0,0.000,4,34989,23.188,0,0,0.000,0,0,0.000,6.484
decode,real,1633,3635841680073185635,0,0,0,0,0.000,4,34993,23.188,0,0,0.000,0,0,0.000,6.509
decode,real,1634,3635841680073185635,0,0,0,0,0.000,4,34997,23.188,0,0,0.000,0,0,0.000,6.458
decode,real,1635,3635841680073185635,0,0,0,0,0.000,4,35001,23.188,0,0,0.000,0,0,0.000,6.457
decode,real,1636,3635841680073185635,0,0,0,0,0.000,4,35005,23.188,0,0,0.000,0,0,0.000,6.495
decode,real,1637,3635841680073185635,0,0,0,0,0.000,4,35009,23.188,0,0,0.000,0,0,0.000,6.512
decode,real,1638,3635841680073185635,0,0,0,0,0.000,4,35013,23.188,0,0,0.000,0,0,0.000,6.459
decode,real,1639,3635841680073185635,0,0,0,0,0.000,4,35017,23.188,0,0,0.000,0,0,0.000,6.480
decode,real,1640,3635841680073185635,0,0,0,0,0.000,4,35021,23.188,0,0,0.000,0,0,0.000,6.474
decode,real,1641,3635841680073185635,0,0,0,0,0.000,4,35025,23.188,0,0,0.000,0,0,0.000,6.476
decode,real,1642,3635841680073185635,0,0,0,0,0.000,4,35029,23.188,0,0,0.000,0,0,0.000,6.481
decode,real,1643,3635841680073185635,0,0,0,0,0.000,4,35033,23.188,0,0,0.000,0,0,0.000,6.498
decode,real,1644,3635841680073185635,0,0,0,0,0.000,4,35037,23.188,0,0,0.000,0,0,0.000,6.484
decode,real,1645,3635841680073185635,0,0,0,0,0.000,4,35041,23.188,0,0,0.000,0,0,0.000,6.463
decode,real,1646,3635841680073185635,0,0,0,0,0.000,4,35045,23.188,0,0,0.000,0,0,0.000,6.488
decode,real,1647,3635841680073185635,0,0,0,0,0.000,4,35049,23.188,0,0,0.000,0,0,0.000,6.481
decode,real,1648,3635841680073185635,0,0,0,0,0.000,4,35053,23.188,0,0,0.000,0,0,0.000,6.488
decode,real,1649,3635841680073185635,0,0,0,0,0.000,4,35057,23.188,0,0,0.000,0,0,0.000,6.477
decode,real,1650,3635841680073185635,0,0,0,0,0.000,4,35061,23.188,0,0,0.000,0,0,0.000,6.502
decode,real,1651,3635841680073185635,0,0,0,0,0.000,4,35065,23.188,0,0,0.000,0,0,0.000,6.459
decode,real,1652,3635841680073185635,0,0,0,0,0.000,4,35069,23.188,0,0,0.000,0,0,0.000,6.504
decode,real,1653,3635841680073185635,0,0,0,0,0.000,4,35073,23.188,0,0,0.000,0,0,0.000,6.492
decode,real,1654,3635841680073185635,0,0,0,0,0.000,4,35077,23.188,0,0,0.000,0,0,0.000,6.469
decode,real,1655,3635841680073185635,0,0,0,0,0.000,4,35081,23.188,0,0,0.000,0,0,0.000,6.492
decode,real,1656,3635841680073185635,0,0,0,0,0.000,4,35085,23.188,0,0,0.000,0,0,0.000,6.499
decode,real,1657,3635841680073185635,0,0,0,0,0.000,4,35089,23.188,0,0,0.000,0,0,0.000,6.509
decode,real,1658,3635841680073185635,0,0,0,0,0.000,4,35093,23.188,0,0,0.000,0,0,0.000,6.434
decode,real,1659,3635841680073185635,0,0,0,0,0.000,4,35097,23.188,0,0,0.000,0,0,0.000,6.525
decode,real,1660,3635841680073185635,0,0,0,0,0.000,4,35101,23.188,0,0,0.000,0,0,0.000,6.454
decode,real,1661,3635841680073185635,0,0,0,0,0.000,4,35105,23.188,0,0,0.000,0,0,0.000,6.513
decode,real,1662,3635841680073185635,0,0,0,0,0.000,4,35109,23.188,0,0,0.000,0,0,0.000,6.469
decode,real,1663,3635841680073185635,0,0,0,0,0.000,4,35113,23.188,0,0,0.000,0,0,0.000,6.480
decode,real,1664,3635841680073185635,0,0,0,0,0.000,4,35117,23.188,0,0,0.000,0,0,0.000,6.494
decode,real,1665,3635841680073185635,0,0,0,0,0.000,4,35121,23.188,0,0,0.000,0,0,0.000,6.480
decode,real,1666,3635841680073185635,0,0,0,0,0.000,4,35125,23.188,0,0,0.000,0,0,0.000,6.482
decode,real,1667,3635841680073185635,0,0,0,0,0.000,4,35129,23.188,0,0,0.000,0,0,0.000,6.496
decode,real,1668,3635841680073185635,0,0,0,0,0.000,4,35133,23.188,0,0,0.000,0,0,0.000,6.474
decode,real,1669,3635841680073185635,0,0,0,0,0.000,4,35137,23.188,0,0,0.000,0,0,0.000,6.497
decode,real,1670,3635841680073185635,0,0,0,0,0.000,4,35141,23.188,0,0,0.000,0,0,0.000,6.459
decode,real,1671,3635841680073185635,0,0,0,0,0.000,4,35145,23.188,0,0,0.000,0,0,0.000,6.491
decode,real,1672,3635841680073185635,0,0,0,0,0.000,4,35149,23.188,0,0,0.000,0,0,0.000,6.479
decode,real,1673,3635841680073185635,0,0,0,0,0.000,4,35153,23.188,0,0,0.000,0,0,0.000,6.485
decode,real,1674,3635841680073185635,0,0,0,0,0.000,4,35157,23.188,0,0,0.000,0,0,0.000,6.484
decode,real,1675,3635841680073185635,0,0,0,0,0.000,4,35161,23.188,0,0,0.000,0,0,0.000,6.484
decode,real,1676,3635841680073185635,0,0,0,0,0.000,4,35165,23.188,0,0,0.000,0,0,0.000,6.475
decode,real,1677,3635841680073185635,0,0,0,0,0.000,4,35169,23.188,0,0,0.000,0,0,0.000,6.453
decode,real,1678,3635841680073185635,0,0,0,0,0.000,4,35173,23.188,0,0,0.000,0,0,0.000,6.501
decode,real,1679,3635841680073185635,0,0,0,0,0.000,4,35177,23.188,0,0,0.000,0,0,0.000,6.486
decode,real,1680,3635841680073185635,0,0,0,0,0.000,4,35181,23.188,0,0,0.000,0,0,0.000,6.475
decode,real,1681,3635841680073185635,0,0,0,0,0.000,4,35185,23.188,0,0,0.000,0,0,0.000,6.509
decode,real,1682,3635841680073185635,0,0,0,0,0.000,4,35189,23.188,0,0,0.000,0,0,0.000,6.462
decode,real,1683,3635841680073185635,0,0,0,0,0.000,4,35193,23.188,0,0,0.000,0,0,0.000,6.489
decode,real,1684,3635841680073185635,0,0,0,0,0.000,4,35197,23.188,0,0,0.000,0,0,0.000,6.497
decode,real,1685,3635841680073185635,0,0,0,0,0.000,4,35201,23.188,0,0,0.000,0,0,0.000,6.457
decode,real,1686,3635841680073185635,0,0,0,0,0.000,4,35205,23.188,0,0,0.000,0,0,0.000,6.476
decode,real,1687,3635841680073185635,0,0,0,0,0.000,4,35209,23.188,0,0,0.000,0,0,0.000,6.472
decode,real,1688,3635841680073185635,0,0,0,0,0.000,4,35213,23.188,0,0,0.000,0,0,0.000,6.486
decode,real,1689,3635841680073185635,0,0,0,0,0.000,4,35217,23.188,0,0,0.000,0,0,0.000,6.495
decode,real,1690,3635841680073185635,0,0,0,0,0.000,4,35221,23.188,0,0,0.000,0,0,0.000,6.471
decode,real,1691,3635841680073185635,0,0,0,0,0.000,4,35225,23.188,0,0,0.000,0,0,0.000,6.489
decode,real,1692,3635841680073185635,0,0,0,0,0.000,4,35229,23.188,0,0,0.000,0,0,0.000,6.483
decode,real,1693,3635841680073185635,0,0,0,0,0.000,4,35233,23.188,0,0,0.000,0,0,0.000,6.466
decode,real,1694,3635841680073185635,0,0,0,0,0.000,4,35237,23.188,0,0,0.000,0,0,0.000,6.490
decode,real,1695,3635841680073185635,0,0,0,0,0.000,4,35241,23.188,0,0,0.000,0,0,0.000,6.471
decode,real,1696,3635841680073185635,0,0,0,0,0.000,4,35245,23.188,0,0,0.000,0,0,0.000,6.469
decode,real,1697,3635841680073185635,0,0,0,0,0.000,4,35249,23.188,0,0,0.000,0,0,0.000,6.509
decode,real,1698,3635841680073185635,0,0,0,0,0.000,4,35253,23.188,0,0,0.000,0,0,0.000,6.480
decode,real,1699,3635841680073185635,0,0,0,0,0.000,4,35257,23.188,0,0,0.000,0,0,0.000,6.494
decode,real,1700,3635841680073185635,0,0,0,0,0.000,4,35261,23.188,0,0,0.000,0,0,0.000,6.475
decode,real,1701,3635841680073185635,0,0,0,0,0.000,4,35265,23.188,0,0,0.000,0,0,0.000,6.489
decode,real,1702,3635841680073185635,0,0,0,0,0.000,4,35269,23.188,0,0,0.000,0,0,0.000,6.486
decode,real,1703,3635841680073185635,0,0,0,0,0.000,4,35273,23.188,0,0,0.000,0,0,0.000,6.472
decode,real,1704,3635841680073185635,0,0,0,0,0.000,4,35277,23.188,0,0,0.000,0,0,0.000,6.475
decode,real,1705,3635841680073185635,0,0,0,0,0.000,4,35281,23.188,0,0,0.000,0,0,0.000,6.484
decode,real,1706,3635841680073185635,0,0,0,0,0.000,4,35285,23.188,0,0,0.000,0,0,0.000,6.487
decode,real,1707,3635841680073185635,0,0,0,0,0.000,4,35289,23.188,0,0,0.000,0,0,0.000,6.491
decode,real,1708,3635841680073185635,0,0,0,0,0.000,4,35293,23.188,0,0,0.000,0,0,0.000,6.499
decode,real,1709,3635841680073185635,0,0,0,0,0.000,4,35297,23.188,0,0,0.000,0,0,0.000,6.470
decode,real,1710,3635841680073185635,0,0,0,0,0.000,4,35301,23.188,0,0,0.000,0,0,0.000,6.498
decode,real,1711,3635841680073185635,0,0,0,0,0.000,4,35305,23.188,0,0,0.000,0,0,0.000,6.499
decode,real,1712,3635841680073185635,0,0,0,0,0.000,4,35309,23.188,0,0,0.000,0,0,0.000,6.494
decode,real,1713,3635841680073185635,0,0,0,0,0.000,4,35313,23.188,0,0,0.000,0,0,0.000,6.506
decode,real,1714,3635841680073185635,0,0,0,0,0.000,4,35317,23.188,0,0,0.000,0,0,0.000,6.454
decode,real,1715,3635841680073185635,0,0,0,0,0.000,4,35321,23.188,0,0,0.000,0,0,0.000,6.536
decode,real,1716,3635841680073185635,0,0,0,0,0.000,4,35325,23.188,0,0,0.000,0,0,0.000,6.480
decode,real,1717,3635841680073185635,0,0,0,0,0.000,4,35329,23.188,0,0,0.000,0,0,0.000,6.526
decode,real,1718,3635841680073185635,0,0,0,0,0.000,4,35333,23.188,0,0,0.000,0,0,0.000,6.477
decode,real,1719,3635841680073185635,0,0,0,0,0.000,4,35337,23.188,0,0,0.000,0,0,0.000,6.507
decode,real,1720,3635841680073185635,0,0,0,0,0.000,4,35341,23.188,0,0,0.000,0,0,0.000,6.500
decode,real,1721,3635841680073185635,0,0,0,0,0.000,4,35345,23.188,0,0,0.000,0,0,0.000,6.508
decode,real,1722,3635841680073185635,0,0,0,0,0.000,4,35349,23.188,0,0,0.000,0,0,0.000,6.473
decode,real,1723,3635841680073185635,0,0,0,0,0.000,4,35353,23.188,0,0,0.000,0,0,0.000,6.503
decode,real,1724,3635841680073185635,0,0,0,0,0.000,4,35357,23.188,0,0,0.000,0,0,0.000,6.487
decode,real,1725,3635841680073185635,0,0,0,0,0.000,4,35361,23.188,0,0,0.000,0,0,0.000,6.486
decode,real,1726,3635841680073185635,0,0,0,0,0.000,4,35365,23.188,0,0,0.000,0,0,0.000,6.492
decode,real,1727,3635841680073185635,0,0,0,0,0.000,4,35369,23.188,0,0,0.000,0,0,0.000,6.495
decode,real,1728,3635841680073185635,0,0,0,0,0.000,4,35373,23.188,0,0,0.000,0,0,0.000,6.491
decode,real,1729,3635841680073185635,0,0,0,0,0.000,4,35377,23.188,0,0,0.000,0,0,0.000,6.509
decode,real,1730,3635841680073185635,0,0,0,0,0.000,4,35381,23.188,0,0,0.000,0,0,0.000,6.472
decode,real,1731,3635841680073185635,0,0,0,0,0.000,4,35385,23.188,0,0,0.000,0,0,0.000,6.497
decode,real,1732,3635841680073185635,0,0,0,0,0.000,4,35389,23.188,0,0,0.000,0,0,0.000,6.494
decode,real,1733,3635841680073185635,0,0,0,0,0.000,4,35393,23.188,0,0,0.000,0,0,0.000,6.475
decode,real,1734,3635841680073185635,0,0,0,0,0.000,4,35397,23.188,0,0,0.000,0,0,0.000,6.488
decode,real,1735,3635841680073185635,0,0,0,0,0.000,4,35401,23.188,0,0,0.000,0,0,0.000,6.485
decode,real,1736,3635841680073185635,0,0,0,0,0.000,4,35405,23.188,0,0,0.000,0,0,0.000,6.485
decode,real,1737,3635841680073185635,0,0,0,0,0.000,4,35409,23.188,0,0,0.000,0,0,0.000,6.495
decode,real,1738,3635841680073185635,0,0,0,0,0.000,4,35413,23.188,0,0,0.000,0,0,0.000,6.504
decode,real,1739,3635841680073185635,0,0,0,0,0.000,4,35417,23.188,0,0,0.000,0,0,0.000,6.488
decode,real,1740,3635841680073185635,0,0,0,0,0.000,4,35421,23.188,0,0,0.000,0,0,0.000,6.492
decode,real,1741,3635841680073185635,0,0,0,0,0.000,4,35425,23.188,0,0,0.000,0,0,0.000,6.488
decode,real,1742,3635841680073185635,0,0,0,0,0.000,4,35429,23.188,0,0,0.000,0,0,0.000,6.482
decode,real,1743,3635841680073185635,0,0,0,0,0.000,4,35433,23.188,0,0,0.000,0,0,0.000,6.487
decode,real,1744,3635841680073185635,0,0,0,0,0.000,4,35437,23.188,0,0,0.000,0,0,0.000,6.476
decode,real,1745,3635841680073185635,0,0,0,0,0.000,4,35441,23.188,0,0,0.000,0,0,0.000,6.504
decode,real,1746,3635841680073185635,0,0,0,0,0.000,4,35445,23.188,0,0,0.000,0,0,0.000,6.511
decode,real,1747,3635841680073185635,0,0,0,0,0.000,4,35449,23.188,0,0,0.000,0,0,0.000,6.474
decode,real,1748,3635841680073185635,0,0,0,0,0.000,4,35453,23.188,0,0,0.000,0,0,0.000,6.477
decode,real,1749,3635841680073185635,0,0,0,0,0.000,4,35457,23.188,0,0,0.000,0,0,0.000,6.509
decode,real,1750,3635841680073185635,0,0,0,0,0.000,4,35461,23.188,0,0,0.000,0,0,0.000,6.461
decode,real,1751,3635841680073185635,0,0,0,0,0.000,4,35465,23.188,0,0,0.000,0,0,0.000,6.505
decode,real,1752,3635841680073185635,0,0,0,0,0.000,4,35469,23.188,0,0,0.000,0,0,0.000,6.471
decode,real,1753,3635841680073185635,0,0,0,0,0.000,4,35473,23.188,0,0,0.000,0,0,0.000,6.500
decode,real,1754,3635841680073185635,0,0,0,0,0.000,4,35477,23.188,0,0,0.000,0,0,0.000,6.470
decode,real,1755,3635841680073185635,0,0,0,0,0.000,4,35481,23.188,0,0,0.000,0,0,0.000,6.501
decode,real,1756,3635841680073185635,0,0,0,0,0.000,4,35485,23.188,0,0,0.000,0,0,0.000,6.503
decode,real,1757,3635841680073185635,0,0,0,0,0.000,4,35489,23.188,0,0,0.000,0,0,0.000,6.482
decode,real,1758,3635841680073185635,0,0,0,0,0.000,4,35493,23.188,0,0,0.000,0,0,0.000,6.490
decode,real,1759,3635841680073185635,0,0,0,0,0.000,4,35497,23.188,0,0,0.000,0,0,0.000,6.499
decode,real,1760,3635841680073185635,0,0,0,0,0.000,4,35501,23.188,0,0,0.000,0,0,0.000,6.467
decode,real,1761,3635841680073185635,0,0,0,0,0.000,4,35505,23.188,0,0,0.000,0,0,0.000,6.520
decode,real,1762,3635841680073185635,0,0,0,0,0.000,4,35509,23.188,0,0,0.000,0,0,0.000,6.470
decode,real,1763,3635841680073185635,0,0,0,0,0.000,4,35513,23.188,0,0,0.000,0,0,0.000,6.499
decode,real,1764,3635841680073185635,0,0,0,0,0.000,4,35517,23.188,0,0,0.000,0,0,0.000,6.476
decode,real,1765,3635841680073185635,0,0,0,0,0.000,4,35521,23.188,0,0,0.000,0,0,0.000,6.502
decode,real,1766,3635841680073185635,0,0,0,0,0.000,4,35525,23.188,0,0,0.000,0,0,0.000,6.491
decode,real,1767,3635841680073185635,0,0,0,0,0.000,4,35529,23.188,0,0,0.000,0,0,0.000,6.486
decode,real,1768,3635841680073185635,0,0,0,0,0.000,4,35533,23.188,0,0,0.000,0,0,0.000,6.500
decode,real,1769,3635841680073185635,0,0,0,0,0.000,4,35537,23.188,0,0,0.000,0,0,0.000,6.507
decode,real,1770,3635841680073185635,0,0,0,0,0.000,4,35541,23.188,0,0,0.000,0,0,0.000,6.470
decode,real,1771,3635841680073185635,0,0,0,0,0.000,4,35545,23.188,0,0,0.000,0,0,0.000,6.497
decode,real,1772,3635841680073185635,0,0,0,0,0.000,4,35549,23.188,0,0,0.000,0,0,0.000,6.520
decode,real,1773,3635841680073185635,0,0,0,0,0.000,4,35553,23.188,0,0,0.000,0,0,0.000,6.466
decode,real,1774,3635841680073185635,0,0,0,0,0.000,4,35557,23.188,0,0,0.000,0,0,0.000,6.515
decode,real,1775,3635841680073185635,0,0,0,0,0.000,4,35561,23.188,0,0,0.000,0,0,0.000,6.505
decode,real,1776,3635841680073185635,0,0,0,0,0.000,4,35565,23.188,0,0,0.000,0,0,0.000,6.487
decode,real,1777,3635841680073185635,0,0,0,0,0.000,4,35569,23.188,0,0,0.000,0,0,0.000,6.492
decode,real,1778,3635841680073185635,0,0,0,0,0.000,4,35573,23.188,0,0,0.000,0,0,0.000,6.490
decode,real,1779,3635841680073185635,0,0,0,0,0.000,4,35577,23.188,0,0,0.000,0,0,0.000,6.490
decode,real,1780,3635841680073185635,0,0,0,0,0.000,4,35581,23.188,0,0,0.000,0,0,0.000,6.529
decode,real,1781,3635841680073185635,0,0,0,0,0.000,4,35585,23.188,0,0,0.000,0,0,0.000,6.475
decode,real,1782,3635841680073185635,0,0,0,0,0.000,4,35589,23.188,0,0,0.000,0,0,0.000,6.507
decode,real,1783,3635841680073185635,0,0,0,0,0.000,4,35593,23.188,0,0,0.000,0,0,0.000,6.491
decode,real,1784,3635841680073185635,0,0,0,0,0.000,4,35597,23.188,0,0,0.000,0,0,0.000,6.492
decode,real,1785,3635841680073185635,0,0,0,0,0.000,4,35601,23.188,0,0,0.000,0,0,0.000,6.494
decode,real,1786,3635841680073185635,0,0,0,0,0.000,4,35605,23.188,0,0,0.000,0,0,0.000,6.497
decode,real,1787,3635841680073185635,0,0,0,0,0.000,4,35609,23.188,0,0,0.000,0,0,0.000,6.474
decode,real,1788,3635841680073185635,0,0,0,0,0.000,4,35613,23.188,0,0,0.000,0,0,0.000,6.524
decode,real,1789,3635841680073185635,0,0,0,0,0.000,4,35617,23.188,0,0,0.000,0,0,0.000,6.489
decode,real,1790,3635841680073185635,0,0,0,0,0.000,4,35621,23.188,0,0,0.000,0,0,0.000,6.495
decode,real,1791,3635841680073185635,0,0,0,0,0.000,4,35625,23.188,0,0,0.000,0,0,0.000,6.493
decode,real,1792,3635841680073185635,0,0,0,0,0.000,4,35629,23.188,0,0,0.000,0,0,0.000,6.486
decode,real,1793,3635841680073185635,0,0,0,0,0.000,4,35633,23.188,0,0,0.000,0,0,0.000,6.520
decode,real,1794,3635841680073185635,0,0,0,0,0.000,4,35637,23.188,0,0,0.000,0,0,0.000,6.465
decode,real,1795,3635841680073185635,0,0,0,0,0.000,4,35641,23.188,0,0,0.000,0,0,0.000,6.509
decode,real,1796,3635841680073185635,0,0,0,0,0.000,4,35645,23.188,0,0,0.000,0,0,0.000,6.462
decode,real,1797,3635841680073185635,0,0,0,0,0.000,4,35649,23.188,0,0,0.000,0,0,0.000,6.539
decode,real,1798,3635841680073185635,0,0,0,0,0.000,4,35653,23.188,0,0,0.000,0,0,0.000,6.466
decode,real,1799,3635841680073185635,0,0,0,0,0.000,4,35657,23.188,0,0,0.000,0,0,0.000,6.511
decode,real,1800,3635841680073185635,0,0,0,0,0.000,4,35661,23.188,0,0,0.000,0,0,0.000,6.471
decode,real,1801,3635841680073185635,0,0,0,0,0.000,4,35665,23.188,0,0,0.000,0,0,0.000,6.486
decode,real,1802,3635841680073185635,0,0,0,0,0.000,4,35669,23.188,0,0,0.000,0,0,0.000,6.488
decode,real,1803,3635841680073185635,0,0,0,0,0.000,4,35673,23.188,0,0,0.000,0,0,0.000,6.481
decode,real,1804,3635841680073185635,0,0,0,0,0.000,4,35677,23.188,0,0,0.000,0,0,0.000,6.511
decode,real,1805,3635841680073185635,0,0,0,0,0.000,4,35681,23.188,0,0,0.000,0,0,0.000,6.480
decode,real,1806,3635841680073185635,0,0,0,0,0.000,4,35685,23.188,0,0,0.000,0,0,0.000,6.492
decode,real,1807,3635841680073185635,0,0,0,0,0.000,4,35689,23.188,0,0,0.000,0,0,0.000,6.489
decode,real,1808,3635841680073185635,0,0,0,0,0.000,4,35693,23.188,0,0,0.000,0,0,0.000,6.492
decode,real,1809,3635841680073185635,0,0,0,0,0.000,4,35697,23.188,0,0,0.000,0,0,0.000,6.491
decode,real,1810,3635841680073185635,0,0,0,0,0.000,4,35701,23.188,0,0,0.000,0,0,0.000,6.491
decode,real,1811,3635841680073185635,0,0,0,0,0.000,4,35705,23.188,0,0,0.000,0,0,0.000,6.490
decode,real,1812,3635841680073185635,0,0,0,0,0.000,4,35709,23.188,0,0,0.000,0,0,0.000,6.487
decode,real,1813,3635841680073185635,0,0,0,0,0.000,4,35713,23.188,0,0,0.000,0,0,0.000,6.522
decode,real,1814,3635841680073185635,0,0,0,0,0.000,4,35717,23.188,0,0,0.000,0,0,0.000,6.480
decode,real,1815,3635841680073185635,0,0,0,0,0.000,4,35721,23.188,0,0,0.000,0,0,0.000,6.459
decode,real,1816,3635841680073185635,0,0,0,0,0.000,4,35725,23.188,0,0,0.000,0,0,0.000,6.507
decode,real,1817,3635841680073185635,0,0,0,0,0.000,4,35729,23.188,0,0,0.000,0,0,0.000,6.517
decode,real,1818,3635841680073185635,0,0,0,0,0.000,4,35733,23.188,0,0,0.000,0,0,0.000,6.485
decode,real,1819,3635841680073185635,0,0,0,0,0.000,4,35737,23.188,0,0,0.000,0,0,0.000,6.480
decode,real,1820,3635841680073185635,0,0,0,0,0.000,4,35741,23.188,0,0,0.000,0,0,0.000,6.503
decode,real,1821,3635841680073185635,0,0,0,0,0.000,4,35745,23.188,0,0,0.000,0,0,0.000,6.479
decode,real,1822,3635841680073185635,0,0,0,0,0.000,4,35749,23.188,0,0,0.000,0,0,0.000,6.491
decode,real,1823,3635841680073185635,0,0,0,0,0.000,4,35753,23.188,0,0,0.000,0,0,0.000,6.477
decode,real,1824,3635841680073185635,0,0,0,0,0.000,4,35757,23.188,0,0,0.000,0,0,0.000,6.510
decode,real,1825,3635841680073185635,0,0,0,0,0.000,4,35761,23.188,0,0,0.000,0,0,0.000,6.498
decode,real,1826,3635841680073185635,0,0,0,0,0.000,4,35765,23.188,0,0,0.000,0,0,0.000,6.506
decode,real,1827,3635841680073185635,0,0,0,0,0.000,4,35769,23.188,0,0,0.000,0,0,0.000,6.480
decode,real,1828,3635841680073185635,0,0,0,0,0.000,4,35773,23.188,0,0,0.000,0,0,0.000,6.477
decode,real,1829,3635841680073185635,0,0,0,0,0.000,4,35777,23.188,0,0,0.000,0,0,0.000,6.522
decode,real,1830,3635841680073185635,0,0,0,0,0.000,4,35781,23.188,0,0,0.000,0,0,0.000,6.490
decode,real,1831,3635841680073185635,0,0,0,0,0.000,4,35785,23.188,0,0,0.000,0,0,0.000,6.518
decode,real,1832,3635841680073185635,0,0,0,0,0.000,4,35789,23.188,0,0,0.000,0,0,0.000,6.488
decode,real,1833,3635841680073185635,0,0,0,0,0.000,4,35793,23.188,0,0,0.000,0,0,0.000,6.481
decode,real,1834,3635841680073185635,0,0,0,0,0.000,4,35797,23.188,0,0,0.000,0,0,0.000,6.475
decode,real,1835,3635841680073185635,0,0,0,0,0.000,4,35801,23.188,0,0,0.000,0,0,0.000,6.494
decode,real,1836,3635841680073185635,0,0,0,0,0.000,4,35805,23.188,0,0,0.000,0,0,0.000,6.511
decode,real,1837,3635841680073185635,0,0,0,0,0.000,4,35809,23.188,0,0,0.000,0,0,0.000,6.492
decode,real,1838,3635841680073185635,0,0,0,0,0.000,4,35813,23.188,0,0,0.000,0,0,0.000,6.509
decode,real,1839,3635841680073185635,0,0,0,0,0.000,4,35817,23.188,0,0,0.000,0,0,0.000,6.461
decode,real,1840,3635841680073185635,0,0,0,0,0.000,4,35821,23.188,0,0,0.000,0,0,0.000,6.495
decode,real,1841,3635841680073185635,0,0,0,0,0.000,4,35825,23.188,0,0,0.000,0,0,0.000,6.493
decode,real,1842,3635841680073185635,0,0,0,0,0.000,4,35829,23.188,0,0,0.000,0,0,0.000,6.505
decode,real,1843,3635841680073185635,0,0,0,0,0.000,4,35833,23.188,0,0,0.000,0,0,0.000,6.485
decode,real,1844,3635841680073185635,0,0,0,0,0.000,4,35837,23.188,0,0,0.000,0,0,0.000,6.504
decode,real,1845,3635841680073185635,0,0,0,0,0.000,4,35841,23.188,0,0,0.000,0,0,0.000,6.487
decode,real,1846,3635841680073185635,0,0,0,0,0.000,4,35845,23.188,0,0,0.000,0,0,0.000,6.509
decode,real,1847,3635841680073185635,0,0,0,0,0.000,4,35849,23.188,0,0,0.000,0,0,0.000,6.477
decode,real,1848,3635841680073185635,0,0,0,0,0.000,4,35853,23.188,0,0,0.000,0,0,0.000,6.553
decode,real,1849,3635841680073185635,0,0,0,0,0.000,4,35857,23.188,0,0,0.000,0,0,0.000,6.463
decode,real,1850,3635841680073185635,0,0,0,0,0.000,4,35861,23.188,0,0,0.000,0,0,0.000,6.477
decode,real,1851,3635841680073185635,0,0,0,0,0.000,4,35865,23.188,0,0,0.000,0,0,0.000,6.487
decode,real,1852,3635841680073185635,0,0,0,0,0.000,4,35869,23.188,0,0,0.000,0,0,0.000,6.505
decode,real,1853,3635841680073185635,0,0,0,0,0.000,4,35873,23.188,0,0,0.000,0,0,0.000,6.538
decode,real,1854,3635841680073185635,0,0,0,0,0.000,4,35877,23.188,0,0,0.000,0,0,0.000,6.436
decode,real,1855,3635841680073185635,0,0,0,0,0.000,4,35881,23.188,0,0,0.000,0,0,0.000,6.513
decode,real,1856,3635841680073185635,0,0,0,0,0.000,4,35885,23.188,0,0,0.000,0,0,0.000,6.492
decode,real,1857,3635841680073185635,0,0,0,0,0.000,4,35889,23.188,0,0,0.000,0,0,0.000,6.515
decode,real,1858,3635841680073185635,0,0,0,0,0.000,4,35893,23.188,0,0,0.000,0,0,0.000,6.457
decode,real,1859,3635841680073185635,0,0,0,0,0.000,4,35897,23.188,0,0,0.000,0,0,0.000,6.517
decode,real,1860,3635841680073185635,0,0,0,0,0.000,4,35901,23.188,0,0,0.000,0,0,0.000,6.479
decode,real,1861,3635841680073185635,0,0,0,0,0.000,4,35905,23.188,0,0,0.000,0,0,0.000,6.531
decode,real,1862,3635841680073185635,0,0,0,0,0.000,4,35909,23.188,0,0,0.000,0,0,0.000,6.463
decode,real,1863,3635841680073185635,0,0,0,0,0.000,4,35913,23.188,0,0,0.000,0,0,0.000,6.525
decode,real,1864,3635841680073185635,0,0,0,0,0.000,4,35917,23.188,0,0,0.000,0,0,0.000,6.464
decode,real,1865,3635841680073185635,0,0,0,0,0.000,4,35921,23.188,0,0,0.000,0,0,0.000,6.521
decode,real,1866,3635841680073185635,0,0,0,0,0.000,4,35925,23.188,0,0,0.000,0,0,0.000,6.486
decode,real,1867,3635841680073185635,0,0,0,0,0.000,4,35929,23.188,0,0,0.000,0,0,0.000,6.526
decode,real,1868,3635841680073185635,0,0,0,0,0.000,4,35933,23.188,0,0,0.000,0,0,0.000,6.495
decode,real,1869,3635841680073185635,0,0,0,0,0.000,4,35937,23.188,0,0,0.000,0,0,0.000,6.489
decode,real,1870,3635841680073185635,0,0,0,0,0.000,4,35941,23.188,0,0,0.000,0,0,0.000,6.496
decode,real,1871,3635841680073185635,0,0,0,0,0.000,4,35945,23.188,0,0,0.000,0,0,0.000,6.505
decode,real,1872,3635841680073185635,0,0,0,0,0.000,4,35949,23.188,0,0,0.000,0,0,0.000,6.507
decode,real,1873,3635841680073185635,0,0,0,0,0.000,4,35953,23.188,0,0,0.000,0,0,0.000,6.522
decode,real,1874,3635841680073185635,0,0,0,0,0.000,4,35957,23.188,0,0,0.000,0,0,0.000,6.472
decode,real,1875,3635841680073185635,0,0,0,0,0.000,4,35961,23.188,0,0,0.000,0,0,0.000,6.494
decode,real,1876,3635841680073185635,0,0,0,0,0.000,4,35965,23.188,0,0,0.000,0,0,0.000,6.505
decode,real,1877,3635841680073185635,0,0,0,0,0.000,4,35969,23.188,0,0,0.000,0,0,0.000,6.516
decode,real,1878,3635841680073185635,0,0,0,0,0.000,4,35973,23.188,0,0,0.000,0,0,0.000,6.477
decode,real,1879,3635841680073185635,0,0,0,0,0.000,4,35977,23.188,0,0,0.000,0,0,0.000,6.499
decode,real,1880,3635841680073185635,0,0,0,0,0.000,4,35981,23.188,0,0,0.000,0,0,0.000,6.496
decode,real,1881,3635841680073185635,0,0,0,0,0.000,4,35985,23.188,0,0,0.000,0,0,0.000,6.536
decode,real,1882,3635841680073185635,0,0,0,0,0.000,4,35989,23.188,0,0,0.000,0,0,0.000,6.470
decode,real,1883,3635841680073185635,0,0,0,0,0.000,4,35993,23.188,0,0,0.000,0,0,0.000,6.503
decode,real,1884,3635841680073185635,0,0,0,0,0.000,4,35997,23.188,0,0,0.000,0,0,0.000,6.502
decode,real,1885,3635841680073185635,0,0,0,0,0.000,4,36001,23.188,0,0,0.000,0,0,0.000,6.492
decode,real,1886,3635841680073185635,0,0,0,0,0.000,4,36005,23.188,0,0,0.000,0,0,0.000,6.497
decode,real,1887,3635841680073185635,0,0,0,0,0.000,4,36009,23.188,0,0,0.000,0,0,0.000,6.531
decode,real,1888,3635841680073185635,0,0,0,0,0.000,4,36013,23.188,0,0,0.000,0,0,0.000,6.488
decode,real,1889,3635841680073185635,0,0,0,0,0.000,4,36017,23.188,0,0,0.000,0,0,0.000,6.508
decode,real,1890,3635841680073185635,0,0,0,0,0.000,4,36021,23.188,0,0,0.000,0,0,0.000,6.474
decode,real,1891,3635841680073185635,0,0,0,0,0.000,4,36025,23.188,0,0,0.000,0,0,0.000,6.504
decode,real,1892,3635841680073185635,0,0,0,0,0.000,4,36029,23.188,0,0,0.000,0,0,0.000,6.498
decode,real,1893,3635841680073185635,0,0,0,0,0.000,4,36033,23.188,0,0,0.000,0,0,0.000,6.547
decode,real,1894,3635841680073185635,0,0,0,0,0.000,4,36037,23.188,0,0,0.000,0,0,0.000,6.461
decode,real,1895,3635841680073185635,0,0,0,0,0.000,4,36041,23.188,0,0,0.000,0,0,0.000,6.513
decode,real,1896,3635841680073185635,0,0,0,0,0.000,4,36045,23.188,0,0,0.000,0,0,0.000,6.503
decode,real,1897,3635841680073185635,0,0,0,0,0.000,4,36049,23.188,0,0,0.000,0,0,0.000,6.509
decode,real,1898,3635841680073185635,0,0,0,0,0.000,4,36053,23.188,0,0,0.000,0,0,0.000,6.513
decode,real,1899,3635841680073185635,0,0,0,0,0.000,4,36057,23.188,0,0,0.000,0,0,0.000,6.460
decode,real,1900,3635841680073185635,0,0,0,0,0.000,4,36061,23.188,0,0,0.000,0,0,0.000,6.514
decode,real,1901,3635841680073185635,0,0,0,0,0.000,4,36065,23.188,0,0,0.000,0,0,0.000,6.464
decode,real,1902,3635841680073185635,0,0,0,0,0.000,4,36069,23.188,0,0,0.000,0,0,0.000,6.490
decode,real,1903,3635841680073185635,0,0,0,0,0.000,4,36073,23.188,0,0,0.000,0,0,0.000,6.526
decode,real,1904,3635841680073185635,0,0,0,0,0.000,4,36077,23.188,0,0,0.000,0,0,0.000,6.499
decode,real,1905,3635841680073185635,0,0,0,0,0.000,4,36081,23.188,0,0,0.000,0,0,0.000,6.494
decode,real,1906,3635841680073185635,0,0,0,0,0.000,4,36085,23.188,0,0,0.000,0,0,0.000,6.464
decode,real,1907,3635841680073185635,0,0,0,0,0.000,4,36089,23.188,0,0,0.000,0,0,0.000,6.521
decode,real,1908,3635841680073185635,0,0,0,0,0.000,4,36093,23.188,0,0,0.000,0,0,0.000,6.506
decode,real,1909,3635841680073185635,0,0,0,0,0.000,4,36097,23.188,0,0,0.000,0,0,0.000,6.528
decode,real,1910,3635841680073185635,0,0,0,0,0.000,4,36101,23.188,0,0,0.000,0,0,0.000,6.466
decode,real,1911,3635841680073185635,0,0,0,0,0.000,4,36105,23.188,0,0,0.000,0,0,0.000,6.501
decode,real,1912,3635841680073185635,0,0,0,0,0.000,4,36109,23.188,0,0,0.000,0,0,0.000,6.481
decode,real,1913,3635841680073185635,0,0,0,0,0.000,4,36113,23.188,0,0,0.000,0,0,0.000,6.518
decode,real,1914,3635841680073185635,0,0,0,0,0.000,4,36117,23.188,0,0,0.000,0,0,0.000,6.490
decode,real,1915,3635841680073185635,0,0,0,0,0.000,4,36121,23.188,0,0,0.000,0,0,0.000,6.504
decode,real,1916,3635841680073185635,0,0,0,0,0.000,4,36125,23.188,0,0,0.000,0,0,0.000,6.486
decode,real,1917,3635841680073185635,0,0,0,0,0.000,4,36129,23.188,0,0,0.000,0,0,0.000,6.473
decode,real,1918,3635841680073185635,0,0,0,0,0.000,4,36133,23.188,0,0,0.000,0,0,0.000,6.519
decode,real,1919,3635841680073185635,0,0,0,0,0.000,4,36137,23.188,0,0,0.000,0,0,0.000,6.523
decode,real,1920,3635841680073185635,0,0,0,0,0.000,4,36141,23.188,0,0,0.000,0,0,0.000,6.486
decode,real,1921,3635841680073185635,0,0,0,0,0.000,4,36145,23.188,0,0,0.000,0,0,0.000,6.524
decode,real,1922,3635841680073185635,0,0,0,0,0.000,4,36149,23.188,0,0,0.000,0,0,0.000,6.471
decode,real,1923,3635841680073185635,0,0,0,0,0.000,4,36153,23.188,0,0,0.000,0,0,0.000,6.516
decode,real,1924,3635841680073185635,0,0,0,0,0.000,4,36157,23.188,0,0,0.000,0,0,0.000,6.466
decode,real,1925,3635841680073185635,0,0,0,0,0.000,4,36161,23.188,0,0,0.000,0,0,0.000,6.525
decode,real,1926,3635841680073185635,0,0,0,0,0.000,4,36165,23.188,0,0,0.000,0,0,0.000,6.515
decode,real,1927,3635841680073185635,0,0,0,0,0.000,4,36169,23.188,0,0,0.000,0,0,0.000,6.464
decode,real,1928,3635841680073185635,0,0,0,0,0.000,4,36173,23.188,0,0,0.000,0,0,0.000,6.518
decode,real,1929,3635841680073185635,0,0,0,0,0.000,4,36177,23.188,0,0,0.000,0,0,0.000,6.505
decode,real,1930,3635841680073185635,0,0,0,0,0.000,4,36181,23.188,0,0,0.000,0,0,0.000,6.485
decode,real,1931,3635841680073185635,0,0,0,0,0.000,4,36185,23.188,0,0,0.000,0,0,0.000,6.507
decode,real,1932,3635841680073185635,0,0,0,0,0.000,4,36189,23.188,0,0,0.000,0,0,0.000,6.524
decode,real,1933,3635841680073185635,0,0,0,0,0.000,4,36193,23.188,0,0,0.000,0,0,0.000,6.466
decode,real,1934,3635841680073185635,0,0,0,0,0.000,4,36197,23.188,0,0,0.000,0,0,0.000,6.521
decode,real,1935,3635841680073185635,0,0,0,0,0.000,4,36201,23.188,0,0,0.000,0,0,0.000,6.534
decode,real,1936,3635841680073185635,0,0,0,0,0.000,4,36205,23.188,0,0,0.000,0,0,0.000,6.464
decode,real,1937,3635841680073185635,0,0,0,0,0.000,4,36209,23.188,0,0,0.000,0,0,0.000,6.512
decode,real,1938,3635841680073185635,0,0,0,0,0.000,4,36213,23.188,0,0,0.000,0,0,0.000,6.505
decode,real,1939,3635841680073185635,0,0,0,0,0.000,4,36217,23.188,0,0,0.000,0,0,0.000,6.515
decode,real,1940,3635841680073185635,0,0,0,0,0.000,4,36221,23.188,0,0,0.000,0,0,0.000,6.483
decode,real,1941,3635841680073185635,0,0,0,0,0.000,4,36225,23.188,0,0,0.000,0,0,0.000,6.519
decode,real,1942,3635841680073185635,0,0,0,0,0.000,4,36229,23.188,0,0,0.000,0,0,0.000,6.491
decode,real,1943,3635841680073185635,0,0,0,0,0.000,4,36233,23.188,0,0,0.000,0,0,0.000,6.518
decode,real,1944,3635841680073185635,0,0,0,0,0.000,4,36237,23.188,0,0,0.000,0,0,0.000,6.496
decode,real,1945,3635841680073185635,0,0,0,0,0.000,4,36241,23.188,0,0,0.000,0,0,0.000,6.517
decode,real,1946,3635841680073185635,0,0,0,0,0.000,4,36245,23.188,0,0,0.000,0,0,0.000,6.484
decode,real,1947,3635841680073185635,0,0,0,0,0.000,4,36249,23.188,0,0,0.000,0,0,0.000,6.482
decode,real,1948,3635841680073185635,0,0,0,0,0.000,4,36253,23.188,0,0,0.000,0,0,0.000,6.508
decode,real,1949,3635841680073185635,0,0,0,0,0.000,4,36257,23.188,0,0,0.000,0,0,0.000,6.511
decode,real,1950,3635841680073185635,0,0,0,0,0.000,4,36261,23.188,0,0,0.000,0,0,0.000,6.479
decode,real,1951,3635841680073185635,0,0,0,0,0.000,4,36265,23.188,0,0,0.000,0,0,0.000,6.524
decode,real,1952,3635841680073185635,0,0,0,0,0.000,4,36269,23.188,0,0,0.000,0,0,0.000,6.507
decode,real,1953,3635841680073185635,0,0,0,0,0.000,4,36273,23.188,0,0,0.000,0,0,0.000,6.493
decode,real,1954,3635841680073185635,0,0,0,0,0.000,4,36277,23.188,0,0,0.000,0,0,0.000,6.485
decode,real,1955,3635841680073185635,0,0,0,0,0.000,4,36281,23.188,0,0,0.000,0,0,0.000,6.527
decode,real,1956,3635841680073185635,0,0,0,0,0.000,4,36285,23.188,0,0,0.000,0,0,0.000,6.482
decode,real,1957,3635841680073185635,0,0,0,0,0.000,4,36289,23.188,0,0,0.000,0,0,0.000,6.519
decode,real,1958,3635841680073185635,0,0,0,0,0.000,4,36293,23.188,0,0,0.000,0,0,0.000,6.487
decode,real,1959,3635841680073185635,0,0,0,0,0.000,4,36297,23.188,0,0,0.000,0,0,0.000,6.511
decode,real,1960,3635841680073185635,0,0,0,0,0.000,4,36301,23.188,0,0,0.000,0,0,0.000,6.481
decode,real,1961,3635841680073185635,0,0,0,0,0.000,4,36305,23.188,0,0,0.000,0,0,0.000,6.564
decode,real,1962,3635841680073185635,0,0,0,0,0.000,4,36309,23.188,0,0,0.000,0,0,0.000,6.451
decode,real,1963,3635841680073185635,0,0,0,0,0.000,4,36313,23.188,0,0,0.000,0,0,0.000,6.515
decode,real,1964,3635841680073185635,0,0,0,0,0.000,4,36317,23.188,0,0,0.000,0,0,0.000,6.525
decode,real,1965,3635841680073185635,0,0,0,0,0.000,4,36321,23.188,0,0,0.000,0,0,0.000,6.495
decode,real,1966,3635841680073185635,0,0,0,0,0.000,4,36325,23.188,0,0,0.000,0,0,0.000,6.470
decode,real,1967,3635841680073185635,0,0,0,0,0.000,4,36329,23.188,0,0,0.000,0,0,0.000,6.507
decode,real,1968,3635841680073185635,0,0,0,0,0.000,4,36333,23.188,0,0,0.000,0,0,0.000,6.472
decode,real,1969,3635841680073185635,0,0,0,0,0.000,4,36337,23.188,0,0,0.000,0,0,0.000,6.533
decode,real,1970,3635841680073185635,0,0,0,0,0.000,4,36341,23.188,0,0,0.000,0,0,0.000,6.471
decode,real,1971,3635841680073185635,0,0,0,0,0.000,4,36345,23.188,0,0,0.000,0,0,0.000,6.515
decode,real,1972,3635841680073185635,0,0,0,0,0.000,4,36349,23.188,0,0,0.000,0,0,0.000,6.492
decode,real,1973,3635841680073185635,0,0,0,0,0.000,4,36353,23.188,0,0,0.000,0,0,0.000,6.524
decode,real,1974,3635841680073185635,0,0,0,0,0.000,4,36357,23.188,0,0,0.000,0,0,0.000,6.471
decode,real,1975,3635841680073185635,0,0,0,0,0.000,4,36361,23.188,0,0,0.000,0,0,0.000,6.532
decode,real,1976,3635841680073185635,0,0,0,0,0.000,4,36365,23.188,0,0,0.000,0,0,0.000,6.477
decode,real,1977,3635841680073185635,0,0,0,0,0.000,4,36369,23.188,0,0,0.000,0,0,0.000,6.523
decode,real,1978,3635841680073185635,0,0,0,0,0.000,4,36373,23.188,0,0,0.000,0,0,0.000,6.475
decode,real,1979,3635841680073185635,0,0,0,0,0.000,4,36377,23.188,0,0,0.000,0,0,0.000,6.511
decode,real,1980,3635841680073185635,0,0,0,0,0.000,4,36381,23.188,0,0,0.000,0,0,0.000,6.508
decode,real,1981,3635841680073185635,0,0,0,0,0.000,4,36385,23.188,0,0,0.000,0,0,0.000,6.462
decode,real,1982,3635841680073185635,0,0,0,0,0.000,4,36389,23.188,0,0,0.000,0,0,0.000,6.526
decode,real,1983,3635841680073185635,0,0,0,0,0.000,4,36393,23.188,0,0,0.000,0,0,0.000,6.490
decode,real,1984,3635841680073185635,0,0,0,0,0.000,4,36397,23.188,0,0,0.000,0,0,0.000,6.470
decode,real,1985,3635841680073185635,0,0,0,0,0.000,4,36401,23.188,0,0,0.000,0,0,0.000,6.544
decode,real,1986,3635841680073185635,0,0,0,0,0.000,4,36405,23.188,0,0,0.000,0,0,0.000,6.472
decode,real,1987,3635841680073185635,0,0,0,0,0.000,4,36409,23.188,0,0,0.000,0,0,0.000,6.483
decode,real,1988,3635841680073185635,0,0,0,0,0.000,4,36413,23.188,0,0,0.000,0,0,0.000,6.498
decode,real,1989,3635841680073185635,0,0,0,0,0.000,4,36417,23.188,0,0,0.000,0,0,0.000,6.529
decode,real,1990,3635841680073185635,0,0,0,0,0.000,4,36421,23.188,0,0,0.000,0,0,0.000,6.498
decode,real,1991,3635841680073185635,0,0,0,0,0.000,4,36425,23.188,0,0,0.000,0,0,0.000,6.492
decode,real,1992,3635841680073185635,0,0,0,0,0.000,4,36429,23.188,0,0,0.000,0,0,0.000,6.487
decode,real,1993,3635841680073185635,0,0,0,0,0.000,4,36433,23.188,0,0,0.000,0,0,0.000,6.510
decode,real,1994,3635841680073185635,0,0,0,0,0.000,4,36437,23.188,0,0,0.000,0,0,0.000,6.484
decode,real,1995,3635841680073185635,0,0,0,0,0.000,4,36441,23.188,0,0,0.000,0,0,0.000,6.498
decode,real,1996,3635841680073185635,0,0,0,0,0.000,4,36445,23.188,0,0,0.000,0,0,0.000,6.521
decode,real,1997,3635841680073185635,0,0,0,0,0.000,4,36449,23.188,0,0,0.000,0,0,0.000,6.489
decode,real,1998,3635841680073185635,0,0,0,0,0.000,4,36453,23.188,0,0,0.000,0,0,0.000,6.491
decode,real,1999,3635841680073185635,0,0,0,0,0.000,4,36457,23.188,0,0,0.000,0,0,0.000,6.522
decode,real,2000,3635841680073185635,0,0,0,0,0.000,4,36461,23.188,0,0,0.000,0,0,0.000,6.487
decode,real,2001,3635841680073185635,0,0,0,0,0.000,4,36465,23.188,0,0,0.000,0,0,0.000,6.509
decode,real,2002,3635841680073185635,0,0,0,0,0.000,4,36469,23.188,0,0,0.000,0,0,0.000,6.498
decode,real,2003,3635841680073185635,0,0,0,0,0.000,4,36473,23.188,0,0,0.000,0,0,0.000,6.503
decode,real,2004,3635841680073185635,0,0,0,0,0.000,4,36477,23.188,0,0,0.000,0,0,0.000,6.484
decode,real,2005,3635841680073185635,0,0,0,0,0.000,4,36481,23.188,0,0,0.000,0,0,0.000,6.506
decode,real,2006,3635841680073185635,0,0,0,0,0.000,4,36485,23.188,0,0,0.000,0,0,0.000,6.500
decode,real,2007,3635841680073185635,0,0,0,0,0.000,4,36489,23.188,0,0,0.000,0,0,0.000,6.509
decode,real,2008,3635841680073185635,0,0,0,0,0.000,4,36493,23.188,0,0,0.000,0,0,0.000,6.502
decode,real,2009,3635841680073185635,0,0,0,0,0.000,4,36497,23.188,0,0,0.000,0,0,0.000,6.487
decode,real,2010,3635841680073185635,0,0,0,0,0.000,4,36501,23.188,0,0,0.000,0,0,0.000,6.495
decode,real,2011,3635841680073185635,0,0,0,0,0.000,4,36505,23.188,0,0,0.000,0,0,0.000,6.510
decode,real,2012,3635841680073185635,0,0,0,0,0.000,4,36509,23.188,0,0,0.000,0,0,0.000,6.511
decode,real,2013,3635841680073185635,0,0,0,0,0.000,4,36513,23.188,0,0,0.000,0,0,0.000,6.494
decode,real,2014,3635841680073185635,0,0,0,0,0.000,4,36517,23.188,0,0,0.000,0,0,0.000,6.480
decode,real,2015,3635841680073185635,0,0,0,0,0.000,4,36521,23.188,0,0,0.000,0,0,0.000,6.507
decode,real,2016,3635841680073185635,0,0,0,0,0.000,4,36525,23.188,0,0,0.000,0,0,0.000,6.509
decode,real,2017,3635841680073185635,0,0,0,0,0.000,4,36529,23.188,0,0,0.000,0,0,0.000,6.516
decode,real,2018,3635841680073185635,0,0,0,0,0.000,4,36533,23.188,0,0,0.000,0,0,0.000,6.490
decode,real,2019,3635841680073185635,0,0,0,0,0.000,4,36537,23.188,0,0,0.000,0,0,0.000,6.512
decode,real,2020,3635841680073185635,0,0,0,0,0.000,4,36541,23.188,0,0,0.000,0,0,0.000,6.481
decode,real,2021,3635841680073185635,0,0,0,0,0.000,4,36545,23.188,0,0,0.000,0,0,0.000,6.499
decode,real,2022,3635841680073185635,0,0,0,0,0.000,4,36549,23.188,0,0,0.000,0,0,0.000,6.502
decode,real,2023,3635841680073185635,0,0,0,0,0.000,4,36553,23.188,0,0,0.000,0,0,0.000,6.510
decode,real,2024,3635841680073185635,0,0,0,0,0.000,4,36557,23.188,0,0,0.000,0,0,0.000,6.494
decode,real,2025,3635841680073185635,0,0,0,0,0.000,4,36561,23.188,0,0,0.000,0,0,0.000,6.525
decode,real,2026,3635841680073185635,0,0,0,0,0.000,4,36565,23.188,0,0,0.000,0,0,0.000,6.480
decode,real,2027,3635841680073185635,0,0,0,0,0.000,4,36569,23.188,0,0,0.000,0,0,0.000,6.500
decode,real,2028,3635841680073185635,0,0,0,0,0.000,4,36573,23.188,0,0,0.000,0,0,0.000,6.494
decode,real,2029,3635841680073185635,0,0,0,0,0.000,4,36577,23.188,0,0,0.000,0,0,0.000,6.512
decode,real,2030,3635841680073185635,0,0,0,0,0.000,4,36581,23.188,0,0,0.000,0,0,0.000,6.474
decode,real,2031,3635841680073185635,0,0,0,0,0.000,4,36585,23.188,0,0,0.000,0,0,0.000,6.510
decode,real,2032,3635841680073185635,0,0,0,0,0.000,4,36589,23.188,0,0,0.000,0,0,0.000,6.487
decode,real,2033,3635841680073185635,0,0,0,0,0.000,4,36593,23.188,0,0,0.000,0,0,0.000,6.526
decode,real,2034,3635841680073185635,0,0,0,0,0.000,4,36597,23.188,0,0,0.000,0,0,0.000,6.470
decode,real,2035,3635841680073185635,0,0,0,0,0.000,4,36601,23.188,0,0,0.000,0,0,0.000,6.529
decode,real,2036,3635841680073185635,0,0,0,0,0.000,4,36605,23.188,0,0,0.000,0,0,0.000,6.467
decode,real,2037,3635841680073185635,0,0,0,0,0.000,4,36609,23.188,0,0,0.000,0,0,0.000,6.533
decode,real,2038,3635841680073185635,0,0,0,0,0.000,4,36613,23.188,0,0,0.000,0,0,0.000,6.465
decode,real,2039,3635841680073185635,0,0,0,0,0.000,4,36617,23.188,0,0,0.000,0,0,0.000,6.525
decode,real,2040,3635841680073185635,0,0,0,0,0.000,4,36621,23.188,0,0,0.000,0,0,0.000,6.473
decode,real,2041,3635841680073185635,0,0,0,0,0.000,4,36625,23.188,0,0,0.000,0,0,0.000,6.548
decode,real,2042,3635841680073185635,0,0,0,0,0.000,4,36629,23.188,0,0,0.000,0,0,0.000,6.448
decode,real,2043,3635841680073185635,0,0,0,0,0.000,4,36633,23.188,0,0,0.000,0,0,0.000,6.506
decode,real,2044,3635841680073185635,0,0,0,0,0.000,4,36637,23.188,0,0,0.000,0,0,0.000,6.499
decode,real,2045,3635841680073185635,0,0,0,0,0.000,4,36641,23.188,0,0,0.000,0,0,0.000,6.494
decode,real,2046,3635841680073185635,0,0,0,0,0.000,4,36645,23.188,0,0,0.000,0,0,0.000,6.494
decode,real,2047,3635841680073185635,0,0,0,0,0.000,4,36649,23.188,0,0,0.000,0,0,0.000,6.505
decode,real,2048,3635841680073185635,0,0,0,0,0.000,4,36653,23.188,0,0,0.000,0,0,0.000,6.497
decode,real,2049,3635841680073185635,0,0,0,0,0.000,4,36657,23.188,0,0,0.000,0,0,0.000,6.525
decode,real,2050,3635841680073185635,0,0,0,0,0.000,4,36661,23.188,0,0,0.000,0,0,0.000,6.493
decode,real,2051,3635841680073185635,0,0,0,0,0.000,4,36665,23.188,0,0,0.000,0,0,0.000,6.504
decode,real,2052,3635841680073185635,0,0,0,0,0.000,4,36669,23.188,0,0,0.000,0,0,0.000,6.477
decode,real,2053,3635841680073185635,0,0,0,0,0.000,4,36673,23.188,0,0,0.000,0,0,0.000,6.540
decode,real,2054,3635841680073185635,0,0,0,0,0.000,4,36677,23.188,0,0,0.000,0,0,0.000,6.471
decode,real,2055,3635841680073185635,0,0,0,0,0.000,4,36681,23.188,0,0,0.000,0,0,0.000,6.506
decode,real,2056,3635841680073185635,0,0,0,0,0.000,4,36685,23.188,0,0,0.000,0,0,0.000,6.494
decode,real,2057,3635841680073185635,0,0,0,0,0.000,4,36689,23.188,0,0,0.000,0,0,0.000,6.549
decode,real,2058,3635841680073185635,0,0,0,0,0.000,4,36693,23.188,0,0,0.000,0,0,0.000,6.465
decode,real,2059,3635841680073185635,0,0,0,0,0.000,4,36697,23.188,0,0,0.000,0,0,0.000,6.516
decode,real,2060,3635841680073185635,0,0,0,0,0.000,4,36701,23.188,0,0,0.000,0,0,0.000,6.499
decode,real,2061,3635841680073185635,0,0,0,0,0.000,4,36705,23.188,0,0,0.000,0,0,0.000,6.483
decode,real,2062,3635841680073185635,0,0,0,0,0.000,4,36709,23.188,0,0,0.000,0,0,0.000,6.524
decode,real,2063,3635841680073185635,0,0,0,0,0.000,4,36713,23.188,0,0,0.000,0,0,0.000,6.491
decode,real,2064,3635841680073185635,0,0,0,0,0.000,4,36717,23.188,0,0,0.000,0,0,0.000,6.516
decode,real,2065,3635841680073185635,0,0,0,0,0.000,4,36721,23.188,0,0,0.000,0,0,0.000,6.499
decode,real,2066,3635841680073185635,0,0,0,0,0.000,4,36725,23.188,0,0,0.000,0,0,0.000,6.487
decode,real,2067,3635841680073185635,0,0,0,0,0.000,4,36729,23.188,0,0,0.000,0,0,0.000,6.532
decode,real,2068,3635841680073185635,0,0,0,0,0.000,4,36733,23.188,0,0,0.000,0,0,0.000,6.486
decode,real,2069,3635841680073185635,0,0,0,0,0.000,4,36737,23.188,0,0,0.000,0,0,0.000,6.520
decode,real,2070,3635841680073185635,0,0,0,0,0.000,4,36741,23.188,0,0,0.000,0,0,0.000,6.490
decode,real,2071,3635841680073185635,0,0,0,0,0.000,4,36745,23.188,0,0,0.000,0,0,0.000,6.507
decode,real,2072,3635841680073185635,0,0,0,0,0.000,4,36749,23.188,0,0,0.000,0,0,0.000,6.501
decode,real,2073,3635841680073185635,0,0,0,0,0.000,4,36753,23.188,0,0,0.000,0,0,0.000,6.514
decode,real,2074,3635841680073185635,0,0,0,0,0.000,4,36757,23.188,0,0,0.000,0,0,0.000,6.487
decode,real,2075,3635841680073185635,0,0,0,0,0.000,4,36761,23.188,0,0,0.000,0,0,0.000,6.522
decode,real,2076,3635841680073185635,0,0,0,0,0.000,4,36765,23.188,0,0,0.000,0,0,0.000,6.497
decode,real,2077,3635841680073185635,0,0,0,0,0.000,4,36769,23.188,0,0,0.000,0,0,0.000,6.520
decode,real,2078,3635841680073185635,0,0,0,0,0.000,4,36773,23.188,0,0,0.000,0,0,0.000,6.472
decode,real,2079,3635841680073185635,0,0,0,0,0.000,4,36777,23.188,0,0,0.000,0,0,0.000,6.507
decode,real,2080,3635841680073185635,0,0,0,0,0.000,4,36781,23.188,0,0,0.000,0,0,0.000,6.494
decode,real,2081,3635841680073185635,0,0,0,0,0.000,4,36785,23.188,0,0,0.000,0,0,0.000,6.529
decode,real,2082,3635841680073185635,0,0,0,0,0.000,4,36789,23.188,0,0,0.000,0,0,0.000,6.499
decode,real,2083,3635841680073185635,0,0,0,0,0.000,4,36793,23.188,0,0,0.000,0,0,0.000,6.511
decode,real,2084,3635841680073185635,0,0,0,0,0.000,4,36797,23.188,0,0,0.000,0,0,0.000,6.489
decode,real,2085,3635841680073185635,0,0,0,0,0.000,4,36801,23.188,0,0,0.000,0,0,0.000,6.504
decode,real,2086,3635841680073185635,0,0,0,0,0.000,4,36805,23.188,0,0,0.000,0,0,0.000,6.479
decode,real,2087,3635841680073185635,0,0,0,0,0.000,4,36809,23.188,0,0,0.000,0,0,0.000,6.539
decode,real,2088,3635841680073185635,0,0,0,0,0.000,4,36813,23.188,0,0,0.000,0,0,0.000,6.466
decode,real,2089,3635841680073185635,0,0,0,0,0.000,4,36817,23.188,0,0,0.000,0,0,0.000,6.512
decode,real,2090,3635841680073185635,0,0,0,0,0.000,4,36821,23.188,0,0,0.000,0,0,0.000,6.497
decode,real,2091,3635841680073185635,0,0,0,0,0.000,4,36825,23.188,0,0,0.000,0,0,0.000,6.509
decode,real,2092,3635841680073185635,0,0,0,0,0.000,4,36829,23.188,0,0,0.000,0,0,0.000,6.896
decode,real,2093,3635841680073185635,0,0,0,0,0.000,3,27618,10.667,0,0,0.000,0,0,0.000,6.011
decode,real,2094,3635841680073185635,0,0,0,0,0.000,3,27621,10.667,0,0,0.000,0,0,0.000,6.490
decode,real,2095,3635841680073185635,0,0,0,0,0.000,3,27624,10.667,0,0,0.000,0,0,0.000,6.373
mixed,real,2096,3635841680073185635,0,2045,1,0,0.000,3,27627,10.667,0,0,0.000,0,0,0.000,50.726
mixed,real,2097,3635841680073185635,0,2045,1,2045,0.000,3,27630,10.667,0,0,0.000,0,0,0.000,51.491
mixed,real,2098,3635841680073185635,0,2046,1,4090,0.000,2,18418,4.000,0,0,0.000,0,0,0.000,53.076
mixed,real,2099,3635841680073185635,0,2046,1,6136,0.000,2,18420,4.000,0,0,0.000,0,0,0.000,52.540
mixed,real,2100,3635841680073185635,0,2046,2,8182,0.000,2,18422,4.000,0,0,0.000,0,0,0.000,53.029
mixed,real,2101,3635841680073185635,0,2045,1,2036,0.000,3,26616,231202.667,0,0,0.000,0,0,0.000,52.476
mixed,real,2102,3635841680073185635,0,2046,1,4081,0.000,2,17404,259081.000,0,0,0.000,0,0,0.000,52.754
mixed,real,2103,3635841680073185635,0,2046,1,6127,0.000,2,17406,259081.000,0,0,0.000,0,0,0.000,52.404
mixed,real,2104,3635841680073185635,0,2046,2,8173,0.000,2,17408,259081.000,0,0,0.000,0,0,0.000,52.457
mixed,real,2105,3635841680073185635,0,2045,1,2027,0.000,3,25602,231202.667,0,0,0.000,0,0,0.000,53.191
mixed,real,2106,3635841680073185635,0,2046,1,4072,0.000,2,16390,4.000,0,0,0.000,0,0,0.000,52.099
mixed,real,2107,3635841680073185635,0,2046,1,6118,0.000,2,16392,4.000,0,0,0.000,0,0,0.000,52.061
mixed,real,2108,3635841680073185635,0,2046,2,8164,0.000,2,16394,4.000,0,0,0.000,0,0,0.000,52.980
mixed,real,2109,3635841680073185635,0,2045,1,2018,0.000,3,24588,10.667,0,0,0.000,0,0,0.000,52.485
mixed,real,2110,3635841680073185635,0,2045,1,4063,0.000,3,24591,10.667,0,0,0.000,0,0,0.000,51.672
mixed,real,2111,3635841680073185635,0,2045,1,6108,0.000,3,24594,10.667,0,0,0.000,0,0,0.000,53.350
mixed,real,2112,3635841680073185635,0,39,1,8153,0.000,3,24597,10.667,0,0,0.000,0,0,0.000,8.756
decode,real,2113,3635841680073185635,0,0,0,0,0.000,4,32792,20.000,0,0,0.000,0,0,0.000,6.754
decode,real,2114,3635841680073185635,0,0,0,0,0.000,4,32796,20.000,0,0,0.000,0,0,0.000,6.664
decode,real,2115,3635841680073185635,0,0,0,0,0.000,4,32800,20.000,0,0,0.000,0,0,0.000,6.642
decode,real,2116,3635841680073185635,0,0,0,0,0.000,4,32804,20.000,0,0,0.000,0,0,0.000,6.589
decode,real,2117,3635841680073185635,0,0,0,0,0.000,4,32808,20.000,0,0,0.000,0,0,0.000,6.624
decode,real,2118,3635841680073185635,0,0,0,0,0.000,4,32812,20.000,0,0,0.000,0,0,0.000,6.585
decode,real,2119,3635841680073185635,0,0,0,0,0.000,4,32816,20.000,0,0,0.000,0,0,0.000,6.592
decode,real,2120,3635841680073185635,0,0,0,0,0.000,4,32820,20.000,0,0,0.000,0,0,0.000,6.548
decode,real,2121,3635841680073185635,0,0,0,0,0.000,4,32824,20.000,0,0,0.000,0,0,0.000,6.599
decode,real,2122,3635841680073185635,0,0,0,0,0.000,4,32828,20.000,0,0,0.000,0,0,0.000,6.547
decode,real,2123,3635841680073185635,0,0,0,0,0.000,4,32832,20.000,0,0,0.000,0,0,0.000,6.607
decode,real,2124,3635841680073185635,0,0,0,0,0.000,4,32836,20.000,0,0,0.000,0,0,0.000,6.550
decode,real,2125,3635841680073185635,0,0,0,0,0.000,4,32840,20.000,0,0,0.000,0,0,0.000,6.565
decode,real,2126,3635841680073185635,0,0,0,0,0.000,4,32844,20.000,0,0,0.000,0,0,0.000,6.559
decode,real,2127,3635841680073185635,0,0,0,0,0.000,4,32848,20.000,0,0,0.000,0,0,0.000,6.593
decode,real,2128,3635841680073185635,0,0,0,0,0.000,4,32852,20.000,0,0,0.000,0,0,0.000,6.556
decode,real,2129,3635841680073185635,0,0,0,0,0.000,4,32856,20.000,0,0,0.000,0,0,0.000,6.527
decode,real,2130,3635841680073185635,0,0,0,0,0.000,4,32860,20.000,0,0,0.000,0,0,0.000,6.562
decode,real,2131,3635841680073185635,0,0,0,0,0.000,4,32864,20.000,0,0,0.000,0,0,0.000,6.520
decode,real,2132,3635841680073185635,0,0,0,0,0.000,4,32868,20.000,0,0,0.000,0,0,0.000,6.519
decode,real,2133,3635841680073185635,0,0,0,0,0.000,4,32872,20.000,0,0,0.000,0,0,0.000,6.532
decode,real,2134,3635841680073185635,0,0,0,0,0.000,4,32876,20.000,0,0,0.000,0,0,0.000,6.519
decode,real,2135,3635841680073185635,0,0,0,0,0.000,4,32880,20.000,0,0,0.000,0,0,0.000,6.525
decode,real,2136,3635841680073185635,0,0,0,0,0.000,4,32884,20.000,0,0,0.000,0,0,0.000,6.541
decode,real,2137,3635841680073185635,0,0,0,0,0.000,4,32888,20.000,0,0,0.000,0,0,0.000,6.513
decode,real,2138,3635841680073185635,0,0,0,0,0.000,4,32892,20.000,0,0,0.000,0,0,0.000,6.511
decode,real,2139,3635841680073185635,0,0,0,0,0.000,4,32896,20.000,0,0,0.000,0,0,0.000,6.510
decode,real,2140,3635841680073185635,0,0,0,0,0.000,4,32900,20.000,0,0,0.000,0,0,0.000,6.528
decode,real,2141,3635841680073185635,0,0,0,0,0.000,4,32904,20.000,0,0,0.000,0,0,0.000,6.503
decode,real,2142,3635841680073185635,0,0,0,0,0.000,4,32908,20.000,0,0,0.000,0,0,0.000,6.489
decode,real,2143,3635841680073185635,0,0,0,0,0.000,4,32912,20.000,0,0,0.000,0,0,0.000,6.517
decode,real,2144,3635841680073185635,0,0,0,0,0.000,4,32916,20.000,0,0,0.000,0,0,0.000,6.493
decode,real,2145,3635841680073185635,0,0,0,0,0.000,4,32920,20.000,0,0,0.000,0,0,0.000,6.499
decode,real,2146,3635841680073185635,0,0,0,0,0.000,4,32924,20.000,0,0,0.000,0,0,0.000,6.535
decode,real,2147,3635841680073185635,0,0,0,0,0.000,4,32928,20.000,0,0,0.000,0,0,0.000,6.464
decode,real,2148,3635841680073185635,0,0,0,0,0.000,4,32932,20.000,0,0,0.000,0,0,0.000,6.509
decode,real,2149,3635841680073185635,0,0,0,0,0.000,4,32936,20.000,0,0,0.000,0,0,0.000,6.510
decode,real,2150,3635841680073185635,0,0,0,0,0.000,4,32940,20.000,0,0,0.000,0,0,0.000,6.484
decode,real,2151,3635841680073185635,0,0,0,0,0.000,4,32944,20.000,0,0,0.000,0,0,0.000,6.489
decode,real,2152,3635841680073185635,0,0,0,0,0.000,4,32948,20.000,0,0,0.000,0,0,0.000,6.482
decode,real,2153,3635841680073185635,0,0,0,0,0.000,4,32952,20.000,0,0,0.000,0,0,0.000,6.491
decode,real,2154,3635841680073185635,0,0,0,0,0.000,4,32956,20.000,0,0,0.000,0,0,0.000,6.470
decode,real,2155,3635841680073185635,0,0,0,0,0.000,4,32960,20.000,0,0,0.000,0,0,0.000,6.525
decode,real,2156,3635841680073185635,0,0,0,0,0.000,4,32964,20.000,0,0,0.000,0,0,0.000,6.459
decode,real,2157,3635841680073185635,0,0,0,0,0.000,4,32968,20.000,0,0,0.000,0,0,0.000,6.475
decode,real,2158,3635841680073185635,0,0,0,0,0.000,4,32972,20.000,0,0,0.000,0,0,0.000,6.478
decode,real,2159,3635841680073185635,0,0,0,0,0.000,4,32976,20.000,0,0,0.000,0,0,0.000,6.507
decode,real,2160,3635841680073185635,0,0,0,0,0.000,4,32980,20.000,0,0,0.000,0,0,0.000,6.463
decode,real,2161,3635841680073185635,0,0,0,0,0.000,4,32984,20.000,0,0,0.000,0,0,0.000,6.468
decode,real,2162,3635841680073185635,0,0,0,0,0.000,4,32988,20.000,0,0,0.000,0,0,0.000,6.465
decode,real,2163,3635841680073185635,0,0,0,0,0.000,4,32992,20.000,0,0,0.000,0,0,0.000,6.489
decode,real,2164,3635841680073185635,0,0,0,0,0.000,4,32996,20.000,0,0,0.000,0,0,0.000,6.470
decode,real,2165,3635841680073185635,0,0,0,0,0.000,4,33000,20.000,0,0,0.000,0,0,0.000,6.444
decode,real,2166,3635841680073185635,0,0,0,0,0.000,4,33004,20.000,0,0,0.000,0,0,0.000,6.468
decode,real,2167,3635841680073185635,0,0,0,0,0.000,4,33008,20.000,0,0,0.000,0,0,0.000,6.484
decode,real,2168,3635841680073185635,0,0,0,0,0.000,4,33012,20.000,0,0,0.000,0,0,0.000,6.476
decode,real,2169,3635841680073185635,0,0,0,0,0.000,4,33016,20.000,0,0,0.000,0,0,0.000,6.455
decode,real,2170,3635841680073185635,0,0,0,0,0.000,4,33020,20.000,0,0,0.000,0,0,0.000,6.459
decode,real,2171,3635841680073185635,0,0,0,0,0.000,4,33024,20.000,0,0,0.000,0,0,0.000,6.489
decode,real,2172,3635841680073185635,0,0,0,0,0.000,4,33028,20.000,0,0,0.000,0,0,0.000,6.460
decode,real,2173,3635841680073185635,0,0,0,0,0.000,4,33032,20.000,0,0,0.000,0,0,0.000,6.466
decode,real,2174,3635841680073185635,0,0,0,0,0.000,4,33036,20.000,0,0,0.000,0,0,0.000,6.477
decode,real,2175,3635841680073185635,0,0,0,0,0.000,4,33040,20.000,0,0,0.000,0,0,0.000,6.467
decode,real,2176,3635841680073185635,0,0,0,0,0.000,4,33044,20.000,0,0,0.000,0,0,0.000,6.458
decode,real,2177,3635841680073185635,0,0,0,0,0.000,4,33048,20.000,0,0,0.000,0,0,0.000,6.510
decode,real,2178,3635841680073185635,0,0,0,0,0.000,4,33052,20.000,0,0,0.000,0,0,0.000,6.391
decode,real,2179,3635841680073185635,0,0,0,0,0.000,4,33056,20.000,0,0,0.000,0,0,0.000,6.524
decode,real,2180,3635841680073185635,0,0,0,0,0.000,4,33060,20.000,0,0,0.000,0,0,0.000,6.419
decode,real,2181,3635841680073185635,0,0,0,0,0.000,4,33064,20.000,0,0,0.000,0,0,0.000,6.477
decode,real,2182,3635841680073185635,0,0,0,0,0.000,4,33068,20.000,0,0,0.000,0,0,0.000,6.452
decode,real,2183,3635841680073185635,0,0,0,0,0.000,4,33072,20.000,0,0,0.000,0,0,0.000,6.465
decode,real,2184,3635841680073185635,0,0,0,0,0.000,4,33076,20.000,0,0,0.000,0,0,0.000,6.491
decode,real,2185,3635841680073185635,0,0,0,0,0.000,4,33080,20.000,0,0,0.000,0,0,0.000,6.443
decode,real,2186,3635841680073185635,0,0,0,0,0.000,4,33084,20.000,0,0,0.000,0,0,0.000,6.466
decode,real,2187,3635841680073185635,0,0,0,0,0.000,4,33088,20.000,0,0,0.000,0,0,0.000,6.494
decode,real,2188,3635841680073185635,0,0,0,0,0.000,4,33092,20.000,0,0,0.000,0,0,0.000,6.429
decode,real,2189,3635841680073185635,0,0,0,0,0.000,4,33096,20.000,0,0,0.000,0,0,0.000,6.468
decode,real,2190,3635841680073185635,0,0,0,0,0.000,4,33100,20.000,0,0,0.000,0,0,0.000,6.474
decode,real,2191,3635841680073185635,0,0,0,0,0.000,4,33104,20.000,0,0,0.000,0,0,0.000,6.444
decode,real,2192,3635841680073185635,0,0,0,0,0.000,4,33108,20.000,0,0,0.000,0,0,0.000,6.463
decode,real,2193,3635841680073185635,0,0,0,0,0.000,4,33112,20.000,0,0,0.000,0,0,0.000,6.464
decode,real,2194,3635841680073185635,0,0,0,0,0.000,4,33116,20.000,0,0,0.000,0,0,0.000,6.496
decode,real,2195,3635841680073185635,0,0,0,0,0.000,4,33120,20.000,0,0,0.000,0,0,0.000,6.452
decode,real,2196,3635841680073185635,0,0,0,0,0.000,4,33124,20.000,0,0,0.000,0,0,0.000,6.456
decode,real,2197,3635841680073185635,0,0,0,0,0.000,4,33128,20.000,0,0,0.000,0,0,0.000,6.472
decode,real,2198,3635841680073185635,0,0,0,0,0.000,4,33132,20.000,0,0,0.000,0,0,0.000,6.483
decode,real,2199,3635841680073185635,0,0,0,0,0.000,4,33136,20.000,0,0,0.000,0,0,0.000,6.452
decode,real,2200,3635841680073185635,0,0,0,0,0.000,4,33140,20.000,0,0,0.000,0,0,0.000,6.465
decode,real,2201,3635841680073185635,0,0,0,0,0.000,4,33144,20.000,0,0,0.000,0,0,0.000,6.461
decode,real,2202,3635841680073185635,0,0,0,0,0.000,4,33148,20.000,0,0,0.000,0,0,0.000,6.468
decode,real,2203,3635841680073185635,0,0,0,0,0.000,4,33152,20.000,0,0,0.000,0,0,0.000,6.476
decode,real,2204,3635841680073185635,0,0,0,0,0.000,4,33156,20.000,0,0,0.000,0,0,0.000,6.451
decode,real,2205,3635841680073185635,0,0,0,0,0.000,4,33160,20.000,0,0,0.000,0,0,0.000,6.464
decode,real,2206,3635841680073185635,0,0,0,0,0.000,4,33164,20.000,0,0,0.000,0,0,0.000,6.442
decode,real,2207,3635841680073185635,0,0,0,0,0.000,4,33168,20.000,0,0,0.000,0,0,0.000,6.523
decode,real,2208,3635841680073185635,0,0,0,0,0.000,4,33172,20.000,0,0,0.000,0,0,0.000,6.428
decode,real,2209,3635841680073185635,0,0,0,0,0.000,4,33176,20.000,0,0,0.000,0,0,0.000,6.445
decode,real,2210,3635841680073185635,0,0,0,0,0.000,4,33180,20.000,0,0,0.000,0,0,0.000,6.486
decode,real,2211,3635841680073185635,0,0,0,0,0.000,4,33184,20.000,0,0,0.000,0,0,0.000,6.491
decode,real,2212,3635841680073185635,0,0,0,0,0.000,4,33188,20.000,0,0,0.000,0,0,0.000,6.436
decode,real,2213,3635841680073185635,0,0,0,0,0.000,4,33192,20.000,0,0,0.000,0,0,0.000,6.473
decode,real,2214,3635841680073185635,0,0,0,0,0.000,4,33196,20.000,0,0,0.000,0,0,0.000,6.460
decode,real,2215,3635841680073185635,0,0,0,0,0.000,4,33200,20.000,0,0,0.000,0,0,0.000,6.468
decode,real,2216,3635841680073185635,0,0,0,0,0.000,4,33204,20.000,0,0,0.000,0,0,0.000,6.462
decode,real,2217,3635841680073185635,0,0,0,0,0.000,4,33208,20.000,0,0,0.000,0,0,0.000,6.458
decode,real,2218,3635841680073185635,0,0,0,0,0.000,4,33212,20.000,0,0,0.000,0,0,0.000,6.479
decode,real,2219,3635841680073185635,0,0,0,0,0.000,4,33216,20.000,0,0,0.000,0,0,0.000,6.461
decode,real,2220,3635841680073185635,0,0,0,0,0.000,4,33220,20.000,0,0,0.000,0,0,0.000,6.462
decode,real,2221,3635841680073185635,0,0,0,0,0.000,4,33224,20.000,0,0,0.000,0,0,0.000,6.465
decode,real,2222,3635841680073185635,0,0,0,0,0.000,4,33228,20.000,0,0,0.000,0,0,0.000,6.476
decode,real,2223,3635841680073185635,0,0,0,0,0.000,4,33232,20.000,0,0,0.000,0,0,0.000,6.464
decode,real,2224,3635841680073185635,0,0,0,0,0.000,4,33236,20.000,0,0,0.000,0,0,0.000,6.426
decode,real,2225,3635841680073185635,0,0,0,0,0.000,4,33240,20.000,0,0,0.000,0,0,0.000,6.484
decode,real,2226,3635841680073185635,0,0,0,0,0.000,4,33244,20.000,0,0,0.000,0,0,0.000,6.467
decode,real,2227,3635841680073185635,0,0,0,0,0.000,4,33248,20.000,0,0,0.000,0,0,0.000,6.474
decode,real,2228,3635841680073185635,0,0,0,0,0.000,4,33252,20.000,0,0,0.000,0,0,0.000,6.433
decode,real,2229,3635841680073185635,0,0,0,0,0.000,4,33256,20.000,0,0,0.000,0,0,0.000,6.485
decode,real,2230,3635841680073185635,0,0,0,0,0.000,4,33260,20.000,0,0,0.000,0,0,0.000,6.450
decode,real,2231,3635841680073185635,0,0,0,0,0.000,4,33264,20.000,0,0,0.000,0,0,0.000,6.473
decode,real,2232,3635841680073185635,0,0,0,0,0.000,4,33268,20.000,0,0,0.000,0,0,0.000,6.461
decode,real,2233,3635841680073185635,0,0,0,0,0.000,4,33272,20.000,0,0,0.000,0,0,0.000,6.454
decode,real,2234,3635841680073185635,0,0,0,0,0.000,4,33276,20.000,0,0,0.000,0,0,0.000,6.451
decode,real,2235,3635841680073185635,0,0,0,0,0.000,4,33280,20.000,0,0,0.000,0,0,0.000,6.475
decode,real,2236,3635841680073185635,0,0,0,0,0.000,4,33284,20.000,0,0,0.000,0,0,0.000,6.455
decode,real,2237,3635841680073185635,0,0,0,0,0.000,4,33288,20.000,0,0,0.000,0,0,0.000,6.445
decode,real,2238,3635841680073185635,0,0,0,0,0.000,4,33292,20.000,0,0,0.000,0,0,0.000,6.484
decode,real,2239,3635841680073185635,0,0,0,0,0.000,4,33296,20.000,0,0,0.000,0,0,0.000,6.456
decode,real,2240,3635841680073185635,0,0,0,0,0.000,4,33300,20.000,0,0,0.000,0,0,0.000,6.436
decode,real,2241,3635841680073185635,0,0,0,0,0.000,4,33304,20.000,0,0,0.000,0,0,0.000,6.451
decode,real,2242,3635841680073185635,0,0,0,0,0.000,4,33308,20.000,0,0,0.000,0,0,0.000,6.478
decode,real,2243,3635841680073185635,0,0,0,0,0.000,4,33312,20.000,0,0,0.000,0,0,0.000,6.467
decode,real,2244,3635841680073185635,0,0,0,0,0.000,4,33316,20.000,0,0,0.000,0,0,0.000,6.450
decode,real,2245,3635841680073185635,0,0,0,0,0.000,4,33320,20.000,0,0,0.000,0,0,0.000,6.463
decode,real,2246,3635841680073185635,0,0,0,0,0.000,4,33324,20.000,0,0,0.000,0,0,0.000,6.469
decode,real,2247,3635841680073185635,0,0,0,0,0.000,4,33328,20.000,0,0,0.000,0,0,0.000,6.458
decode,real,2248,3635841680073185635,0,0,0,0,0.000,4,33332,20.000,0,0,0.000,0,0,0.000,6.460
decode,real,2249,3635841680073185635,0,0,0,0,0.000,4,33336,20.000,0,0,0.000,0,0,0.000,6.470
decode,real,2250,3635841680073185635,0,0,0,0,0.000,4,33340,20.000,0,0,0.000,0,0,0.000,6.451
decode,real,2251,3635841680073185635,0,0,0,0,0.000,4,33344,20.000,0,0,0.000,0,0,0.000,6.456
decode,real,2252,3635841680073185635,0,0,0,0,0.000,4,33348,20.000,0,0,0.000,0,0,0.000,6.459
decode,real,2253,3635841680073185635,0,0,0,0,0.000,4,33352,20.000,0,0,0.000,0,0,0.000,6.453
decode,real,2254,3635841680073185635,0,0,0,0,0.000,4,33356,20.000,0,0,0.000,0,0,0.000,6.491
decode,real,2255,3635841680073185635,0,0,0,0,0.000,4,33360,20.000,0,0,0.000,0,0,0.000,6.435
decode,real,2256,3635841680073185635,0,0,0,0,0.000,4,33364,20.000,0,0,0.000,0,0,0.000,6.467
decode,real,2257,3635841680073185635,0,0,0,0,0.000,4,33368,20.000,0,0,0.000,0,0,0.000,6.468
decode,real,2258,3635841680073185635,0,0,0,0,0.000,4,33372,20.000,0,0,0.000,0,0,0.000,6.455
decode,real,2259,3635841680073185635,0,0,0,0,0.000,4,33376,20.000,0,0,0.000,0,0,0.000,6.486
decode,real,2260,3635841680073185635,0,0,0,0,0.000,4,33380,20.000,0,0,0.000,0,0,0.000,6.449
decode,real,2261,3635841680073185635,0,0,0,0,0.000,4,33384,20.000,0,0,0.000,0,0,0.000,6.465
decode,real,2262,3635841680073185635,0,0,0,0,0.000,4,33388,20.000,0,0,0.000,0,0,0.000,6.461
decode,real,2263,3635841680073185635,0,0,0,0,0.000,4,33392,20.000,0,0,0.000,0,0,0.000,6.460
decode,real,2264,3635841680073185635,0,0,0,0,0.000,4,33396,20.000,0,0,0.000,0,0,0.000,6.448
decode,real,2265,3635841680073185635,0,0,0,0,0.000,4,33400,20.000,0,0,0.000,0,0,0.000,6.457
decode,real,2266,3635841680073185635,0,0,0,0,0.000,4,33404,20.000,0,0,0.000,0,0,0.000,6.494
decode,real,2267,3635841680073185635,0,0,0,0,0.000,4,33408,20.000,0,0,0.000,0,0,0.000,6.450
decode,real,2268,3635841680073185635,0,0,0,0,0.000,4,33412,20.000,0,0,0.000,0,0,0.000,6.460
decode,real,2269,3635841680073185635,0,0,0,0,0.000,4,33416,20.000,0,0,0.000,0,0,0.000,6.448
decode,real,2270,3635841680073185635,0,0,0,0,0.000,4,33420,20.000,0,0,0.000,0,0,0.000,6.466
decode,real,2271,3635841680073185635,0,0,0,0,0.000,4,33424,20.000,0,0,0.000,0,0,0.000,6.470
decode,real,2272,3635841680073185635,0,0,0,0,0.000,4,33428,20.000,0,0,0.000,0,0,0.000,6.491
decode,real,2273,3635841680073185635,0,0,0,0,0.000,4,33432,20.000,0,0,0.000,0,0,0.000,6.447
decode,real,2274,3635841680073185635,0,0,0,0,0.000,4,33436,20.000,0,0,0.000,0,0,0.000,6.456
decode,real,2275,3635841680073185635,0,0,0,0,0.000,4,33440,20.000,0,0,0.000,0,0,0.000,6.460
decode,real,2276,3635841680073185635,0,0,0,0,0.000,4,33444,20.000,0,0,0.000,0,0,0.000,6.464
decode,real,2277,3635841680073185635,0,0,0,0,0.000,4,33448,20.000,0,0,0.000,0,0,0.000,6.455
decode,real,2278,3635841680073185635,0,0,0,0,0.000,4,33452,20.000,0,0,0.000,0,0,0.000,6.469
decode,real,2279,3635841680073185635,0,0,0,0,0.000,4,33456,20.000,0,0,0.000,0,0,0.000,6.472
decode,real,2280,3635841680073185635,0,0,0,0,0.000,4,33460,20.000,0,0,0.000,0,0,0.000,6.463
decode,real,2281,3635841680073185635,0,0,0,0,0.000,4,33464,20.000,0,0,0.000,0,0,0.000,6.448
decode,real,2282,3635841680073185635,0,0,0,0,0.000,4,33468,20.000,0,0,0.000,0,0,0.000,6.475
decode,real,2283,3635841680073185635,0,0,0,0,0.000,4,33472,20.000,0,0,0.000,0,0,0.000,6.457
decode,real,2284,3635841680073185635,0,0,0,0,0.000,4,33476,20.000,0,0,0.000,0,0,0.000,6.449
decode,real,2285,3635841680073185635,0,0,0,0,0.000,4,33480,20.000,0,0,0.000,0,0,0.000,6.485
decode,real,2286,3635841680073185635,0,0,0,0,0.000,4,33484,20.000,0,0,0.000,0,0,0.000,6.461
decode,real,2287,3635841680073185635,0,0,0,0,0.000,4,33488,20.000,0,0,0.000,0,0,0.000,6.467
decode,real,2288,3635841680073185635,0,0,0,0,0.000,4,33492,20.000,0,0,0.000,0,0,0.000,6.447
decode,real,2289,3635841680073185635,0,0,0,0,0.000,4,33496,20.000,0,0,0.000,0,0,0.000,6.456
decode,real,2290,3635841680073185635,0,0,0,0,0.000,4,33500,20.000,0,0,0.000,0,0,0.000,6.484
decode,real,2291,3635841680073185635,0,0,0,0,0.000,4,33504,20.000,0,0,0.000,0,0,0.000,6.458
decode,real,2292,3635841680073185635,0,0,0,0,0.000,4,33508,20.000,0,0,0.000,0,0,0.000,6.444
decode,real,2293,3635841680073185635,0,0,0,0,0.000,4,33512,20.000,0,0,0.000,0,0,0.000,6.467
decode,real,2294,3635841680073185635,0,0,0,0,0.000,4,33516,20.000,0,0,0.000,0,0,0.000,6.468
decode,real,2295,3635841680073185635,0,0,0,0,0.000,4,33520,20.000,0,0,0.000,0,0,0.000,6.454
decode,real,2296,3635841680073185635,0,0,0,0,0.000,4,33524,20.000,0,0,0.000,0,0,0.000,6.446
decode,real,2297,3635841680073185635,0,0,0,0,0.000,4,33528,20.000,0,0,0.000,0,0,0.000,6.466
decode,real,2298,3635841680073185635,0,0,0,0,0.000,4,33532,20.000,0,0,0.000,0,0,0.000,6.456
decode,real,2299,3635841680073185635,0,0,0,0,0.000,4,33536,20.000,0,0,0.000,0,0,0.000,6.470
decode,real,2300,3635841680073185635,0,0,0,0,0.000,4,33540,20.000,0,0,0.000,0,0,0.000,6.462
decode,real,2301,3635841680073185635,0,0,0,0,0.000,4,33544,20.000,0,0,0.000,0,0,0.000,6.443
decode,real,2302,3635841680073185635,0,0,0,0,0.000,4,33548,20.000,0,0,0.000,0,0,0.000,6.467
decode,real,2303,3635841680073185635,0,0,0,0,0.000,4,33552,20.000,0,0,0.000,0,0,0.000,6.447
decode,real,2304,3635841680073185635,0,0,0,0,0.000,4,33556,20.000,0,0,0.000,0,0,0.000,6.437
decode,real,2305,3635841680073185635,0,0,0,0,0.000,4,33560,20.000,0,0,0.000,0,0,0.000,6.486
decode,real,2306,3635841680073185635,0,0,0,0,0.000,4,33564,20.000,0,0,0.000,0,0,0.000,6.457
decode,real,2307,3635841680073185635,0,0,0,0,0.000,4,33568,20.000,0,0,0.000,0,0,0.000,6.473
decode,real,2308,3635841680073185635,0,0,0,0,0.000,4,33572,20.000,0,0,0.000,0,0,0.000,6.454
decode,real,2309,3635841680073185635,0,0,0,0,0.000,4,33576,20.000,0,0,0.000,0,0,0.000,6.459
decode,real,2310,3635841680073185635,0,0,0,0,0.000,4,33580,20.000,0,0,0.000,0,0,0.000,6.458
decode,real,2311,3635841680073185635,0,0,0,0,0.000,4,33584,20.000,0,0,0.000,0,0,0.000,6.484
decode,real,2312,3635841680073185635,0,0,0,0,0.000,4,33588,20.000,0,0,0.000,0,0,0.000,6.466
decode,real,2313,3635841680073185635,0,0,0,0,0.000,4,33592,20.000,0,0,0.000,0,0,0.000,6.428
decode,real,2314,3635841680073185635,0,0,0,0,0.000,4,33596,20.000,0,0,0.000,0,0,0.000,6.483
decode,real,2315,3635841680073185635,0,0,0,0,0.000,4,33600,20.000,0,0,0.000,0,0,0.000,6.457
decode,real,2316,3635841680073185635,0,0,0,0,0.000,4,33604,20.000,0,0,0.000,0,0,0.000,6.442
decode,real,2317,3635841680073185635,0,0,0,0,0.000,4,33608,20.000,0,0,0.000,0,0,0.000,6.481
decode,real,2318,3635841680073185635,0,0,0,0,0.000,4,33612,20.000,0,0,0.000,0,0,0.000,6.459
decode,real,2319,3635841680073185635,0,0,0,0,0.000,4,33616,20.000,0,0,0.000,0,0,0.000,6.465
decode,real,2320,3635841680073185635,0,0,0,0,0.000,4,33620,20.000,0,0,0.000,0,0,0.000,6.453
decode,real,2321,3635841680073185635,0,0,0,0,0.000,4,33624,20.000,0,0,0.000,0,0,0.000,6.464
decode,real,2322,3635841680073185635,0,0,0,0,0.000,4,33628,20.000,0,0,0.000,0,0,0.000,6.457
decode,real,2323,3635841680073185635,0,0,0,0,0.000,4,33632,20.000,0,0,0.000,0,0,0.000,6.488
decode,real,2324,3635841680073185635,0,0,0,0,0.000,4,33636,20.000,0,0,0.000,0,0,0.000,6.466
decode,real,2325,3635841680073185635,0,0,0,0,0.000,4,33640,20.000,0,0,0.000,0,0,0.000,6.454
decode,real,2326,3635841680073185635,0,0,0,0,0.000,4,33644,20.000,0,0,0.000,0,0,0.000,6.479
decode,real,2327,3635841680073185635,0,0,0,0,0.000,4,33648,20.000,0,0,0.000,0,0,0.000,6.482
decode,real,2328,3635841680073185635,0,0,0,0,0.000,4,33652,20.000,0,0,0.000,0,0,0.000,6.438
decode,real,2329,3635841680073185635,0,0,0,0,0.000,4,33656,20.000,0,0,0.000,0,0,0.000,6.465
decode,real,2330,3635841680073185635,0,0,0,0,0.000,4,33660,20.000,0,0,0.000,0,0,0.000,6.463
decode,real,2331,3635841680073185635,0,0,0,0,0.000,4,33664,20.000,0,0,0.000,0,0,0.000,6.497
decode,real,2332,3635841680073185635,0,0,0,0,0.000,4,33668,20.000,0,0,0.000,0,0,0.000,6.454
decode,real,2333,3635841680073185635,0,0,0,0,0.000,4,33672,20.000,0,0,0.000,0,0,0.000,6.467
decode,real,2334,3635841680073185635,0,0,0,0,0.000,4,33676,20.000,0,0,0.000,0,0,0.000,6.448
decode,real,2335,3635841680073185635,0,0,0,0,0.000,4,33680,20.000,0,0,0.000,0,0,0.000,6.482
decode,real,2336,3635841680073185635,0,0,0,0,0.000,4,33684,20.000,0,0,0.000,0,0,0.000,6.447
decode,real,2337,3635841680073185635,0,0,0,0,0.000,4,33688,20.000,0,0,0.000,0,0,0.000,6.477
decode,real,2338,3635841680073185635,0,0,0,0,0.000,4,33692,20.000,0,0,0.000,0,0,0.000,6.444
decode,real,2339,3635841680073185635,0,0,0,0,0.000,4,33696,20.000,0,0,0.000,0,0,0.000,6.533
decode,real,2340,3635841680073185635,0,0,0,0,0.000,4,33700,20.000,0,0,0.000,0,0,0.000,6.416
decode,real,2341,3635841680073185635,0,0,0,0,0.000,4,33704,20.000,0,0,0.000,0,0,0.000,6.475
decode,real,2342,3635841680073185635,0,0,0,0,0.000,4,33708,20.000,0,0,0.000,0,0,0.000,6.455
decode,real,2343,3635841680073185635,0,0,0,0,0.000,4,33712,20.000,0,0,0.000,0,0,0.000,6.468
decode,real,2344,3635841680073185635,0,0,0,0,0.000,4,33716,20.000,0,0,0.000,0,0,0.000,6.480
decode,real,2345,3635841680073185635,0,0,0,0,0.000,4,33720,20.000,0,0,0.000,0,0,0.000,6.450
decode,real,2346,3635841680073185635,0,0,0,0,0.000,4,33724,20.000,0,0,0.000,0,0,0.000,6.468
decode,real,2347,3635841680073185635,0,0,0,0,0.000,4,33728,20.000,0,0,0.000,0,0,0.000,6.461
decode,real,2348,3635841680073185635,0,0,0,0,0.000,4,33732,20.000,0,0,0.000,0,0,0.000,6.478
decode,real,2349,3635841680073185635,0,0,0,0,0.000,4,33736,20.000,0,0,0.000,0,0,0.000,6.442
decode,real,2350,3635841680073185635,0,0,0,0,0.000,4,33740,20.000,0,0,0.000,0,0,0.000,6.469
decode,real,2351,3635841680073185635,0,0,0,0,0.000,4,33744,20.000,0,0,0.000,0,0,0.000,6.472
decode,real,2352,3635841680073185635,0,0,0,0,0.000,4,33748,20.000,0,0,0.000,0,0,0.000,6.480
decode,real,2353,3635841680073185635,0,0,0,0,0.000,4,33752,20.000,0,0,0.000,0,0,0.000,6.437
decode,real,2354,3635841680073185635,0,0,0,0,0.000,4,33756,20.000,0,0,0.000,0,0,0.000,6.470
decode,real,2355,3635841680073185635,0,0,0,0,0.000,4,33760,20.000,0,0,0.000,0,0,0.000,6.485
decode,real,2356,3635841680073185635,0,0,0,0,0.000,4,33764,20.000,0,0,0.000,0,0,0.000,6.437
decode,real,2357,3635841680073185635,0,0,0,0,0.000,4,33768,20.000,0,0,0.000,0,0,0.000,6.469
decode,real,2358,3635841680073185635,0,0,0,0,0.000,4,33772,20.000,0,0,0.000,0,0,0.000,6.494
decode,real,2359,3635841680073185635,0,0,0,0,0.000,4,33776,20.000,0,0,0.000,0,0,0.000,6.480
decode,real,2360,3635841680073185635,0,0,0,0,0.000,4,33780,20.000,0,0,0.000,0,0,0.000,6.499
decode,real,2361,3635841680073185635,0,0,0,0,0.000,4,33784,20.000,0,0,0.000,0,0,0.000,6.437
decode,real,2362,3635841680073185635,0,0,0,0,0.000,4,33788,20.000,0,0,0.000,0,0,0.000,6.499
decode,real,2363,3635841680073185635,0,0,0,0,0.000,4,33792,20.000,0,0,0.000,0,0,0.000,6.479
decode,real,2364,3635841680073185635,0,0,0,0,0.000,4,33796,20.000,0,0,0.000,0,0,0.000,6.459
decode,real,2365,3635841680073185635,0,0,0,0,0.000,4,33800,20.000,0,0,0.000,0,0,0.000,6.507
decode,real,2366,3635841680073185635,0,0,0,0,0.000,4,33804,20.000,0,0,0.000,0,0,0.000,6.464
decode,real,2367,3635841680073185635,0,0,0,0,0.000,4,33808,20.000,0,0,0.000,0,0,0.000,6.481
decode,real,2368,3635841680073185635,0,0,0,0,0.000,4,33812,20.000,0,0,0.000,0,0,0.000,6.490
decode,real,2369,3635841680073185635,0,0,0,0,0.000,4,33816,20.000,0,0,0.000,0,0,0.000,6.455
decode,real,2370,3635841680073185635,0,0,0,0,0.000,4,33820,20.000,0,0,0.000,0,0,0.000,6.499
decode,real,2371,3635841680073185635,0,0,0,0,0.000,4,33824,20.000,0,0,0.000,0,0,0.000,6.474
decode,real,2372,3635841680073185635,0,0,0,0,0.000,4,33828,20.000,0,0,0.000,0,0,0.000,6.475
decode,real,2373,3635841680073185635,0,0,0,0,0.000,4,33832,20.000,0,0,0.000,0,0,0.000,6.462
decode,real,2374,3635841680073185635,0,0,0,0,0.000,4,33836,20.000,0,0,0.000,0,0,0.000,6.479
decode,real,2375,3635841680073185635,0,0,0,0,0.000,4,33840,20.000,0,0,0.000,0,0,0.000,6.476
decode,real,2376,3635841680073185635,0,0,0,0,0.000,4,33844,20.000,0,0,0.000,0,0,0.000,6.470
decode,real,2377,3635841680073185635,0,0,0,0,0.000,4,33848,20.000,0,0,0.000,0,0,0.000,6.496
decode,real,2378,3635841680073185635,0,0,0,0,0.000,4,33852,20.000,0,0,0.000,0,0,0.000,6.472
decode,real,2379,3635841680073185635,0,0,0,0,0.000,4,33856,20.000,0,0,0.000,0,0,0.000,6.471
decode,real,2380,3635841680073185635,0,0,0,0,0.000,4,33860,20.000,0,0,0.000,0,0,0.000,6.454
decode,real,2381,3635841680073185635,0,0,0,0,0.000,4,33864,20.000,0,0,0.000,0,0,0.000,6.475
decode,real,2382,3635841680073185635,0,0,0,0,0.000,4,33868,20.000,0,0,0.000,0,0,0.000,6.492
decode,real,2383,3635841680073185635,0,0,0,0,0.000,4,33872,20.000,0,0,0.000,0,0,0.000,6.488
decode,real,2384,3635841680073185635,0,0,0,0,0.000,4,33876,20.000,0,0,0.000,0,0,0.000,6.433
decode,real,2385,3635841680073185635,0,0,0,0,0.000,4,33880,20.000,0,0,0.000,0,0,0.000,6.492
decode,real,2386,3635841680073185635,0,0,0,0,0.000,4,33884,20.000,0,0,0.000,0,0,0.000,6.454
decode,real,2387,3635841680073185635,0,0,0,0,0.000,4,33888,20.000,0,0,0.000,0,0,0.000,6.489
decode,real,2388,3635841680073185635,0,0,0,0,0.000,4,33892,20.000,0,0,0.000,0,0,0.000,6.465
decode,real,2389,3635841680073185635,0,0,0,0,0.000,4,33896,20.000,0,0,0.000,0,0,0.000,6.476
decode,real,2390,3635841680073185635,0,0,0,0,0.000,4,33900,20.000,0,0,0.000,0,0,0.000,6.454
decode,real,2391,3635841680073185635,0,0,0,0,0.000,4,33904,20.000,0,0,0.000,0,0,0.000,6.480
decode,real,2392,3635841680073185635,0,0,0,0,0.000,4,33908,20.000,0,0,0.000,0,0,0.000,6.485
decode,real,2393,3635841680073185635,0,0,0,0,0.000,4,33912,20.000,0,0,0.000,0,0,0.000,6.467
decode,real,2394,3635841680073185635,0,0,0,0,0.000,4,33916,20.000,0,0,0.000,0,0,0.000,6.460
decode,real,2395,3635841680073185635,0,0,0,0,0.000,4,33920,20.000,0,0,0.000,0,0,0.000,6.489
decode,real,2396,3635841680073185635,0,0,0,0,0.000,4,33924,20.000,0,0,0.000,0,0,0.000,6.448
decode,real,2397,3635841680073185635,0,0,0,0,0.000,4,33928,20.000,0,0,0.000,0,0,0.000,6.485
decode,real,2398,3635841680073185635,0,0,0,0,0.000,4,33932,20.000,0,0,0.000,0,0,0.000,6.472
decode,real,2399,3635841680073185635,0,0,0,0,0.000,4,33936,20.000,0,0,0.000,0,0,0.000,6.476
decode,real,2400,3635841680073185635,0,0,0,0,0.000,4,33940,20.000,0,0,0.000,0,0,0.000,6.463
decode,real,2401,3635841680073185635,0,0,0,0,0.000,4,33944,20.000,0,0,0.000,0,0,0.000,6.473
decode,real,2402,3635841680073185635,0,0,0,0,0.000,4,33948,20.000,0,0,0.000,0,0,0.000,6.479
decode,real,2403,3635841680073185635,0,0,0,0,0.000,4,33952,20.000,0,0,0.000,0,0,0.000,6.500
decode,real,2404,3635841680073185635,0,0,0,0,0.000,4,33956,20.000,0,0,0.000,0,0,0.000,6.442
decode,real,2405,3635841680073185635,0,0,0,0,0.000,4,33960,20.000,0,0,0.000,0,0,0.000,6.486
decode,real,2406,3635841680073185635,0,0,0,0,0.000,4,33964,20.000,0,0,0.000,0,0,0.000,6.466
decode,real,2407,3635841680073185635,0,0,0,0,0.000,4,33968,20.000,0,0,0.000,0,0,0.000,6.516
decode,real,2408,3635841680073185635,0,0,0,0,0.000,4,33972,20.000,0,0,0.000,0,0,0.000,6.430
decode,real,2409,3635841680073185635,0,0,0,0,0.000,4,33976,20.000,0,0,0.000,0,0,0.000,6.469
decode,real,2410,3635841680073185635,0,0,0,0,0.000,4,33980,20.000,0,0,0.000,0,0,0.000,6.474
decode,real,2411,3635841680073185635,0,0,0,0,0.000,4,33984,20.000,0,0,0.000,0,0,0.000,6.513
decode,real,2412,3635841680073185635,0,0,0,0,0.000,4,33988,20.000,0,0,0.000,0,0,0.000,6.446
decode,real,2413,3635841680073185635,0,0,0,0,0.000,4,33992,20.000,0,0,0.000,0,0,0.000,6.484
decode,real,2414,3635841680073185635,0,0,0,0,0.000,4,33996,20.000,0,0,0.000,0,0,0.000,6.468
decode,real,2415,3635841680073185635,0,0,0,0,0.000,4,34000,20.000,0,0,0.000,0,0,0.000,6.488
decode,real,2416,3635841680073185635,0,0,0,0,0.000,4,34004,20.000,0,0,0.000,0,0,0.000,6.505
decode,real,2417,3635841680073185635,0,0,0,0,0.000,4,34008,20.000,0,0,0.000,0,0,0.000,6.448
decode,real,2418,3635841680073185635,0,0,0,0,0.000,4,34012,20.000,0,0,0.000,0,0,0.000,6.478
decode,real,2419,3635841680073185635,0,0,0,0,0.000,4,34016,20.000,0,0,0.000,0,0,0.000,6.482
decode,real,2420,3635841680073185635,0,0,0,0,0.000,4,34020,20.000,0,0,0.000,0,0,0.000,6.479
decode,real,2421,3635841680073185635,0,0,0,0,0.000,4,34024,20.000,0,0,0.000,0,0,0.000,6.461
decode,real,2422,3635841680073185635,0,0,0,0,0.000,4,34028,20.000,0,0,0.000,0,0,0.000,6.487
decode,real,2423,3635841680073185635,0,0,0,0,0.000,4,34032,20.000,0,0,0.000,0,0,0.000,6.479
decode,real,2424,3635841680073185635,0,0,0,0,0.000,4,34036,20.000,0,0,0.000,0,0,0.000,6.458
decode,real,2425,3635841680073185635,0,0,0,0,0.000,4,34040,20.000,0,0,0.000,0,0,0.000,6.471
decode,real,2426,3635841680073185635,0,0,0,0,0.000,4,34044,20.000,0,0,0.000,0,0,0.000,6.498
decode,real,2427,3635841680073185635,0,0,0,0,0.000,4,34048,20.000,0,0,0.000,0,0,0.000,6.463
decode,real,2428,3635841680073185635,0,0,0,0,0.000,4,34052,20.000,0,0,0.000,0,0,0.000,6.493
decode,real,2429,3635841680073185635,0,0,0,0,0.000,4,34056,20.000,0,0,0.000,0,0,0.000,6.457
decode,real,2430,3635841680073185635,0,0,0,0,0.000,4,34060,20.000,0,0,0.000,0,0,0.000,6.526
decode,real,2431,3635841680073185635,0,0,0,0,0.000,4,34064,20.000,0,0,0.000,0,0,0.000,6.426
decode,real,2432,3635841680073185635,0,0,0,0,0.000,4,34068,20.000,0,0,0.000,0,0,0.000,6.491
decode,real,2433,3635841680073185635,0,0,0,0,0.000,4,34072,20.000,0,0,0.000,0,0,0.000,6.468
decode,real,2434,3635841680073185635,0,0,0,0,0.000,4,34076,20.000,0,0,0.000,0,0,0.000,6.468
decode,real,2435,3635841680073185635,0,0,0,0,0.000,4,34080,20.000,0,0,0.000,0,0,0.000,6.511
decode,real,2436,3635841680073185635,0,0,0,0,0.000,4,34084,20.000,0,0,0.000,0,0,0.000,6.468
decode,real,2437,3635841680073185635,0,0,0,0,0.000,4,34088,20.000,0,0,0.000,0,0,0.000,6.458
decode,real,2438,3635841680073185635,0,0,0,0,0.000,4,34092,20.000,0,0,0.000,0,0,0.000,6.486
decode,real,2439,3635841680073185635,0,0,0,0,0.000,4,34096,20.000,0,0,0.000,0,0,0.000,6.484
decode,real,2440,3635841680073185635,0,0,0,0,0.000,4,34100,20.000,0,0,0.000,0,0,0.000,6.454
decode,real,2441,3635841680073185635,0,0,0,0,0.000,4,34104,20.000,0,0,0.000,0,0,0.000,6.482
decode,real,2442,3635841680073185635,0,0,0,0,0.000,4,34108,20.000,0,0,0.000,0,0,0.000,6.461
decode,real,2443,3635841680073185635,0,0,0,0,0.000,4,34112,20.000,0,0,0.000,0,0,0.000,6.475
decode,real,2444,3635841680073185635,0,0,0,0,0.000,4,34116,20.000,0,0,0.000,0,0,0.000,6.464
decode,real,2445,3635841680073185635,0,0,0,0,0.000,4,34120,20.000,0,0,0.000,0,0,0.000,6.493
decode,real,2446,3635841680073185635,0,0,0,0,0.000,4,34124,20.000,0,0,0.000,0,0,0.000,6.469
decode,real,2447,3635841680073185635,0,0,0,0,0.000,4,34128,20.000,0,0,0.000,0,0,0.000,6.498
decode,real,2448,3635841680073185635,0,0,0,0,0.000,4,34132,20.000,0,0,0.000,0,0,0.000,6.471
decode,real,2449,3635841680073185635,0,0,0,0,0.000,4,34136,20.000,0,0,0.000,0,0,0.000,6.482
decode,real,2450,3635841680073185635,0,0,0,0,0.000,4,34140,20.000,0,0,0.000,0,0,0.000,6.454
decode,real,2451,3635841680073185635,0,0,0,0,0.000,4,34144,20.000,0,0,0.000,0,0,0.000,6.486
decode,real,2452,3635841680073185635,0,0,0,0,0.000,4,34148,20.000,0,0,0.000,0,0,0.000,6.461
decode,real,2453,3635841680073185635,0,0,0,0,0.000,4,34152,20.000,0,0,0.000,0,0,0.000,6.476
decode,real,2454,3635841680073185635,0,0,0,0,0.000,4,34156,20.000,0,0,0.000,0,0,0.000,6.469
decode,real,2455,3635841680073185635,0,0,0,0,0.000,4,34160,20.000,0,0,0.000,0,0,0.000,6.486
decode,real,2456,3635841680073185635,0,0,0,0,0.000,4,34164,20.000,0,0,0.000,0,0,0.000,6.467
decode,real,2457,3635841680073185635,0,0,0,0,0.000,4,34168,20.000,0,0,0.000,0,0,0.000,6.473
decode,real,2458,3635841680073185635,0,0,0,0,0.000,4,34172,20.000,0,0,0.000,0,0,0.000,6.474
decode,real,2459,3635841680073185635,0,0,0,0,0.000,4,34176,20.000,0,0,0.000,0,0,0.000,6.488
decode,real,2460,3635841680073185635,0,0,0,0,0.000,4,34180,20.000,0,0,0.000,0,0,0.000,6.447
decode,real,2461,3635841680073185635,0,0,0,0,0.000,4,34184,20.000,0,0,0.000,0,0,0.000,6.480
decode,real,2462,3635841680073185635,0,0,0,0,0.000,4,34188,20.000,0,0,0.000,0,0,0.000,6.489
decode,real,2463,3635841680073185635,0,0,0,0,0.000,4,34192,20.000,0,0,0.000,0,0,0.000,6.510
decode,real,2464,3635841680073185635,0,0,0,0,0.000,4,34196,20.000,0,0,0.000,0,0,0.000,6.442
decode,real,2465,3635841680073185635,0,0,0,0,0.000,4,34200,20.000,0,0,0.000,0,0,0.000,6.472
decode,real,2466,3635841680073185635,0,0,0,0,0.000,4,34204,20.000,0,0,0.000,0,0,0.000,6.454
decode,real,2467,3635841680073185635,0,0,0,0,0.000,4,34208,20.000,0,0,0.000,0,0,0.000,6.502
decode,real,2468,3635841680073185635,0,0,0,0,0.000,4,34212,20.000,0,0,0.000,0,0,0.000,6.477
decode,real,2469,3635841680073185635,0,0,0,0,0.000,4,34216,20.000,0,0,0.000,0,0,0.000,6.462
decode,real,2470,3635841680073185635,0,0,0,0,0.000,4,34220,20.000,0,0,0.000,0,0,0.000,6.471
decode,real,2471,3635841680073185635,0,0,0,0,0.000,4,34224,20.000,0,0,0.000,0,0,0.000,6.490
decode,real,2472,3635841680073185635,0,0,0,0,0.000,4,34228,20.000,0,0,0.000,0,0,0.000,6.489
decode,real,2473,3635841680073185635,0,0,0,0,0.000,4,34232,20.000,0,0,0.000,0,0,0.000,6.455
decode,real,2474,3635841680073185635,0,0,0,0,0.000,4,34236,20.000,0,0,0.000,0,0,0.000,6.483
decode,real,2475,3635841680073185635,0,0,0,0,0.000,4,34240,20.000,0,0,0.000,0,0,0.000,6.479
decode,real,2476,3635841680073185635,0,0,0,0,0.000,4,34244,20.000,0,0,0.000,0,0,0.000,6.483
decode,real,2477,3635841680073185635,0,0,0,0,0.000,4,34248,20.000,0,0,0.000,0,0,0.000,6.478
decode,real,2478,3635841680073185635,0,0,0,0,0.000,4,34252,20.000,0,0,0.000,0,0,0.000,6.492
decode,real,2479,3635841680073185635,0,0,0,0,0.000,4,34256,20.000,0,0,0.000,0,0,0.000,6.477
decode,real,2480,3635841680073185635,0,0,0,0,0.000,4,34260,20.000,0,0,0.000,0,0,0.000,6.459
decode,real,2481,3635841680073185635,0,0,0,0,0.000,4,34264,20.000,0,0,0.000,0,0,0.000,6.465
decode,real,2482,3635841680073185635,0,0,0,0,0.000,4,34268,20.000,0,0,0.000,0,0,0.000,6.506
decode,real,2483,3635841680073185635,0,0,0,0,0.000,4,34272,20.000,0,0,0.000,0,0,0.000,6.476
decode,real,2484,3635841680073185635,0,0,0,0,0.000,4,34276,20.000,0,0,0.000,0,0,0.000,6.482
decode,real,2485,3635841680073185635,0,0,0,0,0.000,4,34280,20.000,0,0,0.000,0,0,0.000,6.492
decode,real,2486,3635841680073185635,0,0,0,0,0.000,4,34284,20.000,0,0,0.000,0,0,0.000,6.467
decode,real,2487,3635841680073185635,0,0,0,0,0.000,4,34288,20.000,0,0,0.000,0,0,0.000,6.502
decode,real,2488,3635841680073185635,0,0,0,0,0.000,4,34292,20.000,0,0,0.000,0,0,0.000,6.471
decode,real,2489,3635841680073185635,0,0,0,0,0.000,4,34296,20.000,0,0,0.000,0,0,0.000,6.472
decode,real,2490,3635841680073185635,0,0,0,0,0.000,4,34300,20.000,0,0,0.000,0,0,0.000,6.470
decode,real,2491,3635841680073185635,0,0,0,0,0.000,4,34304,20.000,0,0,0.000,0,0,0.000,6.491
decode,real,2492,3635841680073185635,0,0,0,0,0.000,4,34308,20.000,0,0,0.000,0,0,0.000,6.464
decode,real,2493,3635841680073185635,0,0,0,0,0.000,4,34312,20.000,0,0,0.000,0,0,0.000,6.487
decode,real,2494,3635841680073185635,0,0,0,0,0.000,4,34316,20.000,0,0,0.000,0,0,0.000,6.470
decode,real,2495,3635841680073185635,0,0,0,0,0.000,4,34320,20.000,0,0,0.000,0,0,0.000,6.508
decode,real,2496,3635841680073185635,0,0,0,0,0.000,4,34324,20.000,0,0,0.000,0,0,0.000,6.464
decode,real,2497,3635841680073185635,0,0,0,0,0.000,4,34328,20.000,0,0,0.000,0,0,0.000,6.473
decode,real,2498,3635841680073185635,0,0,0,0,0.000,4,34332,20.000,0,0,0.000,0,0,0.000,6.500
decode,real,2499,3635841680073185635,0,0,0,0,0.000,4,34336,20.000,0,0,0.000,0,0,0.000,6.493
decode,real,2500,3635841680073185635,0,0,0,0,0.000,4,34340,20.000,0,0,0.000,0,0,0.000,6.478
decode,real,2501,3635841680073185635,0,0,0,0,0.000,4,34344,20.000,0,0,0.000,0,0,0.000,6.485
decode,real,2502,3635841680073185635,0,0,0,0,0.000,4,34348,20.000,0,0,0.000,0,0,0.000,6.486
decode,real,2503,3635841680073185635,0,0,0,0,0.000,4,34352,20.000,0,0,0.000,0,0,0.000,6.498
decode,real,2504,3635841680073185635,0,0,0,0,0.000,4,34356,20.000,0,0,0.000,0,0,0.000,6.474
decode,real,2505,3635841680073185635,0,0,0,0,0.000,4,34360,20.000,0,0,0.000,0,0,0.000,6.450
decode,real,2506,3635841680073185635,0,0,0,0,0.000,4,34364,20.000,0,0,0.000,0,0,0.000,6.485
decode,real,2507,3635841680073185635,0,0,0,0,0.000,4,34368,20.000,0,0,0.000,0,0,0.000,6.511
decode,real,2508,3635841680073185635,0,0,0,0,0.000,4,34372,20.000,0,0,0.000,0,0,0.000,6.465
decode,real,2509,3635841680073185635,0,0,0,0,0.000,4,34376,20.000,0,0,0.000,0,0,0.000,6.469
decode,real,2510,3635841680073185635,0,0,0,0,0.000,4,34380,20.000,0,0,0.000,0,0,0.000,6.618
decode,real,2511,3635841680073185635,0,0,0,0,0.000,4,34384,20.000,0,0,0.000,0,0,0.000,6.363
decode,real,2512,3635841680073185635,0,0,0,0,0.000,4,34388,20.000,0,0,0.000,0,0,0.000,6.463
decode,real,2513,3635841680073185635,0,0,0,0,0.000,4,34392,20.000,0,0,0.000,0,0,0.000,6.473
decode,real,2514,3635841680073185635,0,0,0,0,0.000,4,34396,20.000,0,0,0.000,0,0,0.000,6.467
decode,real,2515,3635841680073185635,0,0,0,0,0.000,4,34400,20.000,0,0,0.000,0,0,0.000,6.498
decode,real,2516,3635841680073185635,0,0,0,0,0.000,4,34404,20.000,0,0,0.000,0,0,0.000,6.455
decode,real,2517,3635841680073185635,0,0,0,0,0.000,4,34408,20.000,0,0,0.000,0,0,0.000,6.468
decode,real,2518,3635841680073185635,0,0,0,0,0.000,4,34412,20.000,0,0,0.000,0,0,0.000,6.470
decode,real,2519,3635841680073185635,0,0,0,0,0.000,4,34416,20.000,0,0,0.000,0,0,0.000,6.506
decode,real,2520,3635841680073185635,0,0,0,0,0.000,4,34420,20.000,0,0,0.000,0,0,0.000,6.450
decode,real,2521,3635841680073185635,0,0,0,0,0.000,4,34424,20.000,0,0,0.000,0,0,0.000,6.478
decode,real,2522,3635841680073185635,0,0,0,0,0.000,4,34428,20.000,0,0,0.000,0,0,0.000,6.491
decode,real,2523,3635841680073185635,0,0,0,0,0.000,4,34432,20.000,0,0,0.000,0,0,0.000,6.500
decode,real,2524,3635841680073185635,0,0,0,0,0.000,4,34436,20.000,0,0,0.000,0,0,0.000,6.467
decode,real,2525,3635841680073185635,0,0,0,0,0.000,4,34440,20.000,0,0,0.000,0,0,0.000,6.446
decode,real,2526,3635841680073185635,0,0,0,0,0.000,4,34444,20.000,0,0,0.000,0,0,0.000,6.500
decode,real,2527,3635841680073185635,0,0,0,0,0.000,4,34448,20.000,0,0,0.000,0,0,0.000,6.470
decode,real,2528,3635841680073185635,0,0,0,0,0.000,4,34452,20.000,0,0,0.000,0,0,0.000,6.490
decode,real,2529,3635841680073185635,0,0,0,0,0.000,4,34456,20.000,0,0,0.000,0,0,0.000,6.471
decode,real,2530,3635841680073185635,0,0,0,0,0.000,4,34460,20.000,0,0,0.000,0,0,0.000,6.484
decode,real,2531,3635841680073185635,0,0,0,0,0.000,4,34464,20.000,0,0,0.000,0,0,0.000,6.487
decode,real,2532,3635841680073185635,0,0,0,0,0.000,4,34468,20.000,0,0,0.000,0,0,0.000,6.455
decode,real,2533,3635841680073185635,0,0,0,0,0.000,4,34472,20.000,0,0,0.000,0,0,0.000,6.487
decode,real,2534,3635841680073185635,0,0,0,0,0.000,4,34476,20.000,0,0,0.000,0,0,0.000,6.488
decode,real,2535,3635841680073185635,0,0,0,0,0.000,4,34480,20.000,0,0,0.000,0,0,0.000,6.491
decode,real,2536,3635841680073185635,0,0,0,0,0.000,4,34484,20.000,0,0,0.000,0,0,0.000,6.468
decode,real,2537,3635841680073185635,0,0,0,0,0.000,4,34488,20.000,0,0,0.000,0,0,0.000,6.480
decode,real,2538,3635841680073185635,0,0,0,0,0.000,4,34492,20.000,0,0,0.000,0,0,0.000,6.477
decode,real,2539,3635841680073185635,0,0,0,0,0.000,4,34496,20.000,0,0,0.000,0,0,0.000,6.488
decode,real,2540,3635841680073185635,0,0,0,0,0.000,4,34500,20.000,0,0,0.000,0,0,0.000,6.487
decode,real,2541,3635841680073185635,0,0,0,0,0.000,4,34504,20.000,0,0,0.000,0,0,0.000,6.490
decode,real,2542,3635841680073185635,0,0,0,0,0.000,4,34508,20.000,0,0,0.000,0,0,0.000,6.461
decode,real,2543,3635841680073185635,0,0,0,0,0.000,4,34512,20.000,0,0,0.000,0,0,0.000,6.488
decode,real,2544,3635841680073185635,0,0,0,0,0.000,4,34516,20.000,0,0,0.000,0,0,0.000,6.492
decode,real,2545,3635841680073185635,0,0,0,0,0.000,4,34520,20.000,0,0,0.000,0,0,0.000,6.471
decode,real,2546,3635841680073185635,0,0,0,0,0.000,4,34524,20.000,0,0,0.000,0,0,0.000,6.477
decode,real,2547,3635841680073185635,0,0,0,0,0.000,4,34528,20.000,0,0,0.000,0,0,0.000,6.536
decode,real,2548,3635841680073185635,0,0,0,0,0.000,4,34532,20.000,0,0,0.000,0,0,0.000,6.434
decode,real,2549,3635841680073185635,0,0,0,0,0.000,4,34536,20.000,0,0,0.000,0,0,0.000,6.495
decode,real,2550,3635841680073185635,0,0,0,0,0.000,4,34540,20.000,0,0,0.000,0,0,0.000,6.460
decode,real,2551,3635841680073185635,0,0,0,0,0.000,4,34544,20.000,0,0,0.000,0,0,0.000,6.508
decode,real,2552,3635841680073185635,0,0,0,0,0.000,4,34548,20.000,0,0,0.000,0,0,0.000,6.472
decode,real,2553,3635841680073185635,0,0,0,0,0.000,4,34552,20.000,0,0,0.000,0,0,0.000,6.484
decode,real,2554,3635841680073185635,0,0,0,0,0.000,4,34556,20.000,0,0,0.000,0,0,0.000,6.482
decode,real,2555,3635841680073185635,0,0,0,0,0.000,4,34560,20.000,0,0,0.000,0,0,0.000,6.484
decode,real,2556,3635841680073185635,0,0,0,0,0.000,4,34564,20.000,0,0,0.000,0,0,0.000,6.487
decode,real,2557,3635841680073185635,0,0,0,0,0.000,4,34568,20.000,0,0,0.000,0,0,0.000,6.469
decode,real,2558,3635841680073185635,0,0,0,0,0.000,4,34572,20.000,0,0,0.000,0,0,0.000,6.472
decode,real,2559,3635841680073185635,0,0,0,0,0.000,4,34576,20.000,0,0,0.000,0,0,0.000,6.503
decode,real,2560,3635841680073185635,0,0,0,0,0.000,4,34580,20.000,0,0,0.000,0,0,0.000,6.470
decode,real,2561,3635841680073185635,0,0,0,0,0.000,4,34584,20.000,0,0,0.000,0,0,0.000,6.480
decode,real,2562,3635841680073185635,0,0,0,0,0.000,4,34588,20.000,0,0,0.000,0,0,0.000,6.495
decode,real,2563,3635841680073185635,0,0,0,0,0.000,4,34592,20.000,0,0,0.000,0,0,0.000,6.491
decode,real,2564,3635841680073185635,0,0,0,0,0.000,4,34596,20.000,0,0,0.000,0,0,0.000,6.487
decode,real,2565,3635841680073185635,0,0,0,0,0.000,4,34600,20.000,0,0,0.000,0,0,0.000,6.472
decode,real,2566,3635841680073185635,0,0,0,0,0.000,4,34604,20.000,0,0,0.000,0,0,0.000,6.487
decode,real,2567,3635841680073185635,0,0,0,0,0.000,4,34608,20.000,0,0,0.000,0,0,0.000,6.471
decode,real,2568,3635841680073185635,0,0,0,0,0.000,4,34612,20.000,0,0,0.000,0,0,0.000,6.500
decode,real,2569,3635841680073185635,0,0,0,0,0.000,4,34616,20.000,0,0,0.000,0,0,0.000,6.463
decode,real,2570,3635841680073185635,0,0,0,0,0.000,4,34620,20.000,0,0,0.000,0,0,0.000,6.483
decode,real,2571,3635841680073185635,0,0,0,0,0.000,4,34624,20.000,0,0,0.000,0,0,0.000,6.495
decode,real,2572,3635841680073185635,0,0,0,0,0.000,4,34628,20.000,0,0,0.000,0,0,0.000,6.485
decode,real,2573,3635841680073185635,0,0,0,0,0.000,4,34632,20.000,0,0,0.000,0,0,0.000,6.465
decode,real,2574,3635841680073185635,0,0,0,0,0.000,4,34636,20.000,0,0,0.000,0,0,0.000,6.497
decode,real,2575,3635841680073185635,0,0,0,0,0.000,4,34640,20.000,0,0,0.000,0,0,0.000,6.475
decode,real,2576,3635841680073185635,0,0,0,0,0.000,4,34644,20.000,0,0,0.000,0,0,0.000,6.500
decode,real,2577,3635841680073185635,0,0,0,0,0.000,4,34648,20.000,0,0,0.000,0,0,0.000,6.458
decode,real,2578,3635841680073185635,0,0,0,0,0.000,4,34652,20.000,0,0,0.000,0,0,0.000,6.500
decode,real,2579,3635841680073185635,0,0,0,0,0.000,4,34656,20.000,0,0,0.000,0,0,0.000,6.475
decode,real,2580,3635841680073185635,0,0,0,0,0.000,4,34660,20.000,0,0,0.000,0,0,0.000,6.467
decode,real,2581,3635841680073185635,0,0,0,0,0.000,4,34664,20.000,0,0,0.000,0,0,0.000,6.482
decode,real,2582,3635841680073185635,0,0,0,0,0.000,4,34668,20.000,0,0,0.000,0,0,0.000,6.476
decode,real,2583,3635841680073185635,0,0,0,0,0.000,4,34672,20.000,0,0,0.000,0,0,0.000,6.496
decode,real,2584,3635841680073185635,0,0,0,0,0.000,4,34676,20.000,0,0,0.000,0,0,0.000,6.477
decode,real,2585,3635841680073185635,0,0,0,0,0.000,4,34680,20.000,0,0,0.000,0,0,0.000,6.493
decode,real,2586,3635841680073185635,0,0,0,0,0.000,4,34684,20.000,0,0,0.000,0,0,0.000,6.458
decode,real,2587,3635841680073185635,0,0,0,0,0.000,4,34688,20.000,0,0,0.000,0,0,0.000,6.486
decode,real,2588,3635841680073185635,0,0,0,0,0.000,4,34692,20.000,0,0,0.000,0,0,0.000,6.472
decode,real,2589,3635841680073185635,0,0,0,0,0.000,4,34696,20.000,0,0,0.000,0,0,0.000,6.489
decode,real,2590,3635841680073185635,0,0,0,0,0.000,4,34700,20.000,0,0,0.000,0,0,0.000,6.479
decode,real,2591,3635841680073185635,0,0,0,0,0.000,4,34704,20.000,0,0,0.000,0,0,0.000,6.503
decode,real,2592,3635841680073185635,0,0,0,0,0.000,4,34708,20.000,0,0,0.000,0,0,0.000,6.453
decode,real,2593,3635841680073185635,0,0,0,0,0.000,4,34712,20.000,0,0,0.000,0,0,0.000,6.513
decode,real,2594,3635841680073185635,0,0,0,0,0.000,4,34716,20.000,0,0,0.000,0,0,0.000,6.466
decode,real,2595,3635841680073185635,0,0,0,0,0.000,4,34720,20.000,0,0,0.000,0,0,0.000,6.486
decode,real,2596,3635841680073185635,0,0,0,0,0.000,4,34724,20.000,0,0,0.000,0,0,0.000,6.469
decode,real,2597,3635841680073185635,0,0,0,0,0.000,4,34728,20.000,0,0,0.000,0,0,0.000,6.485
decode,real,2598,3635841680073185635,0,0,0,0,0.000,4,34732,20.000,0,0,0.000,0,0,0.000,6.487
decode,real,2599,3635841680073185635,0,0,0,0,0.000,4,34736,20.000,0,0,0.000,0,0,0.000,6.492
decode,real,2600,3635841680073185635,0,0,0,0,0.000,4,34740,20.000,0,0,0.000,0,0,0.000,6.465
decode,real,2601,3635841680073185635,0,0,0,0,0.000,4,34744,20.000,0,0,0.000,0,0,0.000,6.480
decode,real,2602,3635841680073185635,0,0,0,0,0.000,4,34748,20.000,0,0,0.000,0,0,0.000,6.481
decode,real,2603,3635841680073185635,0,0,0,0,0.000,4,34752,20.000,0,0,0.000,0,0,0.000,6.495
decode,real,2604,3635841680073185635,0,0,0,0,0.000,4,34756,20.000,0,0,0.000,0,0,0.000,6.465
decode,real,2605,3635841680073185635,0,0,0,0,0.000,4,34760,20.000,0,0,0.000,0,0,0.000,6.491
decode,real,2606,3635841680073185635,0,0,0,0,0.000,4,34764,20.000,0,0,0.000,0,0,0.000,6.488
decode,real,2607,3635841680073185635,0,0,0,0,0.000,4,34768,20.000,0,0,0.000,0,0,0.000,6.546
decode,real,2608,3635841680073185635,0,0,0,0,0.000,4,34772,20.000,0,0,0.000,0,0,0.000,6.424
decode,real,2609,3635841680073185635,0,0,0,0,0.000,4,34776,20.000,0,0,0.000,0,0,0.000,6.492
decode,real,2610,3635841680073185635,0,0,0,0,0.000,4,34780,20.000,0,0,0.000,0,0,0.000,6.447
decode,real,2611,3635841680073185635,0,0,0,0,0.000,4,34784,20.000,0,0,0.000,0,0,0.000,6.498
decode,real,2612,3635841680073185635,0,0,0,0,0.000,4,34788,20.000,0,0,0.000,0,0,0.000,6.491
decode,real,2613,3635841680073185635,0,0,0,0,0.000,4,34792,20.000,0,0,0.000,0,0,0.000,6.861
decode,real,2614,3635841680073185635,0,0,0,0,0.000,4,34796,20.000,0,0,0.000,0,0,0.000,6.129
decode,real,2615,3635841680073185635,0,0,0,0,0.000,4,34800,20.000,0,0,0.000,0,0,0.000,6.493
decode,real,2616,3635841680073185635,0,0,0,0,0.000,4,34804,20.000,0,0,0.000,0,0,0.000,6.440
decode,real,2617,3635841680073185635,0,0,0,0,0.000,4,34808,20.000,0,0,0.000,0,0,0.000,6.487
decode,real,2618,3635841680073185635,0,0,0,0,0.000,4,34812,20.000,0,0,0.000,0,0,0.000,6.501
decode,real,2619,3635841680073185635,0,0,0,0,0.000,4,34816,20.000,0,0,0.000,0,0,0.000,6.495
decode,real,2620,3635841680073185635,0,0,0,0,0.000,4,34820,20.000,0,0,0.000,0,0,0.000,6.480
decode,real,2621,3635841680073185635,0,0,0,0,0.000,4,34824,20.000,0,0,0.000,0,0,0.000,6.492
decode,real,2622,3635841680073185635,0,0,0,0,0.000,4,34828,20.000,0,0,0.000,0,0,0.000,6.460
decode,real,2623,3635841680073185635,0,0,0,0,0.000,4,34832,20.000,0,0,0.000,0,0,0.000,6.487
decode,real,2624,3635841680073185635,0,0,0,0,0.000,4,34836,20.000,0,0,0.000,0,0,0.000,6.497
decode,real,2625,3635841680073185635,0,0,0,0,0.000,4,34840,20.000,0,0,0.000,0,0,0.000,6.470
decode,real,2626,3635841680073185635,0,0,0,0,0.000,4,34844,20.000,0,0,0.000,0,0,0.000,6.466
decode,real,2627,3635841680073185635,0,0,0,0,0.000,4,34848,20.000,0,0,0.000,0,0,0.000,6.498
decode,real,2628,3635841680073185635,0,0,0,0,0.000,4,34852,20.000,0,0,0.000,0,0,0.000,6.460
decode,real,2629,3635841680073185635,0,0,0,0,0.000,4,34856,20.000,0,0,0.000,0,0,0.000,6.517
decode,real,2630,3635841680073185635,0,0,0,0,0.000,4,34860,20.000,0,0,0.000,0,0,0.000,6.447
decode,real,2631,3635841680073185635,0,0,0,0,0.000,4,34864,20.000,0,0,0.000,0,0,0.000,6.494
decode,real,2632,3635841680073185635,0,0,0,0,0.000,4,34868,20.000,0,0,0.000,0,0,0.000,6.483
decode,real,2633,3635841680073185635,0,0,0,0,0.000,4,34872,20.000,0,0,0.000,0,0,0.000,6.472
decode,real,2634,3635841680073185635,0,0,0,0,0.000,4,34876,20.000,0,0,0.000,0,0,0.000,6.470
decode,real,2635,3635841680073185635,0,0,0,0,0.000,4,34880,20.000,0,0,0.000,0,0,0.000,6.515
decode,real,2636,3635841680073185635,0,0,0,0,0.000,4,34884,20.000,0,0,0.000,0,0,0.000,6.444
decode,real,2637,3635841680073185635,0,0,0,0,0.000,4,34888,20.000,0,0,0.000,0,0,0.000,6.509
decode,real,2638,3635841680073185635,0,0,0,0,0.000,4,34892,20.000,0,0,0.000,0,0,0.000,6.458
decode,real,2639,3635841680073185635,0,0,0,0,0.000,4,34896,20.000,0,0,0.000,0,0,0.000,6.480
decode,real,2640,3635841680073185635,0,0,0,0,0.000,4,34900,20.000,0,0,0.000,0,0,0.000,6.476
decode,real,2641,3635841680073185635,0,0,0,0,0.000,4,34904,20.000,0,0,0.000,0,0,0.000,6.467
decode,real,2642,3635841680073185635,0,0,0,0,0.000,4,34908,20.000,0,0,0.000,0,0,0.000,6.513
decode,real,2643,3635841680073185635,0,0,0,0,0.000,4,34912,20.000,0,0,0.000,0,0,0.000,6.462
decode,real,2644,3635841680073185635,0,0,0,0,0.000,4,34916,20.000,0,0,0.000,0,0,0.000,6.446
decode,real,2645,3635841680073185635,0,0,0,0,0.000,4,34920,20.000,0,0,0.000,0,0,0.000,6.500
decode,real,2646,3635841680073185635,0,0,0,0,0.000,4,34924,20.000,0,0,0.000,0,0,0.000,6.489
decode,real,2647,3635841680073185635,0,0,0,0,0.000,4,34928,20.000,0,0,0.000,0,0,0.000,6.483
decode,real,2648,3635841680073185635,0,0,0,0,0.000,4,34932,20.000,0,0,0.000,0,0,0.000,6.455
decode,real,2649,3635841680073185635,0,0,0,0,0.000,4,34936,20.000,0,0,0.000,0,0,0.000,6.478
decode,real,2650,3635841680073185635,0,0,0,0,0.000,4,34940,20.000,0,0,0.000,0,0,0.000,6.462
decode,real,2651,3635841680073185635,0,0,0,0,0.000,4,34944,20.000,0,0,0.000,0,0,0.000,6.500
decode,real,2652,3635841680073185635,0,0,0,0,0.000,4,34948,20.000,0,0,0.000,0,0,0.000,6.476
decode,real,2653,3635841680073185635,0,0,0,0,0.000,4,34952,20.000,0,0,0.000,0,0,0.000,6.483
decode,real,2654,3635841680073185635,0,0,0,0,0.000,4,34956,20.000,0,0,0.000,0,0,0.000,6.458
decode,real,2655,3635841680073185635,0,0,0,0,0.000,4,34960,20.000,0,0,0.000,0,0,0.000,6.487
decode,real,2656,3635841680073185635,0,0,0,0,0.000,4,34964,20.000,0,0,0.000,0,0,0.000,6.490
decode,real,2657,3635841680073185635,0,0,0,0,0.000,4,34968,20.000,0,0,0.000,0,0,0.000,6.477
decode,real,2658,3635841680073185635,0,0,0,0,0.000,4,34972,20.000,0,0,0.000,0,0,0.000,6.476
decode,real,2659,3635841680073185635,0,0,0,0,0.000,4,34976,20.000,0,0,0.000,0,0,0.000,6.482
decode,real,2660,3635841680073185635,0,0,0,0,0.000,4,34980,20.000,0,0,0.000,0,0,0.000,6.476
decode,real,2661,3635841680073185635,0,0,0,0,0.000,4,34984,20.000,0,0,0.000,0,0,0.000,6.460
decode,real,2662,3635841680073185635,0,0,0,0,0.000,4,34988,20.000,0,0,0.000,0,0,0.000,6.488
decode,real,2663,3635841680073185635,0,0,0,0,0.000,4,34992,20.000,0,0,0.000,0,0,0.000,6.499
decode,real,2664,3635841680073185635,0,0,0,0,0.000,4,34996,20.000,0,0,0.000,0,0,0.000,6.487
decode,real,2665,3635841680073185635,0,0,0,0,0.000,4,35000,20.000,0,0,0.000,0,0,0.000,6.474
decode,real,2666,3635841680073185635,0,0,0,0,0.000,4,35004,20.000,0,0,0.000,0,0,0.000,6.486
decode,real,2667,3635841680073185635,0,0,0,0,0.000,4,35008,20.000,0,0,0.000,0,0,0.000,6.499
decode,real,2668,3635841680073185635,0,0,0,0,0.000,4,35012,20.000,0,0,0.000,0,0,0.000,6.467
decode,real,2669,3635841680073185635,0,0,0,0,0.000,4,35016,20.000,0,0,0.000,0,0,0.000,6.484
decode,real,2670,3635841680073185635,0,0,0,0,0.000,4,35020,20.000,0,0,0.000,0,0,0.000,6.451
decode,real,2671,3635841680073185635,0,0,0,0,0.000,4,35024,20.000,0,0,0.000,0,0,0.000,6.489
decode,real,2672,3635841680073185635,0,0,0,0,0.000,4,35028,20.000,0,0,0.000,0,0,0.000,6.479
decode,real,2673,3635841680073185635,0,0,0,0,0.000,4,35032,20.000,0,0,0.000,0,0,0.000,6.476
decode,real,2674,3635841680073185635,0,0,0,0,0.000,4,35036,20.000,0,0,0.000,0,0,0.000,6.491
decode,real,2675,3635841680073185635,0,0,0,0,0.000,4,35040,20.000,0,0,0.000,0,0,0.000,6.488
decode,real,2676,3635841680073185635,0,0,0,0,0.000,4,35044,20.000,0,0,0.000,0,0,0.000,6.485
decode,real,2677,3635841680073185635,0,0,0,0,0.000,4,35048,20.000,0,0,0.000,0,0,0.000,6.476
decode,real,2678,3635841680073185635,0,0,0,0,0.000,4,35052,20.000,0,0,0.000,0,0,0.000,6.493
decode,real,2679,3635841680073185635,0,0,0,0,0.000,4,35056,20.000,0,0,0.000,0,0,0.000,6.491
decode,real,2680,3635841680073185635,0,0,0,0,0.000,4,35060,20.000,0,0,0.000,0,0,0.000,6.480
decode,real,2681,3635841680073185635,0,0,0,0,0.000,4,35064,20.000,0,0,0.000,0,0,0.000,6.465
decode,real,2682,3635841680073185635,0,0,0,0,0.000,4,35068,20.000,0,0,0.000,0,0,0.000,6.489
decode,real,2683,3635841680073185635,0,0,0,0,0.000,4,35072,20.000,0,0,0.000,0,0,0.000,6.500
decode,real,2684,3635841680073185635,0,0,0,0,0.000,4,35076,20.000,0,0,0.000,0,0,0.000,6.459
decode,real,2685,3635841680073185635,0,0,0,0,0.000,4,35080,20.000,0,0,0.000,0,0,0.000,6.495
decode,real,2686,3635841680073185635,0,0,0,0,0.000,4,35084,20.000,0,0,0.000,0,0,0.000,6.457
decode,real,2687,3635841680073185635,0,0,0,0,0.000,4,35088,20.000,0,0,0.000,0,0,0.000,6.517
decode,real,2688,3635841680073185635,0,0,0,0,0.000,4,35092,20.000,0,0,0.000,0,0,0.000,6.458
decode,real,2689,3635841680073185635,0,0,0,0,0.000,4,35096,20.000,0,0,0.000,0,0,0.000,6.493
decode,real,2690,3635841680073185635,0,0,0,0,0.000,4,35100,20.000,0,0,0.000,0,0,0.000,6.466
decode,real,2691,3635841680073185635,0,0,0,0,0.000,4,35104,20.000,0,0,0.000,0,0,0.000,6.505
decode,real,2692,3635841680073185635,0,0,0,0,0.000,4,35108,20.000,0,0,0.000,0,0,0.000,6.467
decode,real,2693,3635841680073185635,0,0,0,0,0.000,4,35112,20.000,0,0,0.000,0,0,0.000,6.503
decode,real,2694,3635841680073185635,0,0,0,0,0.000,4,35116,20.000,0,0,0.000,0,0,0.000,6.465
decode,real,2695,3635841680073185635,0,0,0,0,0.000,4,35120,20.000,0,0,0.000,0,0,0.000,6.486
decode,real,2696,3635841680073185635,0,0,0,0,0.000,4,35124,20.000,0,0,0.000,0,0,0.000,6.486
decode,real,2697,3635841680073185635,0,0,0,0,0.000,4,35128,20.000,0,0,0.000,0,0,0.000,6.491
decode,real,2698,3635841680073185635,0,0,0,0,0.000,4,35132,20.000,0,0,0.000,0,0,0.000,6.473
decode,real,2699,3635841680073185635,0,0,0,0,0.000,4,35136,20.000,0,0,0.000,0,0,0.000,6.528
decode,real,2700,3635841680073185635,0,0,0,0,0.000,4,35140,20.000,0,0,0.000,0,0,0.000,6.443
decode,real,2701,3635841680073185635,0,0,0,0,0.000,4,35144,20.000,0,0,0.000,0,0,0.000,6.484
decode,real,2702,3635841680073185635,0,0,0,0,0.000,4,35148,20.000,0,0,0.000,0,0,0.000,6.487
decode,real,2703,3635841680073185635,0,0,0,0,0.000,4,35152,20.000,0,0,0.000,0,0,0.000,6.481
decode,real,2704,3635841680073185635,0,0,0,0,0.000,4,35156,20.000,0,0,0.000,0,0,0.000,6.472
decode,real,2705,3635841680073185635,0,0,0,0,0.000,4,35160,20.000,0,0,0.000,0,0,0.000,6.490
decode,real,2706,3635841680073185635,0,0,0,0,0.000,4,35164,20.000,0,0,0.000,0,0,0.000,6.501
decode,real,2707,3635841680073185635,0,0,0,0,0.000,4,35168,20.000,0,0,0.000,0,0,0.000,6.478
decode,real,2708,3635841680073185635,0,0,0,0,0.000,4,35172,20.000,0,0,0.000,0,0,0.000,6.465
decode,real,2709,3635841680073185635,0,0,0,0,0.000,4,35176,20.000,0,0,0.000,0,0,0.000,6.486
decode,real,2710,3635841680073185635,0,0,0,0,0.000,4,35180,20.000,0,0,0.000,0,0,0.000,6.486
decode,real,2711,3635841680073185635,0,0,0,0,0.000,4,35184,20.000,0,0,0.000,0,0,0.000,6.485
decode,real,2712,3635841680073185635,0,0,0,0,0.000,4,35188,20.000,0,0,0.000,0,0,0.000,6.485
decode,real,2713,3635841680073185635,0,0,0,0,0.000,4,35192,20.000,0,0,0.000,0,0,0.000,6.578
decode,real,2714,3635841680073185635,0,0,0,0,0.000,4,35196,20.000,0,0,0.000,0,0,0.000,6.358
decode,real,2715,3635841680073185635,0,0,0,0,0.000,4,35200,20.000,0,0,0.000,0,0,0.000,6.485
decode,real,2716,3635841680073185635,0,0,0,0,0.000,4,35204,20.000,0,0,0.000,0,0,0.000,6.492
decode,real,2717,3635841680073185635,0,0,0,0,0.000,4,35208,20.000,0,0,0.000,0,0,0.000,6.571
decode,real,2718,3635841680073185635,0,0,0,0,0.000,4,35212,20.000,0,0,0.000,0,0,0.000,6.409
decode,real,2719,3635841680073185635,0,0,0,0,0.000,4,35216,20.000,0,0,0.000,0,0,0.000,6.483
decode,real,2720,3635841680073185635,0,0,0,0,0.000,4,35220,20.000,0,0,0.000,0,0,0.000,6.466
decode,real,2721,3635841680073185635,0,0,0,0,0.000,4,35224,20.000,0,0,0.000,0,0,0.000,6.472
decode,real,2722,3635841680073185635,0,0,0,0,0.000,4,35228,20.000,0,0,0.000,0,0,0.000,6.472
decode,real,2723,3635841680073185635,0,0,0,0,0.000,4,35232,20.000,0,0,0.000,0,0,0.000,6.511
decode,real,2724,3635841680073185635,0,0,0,0,0.000,4,35236,20.000,0,0,0.000,0,0,0.000,6.466
decode,real,2725,3635841680073185635,0,0,0,0,0.000,4,35240,20.000,0,0,0.000,0,0,0.000,6.471
decode,real,2726,3635841680073185635,0,0,0,0,0.000,4,35244,20.000,0,0,0.000,0,0,0.000,6.492
decode,real,2727,3635841680073185635,0,0,0,0,0.000,4,35248,20.000,0,0,0.000,0,0,0.000,6.478
decode,real,2728,3635841680073185635,0,0,0,0,0.000,4,35252,20.000,0,0,0.000,0,0,0.000,6.478
decode,real,2729,3635841680073185635,0,0,0,0,0.000,4,35256,20.000,0,0,0.000,0,0,0.000,6.505
decode,real,2730,3635841680073185635,0,0,0,0,0.000,4,35260,20.000,0,0,0.000,0,0,0.000,6.476
decode,real,2731,3635841680073185635,0,0,0,0,0.000,4,35264,20.000,0,0,0.000,0,0,0.000,6.482
decode,real,2732,3635841680073185635,0,0,0,0,0.000,4,35268,20.000,0,0,0.000,0,0,0.000,6.512
decode,real,2733,3635841680073185635,0,0,0,0,0.000,4,35272,20.000,0,0,0.000,0,0,0.000,6.473
decode,real,2734,3635841680073185635,0,0,0,0,0.000,4,35276,20.000,0,0,0.000,0,0,0.000,6.512
decode,real,2735,3635841680073185635,0,0,0,0,0.000,4,35280,20.000,0,0,0.000,0,0,0.000,6.473
decode,real,2736,3635841680073185635,0,0,0,0,0.000,4,35284,20.000,0,0,0.000,0,0,0.000,6.476
decode,real,2737,3635841680073185635,0,0,0,0,0.000,4,35288,20.000,0,0,0.000,0,0,0.000,6.485
decode,real,2738,3635841680073185635,0,0,0,0,0.000,4,35292,20.000,0,0,0.000,0,0,0.000,6.509
decode,real,2739,3635841680073185635,0,0,0,0,0.000,4,35296,20.000,0,0,0.000,0,0,0.000,6.478
decode,real,2740,3635841680073185635,0,0,0,0,0.000,4,35300,20.000,0,0,0.000,0,0,0.000,6.502
decode,real,2741,3635841680073185635,0,0,0,0,0.000,4,35304,20.000,0,0,0.000,0,0,0.000,6.490
decode,real,2742,3635841680073185635,0,0,0,0,0.000,4,35308,20.000,0,0,0.000,0,0,0.000,6.484
decode,real,2743,3635841680073185635,0,0,0,0,0.000,4,35312,20.000,0,0,0.000,0,0,0.000,6.509
decode,real,2744,3635841680073185635,0,0,0,0,0.000,4,35316,20.000,0,0,0.000,0,0,0.000,6.501
decode,real,2745,3635841680073185635,0,0,0,0,0.000,4,35320,20.000,0,0,0.000,0,0,0.000,6.488
decode,real,2746,3635841680073185635,0,0,0,0,0.000,4,35324,20.000,0,0,0.000,0,0,0.000,6.496
decode,real,2747,3635841680073185635,0,0,0,0,0.000,4,35328,20.000,0,0,0.000,0,0,0.000,6.506
decode,real,2748,3635841680073185635,0,0,0,0,0.000,4,35332,20.000,0,0,0.000,0,0,0.000,6.484
decode,real,2749,3635841680073185635,0,0,0,0,0.000,4,35336,20.000,0,0,0.000,0,0,0.000,6.512
decode,real,2750,3635841680073185635,0,0,0,0,0.000,4,35340,20.000,0,0,0.000,0,0,0.000,6.494
decode,real,2751,3635841680073185635,0,0,0,0,0.000,4,35344,20.000,0,0,0.000,0,0,0.000,6.506
decode,real,2752,3635841680073185635,0,0,0,0,0.000,4,35348,20.000,0,0,0.000,0,0,0.000,6.508
decode,real,2753,3635841680073185635,0,0,0,0,0.000,4,35352,20.000,0,0,0.000,0,0,0.000,6.472
decode,real,2754,3635841680073185635,0,0,0,0,0.000,4,35356,20.000,0,0,0.000,0,0,0.000,6.494
decode,real,2755,3635841680073185635,0,0,0,0,0.000,4,35360,20.000,0,0,0.000,0,0,0.000,6.519
decode,real,2756,3635841680073185635,0,0,0,0,0.000,4,35364,20.000,0,0,0.000,0,0,0.000,6.472
decode,real,2757,3635841680073185635,0,0,0,0,0.000,4,35368,20.000,0,0,0.000,0,0,0.000,6.490
decode,real,2758,3635841680073185635,0,0,0,0,0.000,4,35372,20.000,0,0,0.000,0,0,0.000,6.490
decode,real,2759,3635841680073185635,0,0,0,0,0.000,4,35376,20.000,0,0,0.000,0,0,0.000,6.506
decode,real,2760,3635841680073185635,0,0,0,0,0.000,4,35380,20.000,0,0,0.000,0,0,0.000,6.500
decode,real,2761,3635841680073185635,0,0,0,0,0.000,4,35384,20.000,0,0,0.000,0,0,0.000,6.481
decode,real,2762,3635841680073185635,0,0,0,0,0.000,4,35388,20.000,0,0,0.000,0,0,0.000,6.492
decode,real,2763,3635841680073185635,0,0,0,0,0.000,4,35392,20.000,0,0,0.000,0,0,0.000,6.507
decode,real,2764,3635841680073185635,0,0,0,0,0.000,4,35396,20.000,0,0,0.000,0,0,0.000,6.478
decode,real,2765,3635841680073185635,0,0,0,0,0.000,4,35400,20.000,0,0,0.000,0,0,0.000,6.495
decode,real,2766,3635841680073185635,0,0,0,0,0.000,4,35404,20.000,0,0,0.000,0,0,0.000,6.494
decode,real,2767,3635841680073185635,0,0,0,0,0.000,4,35408,20.000,0,0,0.000,0,0,0.000,6.509
decode,real,2768,3635841680073185635,0,0,0,0,0.000,4,35412,20.000,0,0,0.000,0,0,0.000,6.497
decode,real,2769,3635841680073185635,0,0,0,0,0.000,4,35416,20.000,0,0,0.000,0,0,0.000,6.473
decode,real,2770,3635841680073185635,0,0,0,0,0.000,4,35420,20.000,0,0,0.000,0,0,0.000,6.497
decode,real,2771,3635841680073185635,0,0,0,0,0.000,4,35424,20.000,0,0,0.000,0,0,0.000,6.502
decode,real,2772,3635841680073185635,0,0,0,0,0.000,4,35428,20.000,0,0,0.000,0,0,0.000,6.482
decode,real,2773,3635841680073185635,0,0,0,0,0.000,4,35432,20.000,0,0,0.000,0,0,0.000,6.476
decode,real,2774,3635841680073185635,0,0,0,0,0.000,4,35436,20.000,0,0,0.000,0,0,0.000,6.492
decode,real,2775,3635841680073185635,0,0,0,0,0.000,4,35440,20.000,0,0,0.000,0,0,0.000,6.525
decode,real,2776,3635841680073185635,0,0,0,0,0.000,4,35444,20.000,0,0,0.000,0,0,0.000,6.441
decode,real,2777,3635841680073185635,0,0,0,0,0.000,4,35448,20.000,0,0,0.000,0,0,0.000,6.522
decode,real,2778,3635841680073185635,0,0,0,0,0.000,4,35452,20.000,0,0,0.000,0,0,0.000,6.468
decode,real,2779,3635841680073185635,0,0,0,0,0.000,4,35456,20.000,0,0,0.000,0,0,0.000,6.513
decode,real,2780,3635841680073185635,0,0,0,0,0.000,4,35460,20.000,0,0,0.000,0,0,0.000,6.488
decode,real,2781,3635841680073185635,0,0,0,0,0.000,4,35464,20.000,0,0,0.000,0,0,0.000,6.483
decode,real,2782,3635841680073185635,0,0,0,0,0.000,4,35468,20.000,0,0,0.000,0,0,0.000,6.475
decode,real,2783,3635841680073185635,0,0,0,0,0.000,4,35472,20.000,0,0,0.000,0,0,0.000,6.501
decode,real,2784,3635841680073185635,0,0,0,0,0.000,4,35476,20.000,0,0,0.000,0,0,0.000,6.511
decode,real,2785,3635841680073185635,0,0,0,0,0.000,4,35480,20.000,0,0,0.000,0,0,0.000,6.463
decode,real,2786,3635841680073185635,0,0,0,0,0.000,4,35484,20.000,0,0,0.000,0,0,0.000,6.498
decode,real,2787,3635841680073185635,0,0,0,0,0.000,4,35488,20.000,0,0,0.000,0,0,0.000,6.496
decode,real,2788,3635841680073185635,0,0,0,0,0.000,4,35492,20.000,0,0,0.000,0,0,0.000,6.468
decode,real,2789,3635841680073185635,0,0,0,0,0.000,4,35496,20.000,0,0,0.000,0,0,0.000,6.487
decode,real,2790,3635841680073185635,0,0,0,0,0.000,4,35500,20.000,0,0,0.000,0,0,0.000,6.494
decode,real,2791,3635841680073185635,0,0,0,0,0.000,4,35504,20.000,0,0,0.000,0,0,0.000,6.492
decode,real,2792,3635841680073185635,0,0,0,0,0.000,4,35508,20.000,0,0,0.000,0,0,0.000,6.488
decode,real,2793,3635841680073185635,0,0,0,0,0.000,4,35512,20.000,0,0,0.000,0,0,0.000,6.497
decode,real,2794,3635841680073185635,0,0,0,0,0.000,4,35516,20.000,0,0,0.000,0,0,0.000,6.480
decode,real,2795,3635841680073185635,0,0,0,0,0.000,4,35520,20.000,0,0,0.000,0,0,0.000,6.519
decode,real,2796,3635841680073185635,0,0,0,0,0.000,4,35524,20.000,0,0,0.000,0,0,0.000,6.462
decode,real,2797,3635841680073185635,0,0,0,0,0.000,4,35528,20.000,0,0,0.000,0,0,0.000,6.505
decode,real,2798,3635841680073185635,0,0,0,0,0.000,4,35532,20.000,0,0,0.000,0,0,0.000,6.498
decode,real,2799,3635841680073185635,0,0,0,0,0.000,4,35536,20.000,0,0,0.000,0,0,0.000,6.495
decode,real,2800,3635841680073185635,0,0,0,0,0.000,4,35540,20.000,0,0,0.000,0,0,0.000,6.496
decode,real,2801,3635841680073185635,0,0,0,0,0.000,4,35544,20.000,0,0,0.000,0,0,0.000,6.482
decode,real,2802,3635841680073185635,0,0,0,0,0.000,4,35548,20.000,0,0,0.000,0,0,0.000,6.500
decode,real,2803,3635841680073185635,0,0,0,0,0.000,4,35552,20.000,0,0,0.000,0,0,0.000,6.493
decode,real,2804,3635841680073185635,0,0,0,0,0.000,4,35556,20.000,0,0,0.000,0,0,0.000,6.512
decode,real,2805,3635841680073185635,0,0,0,0,0.000,4,35560,20.000,0,0,0.000,0,0,0.000,6.470
decode,real,2806,3635841680073185635,0,0,0,0,0.000,4,35564,20.000,0,0,0.000,0,0,0.000,6.490
decode,real,2807,3635841680073185635,0,0,0,0,0.000,4,35568,20.000,0,0,0.000,0,0,0.000,6.517
decode,real,2808,3635841680073185635,0,0,0,0,0.000,4,35572,20.000,0,0,0.000,0,0,0.000,6.491
decode,real,2809,3635841680073185635,0,0,0,0,0.000,4,35576,20.000,0,0,0.000,0,0,0.000,6.488
decode,real,2810,3635841680073185635,0,0,0,0,0.000,4,35580,20.000,0,0,0.000,0,0,0.000,6.483
decode,real,2811,3635841680073185635,0,0,0,0,0.000,4,35584,20.000,0,0,0.000,0,0,0.000,6.527
decode,real,2812,3635841680073185635,0,0,0,0,0.000,4,35588,20.000,0,0,0.000,0,0,0.000,6.492
decode,real,2813,3635841680073185635,0,0,0,0,0.000,4,35592,20.000,0,0,0.000,0,0,0.000,6.481
decode,real,2814,3635841680073185635,0,0,0,0,0.000,4,35596,20.000,0,0,0.000,0,0,0.000,6.497
decode,real,2815,3635841680073185635,0,0,0,0,0.000,4,35600,20.000,0,0,0.000,0,0,0.000,6.506
decode,real,2816,3635841680073185635,0,0,0,0,0.000,4,35604,20.000,0,0,0.000,0,0,0.000,6.481
decode,real,2817,3635841680073185635,0,0,0,0,0.000,4,35608,20.000,0,0,0.000,0,0,0.000,6.503
decode,real,2818,3635841680073185635,0,0,0,0,0.000,4,35612,20.000,0,0,0.000,0,0,0.000,6.489
decode,real,2819,3635841680073185635,0,0,0,0,0.000,4,35616,20.000,0,0,0.000,0,0,0.000,6.500
decode,real,2820,3635841680073185635,0,0,0,0,0.000,4,35620,20.000,0,0,0.000,0,0,0.000,6.528
decode,real,2821,3635841680073185635,0,0,0,0,0.000,4,35624,20.000,0,0,0.000,0,0,0.000,6.450
decode,real,2822,3635841680073185635,0,0,0,0,0.000,4,35628,20.000,0,0,0.000,0,0,0.000,6.496
decode,real,2823,3635841680073185635,0,0,0,0,0.000,4,35632,20.000,0,0,0.000,0,0,0.000,6.509
decode,real,2824,3635841680073185635,0,0,0,0,0.000,4,35636,20.000,0,0,0.000,0,0,0.000,6.486
decode,real,2825,3635841680073185635,0,0,0,0,0.000,4,35640,20.000,0,0,0.000,0,0,0.000,6.488
decode,real,2826,3635841680073185635,0,0,0,0,0.000,4,35644,20.000,0,0,0.000,0,0,0.000,6.485
decode,real,2827,3635841680073185635,0,0,0,0,0.000,4,35648,20.000,0,0,0.000,0,0,0.000,6.518
decode,real,2828,3635841680073185635,0,0,0,0,0.000,4,35652,20.000,0,0,0.000,0,0,0.000,6.492
decode,real,2829,3635841680073185635,0,0,0,0,0.000,4,35656,20.000,0,0,0.000,0,0,0.000,6.496
decode,real,2830,3635841680073185635,0,0,0,0,0.000,4,35660,20.000,0,0,0.000,0,0,0.000,6.482
decode,real,2831,3635841680073185635,0,0,0,0,0.000,4,35664,20.000,0,0,0.000,0,0,0.000,6.523
decode,real,2832,3635841680073185635,0,0,0,0,0.000,4,35668,20.000,0,0,0.000,0,0,0.000,6.461
decode,real,2833,3635841680073185635,0,0,0,0,0.000,4,35672,20.000,0,0,0.000,0,0,0.000,6.494
decode,real,2834,3635841680073185635,0,0,0,0,0.000,4,35676,20.000,0,0,0.000,0,0,0.000,6.490
decode,real,2835,3635841680073185635,0,0,0,0,0.000,4,35680,20.000,0,0,0.000,0,0,0.000,6.513
decode,real,2836,3635841680073185635,0,0,0,0,0.000,4,35684,20.000,0,0,0.000,0,0,0.000,6.489
decode,real,2837,3635841680073185635,0,0,0,0,0.000,4,35688,20.000,0,0,0.000,0,0,0.000,6.504
decode,real,2838,3635841680073185635,0,0,0,0,0.000,4,35692,20.000,0,0,0.000,0,0,0.000,6.492
decode,real,2839,3635841680073185635,0,0,0,0,0.000,4,35696,20.000,0,0,0.000,0,0,0.000,6.489
decode,real,2840,3635841680073185635,0,0,0,0,0.000,4,35700,20.000,0,0,0.000,0,0,0.000,6.472
decode,real,2841,3635841680073185635,0,0,0,0,0.000,4,35704,20.000,0,0,0.000,0,0,0.000,6.487
decode,real,2842,3635841680073185635,0,0,0,0,0.000,4,35708,20.000,0,0,0.000,0,0,0.000,6.486
decode,real,2843,3635841680073185635,0,0,0,0,0.000,4,35712,20.000,0,0,0.000,0,0,0.000,6.503
decode,real,2844,3635841680073185635,0,0,0,0,0.000,4,35716,20.000,0,0,0.000,0,0,0.000,6.480
decode,real,2845,3635841680073185635,0,0,0,0,0.000,4,35720,20.000,0,0,0.000,0,0,0.000,6.498
decode,real,2846,3635841680073185635,0,0,0,0,0.000,4,35724,20.000,0,0,0.000,0,0,0.000,6.509
decode,real,2847,3635841680073185635,0,0,0,0,0.000,4,35728,20.000,0,0,0.000,0,0,0.000,6.487
decode,real,2848,3635841680073185635,0,0,0,0,0.000,4,35732,20.000,0,0,0.000,0,0,0.000,6.495
decode,real,2849,3635841680073185635,0,0,0,0,0.000,4,35736,20.000,0,0,0.000,0,0,0.000,6.477
decode,real,2850,3635841680073185635,0,0,0,0,0.000,4,35740,20.000,0,0,0.000,0,0,0.000,6.488
decode,real,2851,3635841680073185635,0,0,0,0,0.000,4,35744,20.000,0,0,0.000,0,0,0.000,6.503
decode,real,2852,3635841680073185635,0,0,0,0,0.000,4,35748,20.000,0,0,0.000,0,0,0.000,6.604
decode,real,2853,3635841680073185635,0,0,0,0,0.000,4,35752,20.000,0,0,0.000,0,0,0.000,6.375
decode,real,2854,3635841680073185635,0,0,0,0,0.000,4,35756,20.000,0,0,0.000,0,0,0.000,6.509
decode,real,2855,3635841680073185635,0,0,0,0,0.000,4,35760,20.000,0,0,0.000,0,0,0.000,6.507
decode,real,2856,3635841680073185635,0,0,0,0,0.000,4,35764,20.000,0,0,0.000,0,0,0.000,6.446
decode,real,2857,3635841680073185635,0,0,0,0,0.000,4,35768,20.000,0,0,0.000,0,0,0.000,6.521
decode,real,2858,3635841680073185635,0,0,0,0,0.000,4,35772,20.000,0,0,0.000,0,0,0.000,6.486
decode,real,2859,3635841680073185635,0,0,0,0,0.000,4,35776,20.000,0,0,0.000,0,0,0.000,6.500
decode,real,2860,3635841680073185635,0,0,0,0,0.000,4,35780,20.000,0,0,0.000,0,0,0.000,6.508
decode,real,2861,3635841680073185635,0,0,0,0,0.000,4,35784,20.000,0,0,0.000,0,0,0.000,6.469
decode,real,2862,3635841680073185635,0,0,0,0,0.000,4,35788,20.000,0,0,0.000,0,0,0.000,6.508
decode,real,2863,3635841680073185635,0,0,0,0,0.000,4,35792,20.000,0,0,0.000,0,0,0.000,6.509
decode,real,2864,3635841680073185635,0,0,0,0,0.000,4,35796,20.000,0,0,0.000,0,0,0.000,6.512
decode,real,2865,3635841680073185635,0,0,0,0,0.000,4,35800,20.000,0,0,0.000,0,0,0.000,6.480
decode,real,2866,3635841680073185635,0,0,0,0,0.000,4,35804,20.000,0,0,0.000,0,0,0.000,6.481
decode,real,2867,3635841680073185635,0,0,0,0,0.000,4,35808,20.000,0,0,0.000,0,0,0.000,6.529
decode,real,2868,3635841680073185635,0,0,0,0,0.000,4,35812,20.000,0,0,0.000,0,0,0.000,6.495
decode,real,2869,3635841680073185635,0,0,0,0,0.000,4,35816,20.000,0,0,0.000,0,0,0.000,6.475
decode,real,2870,3635841680073185635,0,0,0,0,0.000,4,35820,20.000,0,0,0.000,0,0,0.000,6.516
decode,real,2871,3635841680073185635,0,0,0,0,0.000,4,35824,20.000,0,0,0.000,0,0,0.000,6.484
decode,real,2872,3635841680073185635,0,0,0,0,0.000,4,35828,20.000,0,0,0.000,0,0,0.000,6.488
decode,real,2873,3635841680073185635,0,0,0,0,0.000,4,35832,20.000,0,0,0.000,0,0,0.000,6.492
decode,real,2874,3635841680073185635,0,0,0,0,0.000,4,35836,20.000,0,0,0.000,0,0,0.000,6.488
decode,real,2875,3635841680073185635,0,0,0,0,0.000,4,35840,20.000,0,0,0.000,0,0,0.000,6.526
decode,real,2876,3635841680073185635,0,0,0,0,0.000,4,35844,20.000,0,0,0.000,0,0,0.000,6.467
decode,real,2877,3635841680073185635,0,0,0,0,0.000,4,35848,20.000,0,0,0.000,0,0,0.000,6.500
decode,real,2878,3635841680073185635,0,0,0,0,0.000,4,35852,20.000,0,0,0.000,0,0,0.000,6.481
decode,real,2879,3635841680073185635,0,0,0,0,0.000,4,35856,20.000,0,0,0.000,0,0,0.000,6.519
decode,real,2880,3635841680073185635,0,0,0,0,0.000,4,35860,20.000,0,0,0.000,0,0,0.000,6.485
decode,real,2881,3635841680073185635,0,0,0,0,0.000,4,35864,20.000,0,0,0.000,0,0,0.000,6.501
decode,real,2882,3635841680073185635,0,0,0,0,0.000,4,35868,20.000,0,0,0.000,0,0,0.000,6.493
decode,real,2883,3635841680073185635,0,0,0,0,0.000,4,35872,20.000,0,0,0.000,0,0,0.000,6.530
decode,real,2884,3635841680073185635,0,0,0,0,0.000,4,35876,20.000,0,0,0.000,0,0,0.000,6.475
decode,real,2885,3635841680073185635,0,0,0,0,0.000,4,35880,20.000,0,0,0.000,0,0,0.000,6.485
decode,real,2886,3635841680073185635,0,0,0,0,0.000,4,35884,20.000,0,0,0.000,0,0,0.000,6.508
decode,real,2887,3635841680073185635,0,0,0,0,0.000,4,35888,20.000,0,0,0.000,0,0,0.000,6.504
decode,real,2888,3635841680073185635,0,0,0,0,0.000,4,35892,20.000,0,0,0.000,0,0,0.000,6.481
decode,real,2889,3635841680073185635,0,0,0,0,0.000,4,35896,20.000,0,0,0.000,0,0,0.000,6.506
decode,real,2890,3635841680073185635,0,0,0,0,0.000,4,35900,20.000,0,0,0.000,0,0,0.000,6.484
decode,real,2891,3635841680073185635,0,0,0,0,0.000,4,35904,20.000,0,0,0.000,0,0,0.000,6.516
decode,real,2892,3635841680073185635,0,0,0,0,0.000,4,35908,20.000,0,0,0.000,0,0,0.000,6.504
decode,real,2893,3635841680073185635,0,0,0,0,0.000,4,35912,20.000,0,0,0.000,0,0,0.000,6.484
decode,real,2894,3635841680073185635,0,0,0,0,0.000,4,35916,20.000,0,0,0.000,0,0,0.000,6.511
decode,real,2895,3635841680073185635,0,0,0,0,0.000,4,35920,20.000,0,0,0.000,0,0,0.000,6.500
decode,real,2896,3635841680073185635,0,0,0,0,0.000,4,35924,20.000,0,0,0.000,0,0,0.000,6.472
decode,real,2897,3635841680073185635,0,0,0,0,0.000,4,35928,20.000,0,0,0.000,0,0,0.000,6.506
decode,real,2898,3635841680073185635,0,0,0,0,0.000,4,35932,20.000,0,0,0.000,0,0,0.000,6.512
decode,real,2899,3635841680073185635,0,0,0,0,0.000,4,35936,20.000,0,0,0.000,0,0,0.000,6.509
decode,real,2900,3635841680073185635,0,0,0,0,0.000,4,35940,20.000,0,0,0.000,0,0,0.000,6.492
decode,real,2901,3635841680073185635,0,0,0,0,0.000,4,35944,20.000,0,0,0.000,0,0,0.000,6.500
decode,real,2902,3635841680073185635,0,0,0,0,0.000,4,35948,20.000,0,0,0.000,0,0,0.000,6.508
decode,real,2903,3635841680073185635,0,0,0,0,0.000,4,35952,20.000,0,0,0.000,0,0,0.000,6.504
decode,real,2904,3635841680073185635,0,0,0,0,0.000,4,35956,20.000,0,0,0.000,0,0,0.000,6.491
decode,real,2905,3635841680073185635,0,0,0,0,0.000,4,35960,20.000,0,0,0.000,0,0,0.000,6.488
decode,real,2906,3635841680073185635,0,0,0,0,0.000,4,35964,20.000,0,0,0.000,0,0,0.000,6.496
decode,real,2907,3635841680073185635,0,0,0,0,0.000,4,35968,20.000,0,0,0.000,0,0,0.000,6.510
decode,real,2908,3635841680073185635,0,0,0,0,0.000,4,35972,20.000,0,0,0.000,0,0,0.000,6.492
decode,real,2909,3635841680073185635,0,0,0,0,0.000,4,35976,20.000,0,0,0.000,0,0,0.000,6.523
decode,real,2910,3635841680073185635,0,0,0,0,0.000,4,35980,20.000,0,0,0.000,0,0,0.000,6.474
decode,real,2911,3635841680073185635,0,0,0,0,0.000,4,35984,20.000,0,0,0.000,0,0,0.000,6.508
decode,real,2912,3635841680073185635,0,0,0,0,0.000,4,35988,20.000,0,0,0.000,0,0,0.000,6.483
decode,real,2913,3635841680073185635,0,0,0,0,0.000,4,35992,20.000,0,0,0.000,0,0,0.000,6.528
decode,real,2914,3635841680073185635,0,0,0,0,0.000,4,35996,20.000,0,0,0.000,0,0,0.000,6.491
decode,real,2915,3635841680073185635,0,0,0,0,0.000,4,36000,20.000,0,0,0.000,0,0,0.000,6.518
decode,real,2916,3635841680073185635,0,0,0,0,0.000,4,36004,20.000,0,0,0.000,0,0,0.000,6.481
decode,real,2917,3635841680073185635,0,0,0,0,0.000,4,36008,20.000,0,0,0.000,0,0,0.000,6.497
decode,real,2918,3635841680073185635,0,0,0,0,0.000,4,36012,20.000,0,0,0.000,0,0,0.000,6.515
decode,real,2919,3635841680073185635,0,0,0,0,0.000,4,36016,20.000,0,0,0.000,0,0,0.000,6.498
decode,real,2920,3635841680073185635,0,0,0,0,0.000,4,36020,20.000,0,0,0.000,0,0,0.000,6.490
decode,real,2921,3635841680073185635,0,0,0,0,0.000,4,36024,20.000,0,0,0.000,0,0,0.000,6.499
decode,real,2922,3635841680073185635,0,0,0,0,0.000,4,36028,20.000,0,0,0.000,0,0,0.000,6.518
decode,real,2923,3635841680073185635,0,0,0,0,0.000,4,36032,20.000,0,0,0.000,0,0,0.000,6.485
decode,real,2924,3635841680073185635,0,0,0,0,0.000,4,36036,20.000,0,0,0.000,0,0,0.000,6.527
decode,real,2925,3635841680073185635,0,0,0,0,0.000,4,36040,20.000,0,0,0.000,0,0,0.000,6.476
decode,real,2926,3635841680073185635,0,0,0,0,0.000,4,36044,20.000,0,0,0.000,0,0,0.000,6.494
decode,real,2927,3635841680073185635,0,0,0,0,0.000,4,36048,20.000,0,0,0.000,0,0,0.000,6.503
decode,real,2928,3635841680073185635,0,0,0,0,0.000,4,36052,20.000,0,0,0.000,0,0,0.000,6.500
decode,real,2929,3635841680073185635,0,0,0,0,0.000,4,36056,20.000,0,0,0.000,0,0,0.000,6.485
decode,real,2930,3635841680073185635,0,0,0,0,0.000,4,36060,20.000,0,0,0.000,0,0,0.000,6.492
decode,real,2931,3635841680073185635,0,0,0,0,0.000,4,36064,20.000,0,0,0.000,0,0,0.000,6.494
decode,real,2932,3635841680073185635,0,0,0,0,0.000,4,36068,20.000,0,0,0.000,0,0,0.000,6.496
decode,real,2933,3635841680073185635,0,0,0,0,0.000,4,36072,20.000,0,0,0.000,0,0,0.000,6.511
decode,real,2934,3635841680073185635,0,0,0,0,0.000,4,36076,20.000,0,0,0.000,0,0,0.000,6.498
decode,real,2935,3635841680073185635,0,0,0,0,0.000,4,36080,20.000,0,0,0.000,0,0,0.000,6.500
decode,real,2936,3635841680073185635,0,0,0,0,0.000,4,36084,20.000,0,0,0.000,0,0,0.000,6.518
decode,real,2937,3635841680073185635,0,0,0,0,0.000,4,36088,20.000,0,0,0.000,0,0,0.000,6.470
decode,real,2938,3635841680073185635,0,0,0,0,0.000,4,36092,20.000,0,0,0.000,0,0,0.000,6.503
decode,real,2939,3635841680073185635,0,0,0,0,0.000,4,36096,20.000,0,0,0.000,0,0,0.000,6.508
decode,real,2940,3635841680073185635,0,0,0,0,0.000,4,36100,20.000,0,0,0.000,0,0,0.000,6.485
decode,real,2941,3635841680073185635,0,0,0,0,0.000,4,36104,20.000,0,0,0.000,0,0,0.000,6.501
decode,real,2942,3635841680073185635,0,0,0,0,0.000,4,36108,20.000,0,0,0.000,0,0,0.000,6.500
decode,real,2943,3635841680073185635,0,0,0,0,0.000,4,36112,20.000,0,0,0.000,0,0,0.000,6.519
decode,real,2944,3635841680073185635,0,0,0,0,0.000,4,36116,20.000,0,0,0.000,0,0,0.000,6.475
decode,real,2945,3635841680073185635,0,0,0,0,0.000,4,36120,20.000,0,0,0.000,0,0,0.000,6.498
decode,real,2946,3635841680073185635,0,0,0,0,0.000,4,36124,20.000,0,0,0.000,0,0,0.000,6.503
decode,real,2947,3635841680073185635,0,0,0,0,0.000,4,36128,20.000,0,0,0.000,0,0,0.000,6.508
decode,real,2948,3635841680073185635,0,0,0,0,0.000,4,36132,20.000,0,0,0.000,0,0,0.000,6.510
decode,real,2949,3635841680073185635,0,0,0,0,0.000,4,36136,20.000,0,0,0.000,0,0,0.000,6.462
decode,real,2950,3635841680073185635,0,0,0,0,0.000,4,36140,20.000,0,0,0.000,0,0,0.000,6.501
decode,real,2951,3635841680073185635,0,0,0,0,0.000,4,36144,20.000,0,0,0.000,0,0,0.000,6.534
decode,real,2952,3635841680073185635,0,0,0,0,0.000,4,36148,20.000,0,0,0.000,0,0,0.000,6.463
decode,real,2953,3635841680073185635,0,0,0,0,0.000,4,36152,20.000,0,0,0.000,0,0,0.000,6.519
decode,real,2954,3635841680073185635,0,0,0,0,0.000,4,36156,20.000,0,0,0.000,0,0,0.000,6.520
decode,real,2955,3635841680073185635,0,0,0,0,0.000,4,36160,20.000,0,0,0.000,0,0,0.000,6.469
decode,real,2956,3635841680073185635,0,0,0,0,0.000,4,36164,20.000,0,0,0.000,0,0,0.000,6.511
decode,real,2957,3635841680073185635,0,0,0,0,0.000,4,36168,20.000,0,0,0.000,0,0,0.000,6.503
decode,real,2958,3635841680073185635,0,0,0,0,0.000,4,36172,20.000,0,0,0.000,0,0,0.000,6.494
decode,real,2959,3635841680073185635,0,0,0,0,0.000,4,36176,20.000,0,0,0.000,0,0,0.000,6.509
decode,real,2960,3635841680073185635,0,0,0,0,0.000,4,36180,20.000,0,0,0.000,0,0,0.000,6.498
decode,real,2961,3635841680073185635,0,0,0,0,0.000,4,36184,20.000,0,0,0.000,0,0,0.000,6.487
decode,real,2962,3635841680073185635,0,0,0,0,0.000,4,36188,20.000,0,0,0.000,0,0,0.000,6.507
decode,real,2963,3635841680073185635,0,0,0,0,0.000,4,36192,20.000,0,0,0.000,0,0,0.000,6.524
decode,real,2964,3635841680073185635,0,0,0,0,0.000,4,36196,20.000,0,0,0.000,0,0,0.000,6.498
decode,real,2965,3635841680073185635,0,0,0,0,0.000,4,36200,20.000,0,0,0.000,0,0,0.000,6.485
decode,real,2966,3635841680073185635,0,0,0,0,0.000,4,36204,20.000,0,0,0.000,0,0,0.000,6.510
decode,real,2967,3635841680073185635,0,0,0,0,0.000,4,36208,20.000,0,0,0.000,0,0,0.000,6.481
decode,real,2968,3635841680073185635,0,0,0,0,0.000,4,36212,20.000,0,0,0.000,0,0,0.000,6.524
decode,real,2969,3635841680073185635,0,0,0,0,0.000,4,36216,20.000,0,0,0.000,0,0,0.000,6.487
decode,real,2970,3635841680073185635,0,0,0,0,0.000,4,36220,20.000,0,0,0.000,0,0,0.000,6.507
decode,real,2971,3635841680073185635,0,0,0,0,0.000,4,36224,20.000,0,0,0.000,0,0,0.000,6.516
decode,real,2972,3635841680073185635,0,0,0,0,0.000,4,36228,20.000,0,0,0.000,0,0,0.000,6.476
decode,real,2973,3635841680073185635,0,0,0,0,0.000,4,36232,20.000,0,0,0.000,0,0,0.000,6.502
decode,real,2974,3635841680073185635,0,0,0,0,0.000,4,36236,20.000,0,0,0.000,0,0,0.000,6.499
decode,real,2975,3635841680073185635,0,0,0,0,0.000,4,36240,20.000,0,0,0.000,0,0,0.000,6.516
decode,real,2976,3635841680073185635,0,0,0,0,0.000,4,36244,20.000,0,0,0.000,0,0,0.000,6.463
decode,real,2977,3635841680073185635,0,0,0,0,0.000,4,36248,20.000,0,0,0.000,0,0,0.000,6.538
decode,real,2978,3635841680073185635,0,0,0,0,0.000,4,36252,20.000,0,0,0.000,0,0,0.000,6.486
decode,real,2979,3635841680073185635,0,0,0,0,0.000,4,36256,20.000,0,0,0.000,0,0,0.000,6.520
decode,real,2980,3635841680073185635,0,0,0,0,0.000,4,36260,20.000,0,0,0.000,0,0,0.000,6.483
decode,real,2981,3635841680073185635,0,0,0,0,0.000,4,36264,20.000,0,0,0.000,0,0,0.000,6.522
decode,real,2982,3635841680073185635,0,0,0,0,0.000,4,36268,20.000,0,0,0.000,0,0,0.000,6.490
decode,real,2983,3635841680073185635,0,0,0,0,0.000,4,36272,20.000,0,0,0.000,0,0,0.000,6.526
decode,real,2984,3635841680073185635,0,0,0,0,0.000,4,36276,20.000,0,0,0.000,0,0,0.000,6.496
decode,real,2985,3635841680073185635,0,0,0,0,0.000,4,36280,20.000,0,0,0.000,0,0,0.000,6.488
decode,real,2986,3635841680073185635,0,0,0,0,0.000,4,36284,20.000,0,0,0.000,0,0,0.000,6.675
decode,real,2987,3635841680073185635,0,0,0,0,0.000,4,36288,20.000,0,0,0.000,0,0,0.000,6.366
decode,real,2988,3635841680073185635,0,0,0,0,0.000,4,36292,20.000,0,0,0.000,0,0,0.000,6.483
decode,real,2989,3635841680073185635,0,0,0,0,0.000,4,36296,20.000,0,0,0.000,0,0,0.000,6.494
decode,real,2990,3635841680073185635,0,0,0,0,0.000,4,36300,20.000,0,0,0.000,0,0,0.000,6.498
decode,real,2991,3635841680073185635,0,0,0,0,0.000,4,36304,20.000,0,0,0.000,0,0,0.000,6.516
decode,real,2992,3635841680073185635,0,0,0,0,0.000,4,36308,20.000,0,0,0.000,0,0,0.000,6.482
decode,real,2993,3635841680073185635,0,0,0,0,0.000,4,36312,20.000,0,0,0.000,0,0,0.000,6.496
decode,real,2994,3635841680073185635,0,0,0,0,0.000,4,36316,20.000,0,0,0.000,0,0,0.000,6.506
decode,real,2995,3635841680073185635,0,0,0,0,0.000,4,36320,20.000,0,0,0.000,0,0,0.000,6.524
decode,real,2996,3635841680073185635,0,0,0,0,0.000,4,36324,20.000,0,0,0.000,0,0,0.000,6.477
decode,real,2997,3635841680073185635,0,0,0,0,0.000,4,36328,20.000,0,0,0.000,0,0,0.000,6.502
decode,real,2998,3635841680073185635,0,0,0,0,0.000,4,36332,20.000,0,0,0.000,0,0,0.000,6.482
decode,real,2999,3635841680073185635,0,0,0,0,0.000,4,36336,20.000,0,0,0.000,0,0,0.000,6.520
decode,real,3000,3635841680073185635,0,0,0,0,0.000,4,36340,20.000,0,0,0.000,0,0,0.000,6.504
decode,real,3001,3635841680073185635,0,0,0,0,0.000,4,36344,20.000,0,0,0.000,0,0,0.000,6.497
decode,real,3002,3635841680073185635,0,0,0,0,0.000,4,36348,20.000,0,0,0.000,0,0,0.000,6.488
decode,real,3003,3635841680073185635,0,0,0,0,0.000,4,36352,20.000,0,0,0.000,0,0,0.000,6.507
decode,real,3004,3635841680073185635,0,0,0,0,0.000,4,36356,20.000,0,0,0.000,0,0,0.000,6.488
decode,real,3005,3635841680073185635,0,0,0,0,0.000,4,36360,20.000,0,0,0.000,0,0,0.000,6.500
decode,real,3006,3635841680073185635,0,0,0,0,0.000,4,36364,20.000,0,0,0.000,0,0,0.000,6.497
decode,real,3007,3635841680073185635,0,0,0,0,0.000,4,36368,20.000,0,0,0.000,0,0,0.000,6.518
decode,real,3008,3635841680073185635,0,0,0,0,0.000,4,36372,20.000,0,0,0.000,0,0,0.000,6.469
decode,real,3009,3635841680073185635,0,0,0,0,0.000,4,36376,20.000,0,0,0.000,0,0,0.000,6.486
decode,real,3010,3635841680073185635,0,0,0,0,0.000,4,36380,20.000,0,0,0.000,0,0,0.000,6.518
decode,real,3011,3635841680073185635,0,0,0,0,0.000,4,36384,20.000,0,0,0.000,0,0,0.000,6.491
decode,real,3012,3635841680073185635,0,0,0,0,0.000,4,36388,20.000,0,0,0.000,0,0,0.000,6.496
decode,real,3013,3635841680073185635,0,0,0,0,0.000,4,36392,20.000,0,0,0.000,0,0,0.000,6.474
decode,real,3014,3635841680073185635,0,0,0,0,0.000,4,36396,20.000,0,0,0.000,0,0,0.000,6.504
decode,real,3015,3635841680073185635,0,0,0,0,0.000,4,36400,20.000,0,0,0.000,0,0,0.000,6.515
decode,real,3016,3635841680073185635,0,0,0,0,0.000,4,36404,20.000,0,0,0.000,0,0,0.000,6.495
decode,real,3017,3635841680073185635,0,0,0,0,0.000,4,36408,20.000,0,0,0.000,0,0,0.000,6.496
decode,real,3018,3635841680073185635,0,0,0,0,0.000,4,36412,20.000,0,0,0.000,0,0,0.000,6.501
decode,real,3019,3635841680073185635,0,0,0,0,0.000,4,36416,20.000,0,0,0.000,0,0,0.000,6.497
decode,real,3020,3635841680073185635,0,0,0,0,0.000,4,36420,20.000,0,0,0.000,0,0,0.000,6.497
decode,real,3021,3635841680073185635,0,0,0,0,0.000,4,36424,20.000,0,0,0.000,0,0,0.000,6.499
decode,real,3022,3635841680073185635,0,0,0,0,0.000,4,36428,20.000,0,0,0.000,0,0,0.000,6.500
decode,real,3023,3635841680073185635,0,0,0,0,0.000,4,36432,20.000,0,0,0.000,0,0,0.000,6.494
decode,real,3024,3635841680073185635,0,0,0,0,0.000,4,36436,20.000,0,0,0.000,0,0,0.000,6.489
decode,real,3025,3635841680073185635,0,0,0,0,0.000,4,36440,20.000,0,0,0.000,0,0,0.000,6.514
decode,real,3026,3635841680073185635,0,0,0,0,0.000,4,36444,20.000,0,0,0.000,0,0,0.000,6.489
decode,real,3027,3635841680073185635,0,0,0,0,0.000,4,36448,20.000,0,0,0.000,0,0,0.000,6.516
decode,real,3028,3635841680073185635,0,0,0,0,0.000,4,36452,20.000,0,0,0.000,0,0,0.000,6.520
decode,real,3029,3635841680073185635,0,0,0,0,0.000,4,36456,20.000,0,0,0.000,0,0,0.000,6.470
decode,real,3030,3635841680073185635,0,0,0,0,0.000,4,36460,20.000,0,0,0.000,0,0,0.000,6.519
decode,real,3031,3635841680073185635,0,0,0,0,0.000,4,36464,20.000,0,0,0.000,0,0,0.000,6.494
decode,real,3032,3635841680073185635,0,0,0,0,0.000,4,36468,20.000,0,0,0.000,0,0,0.000,6.503
decode,real,3033,3635841680073185635,0,0,0,0,0.000,4,36472,20.000,0,0,0.000,0,0,0.000,6.492
decode,real,3034,3635841680073185635,0,0,0,0,0.000,4,36476,20.000,0,0,0.000,0,0,0.000,6.500
decode,real,3035,3635841680073185635,0,0,0,0,0.000,4,36480,20.000,0,0,0.000,0,0,0.000,6.506
decode,real,3036,3635841680073185635,0,0,0,0,0.000,4,36484,20.000,0,0,0.000,0,0,0.000,6.499
decode,real,3037,3635841680073185635,0,0,0,0,0.000,4,36488,20.000,0,0,0.000,0,0,0.000,6.485
decode,real,3038,3635841680073185635,0,0,0,0,0.000,4,36492,20.000,0,0,0.000,0,0,0.000,6.519
decode,real,3039,3635841680073185635,0,0,0,0,0.000,4,36496,20.000,0,0,0.000,0,0,0.000,6.500
decode,real,3040,3635841680073185635,0,0,0,0,0.000,4,36500,20.000,0,0,0.000,0,0,0.000,6.516
decode,real,3041,3635841680073185635,0,0,0,0,0.000,4,36504,20.000,0,0,0.000,0,0,0.000,6.484
decode,real,3042,3635841680073185635,0,0,0,0,0.000,4,36508,20.000,0,0,0.000,0,0,0.000,6.557
decode,real,3043,3635841680073185635,0,0,0,0,0.000,4,36512,20.000,0,0,0.000,0,0,0.000,6.480
decode,real,3044,3635841680073185635,0,0,0,0,0.000,4,36516,20.000,0,0,0.000,0,0,0.000,6.482
decode,real,3045,3635841680073185635,0,0,0,0,0.000,4,36520,20.000,0,0,0.000,0,0,0.000,6.480
decode,real,3046,3635841680073185635,0,0,0,0,0.000,4,36524,20.000,0,0,0.000,0,0,0.000,6.516
decode,real,3047,3635841680073185635,0,0,0,0,0.000,4,36528,20.000,0,0,0.000,0,0,0.000,6.530
decode,real,3048,3635841680073185635,0,0,0,0,0.000,4,36532,20.000,0,0,0.000,0,0,0.000,6.488
decode,real,3049,3635841680073185635,0,0,0,0,0.000,4,36536,20.000,0,0,0.000,0,0,0.000,6.491
decode,real,3050,3635841680073185635,0,0,0,0,0.000,4,36540,20.000,0,0,0.000,0,0,0.000,6.501
decode,real,3051,3635841680073185635,0,0,0,0,0.000,4,36544,20.000,0,0,0.000,0,0,0.000,6.503
decode,real,3052,3635841680073185635,0,0,0,0,0.000,4,36548,20.000,0,0,0.000,0,0,0.000,6.504
decode,real,3053,3635841680073185635,0,0,0,0,0.000,4,36552,20.000,0,0,0.000,0,0,0.000,6.522
decode,real,3054,3635841680073185635,0,0,0,0,0.000,4,36556,20.000,0,0,0.000,0,0,0.000,6.448
decode,real,3055,3635841680073185635,0,0,0,0,0.000,4,36560,20.000,0,0,0.000,0,0,0.000,6.537
decode,real,3056,3635841680073185635,0,0,0,0,0.000,4,36564,20.000,0,0,0.000,0,0,0.000,6.460
decode,real,3057,3635841680073185635,0,0,0,0,0.000,4,36568,20.000,0,0,0.000,0,0,0.000,6.500
decode,real,3058,3635841680073185635,0,0,0,0,0.000,4,36572,20.000,0,0,0.000,0,0,0.000,6.497
decode,real,3059,3635841680073185635,0,0,0,0,0.000,4,36576,20.000,0,0,0.000,0,0,0.000,6.509
decode,real,3060,3635841680073185635,0,0,0,0,0.000,4,36580,20.000,0,0,0.000,0,0,0.000,6.493
decode,real,3061,3635841680073185635,0,0,0,0,0.000,4,36584,20.000,0,0,0.000,0,0,0.000,6.508
decode,real,3062,3635841680073185635,0,0,0,0,0.000,4,36588,20.000,0,0,0.000,0,0,0.000,6.516
decode,real,3063,3635841680073185635,0,0,0,0,0.000,4,36592,20.000,0,0,0.000,0,0,0.000,6.473
decode,real,3064,3635841680073185635,0,0,0,0,0.000,4,36596,20.000,0,0,0.000,0,0,0.000,6.505
decode,real,3065,3635841680073185635,0,0,0,0,0.000,4,36600,20.000,0,0,0.000,0,0,0.000,6.510
decode,real,3066,3635841680073185635,0,0,0,0,0.000,4,36604,20.000,0,0,0.000,0,0,0.000,6.507
decode,real,3067,3635841680073185635,0,0,0,0,0.000,4,36608,20.000,0,0,0.000,0,0,0.000,6.482
decode,real,3068,3635841680073185635,0,0,0,0,0.000,4,36612,20.000,0,0,0.000,0,0,0.000,6.488
decode,real,3069,3635841680073185635,0,0,0,0,0.000,4,36616,20.000,0,0,0.000,0,0,0.000,6.508
decode,real,3070,3635841680073185635,0,0,0,0,0.000,4,36620,20.000,0,0,0.000,0,0,0.000,6.511
decode,real,3071,3635841680073185635,0,0,0,0,0.000,4,36624,20.000,0,0,0.000,0,0,0.000,6.481
decode,real,3072,3635841680073185635,0,0,0,0,0.000,4,36628,20.000,0,0,0.000,0,0,0.000,6.514
decode,real,3073,3635841680073185635,0,0,0,0,0.000,4,36632,20.000,0,0,0.000,0,0,0.000,6.485
decode,real,3074,3635841680073185635,0,0,0,0,0.000,4,36636,20.000,0,0,0.000,0,0,0.000,6.505
decode,real,3075,3635841680073185635,0,0,0,0,0.000,4,36640,20.000,0,0,0.000,0,0,0.000,6.503
decode,real,3076,3635841680073185635,0,0,0,0,0.000,4,36644,20.000,0,0,0.000,0,0,0.000,6.512
decode,real,3077,3635841680073185635,0,0,0,0,0.000,4,36648,20.000,0,0,0.000,0,0,0.000,6.476
decode,real,3078,3635841680073185635,0,0,0,0,0.000,4,36652,20.000,0,0,0.000,0,0,0.000,6.529
decode,real,3079,3635841680073185635,0,0,0,0,0.000,4,36656,20.000,0,0,0.000,0,0,0.000,6.496
decode,real,3080,3635841680073185635,0,0,0,0,0.000,4,36660,20.000,0,0,0.000,0,0,0.000,6.498
decode,real,3081,3635841680073185635,0,0,0,0,0.000,4,36664,20.000,0,0,0.000,0,0,0.000,6.488
decode,real,3082,3635841680073185635,0,0,0,0,0.000,4,36668,20.000,0,0,0.000,0,0,0.000,6.509
decode,real,3083,3635841680073185635,0,0,0,0,0.000,4,36672,20.000,0,0,0.000,0,0,0.000,6.515
decode,real,3084,3635841680073185635,0,0,0,0,0.000,4,36676,20.000,0,0,0.000,0,0,0.000,6.492
decode,real,3085,3635841680073185635,0,0,0,0,0.000,4,36680,20.000,0,0,0.000,0,0,0.000,6.504
decode,real,3086,3635841680073185635,0,0,0,0,0.000,4,36684,20.000,0,0,0.000,0,0,0.000,6.488
decode,real,3087,3635841680073185635,0,0,0,0,0.000,4,36688,20.000,0,0,0.000,0,0,0.000,6.489
decode,real,3088,3635841680073185635,0,0,0,0,0.000,4,36692,20.000,0,0,0.000,0,0,0.000,6.500
decode,real,3089,3635841680073185635,0,0,0,0,0.000,4,36696,20.000,0,0,0.000,0,0,0.000,6.506
decode,real,3090,3635841680073185635,0,0,0,0,0.000,4,36700,20.000,0,0,0.000,0,0,0.000,6.503
decode,real,3091,3635841680073185635,0,0,0,0,0.000,4,36704,20.000,0,0,0.000,0,0,0.000,6.510
decode,real,3092,3635841680073185635,0,0,0,0,0.000,4,36708,20.000,0,0,0.000,0,0,0.000,6.491
decode,real,3093,3635841680073185635,0,0,0,0,0.000,4,36712,20.000,0,0,0.000,0,0,0.000,6.498
decode,real,3094,3635841680073185635,0,0,0,0,0.000,4,36716,20.000,0,0,0.000,0,0,0.000,6.534
decode,real,3095,3635841680073185635,0,0,0,0,0.000,4,36720,20.000,0,0,0.000,0,0,0.000,6.502
decode,real,3096,3635841680073185635,0,0,0,0,0.000,4,36724,20.000,0,0,0.000,0,0,0.000,6.474
decode,real,3097,3635841680073185635,0,0,0,0,0.000,4,36728,20.000,0,0,0.000,0,0,0.000,6.516
decode,real,3098,3635841680073185635,0,0,0,0,0.000,4,36732,20.000,0,0,0.000,0,0,0.000,6.485
decode,real,3099,3635841680073185635,0,0,0,0,0.000,4,36736,20.000,0,0,0.000,0,0,0.000,6.515
decode,real,3100,3635841680073185635,0,0,0,0,0.000,4,36740,20.000,0,0,0.000,0,0,0.000,6.480
decode,real,3101,3635841680073185635,0,0,0,0,0.000,4,36744,20.000,0,0,0.000,0,0,0.000,6.545
decode,real,3102,3635841680073185635,0,0,0,0,0.000,4,36748,20.000,0,0,0.000,0,0,0.000,6.463
decode,real,3103,3635841680073185635,0,0,0,0,0.000,4,36752,20.000,0,0,0.000,0,0,0.000,6.515
decode,real,3104,3635841680073185635,0,0,0,0,0.000,4,36756,20.000,0,0,0.000,0,0,0.000,6.478
decode,real,3105,3635841680073185635,0,0,0,0,0.000,4,36760,20.000,0,0,0.000,0,0,0.000,6.518
decode,real,3106,3635841680073185635,0,0,0,0,0.000,4,36764,20.000,0,0,0.000,0,0,0.000,6.508
decode,real,3107,3635841680073185635,0,0,0,0,0.000,4,36768,20.000,0,0,0.000,0,0,0.000,6.511
decode,real,3108,3635841680073185635,0,0,0,0,0.000,4,36772,20.000,0,0,0.000,0,0,0.000,6.515
decode,real,3109,3635841680073185635,0,0,0,0,0.000,4,36776,20.000,0,0,0.000,0,0,0.000,6.506
decode,real,3110,3635841680073185635,0,0,0,0,0.000,4,36780,20.000,0,0,0.000,0,0,0.000,6.478
decode,real,3111,3635841680073185635,0,0,0,0,0.000,4,36784,20.000,0,0,0.000,0,0,0.000,6.520
decode,real,3112,3635841680073185635,0,0,0,0,0.000,4,36788,20.000,0,0,0.000,0,0,0.000,6.496
decode,real,3113,3635841680073185635,0,0,0,0,0.000,4,36792,20.000,0,0,0.000,0,0,0.000,6.497
decode,real,3114,3635841680073185635,0,0,0,0,0.000,4,36796,20.000,0,0,0.000,0,0,0.000,6.500
decode,real,3115,3635841680073185635,0,0,0,0,0.000,4,36800,20.000,0,0,0.000,0,0,0.000,6.497
decode,real,3116,3635841680073185635,0,0,0,0,0.000,4,36804,20.000,0,0,0.000,0,0,0.000,6.496
decode,real,3117,3635841680073185635,0,0,0,0,0.000,4,36808,20.000,0,0,0.000,0,0,0.000,6.513
decode,real,3118,3635841680073185635,0,0,0,0,0.000,4,36812,20.000,0,0,0.000,0,0,0.000,6.495
decode,real,3119,3635841680073185635,0,0,0,0,0.000,4,36816,20.000,0,0,0.000,0,0,0.000,6.504
decode,real,3120,3635841680073185635,0,0,0,0,0.000,4,36820,20.000,0,0,0.000,0,0,0.000,6.506
decode,real,3121,3635841680073185635,0,0,0,0,0.000,4,36824,20.000,0,0,0.000,0,0,0.000,6.540
decode,real,3122,3635841680073185635,0,0,0,0,0.000,4,36828,20.000,0,0,0.000,0,0,0.000,6.465
decode,real,3123,3635841680073185635,0,0,0,0,0.000,4,36832,20.000,0,0,0.000,0,0,0.000,6.930
decode,real,3124,3635841680073185635,0,0,0,0,0.000,3,27621,10.667,0,0,0.000,0,0,0.000,5.970
decode,real,3125,3635841680073185635,0,0,0,0,0.000,3,27624,10.667,0,0,0.000,0,0,0.000,6.427
decode,real,3126,3635841680073185635,0,0,0,0,0.000,3,27627,10.667,0,0,0.000,0,0,0.000,6.398
decode,real,3127,3635841680073185635,0,0,0,0,0.000,3,27630,10.667,0,0,0.000,0,0,0.000,6.701
decode,real,3128,3635841680073185635,0,0,0,0,0.000,2,18418,4.000,0,0,0.000,0,0,0.000,5.928
decode,real,3129,3635841680073185635,0,0,0,0,0.000,2,18420,4.000,0,0,0.000,0,0,0.000,6.229
decode,real,3130,3635841680073185635,0,0,0,0,0.000,2,18422,4.000,0,0,0.000,0,0,0.000,6.197
decode,real,3131,3635841680073185635,0,0,0,0,0.000,2,18424,4.000,0,0,0.000,0,0,0.000,6.502
decode,real,3132,3635841680073185635,0,0,0,0,0.000,1,9211,0.000,0,0,0.000,0,0,0.000,5.853
decode,real,3133,3635841680073185635,0,0,0,0,0.000,1,9212,0.000,0,0,0.000,0,0,0.000,6.101
decode,real,3134,3635841680073185635,0,0,0,0,0.000,1,9213,0.000,0,0,0.000,0,0,0.000,6.105
decode,real,3135,3635841680073185635,0,0,0,0,0.000,1,9214,0.000,0,0,0.000,0,0,0.000,6.158
